[INFO] [1778160003.403569619] [aic_model]: Loading policy module: aic_example_policies.ros.AutoCode2
[INFO] [1778160003.408758735] [aic_model]: Loaded policy module aic_example_policies.ros.AutoCode2
[INFO] [1778160003.408926850] [aic_model]: Using policy: AutoCode2
[INFO] [1778160013.272811668] [aic_model]: on_configure(LifecycleState(label='unconfigured', state_id=1))
[INFO] [1778160013.272967229] [aic_model]: Instantiating policy...
[INFO] [1778160013.274604308] [aic_model]: Policy.__init__()
[ERROR] [1778160013.275378759] [aic_model]: aic_model lifecycle is not in the active state
[INFO] [1778160014.274711491] [aic_model]: on_activate()
[INFO] [1778160021.142529028] [aic_model]: Goal accepted
[INFO] [1778160021.146355118] [aic_model]: Entering insert_cable_execute_callback()
[INFO] [1778160021.146979789] [aic_model]: insert_cable execute loop
[INFO] [1778160021.148309331] [aic_model]: AutoCode2.insert_cable() task: aic_task_interfaces.msg.Task(id='task_1', cable_type='sfp_sc', cable_name='cable_0', plug_type='sfp', plug_name='sfp_tip', port_type='sfp', port_name='sfp_port_0', target_module_name='nic_card_mount_0', time_limit=180)
[INFO] [1778160021.149448195] [aic_model]: pfrac: 0.0 xy_error: -0.0125 -0.002   integrators: 0.0 , 0.0
[INFO] [1778160021.150639748] [aic_model]: Setting cartesian mode...
[INFO] [1778160021.152388676] [aic_model]: Successfully set target mode
[INFO] [1778160021.202385334] [aic_model]: pfrac: 0.025 xy_error: -0.0125 -0.00204   integrators: 0.0 , 0.0
[INFO] [1778160021.252218045] [aic_model]: pfrac: 0.05 xy_error: -0.0125 -0.00186   integrators: 0.0 , 0.0
[INFO] [1778160021.302171242] [aic_model]: pfrac: 0.075 xy_error: -0.0125 -0.00151   integrators: 0.0 , 0.0
[INFO] [1778160021.352223584] [aic_model]: pfrac: 0.1 xy_error: -0.0125 -0.00107   integrators: 0.0 , 0.0
[INFO] [1778160021.402480510] [aic_model]: pfrac: 0.125 xy_error: -0.0125 -0.000551   integrators: 0.0 , 0.0
[INFO] [1778160021.452414211] [aic_model]: pfrac: 0.15 xy_error: -0.0125 2.61e-05   integrators: 0.0 , 0.0
[INFO] [1778160021.502125564] [aic_model]: pfrac: 0.175 xy_error: -0.0126 0.000635   integrators: 0.0 , 0.0
[INFO] [1778160021.552096604] [aic_model]: pfrac: 0.2 xy_error: -0.0126 0.00122   integrators: 0.0 , 0.0
[INFO] [1778160021.602318304] [aic_model]: pfrac: 0.225 xy_error: -0.0126 0.00182   integrators: 0.0 , 0.0
[INFO] [1778160021.653307833] [aic_model]: pfrac: 0.25 xy_error: -0.0125 0.00238   integrators: 0.0 , 0.0
[INFO] [1778160021.704206963] [aic_model]: pfrac: 0.275 xy_error: -0.0125 0.00291   integrators: 0.0 , 0.0
[INFO] [1778160021.754212398] [aic_model]: pfrac: 0.3 xy_error: -0.0124 0.00334   integrators: 0.0 , 0.0
[INFO] [1778160021.804319302] [aic_model]: pfrac: 0.325 xy_error: -0.0123 0.00373   integrators: 0.0 , 0.0
[INFO] [1778160021.854222536] [aic_model]: pfrac: 0.35 xy_error: -0.0123 0.00405   integrators: 0.0 , 0.0
[INFO] [1778160021.909810693] [aic_model]: pfrac: 0.375 xy_error: -0.0122 0.00432   integrators: 0.0 , 0.0
[INFO] [1778160021.960515669] [aic_model]: pfrac: 0.4 xy_error: -0.0121 0.00454   integrators: 0.0 , 0.0
[INFO] [1778160022.012935167] [aic_model]: pfrac: 0.425 xy_error: -0.0119 0.00472   integrators: 0.0 , 0.0
[INFO] [1778160022.062198511] [aic_model]: pfrac: 0.45 xy_error: -0.0118 0.00478   integrators: 0.0 , 0.0
[INFO] [1778160022.112136439] [aic_model]: pfrac: 0.475 xy_error: -0.0116 0.00485   integrators: 0.0 , 0.0
[INFO] [1778160022.147755211] [aic_model]: insert_cable execute loop
[INFO] [1778160022.161542941] [aic_model]: pfrac: 0.5 xy_error: -0.0114 0.0049   integrators: 0.0 , 0.0
[INFO] [1778160022.212221687] [aic_model]: pfrac: 0.525 xy_error: -0.0111 0.00492   integrators: 0.0 , 0.0
[INFO] [1778160022.262688967] [aic_model]: pfrac: 0.55 xy_error: -0.0109 0.00487   integrators: 0.0 , 0.0
[INFO] [1778160022.312156233] [aic_model]: pfrac: 0.575 xy_error: -0.0106 0.00479   integrators: 0.0 , 0.0
[INFO] [1778160022.362195320] [aic_model]: pfrac: 0.6 xy_error: -0.0103 0.00468   integrators: 0.0 , 0.0
[INFO] [1778160022.411873812] [aic_model]: pfrac: 0.625 xy_error: -0.00992 0.00451   integrators: 0.0 , 0.0
[INFO] [1778160022.462191351] [aic_model]: pfrac: 0.65 xy_error: -0.00953 0.00432   integrators: 0.0 , 0.0
[INFO] [1778160022.512109832] [aic_model]: pfrac: 0.675 xy_error: -0.00913 0.00412   integrators: 0.0 , 0.0
[INFO] [1778160022.562075252] [aic_model]: pfrac: 0.7 xy_error: -0.00869 0.00385   integrators: 0.0 , 0.0
[INFO] [1778160022.611334327] [aic_model]: pfrac: 0.725 xy_error: -0.00822 0.00355   integrators: 0.0 , 0.0
[INFO] [1778160022.662369421] [aic_model]: pfrac: 0.75 xy_error: -0.00772 0.0032   integrators: 0.0 , 0.0
[INFO] [1778160022.712028967] [aic_model]: pfrac: 0.775 xy_error: -0.00725 0.00282   integrators: 0.0 , 0.0
[INFO] [1778160022.762248924] [aic_model]: pfrac: 0.8 xy_error: -0.00676 0.00242   integrators: 0.0 , 0.0
[INFO] [1778160022.812222528] [aic_model]: pfrac: 0.825 xy_error: -0.00625 0.00203   integrators: 0.0 , 0.0
[INFO] [1778160022.862166648] [aic_model]: pfrac: 0.85 xy_error: -0.00571 0.00165   integrators: 0.0 , 0.0
[INFO] [1778160022.911384687] [aic_model]: pfrac: 0.875 xy_error: -0.00518 0.00129   integrators: 0.0 , 0.0
[INFO] [1778160022.962104199] [aic_model]: pfrac: 0.9 xy_error: -0.00466 0.000923   integrators: 0.0 , 0.0
[INFO] [1778160023.011988156] [aic_model]: pfrac: 0.925 xy_error: -0.00413 0.000594   integrators: 0.0 , 0.0
[INFO] [1778160023.061968172] [aic_model]: pfrac: 0.95 xy_error: -0.00362 0.000272   integrators: 0.0 , 0.0
[INFO] [1778160023.112219908] [aic_model]: pfrac: 0.975 xy_error: -0.00313 -2.87e-05   integrators: 0.0 , 0.0
[INFO] [1778160023.148360668] [aic_model]: insert_cable execute loop
[INFO] [1778160023.162187621] [aic_model]: pfrac: 1.0 xy_error: -0.00265 -0.000311   integrators: -0.00265 , -0.000311
[INFO] [1778160023.212193236] [aic_model]: pfrac: 1.0 xy_error: -0.00222 -0.000573   integrators: -0.00487 , -0.000884
[INFO] [1778160023.261695156] [aic_model]: pfrac: 1.0 xy_error: -0.0018 -0.000843   integrators: -0.00667 , -0.00173
[INFO] [1778160023.312200006] [aic_model]: pfrac: 1.0 xy_error: -0.00141 -0.00107   integrators: -0.00808 , -0.0028
[INFO] [1778160023.362199859] [aic_model]: pfrac: 1.0 xy_error: -0.00101 -0.00124   integrators: -0.00909 , -0.00404
[INFO] [1778160023.411615158] [aic_model]: pfrac: 1.0 xy_error: -0.000629 -0.00136   integrators: -0.00972 , -0.0054
[INFO] [1778160023.462323078] [aic_model]: pfrac: 1.0 xy_error: -0.000273 -0.00141   integrators: -0.00999 , -0.00681
[INFO] [1778160023.511842571] [aic_model]: pfrac: 1.0 xy_error: 4.28e-05 -0.00144   integrators: -0.00995 , -0.00825
[INFO] [1778160023.562259907] [aic_model]: pfrac: 1.0 xy_error: 0.000333 -0.00142   integrators: -0.00962 , -0.00967
[INFO] [1778160023.612147831] [aic_model]: pfrac: 1.0 xy_error: 0.000629 -0.00133   integrators: -0.00899 , -0.011
[INFO] [1778160023.662447306] [aic_model]: pfrac: 1.0 xy_error: 0.000898 -0.00121   integrators: -0.00809 , -0.0122
[INFO] [1778160023.712228480] [aic_model]: pfrac: 1.0 xy_error: 0.00111 -0.00107   integrators: -0.00698 , -0.0133
[INFO] [1778160023.762110102] [aic_model]: pfrac: 1.0 xy_error: 0.00129 -0.000916   integrators: -0.00568 , -0.0142
[INFO] [1778160023.811325616] [aic_model]: pfrac: 1.0 xy_error: 0.00145 -0.000717   integrators: -0.00423 , -0.0149
[INFO] [1778160023.861347571] [aic_model]: pfrac: 1.0 xy_error: 0.00153 -0.000531   integrators: -0.0027 , -0.0154
[INFO] [1778160023.912083073] [aic_model]: pfrac: 1.0 xy_error: 0.00156 -0.000348   integrators: -0.00114 , -0.0158
[INFO] [1778160023.961361074] [aic_model]: pfrac: 1.0 xy_error: 0.00155 -0.00015   integrators: 0.000406 , -0.0159
[INFO] [1778160024.011451687] [aic_model]: pfrac: 1.0 xy_error: 0.00151 3.09e-05   integrators: 0.00192 , -0.0159
[INFO] [1778160024.061369126] [aic_model]: pfrac: 1.0 xy_error: 0.00144 0.000226   integrators: 0.00336 , -0.0157
[INFO] [1778160024.111338993] [aic_model]: pfrac: 1.0 xy_error: 0.00135 0.000417   integrators: 0.00471 , -0.0153
[INFO] [1778160024.147648039] [aic_model]: insert_cable execute loop
[INFO] [1778160024.161178195] [aic_model]: z_offset: 0.1992
[INFO] [1778160024.162437495] [aic_model]: pfrac: 1.0 xy_error: 0.00127 0.00061   integrators: 0.00597 , -0.0147
[INFO] [1778160024.211183739] [aic_model]: z_offset: 0.1984
[INFO] [1778160024.212361877] [aic_model]: pfrac: 1.0 xy_error: 0.00113 0.000777   integrators: 0.00711 , -0.0139
[INFO] [1778160024.261161791] [aic_model]: z_offset: 0.1976
[INFO] [1778160024.262364075] [aic_model]: pfrac: 1.0 xy_error: 0.000983 0.000931   integrators: 0.00809 , -0.0129
[INFO] [1778160024.311176833] [aic_model]: z_offset: 0.1968
[INFO] [1778160024.312392371] [aic_model]: pfrac: 1.0 xy_error: 0.000807 0.00107   integrators: 0.0089 , -0.0119
[INFO] [1778160024.361259341] [aic_model]: z_offset: 0.196
[INFO] [1778160024.362463708] [aic_model]: pfrac: 1.0 xy_error: 0.000616 0.0012   integrators: 0.00951 , -0.0107
[INFO] [1778160024.411176249] [aic_model]: z_offset: 0.1952
[INFO] [1778160024.412416313] [aic_model]: pfrac: 1.0 xy_error: 0.00041 0.00132   integrators: 0.00992 , -0.00936
[INFO] [1778160024.461171544] [aic_model]: z_offset: 0.1944
[INFO] [1778160024.462334683] [aic_model]: pfrac: 1.0 xy_error: 0.000178 0.00142   integrators: 0.0101 , -0.00794
[INFO] [1778160024.511160877] [aic_model]: z_offset: 0.1936
[INFO] [1778160024.512348252] [aic_model]: pfrac: 1.0 xy_error: -5.43e-05 0.00148   integrators: 0.01 , -0.00646
[INFO] [1778160024.561256700] [aic_model]: z_offset: 0.1928
[INFO] [1778160024.562463021] [aic_model]: pfrac: 1.0 xy_error: -0.00028 0.00154   integrators: 0.00977 , -0.00492
[INFO] [1778160024.611241886] [aic_model]: z_offset: 0.192
[INFO] [1778160024.612417078] [aic_model]: pfrac: 1.0 xy_error: -0.000474 0.0016   integrators: 0.00929 , -0.00333
[INFO] [1778160024.663244262] [aic_model]: z_offset: 0.1912
[INFO] [1778160024.663920399] [aic_model]: pfrac: 1.0 xy_error: -0.000677 0.00165   integrators: 0.00862 , -0.00168
[INFO] [1778160024.713142876] [aic_model]: z_offset: 0.1904
[INFO] [1778160024.714332505] [aic_model]: pfrac: 1.0 xy_error: -0.000849 0.00166   integrators: 0.00777 , -1.93e-05
[INFO] [1778160024.763280417] [aic_model]: z_offset: 0.1896
[INFO] [1778160024.764513708] [aic_model]: pfrac: 1.0 xy_error: -0.000976 0.00165   integrators: 0.00679 , 0.00163
[INFO] [1778160024.813155947] [aic_model]: z_offset: 0.1888
[INFO] [1778160024.814508141] [aic_model]: pfrac: 1.0 xy_error: -0.00108 0.00165   integrators: 0.00571 , 0.00328
[INFO] [1778160024.863196246] [aic_model]: z_offset: 0.188
[INFO] [1778160024.864463321] [aic_model]: pfrac: 1.0 xy_error: -0.00114 0.0016   integrators: 0.00457 , 0.00488
[INFO] [1778160024.913191962] [aic_model]: z_offset: 0.1872
[INFO] [1778160024.914295119] [aic_model]: pfrac: 1.0 xy_error: -0.00121 0.00154   integrators: 0.00337 , 0.00642
[INFO] [1778160024.963169603] [aic_model]: z_offset: 0.1864
[INFO] [1778160024.964146203] [aic_model]: pfrac: 1.0 xy_error: -0.00125 0.00144   integrators: 0.00212 , 0.00786
[INFO] [1778160025.013174045] [aic_model]: z_offset: 0.1856
[INFO] [1778160025.014496433] [aic_model]: pfrac: 1.0 xy_error: -0.00125 0.0013   integrators: 0.000863 , 0.00916
[INFO] [1778160025.063180831] [aic_model]: z_offset: 0.1848
[INFO] [1778160025.064394665] [aic_model]: pfrac: 1.0 xy_error: -0.00126 0.00116   integrators: -0.000392 , 0.0103
[INFO] [1778160025.113198898] [aic_model]: z_offset: 0.184
[INFO] [1778160025.114445945] [aic_model]: pfrac: 1.0 xy_error: -0.00122 0.000994   integrators: -0.00162 , 0.0113
[INFO] [1778160025.147416834] [aic_model]: insert_cable execute loop
[INFO] [1778160025.163201466] [aic_model]: z_offset: 0.1832
[INFO] [1778160025.164365277] [aic_model]: pfrac: 1.0 xy_error: -0.00117 0.000826   integrators: -0.00279 , 0.0121
[INFO] [1778160025.213222078] [aic_model]: z_offset: 0.1824
[INFO] [1778160025.214487579] [aic_model]: pfrac: 1.0 xy_error: -0.0011 0.000648   integrators: -0.00389 , 0.0128
[INFO] [1778160025.263273397] [aic_model]: z_offset: 0.1816
[INFO] [1778160025.264439222] [aic_model]: pfrac: 1.0 xy_error: -0.000983 0.000452   integrators: -0.00487 , 0.0132
[INFO] [1778160025.314389051] [aic_model]: z_offset: 0.1808
[INFO] [1778160025.315014473] [aic_model]: pfrac: 1.0 xy_error: -0.000868 0.000303   integrators: -0.00574 , 0.0135
[INFO] [1778160025.367446634] [aic_model]: z_offset: 0.18
[INFO] [1778160025.368635572] [aic_model]: pfrac: 1.0 xy_error: -0.000747 0.000143   integrators: -0.00649 , 0.0137
[INFO] [1778160025.417192892] [aic_model]: z_offset: 0.1792
[INFO] [1778160025.418509459] [aic_model]: pfrac: 1.0 xy_error: -0.000627 -1.83e-05   integrators: -0.00711 , 0.0137
[INFO] [1778160025.467167497] [aic_model]: z_offset: 0.1784
[INFO] [1778160025.468474156] [aic_model]: pfrac: 1.0 xy_error: -0.000502 -0.000153   integrators: -0.00761 , 0.0135
[INFO] [1778160025.517191716] [aic_model]: z_offset: 0.1776
[INFO] [1778160025.518530394] [aic_model]: pfrac: 1.0 xy_error: -0.000356 -0.000288   integrators: -0.00797 , 0.0132
[INFO] [1778160025.568187575] [aic_model]: z_offset: 0.1768
[INFO] [1778160025.568947539] [aic_model]: pfrac: 1.0 xy_error: -0.000213 -0.00041   integrators: -0.00818 , 0.0128
[INFO] [1778160025.619218841] [aic_model]: z_offset: 0.176
[INFO] [1778160025.620461049] [aic_model]: pfrac: 1.0 xy_error: -4.83e-05 -0.000555   integrators: -0.00823 , 0.0123
[INFO] [1778160025.669289998] [aic_model]: z_offset: 0.1752
[INFO] [1778160025.670605433] [aic_model]: pfrac: 1.0 xy_error: 8.05e-05 -0.000694   integrators: -0.00815 , 0.0116
[INFO] [1778160025.719202978] [aic_model]: z_offset: 0.1744
[INFO] [1778160025.720445076] [aic_model]: pfrac: 1.0 xy_error: 0.000193 -0.0008   integrators: -0.00796 , 0.0108
[INFO] [1778160025.770316929] [aic_model]: z_offset: 0.1736
[INFO] [1778160025.770712370] [aic_model]: pfrac: 1.0 xy_error: 0.000343 -0.000914   integrators: -0.00762 , 0.00986
[INFO] [1778160025.819282623] [aic_model]: z_offset: 0.1728
[INFO] [1778160025.820488914] [aic_model]: pfrac: 1.0 xy_error: 0.000448 -0.00101   integrators: -0.00717 , 0.00885
[INFO] [1778160025.869155358] [aic_model]: z_offset: 0.172
[INFO] [1778160025.870365967] [aic_model]: pfrac: 1.0 xy_error: 0.000555 -0.00111   integrators: -0.00661 , 0.00774
[INFO] [1778160025.919267642] [aic_model]: z_offset: 0.1712
[INFO] [1778160025.920429990] [aic_model]: pfrac: 1.0 xy_error: 0.000667 -0.00117   integrators: -0.00595 , 0.00657
[INFO] [1778160025.969179159] [aic_model]: z_offset: 0.1704
[INFO] [1778160025.970424984] [aic_model]: pfrac: 1.0 xy_error: 0.000735 -0.0012   integrators: -0.00521 , 0.00537
[INFO] [1778160026.019167320] [aic_model]: z_offset: 0.1696
[INFO] [1778160026.020148609] [aic_model]: pfrac: 1.0 xy_error: 0.000778 -0.00122   integrators: -0.00443 , 0.00415
[INFO] [1778160026.069180167] [aic_model]: z_offset: 0.1688
[INFO] [1778160026.070388461] [aic_model]: pfrac: 1.0 xy_error: 0.000823 -0.00121   integrators: -0.00361 , 0.00294
[INFO] [1778160026.119150885] [aic_model]: z_offset: 0.168
[INFO] [1778160026.120388704] [aic_model]: pfrac: 1.0 xy_error: 0.000843 -0.00117   integrators: -0.00277 , 0.00177
[INFO] [1778160026.147399795] [aic_model]: insert_cable execute loop
[INFO] [1778160026.169201853] [aic_model]: z_offset: 0.1672
[INFO] [1778160026.170385070] [aic_model]: pfrac: 1.0 xy_error: 0.00088 -0.00114   integrators: -0.00189 , 0.000629
[INFO] [1778160026.219260746] [aic_model]: z_offset: 0.1664
[INFO] [1778160026.220466676] [aic_model]: pfrac: 1.0 xy_error: 0.000896 -0.0011   integrators: -0.000992 , -0.000468
[INFO] [1778160026.269186901] [aic_model]: z_offset: 0.1656
[INFO] [1778160026.270425322] [aic_model]: pfrac: 1.0 xy_error: 0.000919 -0.00103   integrators: -7.29e-05 , -0.0015
[INFO] [1778160026.319163079] [aic_model]: z_offset: 0.1648
[INFO] [1778160026.320436666] [aic_model]: pfrac: 1.0 xy_error: 0.000933 -0.000956   integrators: 0.00086 , -0.00245
[INFO] [1778160026.369203888] [aic_model]: z_offset: 0.164
[INFO] [1778160026.370384290] [aic_model]: pfrac: 1.0 xy_error: 0.000948 -0.000893   integrators: 0.00181 , -0.00335
[INFO] [1778160026.419298899] [aic_model]: z_offset: 0.1632
[INFO] [1778160026.420519046] [aic_model]: pfrac: 1.0 xy_error: 0.000934 -0.000823   integrators: 0.00274 , -0.00417
[INFO] [1778160026.469172765] [aic_model]: z_offset: 0.1624
[INFO] [1778160026.470375489] [aic_model]: pfrac: 1.0 xy_error: 0.000916 -0.000748   integrators: 0.00366 , -0.00492
[INFO] [1778160026.519191614] [aic_model]: z_offset: 0.1616
[INFO] [1778160026.520366425] [aic_model]: pfrac: 1.0 xy_error: 0.000897 -0.000673   integrators: 0.00456 , -0.00559
[INFO] [1778160026.569184543] [aic_model]: z_offset: 0.1608
[INFO] [1778160026.570420580] [aic_model]: pfrac: 1.0 xy_error: 0.000843 -0.000599   integrators: 0.0054 , -0.00619
[INFO] [1778160026.621233015] [aic_model]: z_offset: 0.16
[INFO] [1778160026.622565121] [aic_model]: pfrac: 1.0 xy_error: 0.000753 -0.000519   integrators: 0.00615 , -0.00671
[INFO] [1778160026.671203743] [aic_model]: z_offset: 0.1592
[INFO] [1778160026.672076308] [aic_model]: pfrac: 1.0 xy_error: 0.000664 -0.000426   integrators: 0.00682 , -0.00713
[INFO] [1778160026.721156157] [aic_model]: z_offset: 0.1584
[INFO] [1778160026.722348661] [aic_model]: pfrac: 1.0 xy_error: 0.000573 -0.000345   integrators: 0.00739 , -0.00748
[INFO] [1778160026.771188490] [aic_model]: z_offset: 0.1576
[INFO] [1778160026.772469611] [aic_model]: pfrac: 1.0 xy_error: 0.000498 -0.000262   integrators: 0.00789 , -0.00774
[INFO] [1778160026.821172463] [aic_model]: z_offset: 0.1568
[INFO] [1778160026.822380687] [aic_model]: pfrac: 1.0 xy_error: 0.000452 -0.000167   integrators: 0.00834 , -0.00791
[INFO] [1778160026.871255251] [aic_model]: z_offset: 0.156
[INFO] [1778160026.872541802] [aic_model]: pfrac: 1.0 xy_error: 0.000424 -0.000101   integrators: 0.00876 , -0.00801
[INFO] [1778160026.921159694] [aic_model]: z_offset: 0.1552
[INFO] [1778160026.922363741] [aic_model]: pfrac: 1.0 xy_error: 0.000364 -7.6e-05   integrators: 0.00913 , -0.00808
[INFO] [1778160026.971144208] [aic_model]: z_offset: 0.1544
[INFO] [1778160026.971659213] [aic_model]: pfrac: 1.0 xy_error: 0.000297 -5.36e-05   integrators: 0.00942 , -0.00814
[INFO] [1778160027.021174999] [aic_model]: z_offset: 0.1536
[INFO] [1778160027.022410023] [aic_model]: pfrac: 1.0 xy_error: 0.000241 -1.72e-05   integrators: 0.00966 , -0.00816
[INFO] [1778160027.071204486] [aic_model]: z_offset: 0.1528
[INFO] [1778160027.072417690] [aic_model]: pfrac: 1.0 xy_error: 0.000174 8.15e-06   integrators: 0.00984 , -0.00815
[INFO] [1778160027.121149897] [aic_model]: z_offset: 0.152
[INFO] [1778160027.122105017] [aic_model]: pfrac: 1.0 xy_error: 0.000115 4.04e-05   integrators: 0.00995 , -0.00811
[INFO] [1778160027.147410029] [aic_model]: insert_cable execute loop
[INFO] [1778160027.171225130] [aic_model]: z_offset: 0.1512
[INFO] [1778160027.172466316] [aic_model]: pfrac: 1.0 xy_error: 4.42e-05 7.74e-05   integrators: 0.01 , -0.00803
[INFO] [1778160027.221167254] [aic_model]: z_offset: 0.1504
[INFO] [1778160027.221957295] [aic_model]: pfrac: 1.0 xy_error: -2.02e-05 0.000119   integrators: 0.00998 , -0.00791
[INFO] [1778160027.271400764] [aic_model]: z_offset: 0.1496
[INFO] [1778160027.272984332] [aic_model]: pfrac: 1.0 xy_error: -8.46e-05 0.000167   integrators: 0.00989 , -0.00774
[INFO] [1778160027.323223693] [aic_model]: z_offset: 0.1488
[INFO] [1778160027.323891234] [aic_model]: pfrac: 1.0 xy_error: -0.000171 0.000209   integrators: 0.00972 , -0.00754
[INFO] [1778160027.373184181] [aic_model]: z_offset: 0.148
[INFO] [1778160027.373819161] [aic_model]: pfrac: 1.0 xy_error: -0.00028 0.00022   integrators: 0.00944 , -0.00731
[INFO] [1778160027.423177391] [aic_model]: z_offset: 0.1472
[INFO] [1778160027.423760344] [aic_model]: pfrac: 1.0 xy_error: -0.000378 0.000227   integrators: 0.00907 , -0.00709
[INFO] [1778160027.473188444] [aic_model]: z_offset: 0.1464
[INFO] [1778160027.474151109] [aic_model]: pfrac: 1.0 xy_error: -0.000378 0.000231   integrators: 0.00869 , -0.00686
[INFO] [1778160027.523172166] [aic_model]: z_offset: 0.1456
[INFO] [1778160027.523613914] [aic_model]: pfrac: 1.0 xy_error: -0.000378 0.000231   integrators: 0.00831 , -0.00663
[INFO] [1778160027.573305729] [aic_model]: z_offset: 0.1448
[INFO] [1778160027.573784336] [aic_model]: pfrac: 1.0 xy_error: -0.000378 0.000231   integrators: 0.00793 , -0.0064
[INFO] [1778160027.623221283] [aic_model]: z_offset: 0.144
[INFO] [1778160027.623604141] [aic_model]: pfrac: 1.0 xy_error: -0.000377 0.000231   integrators: 0.00755 , -0.00616
[INFO] [1778160027.675367678] [aic_model]: z_offset: 0.1432
[INFO] [1778160027.675871643] [aic_model]: pfrac: 1.0 xy_error: -0.000377 0.000231   integrators: 0.00718 , -0.00593
[INFO] [1778160027.725147328] [aic_model]: z_offset: 0.1424
[INFO] [1778160027.725550554] [aic_model]: pfrac: 1.0 xy_error: -0.000377 0.00023   integrators: 0.0068 , -0.0057
[INFO] [1778160027.775182376] [aic_model]: z_offset: 0.1416
[INFO] [1778160027.775650323] [aic_model]: pfrac: 1.0 xy_error: -0.000375 0.000228   integrators: 0.00643 , -0.00548
[INFO] [1778160027.825178010] [aic_model]: z_offset: 0.1408
[INFO] [1778160027.825803653] [aic_model]: pfrac: 1.0 xy_error: -0.000375 0.000222   integrators: 0.00605 , -0.00525
[INFO] [1778160027.875182021] [aic_model]: z_offset: 0.14
[INFO] [1778160027.875575688] [aic_model]: pfrac: 1.0 xy_error: -0.000374 0.000215   integrators: 0.00568 , -0.00504
[INFO] [1778160027.925190729] [aic_model]: z_offset: 0.1392
[INFO] [1778160027.926455139] [aic_model]: pfrac: 1.0 xy_error: -0.000374 0.0002   integrators: 0.0053 , -0.00484
[INFO] [1778160027.975177056] [aic_model]: z_offset: 0.1384
[INFO] [1778160027.975711347] [aic_model]: pfrac: 1.0 xy_error: -0.000375 0.000193   integrators: 0.00493 , -0.00465
[INFO] [1778160028.025199020] [aic_model]: z_offset: 0.1376
[INFO] [1778160028.026026791] [aic_model]: pfrac: 1.0 xy_error: -0.000374 0.000187   integrators: 0.00455 , -0.00446
[INFO] [1778160028.075243155] [aic_model]: z_offset: 0.1368
[INFO] [1778160028.076454935] [aic_model]: pfrac: 1.0 xy_error: -0.000371 0.000175   integrators: 0.00418 , -0.00428
[INFO] [1778160028.125184236] [aic_model]: z_offset: 0.136
[INFO] [1778160028.126416445] [aic_model]: pfrac: 1.0 xy_error: -0.000374 0.000142   integrators: 0.00381 , -0.00414
[INFO] [1778160028.147416871] [aic_model]: insert_cable execute loop
[INFO] [1778160028.175178468] [aic_model]: z_offset: 0.1352
[INFO] [1778160028.175672403] [aic_model]: pfrac: 1.0 xy_error: -0.00037 8.69e-05   integrators: 0.00344 , -0.00405
[INFO] [1778160028.225276423] [aic_model]: z_offset: 0.1344
[INFO] [1778160028.225677836] [aic_model]: pfrac: 1.0 xy_error: -0.000369 6.74e-05   integrators: 0.00307 , -0.00399
[INFO] [1778160028.275159587] [aic_model]: z_offset: 0.1336
[INFO] [1778160028.275533858] [aic_model]: pfrac: 1.0 xy_error: -0.000375 4.72e-05   integrators: 0.00269 , -0.00394
[INFO] [1778160028.325190597] [aic_model]: z_offset: 0.1328
[INFO] [1778160028.326296760] [aic_model]: pfrac: 1.0 xy_error: -0.000374 3.91e-05   integrators: 0.00232 , -0.0039
[INFO] [1778160028.375297259] [aic_model]: z_offset: 0.132
[INFO] [1778160028.375708760] [aic_model]: pfrac: 1.0 xy_error: -0.000375 3.05e-05   integrators: 0.00194 , -0.00387
[INFO] [1778160028.425191212] [aic_model]: z_offset: 0.1312
[INFO] [1778160028.425600419] [aic_model]: pfrac: 1.0 xy_error: -0.000372 -1.09e-05   integrators: 0.00157 , -0.00388
[INFO] [1778160028.475174243] [aic_model]: z_offset: 0.1304
[INFO] [1778160028.475554265] [aic_model]: pfrac: 1.0 xy_error: -0.000373 -6.23e-05   integrators: 0.0012 , -0.00394
[INFO] [1778160028.525157814] [aic_model]: z_offset: 0.1296
[INFO] [1778160028.525530152] [aic_model]: pfrac: 1.0 xy_error: -0.00038 -0.000179   integrators: 0.00082 , -0.00412
[INFO] [1778160028.575232035] [aic_model]: z_offset: 0.1288
[INFO] [1778160028.575609202] [aic_model]: pfrac: 1.0 xy_error: -0.000379 -0.000209   integrators: 0.000441 , -0.00433
[INFO] [1778160028.625385545] [aic_model]: z_offset: 0.128
[INFO] [1778160028.626605041] [aic_model]: pfrac: 1.0 xy_error: -0.000373 -0.000217   integrators: 6.72e-05 , -0.00455
[INFO] [1778160028.675232250] [aic_model]: z_offset: 0.1272
[INFO] [1778160028.676541924] [aic_model]: pfrac: 1.0 xy_error: -0.000345 -0.000176   integrators: -0.000277 , -0.00472
[INFO] [1778160028.725184693] [aic_model]: z_offset: 0.1264
[INFO] [1778160028.726450455] [aic_model]: pfrac: 1.0 xy_error: -0.000329 -0.000129   integrators: -0.000606 , -0.00485
[INFO] [1778160028.775161802] [aic_model]: z_offset: 0.1256
[INFO] [1778160028.776457160] [aic_model]: pfrac: 1.0 xy_error: -0.000278 -7.3e-05   integrators: -0.000884 , -0.00493
[INFO] [1778160028.825178275] [aic_model]: z_offset: 0.1248
[INFO] [1778160028.826375569] [aic_model]: pfrac: 1.0 xy_error: -0.0002 -2.21e-05   integrators: -0.00108 , -0.00495
[INFO] [1778160028.875164852] [aic_model]: z_offset: 0.124
[INFO] [1778160028.876439902] [aic_model]: pfrac: 1.0 xy_error: -0.000118 2.3e-06   integrators: -0.0012 , -0.00495
[INFO] [1778160028.925168141] [aic_model]: z_offset: 0.1232
[INFO] [1778160028.926333384] [aic_model]: pfrac: 1.0 xy_error: -3.11e-05 1.25e-05   integrators: -0.00123 , -0.00493
[INFO] [1778160028.975193711] [aic_model]: z_offset: 0.1224
[INFO] [1778160028.976363483] [aic_model]: pfrac: 1.0 xy_error: 7.95e-05 4.99e-05   integrators: -0.00115 , -0.00488
[INFO] [1778160029.025156994] [aic_model]: z_offset: 0.1216
[INFO] [1778160029.026453023] [aic_model]: pfrac: 1.0 xy_error: 0.000184 7.1e-05   integrators: -0.00097 , -0.00481
[INFO] [1778160029.075281239] [aic_model]: z_offset: 0.1208
[INFO] [1778160029.076523236] [aic_model]: pfrac: 1.0 xy_error: 0.000319 6.96e-05   integrators: -0.000651 , -0.00474
[INFO] [1778160029.125169110] [aic_model]: z_offset: 0.12
[INFO] [1778160029.125532050] [aic_model]: pfrac: 1.0 xy_error: 0.000375 4.79e-05   integrators: -0.000276 , -0.0047
[INFO] [1778160029.147552808] [aic_model]: insert_cable execute loop
[INFO] [1778160029.175164484] [aic_model]: z_offset: 0.1192
[INFO] [1778160029.175548233] [aic_model]: pfrac: 1.0 xy_error: 0.000377 1.22e-05   integrators: 0.000101 , -0.00468
[INFO] [1778160029.225222534] [aic_model]: z_offset: 0.1184
[INFO] [1778160029.225602256] [aic_model]: pfrac: 1.0 xy_error: 0.000377 -3.23e-05   integrators: 0.000478 , -0.00472
[INFO] [1778160029.275153497] [aic_model]: z_offset: 0.1176
[INFO] [1778160029.275529221] [aic_model]: pfrac: 1.0 xy_error: 0.000377 -6.36e-05   integrators: 0.000854 , -0.00478
[INFO] [1778160029.325142949] [aic_model]: z_offset: 0.1168
[INFO] [1778160029.325513583] [aic_model]: pfrac: 1.0 xy_error: 0.000377 -8.08e-05   integrators: 0.00123 , -0.00486
[INFO] [1778160029.375178357] [aic_model]: z_offset: 0.116
[INFO] [1778160029.375553851] [aic_model]: pfrac: 1.0 xy_error: 0.000377 -8.8e-05   integrators: 0.00161 , -0.00495
[INFO] [1778160029.425178198] [aic_model]: z_offset: 0.1152
[INFO] [1778160029.425555686] [aic_model]: pfrac: 1.0 xy_error: 0.000377 -7.18e-05   integrators: 0.00199 , -0.00502
[INFO] [1778160029.475193579] [aic_model]: z_offset: 0.1144
[INFO] [1778160029.475585644] [aic_model]: pfrac: 1.0 xy_error: 0.000377 -3.8e-05   integrators: 0.00236 , -0.00506
[INFO] [1778160029.525156942] [aic_model]: z_offset: 0.1136
[INFO] [1778160029.525528148] [aic_model]: pfrac: 1.0 xy_error: 0.000377 -3.82e-05   integrators: 0.00274 , -0.0051
[INFO] [1778160029.575192411] [aic_model]: z_offset: 0.1128
[INFO] [1778160029.575584575] [aic_model]: pfrac: 1.0 xy_error: 0.000377 -5.41e-05   integrators: 0.00312 , -0.00515
[INFO] [1778160029.625229652] [aic_model]: z_offset: 0.112
[INFO] [1778160029.625674746] [aic_model]: pfrac: 1.0 xy_error: 0.000377 -6.25e-05   integrators: 0.00349 , -0.00521
[INFO] [1778160029.675313922] [aic_model]: z_offset: 0.1112
[INFO] [1778160029.675738077] [aic_model]: pfrac: 1.0 xy_error: 0.000376 -6.8e-05   integrators: 0.00387 , -0.00528
[INFO] [1778160029.725311579] [aic_model]: z_offset: 0.1104
[INFO] [1778160029.725690359] [aic_model]: pfrac: 1.0 xy_error: 0.000376 -8.61e-05   integrators: 0.00425 , -0.00537
[INFO] [1778160029.775606253] [aic_model]: z_offset: 0.1096
[INFO] [1778160029.777014232] [aic_model]: pfrac: 1.0 xy_error: 0.000376 -0.000109   integrators: 0.00462 , -0.00548
[INFO] [1778160029.827265174] [aic_model]: z_offset: 0.1088
[INFO] [1778160029.827691733] [aic_model]: pfrac: 1.0 xy_error: 0.000376 -0.000129   integrators: 0.005 , -0.0056
[INFO] [1778160029.877187410] [aic_model]: z_offset: 0.108
[INFO] [1778160029.877564136] [aic_model]: pfrac: 1.0 xy_error: 0.000377 -0.00019   integrators: 0.00538 , -0.00579
[INFO] [1778160029.927304822] [aic_model]: z_offset: 0.1072
[INFO] [1778160029.927816601] [aic_model]: pfrac: 1.0 xy_error: 0.000377 -0.000276   integrators: 0.00575 , -0.00607
[INFO] [1778160029.977159161] [aic_model]: z_offset: 0.1064
[INFO] [1778160029.977537610] [aic_model]: pfrac: 1.0 xy_error: 0.000376 -0.000336   integrators: 0.00613 , -0.00641
[INFO] [1778160030.027173099] [aic_model]: z_offset: 0.1056
[INFO] [1778160030.027563150] [aic_model]: pfrac: 1.0 xy_error: 0.000375 -0.00039   integrators: 0.0065 , -0.0068
[INFO] [1778160030.077176787] [aic_model]: z_offset: 0.1048
[INFO] [1778160030.077555657] [aic_model]: pfrac: 1.0 xy_error: 0.000374 -0.000441   integrators: 0.00688 , -0.00724
[INFO] [1778160030.127259554] [aic_model]: z_offset: 0.104
[INFO] [1778160030.127653502] [aic_model]: pfrac: 1.0 xy_error: 0.000374 -0.000466   integrators: 0.00725 , -0.0077
[INFO] [1778160030.147895616] [aic_model]: insert_cable execute loop
[INFO] [1778160030.177156542] [aic_model]: z_offset: 0.1032
[INFO] [1778160030.177528680] [aic_model]: pfrac: 1.0 xy_error: 0.000374 -0.000469   integrators: 0.00763 , -0.00817
[INFO] [1778160030.227219552] [aic_model]: z_offset: 0.1024
[INFO] [1778160030.227595617] [aic_model]: pfrac: 1.0 xy_error: 0.000374 -0.000469   integrators: 0.008 , -0.00864
[INFO] [1778160030.277224352] [aic_model]: z_offset: 0.1016
[INFO] [1778160030.277600818] [aic_model]: pfrac: 1.0 xy_error: 0.000374 -0.00047   integrators: 0.00838 , -0.00911
[INFO] [1778160030.327334150] [aic_model]: z_offset: 0.1008
[INFO] [1778160030.327741323] [aic_model]: pfrac: 1.0 xy_error: 0.000374 -0.00047   integrators: 0.00875 , -0.00958
[INFO] [1778160030.377171346] [aic_model]: z_offset: 0.1
[INFO] [1778160030.377573189] [aic_model]: pfrac: 1.0 xy_error: 0.000371 -0.000471   integrators: 0.00912 , -0.0101
[INFO] [1778160030.427371583] [aic_model]: z_offset: 0.0992
[INFO] [1778160030.427748048] [aic_model]: pfrac: 1.0 xy_error: 0.000375 -0.000471   integrators: 0.0095 , -0.0105
[INFO] [1778160030.477198840] [aic_model]: z_offset: 0.0984
[INFO] [1778160030.477575136] [aic_model]: pfrac: 1.0 xy_error: 0.000375 -0.000471   integrators: 0.00987 , -0.011
[INFO] [1778160030.527278020] [aic_model]: z_offset: 0.0976
[INFO] [1778160030.527653464] [aic_model]: pfrac: 1.0 xy_error: 0.000374 -0.000471   integrators: 0.0102 , -0.0115
[INFO] [1778160030.577280797] [aic_model]: z_offset: 0.0968
[INFO] [1778160030.577658966] [aic_model]: pfrac: 1.0 xy_error: 0.00037 -0.000471   integrators: 0.0106 , -0.0119
[INFO] [1778160030.627156586] [aic_model]: z_offset: 0.096
[INFO] [1778160030.627521560] [aic_model]: pfrac: 1.0 xy_error: 0.000351 -0.000464   integrators: 0.011 , -0.0124
[INFO] [1778160030.677359027] [aic_model]: z_offset: 0.0952
[INFO] [1778160030.677768033] [aic_model]: pfrac: 1.0 xy_error: 0.000332 -0.000453   integrators: 0.0113 , -0.0129
[INFO] [1778160030.727198517] [aic_model]: z_offset: 0.0944
[INFO] [1778160030.727578299] [aic_model]: pfrac: 1.0 xy_error: 0.000298 -0.000443   integrators: 0.0116 , -0.0133
[INFO] [1778160030.777271225] [aic_model]: z_offset: 0.0936
[INFO] [1778160030.777781171] [aic_model]: pfrac: 1.0 xy_error: 0.000269 -0.000433   integrators: 0.0119 , -0.0137
[INFO] [1778160030.827212126] [aic_model]: z_offset: 0.0928
[INFO] [1778160030.827592298] [aic_model]: pfrac: 1.0 xy_error: 0.000258 -0.000426   integrators: 0.0121 , -0.0142
[INFO] [1778160030.878892196] [aic_model]: z_offset: 0.092
[INFO] [1778160030.879433680] [aic_model]: pfrac: 1.0 xy_error: 0.000242 -0.000419   integrators: 0.0124 , -0.0146
[INFO] [1778160030.929188773] [aic_model]: z_offset: 0.0912
[INFO] [1778160030.929605394] [aic_model]: pfrac: 1.0 xy_error: 0.000243 -0.000419   integrators: 0.0126 , -0.015
[INFO] [1778160030.979189015] [aic_model]: z_offset: 0.0904
[INFO] [1778160030.979564389] [aic_model]: pfrac: 1.0 xy_error: 0.000242 -0.000419   integrators: 0.0128 , -0.0154
[INFO] [1778160031.029203614] [aic_model]: z_offset: 0.0896
[INFO] [1778160031.029589026] [aic_model]: pfrac: 1.0 xy_error: 0.000242 -0.000419   integrators: 0.0131 , -0.0158
[INFO] [1778160031.079166205] [aic_model]: z_offset: 0.0888
[INFO] [1778160031.079545425] [aic_model]: pfrac: 1.0 xy_error: 0.000242 -0.000419   integrators: 0.0133 , -0.0163
[INFO] [1778160031.129381149] [aic_model]: z_offset: 0.088
[INFO] [1778160031.129763525] [aic_model]: pfrac: 1.0 xy_error: 0.000242 -0.000419   integrators: 0.0136 , -0.0167
[INFO] [1778160031.148157276] [aic_model]: insert_cable execute loop
[INFO] [1778160031.179181586] [aic_model]: z_offset: 0.0872
[INFO] [1778160031.179556959] [aic_model]: pfrac: 1.0 xy_error: 0.000242 -0.000419   integrators: 0.0138 , -0.0171
[INFO] [1778160031.229175616] [aic_model]: z_offset: 0.0864
[INFO] [1778160031.229551671] [aic_model]: pfrac: 1.0 xy_error: 0.000242 -0.000419   integrators: 0.0141 , -0.0175
[INFO] [1778160031.279194452] [aic_model]: z_offset: 0.0856
[INFO] [1778160031.279584062] [aic_model]: pfrac: 1.0 xy_error: 0.000242 -0.000419   integrators: 0.0143 , -0.0179
[INFO] [1778160031.329181880] [aic_model]: z_offset: 0.0848
[INFO] [1778160031.329559678] [aic_model]: pfrac: 1.0 xy_error: 0.000242 -0.000419   integrators: 0.0145 , -0.0183
[INFO] [1778160031.379226966] [aic_model]: z_offset: 0.084
[INFO] [1778160031.379594124] [aic_model]: pfrac: 1.0 xy_error: 0.000243 -0.000419   integrators: 0.0148 , -0.0188
[INFO] [1778160031.429271039] [aic_model]: z_offset: 0.0832
[INFO] [1778160031.429702588] [aic_model]: pfrac: 1.0 xy_error: 0.000243 -0.000418   integrators: 0.015 , -0.0192
[INFO] [1778160031.479160163] [aic_model]: z_offset: 0.0824
[INFO] [1778160031.479531298] [aic_model]: pfrac: 1.0 xy_error: 0.000243 -0.000418   integrators: 0.0153 , -0.0196
[INFO] [1778160031.529188677] [aic_model]: z_offset: 0.0816
[INFO] [1778160031.529560995] [aic_model]: pfrac: 1.0 xy_error: 0.000243 -0.000419   integrators: 0.0155 , -0.02
[INFO] [1778160031.579353748] [aic_model]: z_offset: 0.0808
[INFO] [1778160031.579865086] [aic_model]: pfrac: 1.0 xy_error: 0.000243 -0.000419   integrators: 0.0158 , -0.0204
[INFO] [1778160031.629160657] [aic_model]: z_offset: 0.08
[INFO] [1778160031.629532384] [aic_model]: pfrac: 1.0 xy_error: 0.000243 -0.000419   integrators: 0.016 , -0.0209
[INFO] [1778160031.679429412] [aic_model]: z_offset: 0.0792
[INFO] [1778160031.679846574] [aic_model]: pfrac: 1.0 xy_error: 0.000243 -0.000419   integrators: 0.0162 , -0.0213
[INFO] [1778160031.729203119] [aic_model]: z_offset: 0.0784
[INFO] [1778160031.729594923] [aic_model]: pfrac: 1.0 xy_error: 0.000243 -0.000419   integrators: 0.0165 , -0.0217
[INFO] [1778160031.779207438] [aic_model]: z_offset: 0.0776
[INFO] [1778160031.779581620] [aic_model]: pfrac: 1.0 xy_error: 0.000243 -0.000419   integrators: 0.0167 , -0.0221
[INFO] [1778160031.829148198] [aic_model]: z_offset: 0.0768
[INFO] [1778160031.829526908] [aic_model]: pfrac: 1.0 xy_error: 0.000243 -0.000419   integrators: 0.017 , -0.0225
[INFO] [1778160031.879178406] [aic_model]: z_offset: 0.076
[INFO] [1778160031.879554511] [aic_model]: pfrac: 1.0 xy_error: 0.000243 -0.000419   integrators: 0.0172 , -0.023
[INFO] [1778160031.929181273] [aic_model]: z_offset: 0.0752
[INFO] [1778160031.929560083] [aic_model]: pfrac: 1.0 xy_error: 0.000243 -0.000419   integrators: 0.0175 , -0.0234
[INFO] [1778160031.979312029] [aic_model]: z_offset: 0.0744
[INFO] [1778160031.979701879] [aic_model]: pfrac: 1.0 xy_error: 0.000243 -0.000418   integrators: 0.0177 , -0.0238
[INFO] [1778160032.029162199] [aic_model]: z_offset: 0.0736
[INFO] [1778160032.029538054] [aic_model]: pfrac: 1.0 xy_error: 0.000244 -0.000419   integrators: 0.0179 , -0.0242
[INFO] [1778160032.079263730] [aic_model]: z_offset: 0.0728
[INFO] [1778160032.079639234] [aic_model]: pfrac: 1.0 xy_error: 0.000244 -0.000419   integrators: 0.0182 , -0.0246
[INFO] [1778160032.129180796] [aic_model]: z_offset: 0.072
[INFO] [1778160032.129569123] [aic_model]: pfrac: 1.0 xy_error: 0.000244 -0.000419   integrators: 0.0184 , -0.025
[INFO] [1778160032.147785631] [aic_model]: insert_cable execute loop
[INFO] [1778160032.179312864] [aic_model]: Alignment degraded (0.0250 > 0.0153), re-aligning...
[INFO] [1778160032.179681956] [aic_model]: pfrac: 1.0 xy_error: 0.000244 -0.000419   integrators: 0.0187 , -0.0255
[INFO] [1778160032.229347480] [aic_model]: pfrac: 1.0 xy_error: 0.000244 -0.000419   integrators: 0.0189 , -0.0259
[INFO] [1778160032.279337001] [aic_model]: pfrac: 1.0 xy_error: 0.000243 -0.000419   integrators: 0.0192 , -0.0263
[INFO] [1778160032.329344065] [aic_model]: pfrac: 1.0 xy_error: 0.000243 -0.000419   integrators: 0.0194 , -0.0267
[INFO] [1778160032.379293992] [aic_model]: pfrac: 1.0 xy_error: 0.000243 -0.000419   integrators: 0.0196 , -0.0271
[INFO] [1778160032.429503215] [aic_model]: pfrac: 1.0 xy_error: 0.000244 -0.000419   integrators: 0.0199 , -0.0276
[INFO] [1778160032.479416163] [aic_model]: pfrac: 1.0 xy_error: 0.000244 -0.00042   integrators: 0.0201 , -0.028
[INFO] [1778160032.529463412] [aic_model]: pfrac: 1.0 xy_error: 0.000243 -0.00042   integrators: 0.0204 , -0.0284
[INFO] [1778160032.579310707] [aic_model]: pfrac: 1.0 xy_error: 0.000243 -0.00042   integrators: 0.0206 , -0.0288
[INFO] [1778160032.629600220] [aic_model]: pfrac: 1.0 xy_error: 0.000243 -0.00042   integrators: 0.0209 , -0.0292
[INFO] [1778160032.679367805] [aic_model]: z_offset: 0.0712
[INFO] [1778160032.679762355] [aic_model]: pfrac: 1.0 xy_error: 0.000242 -0.000419   integrators: 0.0211 , -0.0297
[INFO] [1778160032.729199290] [aic_model]: z_offset: 0.0704
[INFO] [1778160032.729582699] [aic_model]: pfrac: 1.0 xy_error: 0.000242 -0.000419   integrators: 0.0213 , -0.0301
[INFO] [1778160032.779234207] [aic_model]: z_offset: 0.0696
[INFO] [1778160032.779616583] [aic_model]: pfrac: 1.0 xy_error: 0.000242 -0.000419   integrators: 0.0216 , -0.0305
[INFO] [1778160032.829225341] [aic_model]: z_offset: 0.0688
[INFO] [1778160032.829601806] [aic_model]: pfrac: 1.0 xy_error: 0.000242 -0.000419   integrators: 0.0218 , -0.0309
[INFO] [1778160032.879379250] [aic_model]: z_offset: 0.068
[INFO] [1778160032.879751868] [aic_model]: pfrac: 1.0 xy_error: 0.000242 -0.000419   integrators: 0.0221 , -0.0313
[INFO] [1778160032.929253285] [aic_model]: z_offset: 0.0672
[INFO] [1778160032.929628468] [aic_model]: pfrac: 1.0 xy_error: 0.000242 -0.000419   integrators: 0.0223 , -0.0318
[INFO] [1778160032.981225281] [aic_model]: z_offset: 0.0664
[INFO] [1778160032.981603169] [aic_model]: pfrac: 1.0 xy_error: 0.000242 -0.000419   integrators: 0.0226 , -0.0322
[INFO] [1778160033.031351599] [aic_model]: z_offset: 0.0656
[INFO] [1778160033.031721542] [aic_model]: pfrac: 1.0 xy_error: 0.000242 -0.000419   integrators: 0.0228 , -0.0326
[INFO] [1778160033.081353413] [aic_model]: z_offset: 0.0648
[INFO] [1778160033.081857337] [aic_model]: pfrac: 1.0 xy_error: 0.000242 -0.000419   integrators: 0.023 , -0.033
[INFO] [1778160033.131361829] [aic_model]: z_offset: 0.064
[INFO] [1778160033.131737112] [aic_model]: pfrac: 1.0 xy_error: 0.000242 -0.000419   integrators: 0.0233 , -0.0334
[INFO] [1778160033.147523426] [aic_model]: insert_cable execute loop
[INFO] [1778160033.181222097] [aic_model]: z_offset: 0.0632
[INFO] [1778160033.181590808] [aic_model]: pfrac: 1.0 xy_error: 0.000243 -0.000418   integrators: 0.0235 , -0.0338
[INFO] [1778160033.231343696] [aic_model]: z_offset: 0.0624
[INFO] [1778160033.231862839] [aic_model]: pfrac: 1.0 xy_error: 0.000243 -0.000418   integrators: 0.0238 , -0.0343
[INFO] [1778160033.281424047] [aic_model]: z_offset: 0.0616
[INFO] [1778160033.281801905] [aic_model]: pfrac: 1.0 xy_error: 0.000243 -0.000418   integrators: 0.024 , -0.0347
[INFO] [1778160033.331174660] [aic_model]: z_offset: 0.0608
[INFO] [1778160033.331551186] [aic_model]: pfrac: 1.0 xy_error: 0.000243 -0.000418   integrators: 0.0243 , -0.0351
[INFO] [1778160033.381346673] [aic_model]: z_offset: 0.06
[INFO] [1778160033.381761059] [aic_model]: pfrac: 1.0 xy_error: 0.000243 -0.000418   integrators: 0.0245 , -0.0355
[INFO] [1778160033.431177857] [aic_model]: z_offset: 0.0592
[INFO] [1778160033.431552960] [aic_model]: pfrac: 1.0 xy_error: 0.000243 -0.000418   integrators: 0.0247 , -0.0359
[INFO] [1778160033.481252497] [aic_model]: z_offset: 0.0584
[INFO] [1778160033.481625667] [aic_model]: pfrac: 1.0 xy_error: 0.000243 -0.000418   integrators: 0.025 , -0.0364
[INFO] [1778160033.531235847] [aic_model]: z_offset: 0.0576
[INFO] [1778160033.531610549] [aic_model]: pfrac: 1.0 xy_error: 0.000243 -0.000418   integrators: 0.0252 , -0.0368
[INFO] [1778160033.581345342] [aic_model]: z_offset: 0.0568
[INFO] [1778160033.581714474] [aic_model]: pfrac: 1.0 xy_error: 0.000243 -0.000418   integrators: 0.0255 , -0.0372
[INFO] [1778160033.631299457] [aic_model]: z_offset: 0.056
[INFO] [1778160033.631751985] [aic_model]: pfrac: 1.0 xy_error: 0.000243 -0.000418   integrators: 0.0257 , -0.0376
[INFO] [1778160033.681497899] [aic_model]: z_offset: 0.0552
[INFO] [1778160033.682064872] [aic_model]: pfrac: 1.0 xy_error: 0.000243 -0.000418   integrators: 0.026 , -0.038
[INFO] [1778160033.731322331] [aic_model]: z_offset: 0.0544
[INFO] [1778160033.731747568] [aic_model]: pfrac: 1.0 xy_error: 0.000244 -0.000418   integrators: 0.0262 , -0.0384
[INFO] [1778160033.781453808] [aic_model]: z_offset: 0.0536
[INFO] [1778160033.781827338] [aic_model]: pfrac: 1.0 xy_error: 0.000243 -0.000418   integrators: 0.0264 , -0.0389
[INFO] [1778160033.831449650] [aic_model]: z_offset: 0.0528
[INFO] [1778160033.831817500] [aic_model]: pfrac: 1.0 xy_error: 0.000244 -0.000418   integrators: 0.0267 , -0.0393
[INFO] [1778160033.881279051] [aic_model]: z_offset: 0.052
[INFO] [1778160033.881656438] [aic_model]: pfrac: 1.0 xy_error: 0.000243 -0.000418   integrators: 0.0269 , -0.0397
[INFO] [1778160033.931320119] [aic_model]: z_offset: 0.0512
[INFO] [1778160033.931695452] [aic_model]: pfrac: 1.0 xy_error: 0.000244 -0.000418   integrators: 0.0272 , -0.0401
[INFO] [1778160033.981261720] [aic_model]: z_offset: 0.0504
[INFO] [1778160033.981634248] [aic_model]: pfrac: 1.0 xy_error: 0.000244 -0.000418   integrators: 0.0274 , -0.0405
[INFO] [1778160034.031313537] [aic_model]: z_offset: 0.0496
[INFO] [1778160034.031688680] [aic_model]: pfrac: 1.0 xy_error: 0.000243 -0.000418   integrators: 0.0277 , -0.041
[INFO] [1778160034.081474569] [aic_model]: z_offset: 0.0488
[INFO] [1778160034.081848229] [aic_model]: pfrac: 1.0 xy_error: 0.000244 -0.000418   integrators: 0.0279 , -0.0414
[INFO] [1778160034.131289783] [aic_model]: z_offset: 0.048
[INFO] [1778160034.131709740] [aic_model]: pfrac: 1.0 xy_error: 0.000244 -0.000418   integrators: 0.0281 , -0.0418
[INFO] [1778160034.149194687] [aic_model]: insert_cable execute loop
[INFO] [1778160034.181474670] [aic_model]: z_offset: 0.0472
[INFO] [1778160034.181982551] [aic_model]: pfrac: 1.0 xy_error: 0.000244 -0.000418   integrators: 0.0284 , -0.0422
[INFO] [1778160034.231325410] [aic_model]: z_offset: 0.0464
[INFO] [1778160034.231704991] [aic_model]: pfrac: 1.0 xy_error: 0.000244 -0.000418   integrators: 0.0286 , -0.0426
[INFO] [1778160034.281874950] [aic_model]: z_offset: 0.0456
[INFO] [1778160034.283494655] [aic_model]: pfrac: 1.0 xy_error: 0.000244 -0.000418   integrators: 0.0289 , -0.043
[INFO] [1778160034.333241140] [aic_model]: z_offset: 0.0448
[INFO] [1778160034.333671757] [aic_model]: pfrac: 1.0 xy_error: 0.000244 -0.000418   integrators: 0.0291 , -0.0435
[INFO] [1778160034.383368309] [aic_model]: z_offset: 0.044
[INFO] [1778160034.383743823] [aic_model]: pfrac: 1.0 xy_error: 0.000244 -0.000418   integrators: 0.0294 , -0.0439
[INFO] [1778160034.433271317] [aic_model]: z_offset: 0.0432
[INFO] [1778160034.433641631] [aic_model]: pfrac: 1.0 xy_error: 0.000244 -0.000418   integrators: 0.0296 , -0.0443
[INFO] [1778160034.483352530] [aic_model]: z_offset: 0.0424
[INFO] [1778160034.483723355] [aic_model]: pfrac: 1.0 xy_error: 0.000244 -0.000418   integrators: 0.0299 , -0.0447
[INFO] [1778160034.533390762] [aic_model]: z_offset: 0.0416
[INFO] [1778160034.533784780] [aic_model]: pfrac: 1.0 xy_error: 0.000244 -0.000418   integrators: 0.0301 , -0.0451
[INFO] [1778160034.583290985] [aic_model]: z_offset: 0.0408
[INFO] [1778160034.583672159] [aic_model]: pfrac: 1.0 xy_error: 0.000244 -0.000418   integrators: 0.0303 , -0.0456
[INFO] [1778160034.633359914] [aic_model]: z_offset: 0.04
[INFO] [1778160034.633752991] [aic_model]: pfrac: 1.0 xy_error: 0.000244 -0.000418   integrators: 0.0306 , -0.046
[INFO] [1778160034.683560891] [aic_model]: z_offset: 0.0392
[INFO] [1778160034.684026013] [aic_model]: pfrac: 1.0 xy_error: 0.000244 -0.000418   integrators: 0.0308 , -0.0464
[INFO] [1778160034.733233778] [aic_model]: z_offset: 0.0384
[INFO] [1778160034.733617167] [aic_model]: pfrac: 1.0 xy_error: 0.000244 -0.000419   integrators: 0.0311 , -0.0468
[INFO] [1778160034.783372408] [aic_model]: z_offset: 0.0376
[INFO] [1778160034.783754033] [aic_model]: pfrac: 1.0 xy_error: 0.000245 -0.000419   integrators: 0.0313 , -0.0472
[INFO] [1778160034.833362800] [aic_model]: z_offset: 0.0368
[INFO] [1778160034.833748523] [aic_model]: pfrac: 1.0 xy_error: 0.000245 -0.000419   integrators: 0.0316 , -0.0476
[INFO] [1778160034.883389030] [aic_model]: z_offset: 0.036
[INFO] [1778160034.883772047] [aic_model]: pfrac: 1.0 xy_error: 0.000245 -0.000419   integrators: 0.0318 , -0.0481
[INFO] [1778160034.933405360] [aic_model]: z_offset: 0.0352
[INFO] [1778160034.933783108] [aic_model]: pfrac: 1.0 xy_error: 0.000245 -0.000419   integrators: 0.0321 , -0.0485
[INFO] [1778160034.983316925] [aic_model]: z_offset: 0.0344
[INFO] [1778160034.983691337] [aic_model]: pfrac: 1.0 xy_error: 0.000245 -0.000419   integrators: 0.0323 , -0.0489
[INFO] [1778160035.033255339] [aic_model]: z_offset: 0.0336
[INFO] [1778160035.033632506] [aic_model]: pfrac: 1.0 xy_error: 0.000245 -0.000418   integrators: 0.0325 , -0.0493
[INFO] [1778160035.083269155] [aic_model]: z_offset: 0.0328
[INFO] [1778160035.083646853] [aic_model]: pfrac: 1.0 xy_error: 0.000245 -0.000418   integrators: 0.0328 , -0.0497
[INFO] [1778160035.133449994] [aic_model]: z_offset: 0.032
[INFO] [1778160035.133968836] [aic_model]: pfrac: 1.0 xy_error: 0.000245 -0.000418   integrators: 0.033 , -0.0502
[INFO] [1778160035.149548002] [aic_model]: insert_cable execute loop
[INFO] [1778160035.183224662] [aic_model]: z_offset: 0.0312
[INFO] [1778160035.183597520] [aic_model]: pfrac: 1.0 xy_error: 0.000245 -0.000418   integrators: 0.0333 , -0.0506
[INFO] [1778160035.233283081] [aic_model]: z_offset: 0.0304
[INFO] [1778160035.233653525] [aic_model]: pfrac: 1.0 xy_error: 0.000245 -0.000418   integrators: 0.0335 , -0.051
[INFO] [1778160035.283218389] [aic_model]: z_offset: 0.0296
[INFO] [1778160035.283587601] [aic_model]: pfrac: 1.0 xy_error: 0.000245 -0.000418   integrators: 0.0338 , -0.0514
[INFO] [1778160035.333312646] [aic_model]: z_offset: 0.0288
[INFO] [1778160035.333745116] [aic_model]: pfrac: 1.0 xy_error: 0.000245 -0.000418   integrators: 0.034 , -0.0518
[INFO] [1778160035.383209102] [aic_model]: z_offset: 0.028
[INFO] [1778160035.383585447] [aic_model]: pfrac: 1.0 xy_error: 0.000245 -0.000418   integrators: 0.0343 , -0.0522
[INFO] [1778160035.433232375] [aic_model]: z_offset: 0.0272
[INFO] [1778160035.433628668] [aic_model]: pfrac: 1.0 xy_error: 0.000245 -0.000418   integrators: 0.0345 , -0.0527
[INFO] [1778160035.483349745] [aic_model]: z_offset: 0.0264
[INFO] [1778160035.483802373] [aic_model]: pfrac: 1.0 xy_error: 0.000245 -0.000418   integrators: 0.0348 , -0.0531
[INFO] [1778160035.533239027] [aic_model]: z_offset: 0.0256
[INFO] [1778160035.533610173] [aic_model]: pfrac: 1.0 xy_error: 0.000245 -0.000418   integrators: 0.035 , -0.0535
[INFO] [1778160035.583264425] [aic_model]: z_offset: 0.0248
[INFO] [1778160035.583643265] [aic_model]: pfrac: 1.0 xy_error: 0.000245 -0.000418   integrators: 0.0352 , -0.0539
[INFO] [1778160035.633487473] [aic_model]: z_offset: 0.024
[INFO] [1778160035.633861804] [aic_model]: pfrac: 1.0 xy_error: 0.000245 -0.000418   integrators: 0.0355 , -0.0543
[INFO] [1778160035.683643084] [aic_model]: z_offset: 0.0232
[INFO] [1778160035.684044246] [aic_model]: pfrac: 1.0 xy_error: 0.000245 -0.000418   integrators: 0.0357 , -0.0548
[INFO] [1778160035.733386623] [aic_model]: z_offset: 0.0224
[INFO] [1778160035.733765513] [aic_model]: pfrac: 1.0 xy_error: 0.000245 -0.000418   integrators: 0.036 , -0.0552
[INFO] [1778160035.783257020] [aic_model]: z_offset: 0.0216
[INFO] [1778160035.783636902] [aic_model]: pfrac: 1.0 xy_error: 0.000245 -0.000418   integrators: 0.0362 , -0.0556
[INFO] [1778160035.833307875] [aic_model]: z_offset: 0.0208
[INFO] [1778160035.833674593] [aic_model]: pfrac: 1.0 xy_error: 0.000245 -0.000418   integrators: 0.0365 , -0.056
[INFO] [1778160035.883321691] [aic_model]: z_offset: 0.02
[INFO] [1778160035.883701102] [aic_model]: pfrac: 1.0 xy_error: 0.000246 -0.000418   integrators: 0.0367 , -0.0564
[INFO] [1778160035.933359342] [aic_model]: z_offset: 0.0192
[INFO] [1778160035.933749974] [aic_model]: pfrac: 1.0 xy_error: 0.000246 -0.000418   integrators: 0.037 , -0.0568
[INFO] [1778160035.983300401] [aic_model]: z_offset: 0.0184
[INFO] [1778160035.983679792] [aic_model]: pfrac: 1.0 xy_error: 0.000246 -0.000418   integrators: 0.0372 , -0.0573
[INFO] [1778160036.033277407] [aic_model]: z_offset: 0.0176
[INFO] [1778160036.033654925] [aic_model]: pfrac: 1.0 xy_error: 0.000246 -0.000417   integrators: 0.0375 , -0.0577
[INFO] [1778160036.083413592] [aic_model]: z_offset: 0.0168
[INFO] [1778160036.083795829] [aic_model]: pfrac: 1.0 xy_error: 0.000246 -0.000417   integrators: 0.0377 , -0.0581
[INFO] [1778160036.133306621] [aic_model]: z_offset: 0.016
[INFO] [1778160036.135247118] [aic_model]: pfrac: 1.0 xy_error: 0.000246 -0.000417   integrators: 0.0379 , -0.0585
[INFO] [1778160036.149815038] [aic_model]: insert_cable execute loop
[INFO] [1778160036.185436202] [aic_model]: z_offset: 0.0152
[INFO] [1778160036.185809852] [aic_model]: pfrac: 1.0 xy_error: 0.000245 -0.000417   integrators: 0.0382 , -0.0589
[INFO] [1778160036.235271713] [aic_model]: z_offset: 0.0144
[INFO] [1778160036.235657536] [aic_model]: pfrac: 1.0 xy_error: 0.000245 -0.000417   integrators: 0.0384 , -0.0593
[INFO] [1778160036.285442893] [aic_model]: z_offset: 0.0136
[INFO] [1778160036.285826853] [aic_model]: pfrac: 1.0 xy_error: 0.000245 -0.000417   integrators: 0.0387 , -0.0598
[INFO] [1778160036.335452731] [aic_model]: z_offset: 0.012801
[INFO] [1778160036.335838354] [aic_model]: pfrac: 1.0 xy_error: 0.000245 -0.000417   integrators: 0.0389 , -0.0602
[INFO] [1778160036.385392127] [aic_model]: z_offset: 0.012001
[INFO] [1778160036.385775586] [aic_model]: pfrac: 1.0 xy_error: 0.000245 -0.000417   integrators: 0.0392 , -0.0606
[INFO] [1778160036.435470073] [aic_model]: z_offset: 0.011201
[INFO] [1778160036.435894728] [aic_model]: pfrac: 1.0 xy_error: 0.000245 -0.000417   integrators: 0.0394 , -0.061
[INFO] [1778160036.485380304] [aic_model]: z_offset: 0.010401
[INFO] [1778160036.485760827] [aic_model]: pfrac: 1.0 xy_error: 0.000245 -0.000417   integrators: 0.0397 , -0.0614
[INFO] [1778160036.535406533] [aic_model]: z_offset: 0.0096008
[INFO] [1778160036.535786996] [aic_model]: pfrac: 1.0 xy_error: 0.000245 -0.000417   integrators: 0.0399 , -0.0618
[INFO] [1778160036.585356879] [aic_model]: z_offset: 0.0088008
[INFO] [1778160036.585734958] [aic_model]: pfrac: 1.0 xy_error: 0.000245 -0.000417   integrators: 0.0402 , -0.0623
[INFO] [1778160036.635346238] [aic_model]: z_offset: 0.0080009
[INFO] [1778160036.635742100] [aic_model]: pfrac: 1.0 xy_error: 0.000245 -0.000417   integrators: 0.0404 , -0.0627
[INFO] [1778160036.685778318] [aic_model]: Alignment degraded (0.0627 > 0.0292), re-aligning...
[INFO] [1778160036.686539845] [aic_model]: pfrac: 1.0 xy_error: 0.000245 -0.000417   integrators: 0.0406 , -0.0631
[INFO] [1778160036.735467164] [aic_model]: pfrac: 1.0 xy_error: 0.000245 -0.000417   integrators: 0.0409 , -0.0635
[INFO] [1778160036.785603018] [aic_model]: pfrac: 1.0 xy_error: 0.000245 -0.000417   integrators: 0.0411 , -0.0639
[INFO] [1778160036.835624869] [aic_model]: pfrac: 1.0 xy_error: 0.000245 -0.000417   integrators: 0.0414 , -0.0644
[INFO] [1778160036.885768227] [aic_model]: pfrac: 1.0 xy_error: 0.000245 -0.000417   integrators: 0.0416 , -0.0648
[INFO] [1778160036.935665514] [aic_model]: pfrac: 1.0 xy_error: 0.000244 -0.000417   integrators: 0.0419 , -0.0652
[INFO] [1778160036.985474425] [aic_model]: pfrac: 1.0 xy_error: 0.000245 -0.000417   integrators: 0.0421 , -0.0656
[INFO] [1778160037.035455700] [aic_model]: pfrac: 1.0 xy_error: 0.000245 -0.000417   integrators: 0.0424 , -0.066
[INFO] [1778160037.085508528] [aic_model]: pfrac: 1.0 xy_error: 0.000245 -0.000417   integrators: 0.0426 , -0.0664
[INFO] [1778160037.135556026] [aic_model]: pfrac: 1.0 xy_error: 0.000245 -0.000417   integrators: 0.0428 , -0.0669
[INFO] [1778160037.149817381] [aic_model]: insert_cable execute loop
[INFO] [1778160037.185555755] [aic_model]: z_offset: 0.007201
[INFO] [1778160037.187941977] [aic_model]: pfrac: 1.0 xy_error: 0.000245 -0.000417   integrators: 0.0431 , -0.0673
[INFO] [1778160037.237505007] [aic_model]: z_offset: 0.006401
[INFO] [1778160037.237892914] [aic_model]: pfrac: 1.0 xy_error: 0.000245 -0.000417   integrators: 0.0433 , -0.0677
[INFO] [1778160037.288046751] [aic_model]: z_offset: 0.0056011
[INFO] [1778160037.289722471] [aic_model]: pfrac: 1.0 xy_error: 0.000244 -0.000417   integrators: 0.0436 , -0.0681
[INFO] [1778160037.339737759] [aic_model]: z_offset: 0.0048012
[INFO] [1778160037.340138180] [aic_model]: pfrac: 1.0 xy_error: 0.000244 -0.000417   integrators: 0.0438 , -0.0685
[INFO] [1778160037.389592807] [aic_model]: z_offset: 0.0040012
[INFO] [1778160037.390034515] [aic_model]: pfrac: 1.0 xy_error: 0.000244 -0.000417   integrators: 0.0441 , -0.0689
[INFO] [1778160037.439774076] [aic_model]: z_offset: 0.0032013
[INFO] [1778160037.440280234] [aic_model]: pfrac: 1.0 xy_error: 0.000244 -0.000417   integrators: 0.0443 , -0.0694
[INFO] [1778160037.489466619] [aic_model]: z_offset: 0.0024013
[INFO] [1778160037.489919117] [aic_model]: pfrac: 1.0 xy_error: 0.000244 -0.000417   integrators: 0.0446 , -0.0698
[INFO] [1778160037.539620045] [aic_model]: z_offset: 0.0016014
[INFO] [1778160037.540072002] [aic_model]: pfrac: 1.0 xy_error: 0.000244 -0.000417   integrators: 0.0448 , -0.0702
[INFO] [1778160037.589700976] [aic_model]: z_offset: 0.00080147
[INFO] [1778160037.590134619] [aic_model]: pfrac: 1.0 xy_error: 0.000244 -0.000417   integrators: 0.045 , -0.0706
[INFO] [1778160037.639650210] [aic_model]: z_offset: 1.534e-06
[INFO] [1778160037.640127164] [aic_model]: pfrac: 1.0 xy_error: 0.000244 -0.000417   integrators: 0.0453 , -0.071
[INFO] [1778160037.689888226] [aic_model]: z_offset: -0.0007984
[INFO] [1778160037.691538598] [aic_model]: pfrac: 1.0 xy_error: 0.000245 -0.000417   integrators: 0.0455 , -0.0714
[INFO] [1778160037.741502550] [aic_model]: z_offset: -0.0015983
[INFO] [1778160037.741880618] [aic_model]: pfrac: 1.0 xy_error: 0.000245 -0.000417   integrators: 0.0458 , -0.0719
[INFO] [1778160037.791624758] [aic_model]: z_offset: -0.0023983
[INFO] [1778160037.792029697] [aic_model]: pfrac: 1.0 xy_error: 0.000245 -0.000417   integrators: 0.046 , -0.0723
[INFO] [1778160037.841480527] [aic_model]: z_offset: -0.0031982
[INFO] [1778160037.841867883] [aic_model]: pfrac: 1.0 xy_error: 0.000245 -0.000417   integrators: 0.0463 , -0.0727
[INFO] [1778160037.891887459] [aic_model]: z_offset: -0.0039981
[INFO] [1778160037.892642654] [aic_model]: pfrac: 1.0 xy_error: 0.000245 -0.000417   integrators: 0.0465 , -0.0731
[INFO] [1778160037.941471809] [aic_model]: z_offset: -0.0047981
[INFO] [1778160037.941870977] [aic_model]: pfrac: 1.0 xy_error: 0.000245 -0.000417   integrators: 0.0468 , -0.0735
[INFO] [1778160037.991603285] [aic_model]: z_offset: -0.005598
[INFO] [1778160037.991993486] [aic_model]: pfrac: 1.0 xy_error: 0.000244 -0.000417   integrators: 0.047 , -0.0739
[INFO] [1778160038.041561666] [aic_model]: z_offset: -0.006398
[INFO] [1778160038.041953690] [aic_model]: pfrac: 1.0 xy_error: 0.000244 -0.000417   integrators: 0.0472 , -0.0744
[INFO] [1778160038.091589527] [aic_model]: z_offset: -0.0071979
[INFO] [1778160038.091966072] [aic_model]: pfrac: 1.0 xy_error: 0.000244 -0.000417   integrators: 0.0475 , -0.0748
[INFO] [1778160038.141505488] [aic_model]: z_offset: -0.0079978
[INFO] [1778160038.143608890] [aic_model]: pfrac: 1.0 xy_error: 0.000244 -0.000417   integrators: 0.0477 , -0.0752
[INFO] [1778160038.149615666] [aic_model]: insert_cable execute loop
[INFO] [1778160038.193509472] [aic_model]: z_offset: -0.0087978
[INFO] [1778160038.193958734] [aic_model]: pfrac: 1.0 xy_error: 0.000245 -0.000417   integrators: 0.048 , -0.0756
[INFO] [1778160038.243426756] [aic_model]: z_offset: -0.0095977
[INFO] [1778160038.243817559] [aic_model]: pfrac: 1.0 xy_error: 0.000245 -0.000416   integrators: 0.0482 , -0.076
[INFO] [1778160038.293429660] [aic_model]: z_offset: -0.010398
[INFO] [1778160038.293821535] [aic_model]: pfrac: 1.0 xy_error: 0.000245 -0.000416   integrators: 0.0485 , -0.0764
[INFO] [1778160038.343553141] [aic_model]: z_offset: -0.011198
[INFO] [1778160038.343933674] [aic_model]: pfrac: 1.0 xy_error: 0.000245 -0.000416   integrators: 0.0487 , -0.0769
[INFO] [1778160038.393639031] [aic_model]: z_offset: -0.011998
[INFO] [1778160038.395937828] [aic_model]: pfrac: 1.0 xy_error: 0.000245 -0.000416   integrators: 0.049 , -0.0773
[INFO] [1778160038.445582341] [aic_model]: z_offset: -0.012797
[INFO] [1778160038.446146729] [aic_model]: pfrac: 1.0 xy_error: 0.000244 -0.000417   integrators: 0.0492 , -0.0777
[INFO] [1778160038.495763069] [aic_model]: z_offset: -0.013597
[INFO] [1778160038.496340751] [aic_model]: pfrac: 1.0 xy_error: 0.000244 -0.000417   integrators: 0.0494 , -0.0781
[INFO] [1778160038.545741257] [aic_model]: z_offset: -0.014397
[INFO] [1778160038.546226957] [aic_model]: pfrac: 1.0 xy_error: 0.000244 -0.000417   integrators: 0.0497 , -0.0785
[INFO] [1778160038.595660685] [aic_model]: z_offset: -0.015197
[INFO] [1778160038.599671511] [aic_model]: pfrac: 1.0 xy_error: 0.000244 -0.000417   integrators: 0.0499 , -0.0789
[INFO] [1778160038.650025493] [aic_model]: Waiting for connector to stabilize...
[INFO] [1778160039.149789689] [aic_model]: insert_cable execute loop
[INFO] [1778160040.149850863] [aic_model]: insert_cable execute loop
[INFO] [1778160040.652087316] [aic_model]: AutoCode2.insert_cable() exiting...
[INFO] [1778160041.149993293] [aic_model]: insert_cable() returned True
[INFO] [1778160041.473847362] [aic_model]: on_deactivate(LifecycleState(label='active', state_id=3))
[INFO] [1778160042.433220694] [aic_model]: on_activate()
[INFO] [1778160044.768624080] [aic_model]: Goal accepted
[INFO] [1778160044.769565734] [aic_model]: Entering insert_cable_execute_callback()
[INFO] [1778160044.770636030] [aic_model]: AutoCode2.insert_cable() task: aic_task_interfaces.msg.Task(id='task_1', cable_type='sfp_sc', cable_name='cable_1', plug_type='sc', plug_name='sc_tip', port_type='sc', port_name='sc_port_base', target_module_name='sc_port_1', time_limit=180)
[INFO] [1778160044.771738987] [aic_model]: insert_cable execute loop
[INFO] [1778160044.772463054] [aic_model]: pfrac: 0.0 xy_error: -0.125 0.0636   integrators: 0.0 , 0.0
[INFO] [1778160044.822529976] [aic_model]: pfrac: 0.025 xy_error: -0.125 0.0636   integrators: 0.0 , 0.0
[INFO] [1778160044.872396012] [aic_model]: pfrac: 0.05 xy_error: -0.125 0.0637   integrators: 0.0 , 0.0
[INFO] [1778160044.922463475] [aic_model]: pfrac: 0.075 xy_error: -0.124 0.064   integrators: 0.0 , 0.0
[INFO] [1778160044.972080795] [aic_model]: pfrac: 0.1 xy_error: -0.124 0.0643   integrators: 0.0 , 0.0
[INFO] [1778160045.022487023] [aic_model]: pfrac: 0.125 xy_error: -0.124 0.0646   integrators: 0.0 , 0.0
[INFO] [1778160045.072087531] [aic_model]: pfrac: 0.15 xy_error: -0.123 0.0648   integrators: 0.0 , 0.0
[INFO] [1778160045.122453433] [aic_model]: pfrac: 0.175 xy_error: -0.123 0.065   integrators: 0.0 , 0.0
[INFO] [1778160045.172502442] [aic_model]: pfrac: 0.2 xy_error: -0.122 0.0649   integrators: 0.0 , 0.0
[INFO] [1778160045.222472823] [aic_model]: pfrac: 0.225 xy_error: -0.121 0.0648   integrators: 0.0 , 0.0
[INFO] [1778160045.272461038] [aic_model]: pfrac: 0.25 xy_error: -0.12 0.0645   integrators: 0.0 , 0.0
[INFO] [1778160045.322462397] [aic_model]: pfrac: 0.275 xy_error: -0.118 0.064   integrators: 0.0 , 0.0
[INFO] [1778160045.372449559] [aic_model]: pfrac: 0.3 xy_error: -0.117 0.0634   integrators: 0.0 , 0.0
[INFO] [1778160045.422331054] [aic_model]: pfrac: 0.325 xy_error: -0.115 0.0626   integrators: 0.0 , 0.0
[INFO] [1778160045.472402514] [aic_model]: pfrac: 0.35 xy_error: -0.113 0.0617   integrators: 0.0 , 0.0
[INFO] [1778160045.522478894] [aic_model]: pfrac: 0.375 xy_error: -0.111 0.0605   integrators: 0.0 , 0.0
[INFO] [1778160045.572417335] [aic_model]: pfrac: 0.4 xy_error: -0.108 0.0593   integrators: 0.0 , 0.0
[INFO] [1778160045.622584555] [aic_model]: pfrac: 0.425 xy_error: -0.106 0.0578   integrators: 0.0 , 0.0
[INFO] [1778160045.672590743] [aic_model]: pfrac: 0.45 xy_error: -0.103 0.0562   integrators: 0.0 , 0.0
[INFO] [1778160045.722499990] [aic_model]: pfrac: 0.475 xy_error: -0.1 0.0545   integrators: 0.0 , 0.0
[INFO] [1778160045.772441797] [aic_model]: pfrac: 0.5 xy_error: -0.0969 0.0527   integrators: 0.0 , 0.0
[INFO] [1778160045.773226257] [aic_model]: insert_cable execute loop
[INFO] [1778160045.821830749] [aic_model]: pfrac: 0.525 xy_error: -0.0936 0.0508   integrators: 0.0 , 0.0
[INFO] [1778160045.871887893] [aic_model]: pfrac: 0.55 xy_error: -0.0902 0.0488   integrators: 0.0 , 0.0
[INFO] [1778160045.922433522] [aic_model]: pfrac: 0.575 xy_error: -0.0866 0.0466   integrators: 0.0 , 0.0
[INFO] [1778160045.972455229] [aic_model]: pfrac: 0.6 xy_error: -0.083 0.0444   integrators: 0.0 , 0.0
[INFO] [1778160046.022845427] [aic_model]: pfrac: 0.625 xy_error: -0.0792 0.0421   integrators: 0.0 , 0.0
[INFO] [1778160046.072463046] [aic_model]: pfrac: 0.65 xy_error: -0.0753 0.0398   integrators: 0.0 , 0.0
[INFO] [1778160046.122573089] [aic_model]: pfrac: 0.675 xy_error: -0.0714 0.0375   integrators: 0.0 , 0.0
[INFO] [1778160046.172511750] [aic_model]: pfrac: 0.7 xy_error: -0.0674 0.0351   integrators: 0.0 , 0.0
[INFO] [1778160046.222369410] [aic_model]: pfrac: 0.725 xy_error: -0.0634 0.0327   integrators: 0.0 , 0.0
[INFO] [1778160046.272085213] [aic_model]: pfrac: 0.75 xy_error: -0.0594 0.0303   integrators: 0.0 , 0.0
[INFO] [1778160046.322194825] [aic_model]: pfrac: 0.775 xy_error: -0.0553 0.0279   integrators: 0.0 , 0.0
[INFO] [1778160046.372424772] [aic_model]: pfrac: 0.8 xy_error: -0.0514 0.0255   integrators: 0.0 , 0.0
[INFO] [1778160046.422465835] [aic_model]: pfrac: 0.825 xy_error: -0.0475 0.0231   integrators: 0.0 , 0.0
[INFO] [1778160046.472500637] [aic_model]: pfrac: 0.85 xy_error: -0.0436 0.0208   integrators: 0.0 , 0.0
[INFO] [1778160046.522471388] [aic_model]: pfrac: 0.875 xy_error: -0.0399 0.0186   integrators: 0.0 , 0.0
[INFO] [1778160046.572497764] [aic_model]: pfrac: 0.9 xy_error: -0.0362 0.0165   integrators: 0.0 , 0.0
[INFO] [1778160046.622626471] [aic_model]: pfrac: 0.925 xy_error: -0.0327 0.0144   integrators: 0.0 , 0.0
[INFO] [1778160046.671744485] [aic_model]: pfrac: 0.95 xy_error: -0.0294 0.0125   integrators: 0.0 , 0.0
[INFO] [1778160046.722207569] [aic_model]: pfrac: 0.975 xy_error: -0.0261 0.0107   integrators: 0.0 , 0.0
[INFO] [1778160046.772407500] [aic_model]: pfrac: 1.0 xy_error: -0.0231 0.00892   integrators: -0.0231 , 0.00892
[INFO] [1778160046.774455919] [aic_model]: insert_cable execute loop
[INFO] [1778160046.822483769] [aic_model]: pfrac: 1.0 xy_error: -0.0202 0.00723   integrators: -0.0433 , 0.0162
[INFO] [1778160046.871650554] [aic_model]: pfrac: 1.0 xy_error: -0.0173 0.00563   integrators: -0.0606 , 0.0218
[INFO] [1778160046.922508027] [aic_model]: pfrac: 1.0 xy_error: -0.0145 0.00415   integrators: -0.0751 , 0.0259
[INFO] [1778160046.972402055] [aic_model]: pfrac: 1.0 xy_error: -0.0119 0.00276   integrators: -0.08 , 0.0287
[INFO] [1778160047.022585365] [aic_model]: pfrac: 1.0 xy_error: -0.00931 0.00148   integrators: -0.08 , 0.0302
[INFO] [1778160047.071666038] [aic_model]: pfrac: 1.0 xy_error: -0.00689 0.000301   integrators: -0.08 , 0.0305
[INFO] [1778160047.122551403] [aic_model]: pfrac: 1.0 xy_error: -0.00464 -0.000748   integrators: -0.08 , 0.0297
[INFO] [1778160047.172148694] [aic_model]: pfrac: 1.0 xy_error: -0.00253 -0.00167   integrators: -0.08 , 0.0281
[INFO] [1778160047.221729825] [aic_model]: pfrac: 1.0 xy_error: -0.000612 -0.00247   integrators: -0.08 , 0.0256
[INFO] [1778160047.271667174] [aic_model]: pfrac: 1.0 xy_error: 0.00109 -0.0032   integrators: -0.0789 , 0.0224
[INFO] [1778160047.321679893] [aic_model]: pfrac: 1.0 xy_error: 0.00262 -0.00382   integrators: -0.0763 , 0.0186
[INFO] [1778160047.371881567] [aic_model]: pfrac: 1.0 xy_error: 0.00394 -0.00432   integrators: -0.0723 , 0.0143
[INFO] [1778160047.421851777] [aic_model]: pfrac: 1.0 xy_error: 0.00509 -0.0047   integrators: -0.0673 , 0.00955
[INFO] [1778160047.472141997] [aic_model]: pfrac: 1.0 xy_error: 0.00605 -0.00499   integrators: -0.0612 , 0.00457
[INFO] [1778160047.522560758] [aic_model]: pfrac: 1.0 xy_error: 0.00683 -0.00514   integrators: -0.0544 , -0.000579
[INFO] [1778160047.572390605] [aic_model]: pfrac: 1.0 xy_error: 0.00741 -0.00519   integrators: -0.047 , -0.00576
[INFO] [1778160047.622222075] [aic_model]: pfrac: 1.0 xy_error: 0.00784 -0.0051   integrators: -0.0391 , -0.0109
[INFO] [1778160047.672353537] [aic_model]: pfrac: 1.0 xy_error: 0.00811 -0.00489   integrators: -0.031 , -0.0158
[INFO] [1778160047.722049003] [aic_model]: pfrac: 1.0 xy_error: 0.0082 -0.00462   integrators: -0.0228 , -0.0204
[INFO] [1778160047.771515789] [aic_model]: z_offset: 0.1992
[INFO] [1778160047.772619508] [aic_model]: pfrac: 1.0 xy_error: 0.00817 -0.00428   integrators: -0.0146 , -0.0247
[INFO] [1778160047.773967103] [aic_model]: insert_cable execute loop
[INFO] [1778160047.821509223] [aic_model]: z_offset: 0.1984
[INFO] [1778160047.822713349] [aic_model]: pfrac: 1.0 xy_error: 0.00799 -0.00388   integrators: -0.00666 , -0.0285
[INFO] [1778160047.871502226] [aic_model]: z_offset: 0.1976
[INFO] [1778160047.872786132] [aic_model]: pfrac: 1.0 xy_error: 0.00767 -0.00345   integrators: 0.00101 , -0.032
[INFO] [1778160047.921537909] [aic_model]: z_offset: 0.1968
[INFO] [1778160047.922685109] [aic_model]: pfrac: 1.0 xy_error: 0.00719 -0.00297   integrators: 0.0082 , -0.035
[INFO] [1778160047.972014528] [aic_model]: z_offset: 0.196
[INFO] [1778160047.972856436] [aic_model]: pfrac: 1.0 xy_error: 0.00661 -0.00246   integrators: 0.0148 , -0.0374
[INFO] [1778160048.021512603] [aic_model]: z_offset: 0.1952
[INFO] [1778160048.022731527] [aic_model]: pfrac: 1.0 xy_error: 0.00595 -0.0019   integrators: 0.0208 , -0.0393
[INFO] [1778160048.071479216] [aic_model]: z_offset: 0.1944
[INFO] [1778160048.072858250] [aic_model]: pfrac: 1.0 xy_error: 0.00523 -0.0013   integrators: 0.026 , -0.0406
[INFO] [1778160048.121536539] [aic_model]: z_offset: 0.1936
[INFO] [1778160048.122778346] [aic_model]: pfrac: 1.0 xy_error: 0.00442 -0.000696   integrators: 0.0304 , -0.0413
[INFO] [1778160048.172823096] [aic_model]: z_offset: 0.1928
[INFO] [1778160048.173521715] [aic_model]: pfrac: 1.0 xy_error: 0.00355 -9.08e-05   integrators: 0.034 , -0.0414
[INFO] [1778160048.223524936] [aic_model]: z_offset: 0.192
[INFO] [1778160048.224734723] [aic_model]: pfrac: 1.0 xy_error: 0.00268 0.000487   integrators: 0.0367 , -0.0409
[INFO] [1778160048.273505616] [aic_model]: z_offset: 0.1912
[INFO] [1778160048.274798448] [aic_model]: pfrac: 1.0 xy_error: 0.00177 0.00103   integrators: 0.0384 , -0.0399
[INFO] [1778160048.323470937] [aic_model]: z_offset: 0.1904
[INFO] [1778160048.324846815] [aic_model]: pfrac: 1.0 xy_error: 0.000864 0.00154   integrators: 0.0393 , -0.0384
[INFO] [1778160048.373490439] [aic_model]: z_offset: 0.1896
[INFO] [1778160048.374727597] [aic_model]: pfrac: 1.0 xy_error: -2.71e-05 0.00202   integrators: 0.0393 , -0.0363
[INFO] [1778160048.423488901] [aic_model]: z_offset: 0.1888
[INFO] [1778160048.424724797] [aic_model]: pfrac: 1.0 xy_error: -0.000902 0.00247   integrators: 0.0384 , -0.0339
[INFO] [1778160048.473490580] [aic_model]: z_offset: 0.188
[INFO] [1778160048.474677184] [aic_model]: pfrac: 1.0 xy_error: -0.00174 0.00289   integrators: 0.0366 , -0.031
[INFO] [1778160048.523536452] [aic_model]: z_offset: 0.1872
[INFO] [1778160048.524802504] [aic_model]: pfrac: 1.0 xy_error: -0.00252 0.00324   integrators: 0.0341 , -0.0277
[INFO] [1778160048.573501602] [aic_model]: z_offset: 0.1864
[INFO] [1778160048.574330235] [aic_model]: pfrac: 1.0 xy_error: -0.00324 0.00354   integrators: 0.0309 , -0.0242
[INFO] [1778160048.623509082] [aic_model]: z_offset: 0.1856
[INFO] [1778160048.623906326] [aic_model]: pfrac: 1.0 xy_error: -0.00389 0.00376   integrators: 0.027 , -0.0204
[INFO] [1778160048.673659910] [aic_model]: z_offset: 0.1848
[INFO] [1778160048.675045266] [aic_model]: pfrac: 1.0 xy_error: -0.00446 0.00393   integrators: 0.0225 , -0.0165
[INFO] [1778160048.723584364] [aic_model]: z_offset: 0.184
[INFO] [1778160048.724826972] [aic_model]: pfrac: 1.0 xy_error: -0.00494 0.00401   integrators: 0.0176 , -0.0125
[INFO] [1778160048.774805348] [aic_model]: z_offset: 0.1832
[INFO] [1778160048.775222800] [aic_model]: pfrac: 1.0 xy_error: -0.00534 0.00404   integrators: 0.0122 , -0.00846
[INFO] [1778160048.775749988] [aic_model]: insert_cable execute loop
[INFO] [1778160048.823494797] [aic_model]: z_offset: 0.1824
[INFO] [1778160048.824757774] [aic_model]: pfrac: 1.0 xy_error: -0.00561 0.00406   integrators: 0.00662 , -0.0044
[INFO] [1778160048.874648695] [aic_model]: z_offset: 0.1816
[INFO] [1778160048.875266062] [aic_model]: pfrac: 1.0 xy_error: -0.00581 0.00397   integrators: 0.000807 , -0.000428
[INFO] [1778160048.925531846] [aic_model]: z_offset: 0.1808
[INFO] [1778160048.926715404] [aic_model]: pfrac: 1.0 xy_error: -0.00587 0.00386   integrators: -0.00506 , 0.00343
[INFO] [1778160048.975550156] [aic_model]: z_offset: 0.18
[INFO] [1778160048.976785240] [aic_model]: pfrac: 1.0 xy_error: -0.00584 0.00367   integrators: -0.0109 , 0.0071
[INFO] [1778160049.025508253] [aic_model]: z_offset: 0.1792
[INFO] [1778160049.026688344] [aic_model]: pfrac: 1.0 xy_error: -0.00571 0.00346   integrators: -0.0166 , 0.0106
[INFO] [1778160049.075489072] [aic_model]: z_offset: 0.1784
[INFO] [1778160049.076698008] [aic_model]: pfrac: 1.0 xy_error: -0.00549 0.00323   integrators: -0.0221 , 0.0138
[INFO] [1778160049.125525215] [aic_model]: z_offset: 0.1776
[INFO] [1778160049.126749860] [aic_model]: pfrac: 1.0 xy_error: -0.00517 0.00292   integrators: -0.0273 , 0.0167
[INFO] [1778160049.175590924] [aic_model]: z_offset: 0.1768
[INFO] [1778160049.176799509] [aic_model]: pfrac: 1.0 xy_error: -0.00479 0.00257   integrators: -0.0321 , 0.0193
[INFO] [1778160049.225490741] [aic_model]: z_offset: 0.176
[INFO] [1778160049.226689317] [aic_model]: pfrac: 1.0 xy_error: -0.00437 0.0022   integrators: -0.0364 , 0.0215
[INFO] [1778160049.275625860] [aic_model]: z_offset: 0.1752
[INFO] [1778160049.276858419] [aic_model]: pfrac: 1.0 xy_error: -0.00388 0.00181   integrators: -0.0403 , 0.0233
[INFO] [1778160049.325476205] [aic_model]: z_offset: 0.1744
[INFO] [1778160049.326666485] [aic_model]: pfrac: 1.0 xy_error: -0.00336 0.00139   integrators: -0.0437 , 0.0247
[INFO] [1778160049.375486860] [aic_model]: z_offset: 0.1736
[INFO] [1778160049.376757761] [aic_model]: pfrac: 1.0 xy_error: -0.00281 0.00099   integrators: -0.0465 , 0.0257
[INFO] [1778160049.425512123] [aic_model]: z_offset: 0.1728
[INFO] [1778160049.426741586] [aic_model]: pfrac: 1.0 xy_error: -0.00224 0.000577   integrators: -0.0487 , 0.0262
[INFO] [1778160049.475492481] [aic_model]: z_offset: 0.172
[INFO] [1778160049.476743846] [aic_model]: pfrac: 1.0 xy_error: -0.00164 0.000152   integrators: -0.0504 , 0.0264
[INFO] [1778160049.525605168] [aic_model]: z_offset: 0.1712
[INFO] [1778160049.526855240] [aic_model]: pfrac: 1.0 xy_error: -0.001 -0.000217   integrators: -0.0514 , 0.0262
[INFO] [1778160049.575597138] [aic_model]: z_offset: 0.1704
[INFO] [1778160049.576849024] [aic_model]: pfrac: 1.0 xy_error: -0.000399 -0.000593   integrators: -0.0518 , 0.0256
[INFO] [1778160049.625507916] [aic_model]: z_offset: 0.1696
[INFO] [1778160049.625912123] [aic_model]: pfrac: 1.0 xy_error: 0.000194 -0.000936   integrators: -0.0516 , 0.0246
[INFO] [1778160049.675679102] [aic_model]: z_offset: 0.1688
[INFO] [1778160049.677013372] [aic_model]: pfrac: 1.0 xy_error: 0.000767 -0.00126   integrators: -0.0508 , 0.0234
[INFO] [1778160049.725485194] [aic_model]: z_offset: 0.168
[INFO] [1778160049.726762027] [aic_model]: pfrac: 1.0 xy_error: 0.0013 -0.00159   integrators: -0.0495 , 0.0218
[INFO] [1778160049.776885483] [aic_model]: z_offset: 0.1672
[INFO] [1778160049.777597197] [aic_model]: pfrac: 1.0 xy_error: 0.0018 -0.00191   integrators: -0.0477 , 0.0199
[INFO] [1778160049.778287611] [aic_model]: insert_cable execute loop
[INFO] [1778160049.827570512] [aic_model]: z_offset: 0.1664
[INFO] [1778160049.828822739] [aic_model]: pfrac: 1.0 xy_error: 0.00226 -0.00217   integrators: -0.0455 , 0.0177
[INFO] [1778160049.877471472] [aic_model]: z_offset: 0.1656
[INFO] [1778160049.878787678] [aic_model]: pfrac: 1.0 xy_error: 0.00268 -0.00239   integrators: -0.0428 , 0.0153
[INFO] [1778160049.927474242] [aic_model]: z_offset: 0.1648
[INFO] [1778160049.927873491] [aic_model]: pfrac: 1.0 xy_error: 0.00306 -0.00257   integrators: -0.0397 , 0.0128
[INFO] [1778160049.977464269] [aic_model]: z_offset: 0.164
[INFO] [1778160049.978221819] [aic_model]: pfrac: 1.0 xy_error: 0.00338 -0.00271   integrators: -0.0363 , 0.01
[INFO] [1778160050.027467861] [aic_model]: z_offset: 0.1632
[INFO] [1778160050.028646960] [aic_model]: pfrac: 1.0 xy_error: 0.00361 -0.00282   integrators: -0.0327 , 0.00723
[INFO] [1778160050.077467505] [aic_model]: z_offset: 0.1624
[INFO] [1778160050.078773332] [aic_model]: pfrac: 1.0 xy_error: 0.0038 -0.0029   integrators: -0.0289 , 0.00433
[INFO] [1778160050.127505020] [aic_model]: z_offset: 0.1616
[INFO] [1778160050.128693678] [aic_model]: pfrac: 1.0 xy_error: 0.00393 -0.00293   integrators: -0.025 , 0.0014
[INFO] [1778160050.177501108] [aic_model]: z_offset: 0.1608
[INFO] [1778160050.178635724] [aic_model]: pfrac: 1.0 xy_error: 0.004 -0.00291   integrators: -0.021 , -0.00152
[INFO] [1778160050.227486225] [aic_model]: z_offset: 0.16
[INFO] [1778160050.228696714] [aic_model]: pfrac: 1.0 xy_error: 0.00401 -0.00283   integrators: -0.017 , -0.00435
[INFO] [1778160050.277464580] [aic_model]: z_offset: 0.1592
[INFO] [1778160050.278789893] [aic_model]: pfrac: 1.0 xy_error: 0.00398 -0.00268   integrators: -0.013 , -0.00703
[INFO] [1778160050.327492166] [aic_model]: z_offset: 0.1584
[INFO] [1778160050.328731258] [aic_model]: pfrac: 1.0 xy_error: 0.0039 -0.00251   integrators: -0.0091 , -0.00954
[INFO] [1778160050.377523751] [aic_model]: z_offset: 0.1576
[INFO] [1778160050.378733017] [aic_model]: pfrac: 1.0 xy_error: 0.00374 -0.00234   integrators: -0.00536 , -0.0119
[INFO] [1778160050.427481607] [aic_model]: z_offset: 0.1568
[INFO] [1778160050.428718494] [aic_model]: pfrac: 1.0 xy_error: 0.00351 -0.00215   integrators: -0.00185 , -0.014
[INFO] [1778160050.477514182] [aic_model]: z_offset: 0.156
[INFO] [1778160050.478698692] [aic_model]: pfrac: 1.0 xy_error: 0.00325 -0.00194   integrators: 0.0014 , -0.016
[INFO] [1778160050.527489171] [aic_model]: z_offset: 0.1552
[INFO] [1778160050.528691975] [aic_model]: pfrac: 1.0 xy_error: 0.00299 -0.00167   integrators: 0.00439 , -0.0176
[INFO] [1778160050.578763363] [aic_model]: z_offset: 0.1544
[INFO] [1778160050.579427197] [aic_model]: pfrac: 1.0 xy_error: 0.00267 -0.00137   integrators: 0.00706 , -0.019
[INFO] [1778160050.629520567] [aic_model]: z_offset: 0.1536
[INFO] [1778160050.630843296] [aic_model]: pfrac: 1.0 xy_error: 0.00233 -0.00109   integrators: 0.00939 , -0.0201
[INFO] [1778160050.679691603] [aic_model]: z_offset: 0.1528
[INFO] [1778160050.680133431] [aic_model]: pfrac: 1.0 xy_error: 0.00196 -0.000809   integrators: 0.0113 , -0.0209
[INFO] [1778160050.730514450] [aic_model]: z_offset: 0.152
[INFO] [1778160050.730915762] [aic_model]: pfrac: 1.0 xy_error: 0.00156 -0.000508   integrators: 0.0129 , -0.0214
[INFO] [1778160050.778711977] [aic_model]: insert_cable execute loop
[INFO] [1778160050.779443969] [aic_model]: z_offset: 0.1512
[INFO] [1778160050.780577002] [aic_model]: pfrac: 1.0 xy_error: 0.00116 -0.000269   integrators: 0.0141 , -0.0217
[INFO] [1778160050.829538411] [aic_model]: z_offset: 0.1504
[INFO] [1778160050.830652238] [aic_model]: pfrac: 1.0 xy_error: 0.000754 4.9e-06   integrators: 0.0148 , -0.0217
[INFO] [1778160050.879507057] [aic_model]: z_offset: 0.1496
[INFO] [1778160050.880730139] [aic_model]: pfrac: 1.0 xy_error: 0.000331 0.000265   integrators: 0.0152 , -0.0214
[INFO] [1778160050.929503585] [aic_model]: z_offset: 0.1488
[INFO] [1778160050.930766221] [aic_model]: pfrac: 1.0 xy_error: -6.6e-05 0.000528   integrators: 0.0151 , -0.0209
[INFO] [1778160050.980482365] [aic_model]: z_offset: 0.148
[INFO] [1778160050.980859732] [aic_model]: pfrac: 1.0 xy_error: -0.000445 0.000772   integrators: 0.0146 , -0.0201
[INFO] [1778160051.029520317] [aic_model]: z_offset: 0.1472
[INFO] [1778160051.030682204] [aic_model]: pfrac: 1.0 xy_error: -0.000778 0.00098   integrators: 0.0139 , -0.0191
[INFO] [1778160051.079593348] [aic_model]: z_offset: 0.1464
[INFO] [1778160051.080829795] [aic_model]: pfrac: 1.0 xy_error: -0.0011 0.00115   integrators: 0.0128 , -0.018
[INFO] [1778160051.129598573] [aic_model]: z_offset: 0.1456
[INFO] [1778160051.130810644] [aic_model]: pfrac: 1.0 xy_error: -0.00139 0.00133   integrators: 0.0114 , -0.0167
[INFO] [1778160051.179505463] [aic_model]: z_offset: 0.1448
[INFO] [1778160051.180751708] [aic_model]: pfrac: 1.0 xy_error: -0.00164 0.00146   integrators: 0.00974 , -0.0152
[INFO] [1778160051.229469881] [aic_model]: z_offset: 0.144
[INFO] [1778160051.230693714] [aic_model]: pfrac: 1.0 xy_error: -0.00185 0.00156   integrators: 0.00789 , -0.0136
[INFO] [1778160051.279528806] [aic_model]: z_offset: 0.1432
[INFO] [1778160051.280685594] [aic_model]: pfrac: 1.0 xy_error: -0.00204 0.00163   integrators: 0.00584 , -0.012
[INFO] [1778160051.329593572] [aic_model]: z_offset: 0.1424
[INFO] [1778160051.330809991] [aic_model]: pfrac: 1.0 xy_error: -0.00219 0.00168   integrators: 0.00365 , -0.0103
[INFO] [1778160051.379532192] [aic_model]: z_offset: 0.1416
[INFO] [1778160051.380750855] [aic_model]: pfrac: 1.0 xy_error: -0.00231 0.00168   integrators: 0.00134 , -0.00866
[INFO] [1778160051.429463367] [aic_model]: z_offset: 0.1408
[INFO] [1778160051.430641936] [aic_model]: pfrac: 1.0 xy_error: -0.00237 0.00166   integrators: -0.00102 , -0.00699
[INFO] [1778160051.479583777] [aic_model]: z_offset: 0.14
[INFO] [1778160051.480702664] [aic_model]: pfrac: 1.0 xy_error: -0.00242 0.00162   integrators: -0.00345 , -0.00538
[INFO] [1778160051.529497601] [aic_model]: z_offset: 0.1392
[INFO] [1778160051.530762010] [aic_model]: pfrac: 1.0 xy_error: -0.00246 0.00154   integrators: -0.0059 , -0.00384
[INFO] [1778160051.579524135] [aic_model]: z_offset: 0.1384
[INFO] [1778160051.580762836] [aic_model]: pfrac: 1.0 xy_error: -0.00245 0.00144   integrators: -0.00835 , -0.00239
[INFO] [1778160051.629583812] [aic_model]: z_offset: 0.1376
[INFO] [1778160051.630860173] [aic_model]: pfrac: 1.0 xy_error: -0.00237 0.00131   integrators: -0.0107 , -0.00108
[INFO] [1778160051.679528332] [aic_model]: z_offset: 0.1368
[INFO] [1778160051.680805165] [aic_model]: pfrac: 1.0 xy_error: -0.00223 0.00119   integrators: -0.013 , 0.000109
[INFO] [1778160051.729503030] [aic_model]: z_offset: 0.136
[INFO] [1778160051.730779261] [aic_model]: pfrac: 1.0 xy_error: -0.00205 0.0011   integrators: -0.015 , 0.00121
[INFO] [1778160051.777724151] [aic_model]: insert_cable execute loop
[INFO] [1778160051.779419568] [aic_model]: z_offset: 0.1352
[INFO] [1778160051.779859663] [aic_model]: pfrac: 1.0 xy_error: -0.00188 0.000989   integrators: -0.0169 , 0.0022
[INFO] [1778160051.829482100] [aic_model]: z_offset: 0.1344
[INFO] [1778160051.830758141] [aic_model]: pfrac: 1.0 xy_error: -0.00168 0.000859   integrators: -0.0186 , 0.00306
[INFO] [1778160051.879540153] [aic_model]: z_offset: 0.1336
[INFO] [1778160051.880682063] [aic_model]: pfrac: 1.0 xy_error: -0.00145 0.00073   integrators: -0.02 , 0.00379
[INFO] [1778160051.929474064] [aic_model]: z_offset: 0.1328
[INFO] [1778160051.930104946] [aic_model]: pfrac: 1.0 xy_error: -0.00123 0.000581   integrators: -0.0212 , 0.00437
[INFO] [1778160051.979461355] [aic_model]: z_offset: 0.132
[INFO] [1778160051.980651575] [aic_model]: pfrac: 1.0 xy_error: -0.00098 0.000427   integrators: -0.0222 , 0.0048
[INFO] [1778160052.029477880] [aic_model]: z_offset: 0.1312
[INFO] [1778160052.030764451] [aic_model]: pfrac: 1.0 xy_error: -0.000726 0.00027   integrators: -0.0229 , 0.00507
[INFO] [1778160052.079550641] [aic_model]: z_offset: 0.1304
[INFO] [1778160052.080852791] [aic_model]: pfrac: 1.0 xy_error: -0.000464 0.00011   integrators: -0.0234 , 0.00518
[INFO] [1778160052.129461148] [aic_model]: z_offset: 0.1296
[INFO] [1778160052.130713444] [aic_model]: pfrac: 1.0 xy_error: -0.000199 -2.35e-05   integrators: -0.0236 , 0.00516
[INFO] [1778160052.179588851] [aic_model]: z_offset: 0.1288
[INFO] [1778160052.180657093] [aic_model]: pfrac: 1.0 xy_error: 6.77e-05 -0.000137   integrators: -0.0235 , 0.00502
[INFO] [1778160052.229461788] [aic_model]: z_offset: 0.128
[INFO] [1778160052.230720837] [aic_model]: pfrac: 1.0 xy_error: 0.000345 -0.000241   integrators: -0.0232 , 0.00478
[INFO] [1778160052.279546080] [aic_model]: z_offset: 0.1272
[INFO] [1778160052.280737783] [aic_model]: pfrac: 1.0 xy_error: 0.000604 -0.00034   integrators: -0.0226 , 0.00444
[INFO] [1778160052.329641383] [aic_model]: z_offset: 0.1264
[INFO] [1778160052.330890373] [aic_model]: pfrac: 1.0 xy_error: 0.000843 -0.000429   integrators: -0.0217 , 0.00401
[INFO] [1778160052.379492638] [aic_model]: z_offset: 0.1256
[INFO] [1778160052.380760354] [aic_model]: pfrac: 1.0 xy_error: 0.00106 -0.000523   integrators: -0.0207 , 0.00349
[INFO] [1778160052.429488505] [aic_model]: z_offset: 0.1248
[INFO] [1778160052.430747785] [aic_model]: pfrac: 1.0 xy_error: 0.00125 -0.000621   integrators: -0.0194 , 0.00286
[INFO] [1778160052.479604106] [aic_model]: z_offset: 0.124
[INFO] [1778160052.480806018] [aic_model]: pfrac: 1.0 xy_error: 0.00143 -0.000712   integrators: -0.018 , 0.00215
[INFO] [1778160052.529606204] [aic_model]: z_offset: 0.1232
[INFO] [1778160052.530772861] [aic_model]: pfrac: 1.0 xy_error: 0.00157 -0.000783   integrators: -0.0164 , 0.00137
[INFO] [1778160052.579510269] [aic_model]: z_offset: 0.1224
[INFO] [1778160052.580750493] [aic_model]: pfrac: 1.0 xy_error: 0.00168 -0.000828   integrators: -0.0148 , 0.000542
[INFO] [1778160052.629492049] [aic_model]: z_offset: 0.1216
[INFO] [1778160052.630673172] [aic_model]: pfrac: 1.0 xy_error: 0.00178 -0.00085   integrators: -0.013 , -0.000308
[INFO] [1778160052.679650300] [aic_model]: z_offset: 0.1208
[INFO] [1778160052.681330278] [aic_model]: pfrac: 1.0 xy_error: 0.00187 -0.00088   integrators: -0.0111 , -0.00119
[INFO] [1778160052.731486796] [aic_model]: z_offset: 0.12
[INFO] [1778160052.732250898] [aic_model]: pfrac: 1.0 xy_error: 0.00193 -0.000902   integrators: -0.00918 , -0.00209
[INFO] [1778160052.778276865] [aic_model]: insert_cable execute loop
[INFO] [1778160052.781454179] [aic_model]: z_offset: 0.1192
[INFO] [1778160052.782073089] [aic_model]: pfrac: 1.0 xy_error: 0.00197 -0.000924   integrators: -0.00721 , -0.00301
[INFO] [1778160052.831467298] [aic_model]: z_offset: 0.1184
[INFO] [1778160052.832687344] [aic_model]: pfrac: 1.0 xy_error: 0.00199 -0.000928   integrators: -0.00522 , -0.00394
[INFO] [1778160052.881523237] [aic_model]: z_offset: 0.1176
[INFO] [1778160052.882729017] [aic_model]: pfrac: 1.0 xy_error: 0.00197 -0.000903   integrators: -0.00325 , -0.00485
[INFO] [1778160052.931501841] [aic_model]: z_offset: 0.1168
[INFO] [1778160052.932708122] [aic_model]: pfrac: 1.0 xy_error: 0.0019 -0.000884   integrators: -0.00135 , -0.00573
[INFO] [1778160052.981488060] [aic_model]: z_offset: 0.116
[INFO] [1778160052.982671548] [aic_model]: pfrac: 1.0 xy_error: 0.00182 -0.000887   integrators: 0.000469 , -0.00662
[INFO] [1778160053.031470872] [aic_model]: z_offset: 0.1152
[INFO] [1778160053.032114137] [aic_model]: pfrac: 1.0 xy_error: 0.00171 -0.000864   integrators: 0.00218 , -0.00748
[INFO] [1778160053.081459234] [aic_model]: z_offset: 0.1144
[INFO] [1778160053.082280092] [aic_model]: pfrac: 1.0 xy_error: 0.00158 -0.000826   integrators: 0.00376 , -0.00831
[INFO] [1778160053.131644936] [aic_model]: z_offset: 0.1136
[INFO] [1778160053.132890490] [aic_model]: pfrac: 1.0 xy_error: 0.00141 -0.000778   integrators: 0.00517 , -0.00909
[INFO] [1778160053.181479220] [aic_model]: z_offset: 0.1128
[INFO] [1778160053.182753387] [aic_model]: pfrac: 1.0 xy_error: 0.00122 -0.000733   integrators: 0.00638 , -0.00982
[INFO] [1778160053.231502627] [aic_model]: z_offset: 0.112
[INFO] [1778160053.232653564] [aic_model]: pfrac: 1.0 xy_error: 0.00101 -0.000668   integrators: 0.00739 , -0.0105
[INFO] [1778160053.281491140] [aic_model]: z_offset: 0.1112
[INFO] [1778160053.282775717] [aic_model]: pfrac: 1.0 xy_error: 0.0008 -0.000586   integrators: 0.00819 , -0.0111
[INFO] [1778160053.331616108] [aic_model]: z_offset: 0.1104
[INFO] [1778160053.332746997] [aic_model]: pfrac: 1.0 xy_error: 0.00062 -0.000484   integrators: 0.00881 , -0.0116
[INFO] [1778160053.382700675] [aic_model]: z_offset: 0.1096
[INFO] [1778160053.383357295] [aic_model]: pfrac: 1.0 xy_error: 0.000424 -0.000367   integrators: 0.00923 , -0.0119
[INFO] [1778160053.433515065] [aic_model]: z_offset: 0.1088
[INFO] [1778160053.434766389] [aic_model]: pfrac: 1.0 xy_error: 0.000222 -0.000263   integrators: 0.00946 , -0.0122
[INFO] [1778160053.483570482] [aic_model]: z_offset: 0.108
[INFO] [1778160053.484745965] [aic_model]: pfrac: 1.0 xy_error: 4.9e-05 -0.000143   integrators: 0.00951 , -0.0123
[INFO] [1778160053.533582880] [aic_model]: z_offset: 0.1072
[INFO] [1778160053.534769834] [aic_model]: pfrac: 1.0 xy_error: -0.00012 -3.65e-05   integrators: 0.00939 , -0.0124
[INFO] [1778160053.583582192] [aic_model]: z_offset: 0.1064
[INFO] [1778160053.584772032] [aic_model]: pfrac: 1.0 xy_error: -0.00028 5.59e-05   integrators: 0.00911 , -0.0123
[INFO] [1778160053.633506595] [aic_model]: z_offset: 0.1056
[INFO] [1778160053.633946930] [aic_model]: pfrac: 1.0 xy_error: -0.000442 0.000133   integrators: 0.00866 , -0.0122
[INFO] [1778160053.683627135] [aic_model]: z_offset: 0.1048
[INFO] [1778160053.685098312] [aic_model]: pfrac: 1.0 xy_error: -0.000585 0.000211   integrators: 0.00808 , -0.012
[INFO] [1778160053.733608484] [aic_model]: z_offset: 0.104
[INFO] [1778160053.734977259] [aic_model]: pfrac: 1.0 xy_error: -0.000723 0.000281   integrators: 0.00735 , -0.0117
[INFO] [1778160053.777923254] [aic_model]: insert_cable execute loop
[INFO] [1778160053.783479606] [aic_model]: z_offset: 0.1032
[INFO] [1778160053.784406904] [aic_model]: pfrac: 1.0 xy_error: -0.000843 0.00034   integrators: 0.00651 , -0.0113
[INFO] [1778160053.833437331] [aic_model]: z_offset: 0.1024
[INFO] [1778160053.834806136] [aic_model]: pfrac: 1.0 xy_error: -0.000956 0.00038   integrators: 0.00555 , -0.011
[INFO] [1778160053.883509460] [aic_model]: z_offset: 0.1016
[INFO] [1778160053.884710150] [aic_model]: pfrac: 1.0 xy_error: -0.00103 0.000443   integrators: 0.00452 , -0.0105
[INFO] [1778160053.933493715] [aic_model]: z_offset: 0.1008
[INFO] [1778160053.934298874] [aic_model]: pfrac: 1.0 xy_error: -0.00108 0.000504   integrators: 0.00344 , -0.01
[INFO] [1778160053.983548432] [aic_model]: z_offset: 0.1
[INFO] [1778160053.984878704] [aic_model]: pfrac: 1.0 xy_error: -0.00111 0.000551   integrators: 0.00233 , -0.00947
[INFO] [1778160054.033503241] [aic_model]: z_offset: 0.0992
[INFO] [1778160054.034721754] [aic_model]: pfrac: 1.0 xy_error: -0.00112 0.000589   integrators: 0.00122 , -0.00888
[INFO] [1778160054.083504296] [aic_model]: z_offset: 0.0984
[INFO] [1778160054.084735493] [aic_model]: pfrac: 1.0 xy_error: -0.00111 0.000607   integrators: 0.00011 , -0.00827
[INFO] [1778160054.133482189] [aic_model]: z_offset: 0.0976
[INFO] [1778160054.134568664] [aic_model]: pfrac: 1.0 xy_error: -0.00107 0.000617   integrators: -0.000957 , -0.00766
[INFO] [1778160054.183483685] [aic_model]: z_offset: 0.0968
[INFO] [1778160054.184746752] [aic_model]: pfrac: 1.0 xy_error: -0.00099 0.000604   integrators: -0.00195 , -0.00705
[INFO] [1778160054.233505049] [aic_model]: z_offset: 0.096
[INFO] [1778160054.234700830] [aic_model]: pfrac: 1.0 xy_error: -0.000915 0.000574   integrators: -0.00286 , -0.00648
[INFO] [1778160054.283474796] [aic_model]: z_offset: 0.0952
[INFO] [1778160054.284833602] [aic_model]: pfrac: 1.0 xy_error: -0.000828 0.000548   integrators: -0.00369 , -0.00593
[INFO] [1778160054.333750667] [aic_model]: z_offset: 0.0944
[INFO] [1778160054.334960834] [aic_model]: pfrac: 1.0 xy_error: -0.000722 0.000539   integrators: -0.00441 , -0.00539
[INFO] [1778160054.383477548] [aic_model]: z_offset: 0.0936
[INFO] [1778160054.384555949] [aic_model]: pfrac: 1.0 xy_error: -0.000628 0.000505   integrators: -0.00504 , -0.00489
[INFO] [1778160054.433524581] [aic_model]: z_offset: 0.0928
[INFO] [1778160054.434760276] [aic_model]: pfrac: 1.0 xy_error: -0.000544 0.000472   integrators: -0.00558 , -0.00441
[INFO] [1778160054.483602650] [aic_model]: z_offset: 0.092
[INFO] [1778160054.484822737] [aic_model]: pfrac: 1.0 xy_error: -0.000441 0.000412   integrators: -0.00603 , -0.004
[INFO] [1778160054.533459346] [aic_model]: z_offset: 0.0912
[INFO] [1778160054.534643464] [aic_model]: pfrac: 1.0 xy_error: -0.000312 0.000345   integrators: -0.00634 , -0.00366
[INFO] [1778160054.583514553] [aic_model]: z_offset: 0.0904
[INFO] [1778160054.584740440] [aic_model]: pfrac: 1.0 xy_error: -0.000185 0.000292   integrators: -0.00652 , -0.00337
[INFO] [1778160054.633571713] [aic_model]: z_offset: 0.0896
[INFO] [1778160054.634812709] [aic_model]: pfrac: 1.0 xy_error: -8.23e-05 0.000239   integrators: -0.0066 , -0.00313
[INFO] [1778160054.683754089] [aic_model]: z_offset: 0.0888
[INFO] [1778160054.685567697] [aic_model]: pfrac: 1.0 xy_error: 4.6e-05 0.000185   integrators: -0.00656 , -0.00294
[INFO] [1778160054.735533297] [aic_model]: z_offset: 0.088
[INFO] [1778160054.736656421] [aic_model]: pfrac: 1.0 xy_error: 0.000152 0.000126   integrators: -0.00641 , -0.00282
[INFO] [1778160054.777859942] [aic_model]: insert_cable execute loop
[INFO] [1778160054.785438633] [aic_model]: z_offset: 0.0872
[INFO] [1778160054.786554394] [aic_model]: pfrac: 1.0 xy_error: 0.000262 6.32e-05   integrators: -0.00614 , -0.00275
[INFO] [1778160054.835461900] [aic_model]: z_offset: 0.0864
[INFO] [1778160054.836548497] [aic_model]: pfrac: 1.0 xy_error: 0.000352 -2.65e-05   integrators: -0.00579 , -0.00278
[INFO] [1778160054.885485508] [aic_model]: z_offset: 0.0856
[INFO] [1778160054.886416102] [aic_model]: pfrac: 1.0 xy_error: 0.000442 -8.27e-05   integrators: -0.00535 , -0.00286
[INFO] [1778160054.935508044] [aic_model]: z_offset: 0.0848
[INFO] [1778160054.936471820] [aic_model]: pfrac: 1.0 xy_error: 0.000521 -0.000154   integrators: -0.00483 , -0.00302
[INFO] [1778160054.985508439] [aic_model]: z_offset: 0.084
[INFO] [1778160054.986708557] [aic_model]: pfrac: 1.0 xy_error: 0.000571 -0.000228   integrators: -0.00426 , -0.00324
[INFO] [1778160055.035523580] [aic_model]: z_offset: 0.0832
[INFO] [1778160055.036763003] [aic_model]: pfrac: 1.0 xy_error: 0.000613 -0.000326   integrators: -0.00365 , -0.00357
[INFO] [1778160055.085507043] [aic_model]: z_offset: 0.0824
[INFO] [1778160055.086784998] [aic_model]: pfrac: 1.0 xy_error: 0.000662 -0.00039   integrators: -0.00298 , -0.00396
[INFO] [1778160055.135488191] [aic_model]: z_offset: 0.0816
[INFO] [1778160055.136642935] [aic_model]: pfrac: 1.0 xy_error: 0.00071 -0.000443   integrators: -0.00227 , -0.0044
[INFO] [1778160055.185478777] [aic_model]: z_offset: 0.0808
[INFO] [1778160055.186459935] [aic_model]: pfrac: 1.0 xy_error: 0.000762 -0.000469   integrators: -0.00151 , -0.00487
[INFO] [1778160055.235467258] [aic_model]: z_offset: 0.08
[INFO] [1778160055.236112257] [aic_model]: pfrac: 1.0 xy_error: 0.000824 -0.000454   integrators: -0.000688 , -0.00533
[INFO] [1778160055.285600501] [aic_model]: z_offset: 0.0792
[INFO] [1778160055.286811701] [aic_model]: pfrac: 1.0 xy_error: 0.000844 -0.000442   integrators: 0.000156 , -0.00577
[INFO] [1778160055.335487172] [aic_model]: z_offset: 0.0784
[INFO] [1778160055.336714763] [aic_model]: pfrac: 1.0 xy_error: 0.00085 -0.000418   integrators: 0.00101 , -0.00619
[INFO] [1778160055.386729985] [aic_model]: z_offset: 0.0776
[INFO] [1778160055.387388108] [aic_model]: pfrac: 1.0 xy_error: 0.00085 -0.000413   integrators: 0.00186 , -0.0066
[INFO] [1778160055.437476247] [aic_model]: z_offset: 0.0768
[INFO] [1778160055.439422053] [aic_model]: pfrac: 1.0 xy_error: 0.000834 -0.000392   integrators: 0.00269 , -0.00699
[INFO] [1778160055.489641748] [aic_model]: z_offset: 0.076
[INFO] [1778160055.490962984] [aic_model]: pfrac: 1.0 xy_error: 0.000807 -0.000361   integrators: 0.0035 , -0.00735
[INFO] [1778160055.539605644] [aic_model]: z_offset: 0.0752
[INFO] [1778160055.540869021] [aic_model]: pfrac: 1.0 xy_error: 0.000773 -0.000336   integrators: 0.00427 , -0.00769
[INFO] [1778160055.589652495] [aic_model]: z_offset: 0.0744
[INFO] [1778160055.590942512] [aic_model]: pfrac: 1.0 xy_error: 0.000729 -0.000306   integrators: 0.005 , -0.008
[INFO] [1778160055.639766532] [aic_model]: z_offset: 0.0736
[INFO] [1778160055.641473030] [aic_model]: pfrac: 1.0 xy_error: 0.000704 -0.000295   integrators: 0.0057 , -0.00829
[INFO] [1778160055.691572209] [aic_model]: z_offset: 0.0728
[INFO] [1778160055.692527789] [aic_model]: pfrac: 1.0 xy_error: 0.000668 -0.000261   integrators: 0.00637 , -0.00855
[INFO] [1778160055.741663072] [aic_model]: z_offset: 0.072
[INFO] [1778160055.743114412] [aic_model]: pfrac: 1.0 xy_error: 0.000607 -0.000237   integrators: 0.00698 , -0.00879
[INFO] [1778160055.778522613] [aic_model]: insert_cable execute loop
[INFO] [1778160055.791445057] [aic_model]: z_offset: 0.0712
[INFO] [1778160055.792270544] [aic_model]: pfrac: 1.0 xy_error: 0.000564 -0.000203   integrators: 0.00754 , -0.00899
[INFO] [1778160055.841510273] [aic_model]: z_offset: 0.0704
[INFO] [1778160055.842447679] [aic_model]: pfrac: 1.0 xy_error: 0.000504 -0.000176   integrators: 0.00805 , -0.00917
[INFO] [1778160055.891607549] [aic_model]: z_offset: 0.0696
[INFO] [1778160055.892306989] [aic_model]: pfrac: 1.0 xy_error: 0.000439 -0.00014   integrators: 0.00848 , -0.00931
[INFO] [1778160055.941484121] [aic_model]: z_offset: 0.0688
[INFO] [1778160055.942615380] [aic_model]: pfrac: 1.0 xy_error: 0.000373 -9.61e-05   integrators: 0.00886 , -0.0094
[INFO] [1778160055.991502749] [aic_model]: z_offset: 0.068
[INFO] [1778160055.992709570] [aic_model]: pfrac: 1.0 xy_error: 0.000321 -5.87e-05   integrators: 0.00918 , -0.00946
[INFO] [1778160056.041496761] [aic_model]: z_offset: 0.0672
[INFO] [1778160056.042900722] [aic_model]: pfrac: 1.0 xy_error: 0.000237 -3.04e-05   integrators: 0.00942 , -0.00949
[INFO] [1778160056.091638510] [aic_model]: z_offset: 0.0664
[INFO] [1778160056.092848507] [aic_model]: pfrac: 1.0 xy_error: 0.000165 2.56e-05   integrators: 0.00958 , -0.00947
[INFO] [1778160056.141628063] [aic_model]: z_offset: 0.0656
[INFO] [1778160056.142895608] [aic_model]: pfrac: 1.0 xy_error: 0.000106 6.9e-05   integrators: 0.00969 , -0.0094
[INFO] [1778160056.191502781] [aic_model]: z_offset: 0.0648
[INFO] [1778160056.192811083] [aic_model]: pfrac: 1.0 xy_error: 3.76e-05 7.99e-05   integrators: 0.00972 , -0.00932
[INFO] [1778160056.241487756] [aic_model]: z_offset: 0.064
[INFO] [1778160056.242732489] [aic_model]: pfrac: 1.0 xy_error: -3.52e-05 9.66e-05   integrators: 0.00969 , -0.00922
[INFO] [1778160056.291595231] [aic_model]: z_offset: 0.0632
[INFO] [1778160056.293192935] [aic_model]: pfrac: 1.0 xy_error: -0.000108 0.000117   integrators: 0.00958 , -0.00911
[INFO] [1778160056.343642280] [aic_model]: z_offset: 0.0624
[INFO] [1778160056.345029079] [aic_model]: pfrac: 1.0 xy_error: -0.000188 0.000114   integrators: 0.00939 , -0.00899
[INFO] [1778160056.395682897] [aic_model]: z_offset: 0.0616
[INFO] [1778160056.396619722] [aic_model]: pfrac: 1.0 xy_error: -0.000256 0.000111   integrators: 0.00914 , -0.00888
[INFO] [1778160056.445511839] [aic_model]: z_offset: 0.0608
[INFO] [1778160056.446780276] [aic_model]: pfrac: 1.0 xy_error: -0.000297 9.12e-05   integrators: 0.00884 , -0.00879
[INFO] [1778160056.495649751] [aic_model]: z_offset: 0.06
[INFO] [1778160056.497134964] [aic_model]: pfrac: 1.0 xy_error: -0.000315 0.000118   integrators: 0.00853 , -0.00867
[INFO] [1778160056.545602746] [aic_model]: z_offset: 0.0592
[INFO] [1778160056.546778339] [aic_model]: pfrac: 1.0 xy_error: -0.000341 0.000153   integrators: 0.00819 , -0.00852
[INFO] [1778160056.595896910] [aic_model]: z_offset: 0.0584
[INFO] [1778160056.597610251] [aic_model]: pfrac: 1.0 xy_error: -0.000344 0.000199   integrators: 0.00784 , -0.00832
[INFO] [1778160056.647617848] [aic_model]: z_offset: 0.0576
[INFO] [1778160056.648088901] [aic_model]: pfrac: 1.0 xy_error: -0.000352 0.000222   integrators: 0.00749 , -0.0081
[INFO] [1778160056.697720093] [aic_model]: z_offset: 0.0568
[INFO] [1778160056.699716734] [aic_model]: pfrac: 1.0 xy_error: -0.000367 0.00024   integrators: 0.00712 , -0.00786
[INFO] [1778160056.749770368] [aic_model]: z_offset: 0.056
[INFO] [1778160056.750992758] [aic_model]: pfrac: 1.0 xy_error: -0.000378 0.000222   integrators: 0.00675 , -0.00764
[INFO] [1778160056.777708680] [aic_model]: insert_cable execute loop
[INFO] [1778160056.799568633] [aic_model]: z_offset: 0.0552
[INFO] [1778160056.801008271] [aic_model]: pfrac: 1.0 xy_error: -0.000358 0.000214   integrators: 0.00639 , -0.00742
[INFO] [1778160056.849623839] [aic_model]: z_offset: 0.0544
[INFO] [1778160056.850913706] [aic_model]: pfrac: 1.0 xy_error: -0.000332 0.000193   integrators: 0.00605 , -0.00723
[INFO] [1778160056.899932641] [aic_model]: z_offset: 0.0536
[INFO] [1778160056.901382578] [aic_model]: pfrac: 1.0 xy_error: -0.00031 0.000192   integrators: 0.00574 , -0.00704
[INFO] [1778160056.951563340] [aic_model]: z_offset: 0.0528
[INFO] [1778160056.952791071] [aic_model]: pfrac: 1.0 xy_error: -0.000288 0.000166   integrators: 0.00546 , -0.00687
[INFO] [1778160057.001549267] [aic_model]: z_offset: 0.052
[INFO] [1778160057.001975014] [aic_model]: pfrac: 1.0 xy_error: -0.000257 0.000145   integrators: 0.0052 , -0.00672
[INFO] [1778160057.051509284] [aic_model]: z_offset: 0.0512
[INFO] [1778160057.052954222] [aic_model]: pfrac: 1.0 xy_error: -0.000232 9.65e-05   integrators: 0.00497 , -0.00663
[INFO] [1778160057.101581503] [aic_model]: z_offset: 0.0504
[INFO] [1778160057.102890646] [aic_model]: pfrac: 1.0 xy_error: -0.000201 5.07e-05   integrators: 0.00477 , -0.00658
[INFO] [1778160057.151511434] [aic_model]: z_offset: 0.0496
[INFO] [1778160057.152849131] [aic_model]: pfrac: 1.0 xy_error: -0.000153 1.62e-05   integrators: 0.00461 , -0.00656
[INFO] [1778160057.201483144] [aic_model]: z_offset: 0.0488
[INFO] [1778160057.202700134] [aic_model]: pfrac: 1.0 xy_error: -9.85e-05 -2.56e-05   integrators: 0.00452 , -0.00659
[INFO] [1778160057.251486633] [aic_model]: z_offset: 0.048
[INFO] [1778160057.252726206] [aic_model]: pfrac: 1.0 xy_error: -2.22e-05 -8.23e-05   integrators: 0.00449 , -0.00667
[INFO] [1778160057.301479272] [aic_model]: z_offset: 0.0472
[INFO] [1778160057.302263361] [aic_model]: pfrac: 1.0 xy_error: 4.97e-05 -0.000132   integrators: 0.00454 , -0.0068
[INFO] [1778160057.351622373] [aic_model]: z_offset: 0.0464
[INFO] [1778160057.352965961] [aic_model]: pfrac: 1.0 xy_error: 0.000111 -0.000144   integrators: 0.00465 , -0.00695
[INFO] [1778160057.401538669] [aic_model]: z_offset: 0.0456
[INFO] [1778160057.403071531] [aic_model]: pfrac: 1.0 xy_error: 0.000169 -0.000135   integrators: 0.00482 , -0.00708
[INFO] [1778160057.451693802] [aic_model]: z_offset: 0.0448
[INFO] [1778160057.452922094] [aic_model]: pfrac: 1.0 xy_error: 0.00022 -0.000132   integrators: 0.00504 , -0.00721
[INFO] [1778160057.503317237] [aic_model]: z_offset: 0.044
[INFO] [1778160057.503750579] [aic_model]: pfrac: 1.0 xy_error: 0.000273 -0.0001   integrators: 0.00532 , -0.00731
[INFO] [1778160057.554867816] [aic_model]: z_offset: 0.0432
[INFO] [1778160057.555530467] [aic_model]: pfrac: 1.0 xy_error: 0.000304 -9.6e-05   integrators: 0.00562 , -0.00741
[INFO] [1778160057.605707752] [aic_model]: z_offset: 0.0424
[INFO] [1778160057.607508276] [aic_model]: pfrac: 1.0 xy_error: 0.000333 -9.81e-05   integrators: 0.00595 , -0.00751
[INFO] [1778160057.657912957] [aic_model]: z_offset: 0.0416
[INFO] [1778160057.658443692] [aic_model]: pfrac: 1.0 xy_error: 0.000364 -0.000106   integrators: 0.00632 , -0.00761
[INFO] [1778160057.707576139] [aic_model]: z_offset: 0.0408
[INFO] [1778160057.709046865] [aic_model]: pfrac: 1.0 xy_error: 0.000383 -0.000105   integrators: 0.0067 , -0.00772
[INFO] [1778160057.757637296] [aic_model]: z_offset: 0.04
[INFO] [1778160057.758124559] [aic_model]: pfrac: 1.0 xy_error: 0.000402 -0.0001   integrators: 0.0071 , -0.00782
[INFO] [1778160057.777739385] [aic_model]: insert_cable execute loop
[INFO] [1778160057.807638852] [aic_model]: z_offset: 0.0392
[INFO] [1778160057.808097131] [aic_model]: pfrac: 1.0 xy_error: 0.000407 -0.000111   integrators: 0.00751 , -0.00793
[INFO] [1778160057.857833860] [aic_model]: z_offset: 0.0384
[INFO] [1778160057.858286037] [aic_model]: pfrac: 1.0 xy_error: 0.000416 -0.000114   integrators: 0.00792 , -0.00804
[INFO] [1778160057.907667762] [aic_model]: z_offset: 0.0376
[INFO] [1778160057.908247829] [aic_model]: pfrac: 1.0 xy_error: 0.000414 -0.000116   integrators: 0.00834 , -0.00816
[INFO] [1778160057.957541758] [aic_model]: z_offset: 0.0368
[INFO] [1778160057.958188330] [aic_model]: pfrac: 1.0 xy_error: 0.000417 -0.000119   integrators: 0.00875 , -0.00828
[INFO] [1778160058.007681613] [aic_model]: z_offset: 0.036
[INFO] [1778160058.008149670] [aic_model]: pfrac: 1.0 xy_error: 0.000403 -0.000113   integrators: 0.00916 , -0.00839
[INFO] [1778160058.057615271] [aic_model]: z_offset: 0.0352
[INFO] [1778160058.058070895] [aic_model]: pfrac: 1.0 xy_error: 0.000378 -0.000116   integrators: 0.00954 , -0.00851
[INFO] [1778160058.113467319] [aic_model]: z_offset: 0.0344
[INFO] [1778160058.114913850] [aic_model]: pfrac: 1.0 xy_error: 0.000371 -0.000119   integrators: 0.00991 , -0.00863
[INFO] [1778160058.163644454] [aic_model]: z_offset: 0.0336
[INFO] [1778160058.164929031] [aic_model]: pfrac: 1.0 xy_error: 0.000371 -0.00012   integrators: 0.0103 , -0.00875
[INFO] [1778160058.214735020] [aic_model]: z_offset: 0.0328
[INFO] [1778160058.215368928] [aic_model]: pfrac: 1.0 xy_error: 0.000371 -0.000121   integrators: 0.0107 , -0.00887
[INFO] [1778160058.265489176] [aic_model]: z_offset: 0.032
[INFO] [1778160058.266675489] [aic_model]: pfrac: 1.0 xy_error: 0.000371 -0.000122   integrators: 0.011 , -0.00899
[INFO] [1778160058.315651172] [aic_model]: z_offset: 0.0312
[INFO] [1778160058.316196544] [aic_model]: pfrac: 1.0 xy_error: 0.000371 -0.000124   integrators: 0.0114 , -0.00911
[INFO] [1778160058.370935646] [aic_model]: z_offset: 0.0304
[INFO] [1778160058.371598288] [aic_model]: pfrac: 1.0 xy_error: 0.000372 -0.000125   integrators: 0.0118 , -0.00924
[INFO] [1778160058.421509224] [aic_model]: z_offset: 0.0296
[INFO] [1778160058.421937386] [aic_model]: pfrac: 1.0 xy_error: 0.000372 -0.000126   integrators: 0.0121 , -0.00937
[INFO] [1778160058.471525617] [aic_model]: z_offset: 0.0288
[INFO] [1778160058.472626600] [aic_model]: pfrac: 1.0 xy_error: 0.000372 -0.000126   integrators: 0.0125 , -0.00949
[INFO] [1778160058.521508056] [aic_model]: z_offset: 0.028
[INFO] [1778160058.522771153] [aic_model]: pfrac: 1.0 xy_error: 0.000373 -0.000126   integrators: 0.0129 , -0.00962
[INFO] [1778160058.571502008] [aic_model]: z_offset: 0.0272
[INFO] [1778160058.572778840] [aic_model]: pfrac: 1.0 xy_error: 0.000373 -0.000126   integrators: 0.0133 , -0.00974
[INFO] [1778160058.621637103] [aic_model]: z_offset: 0.0264
[INFO] [1778160058.622884220] [aic_model]: pfrac: 1.0 xy_error: 0.000372 -0.000125   integrators: 0.0136 , -0.00987
[INFO] [1778160058.671482706] [aic_model]: z_offset: 0.0256
[INFO] [1778160058.672365100] [aic_model]: pfrac: 1.0 xy_error: 0.000372 -0.000125   integrators: 0.014 , -0.00999
[INFO] [1778160058.721627650] [aic_model]: z_offset: 0.0248
[INFO] [1778160058.722198019] [aic_model]: pfrac: 1.0 xy_error: 0.000372 -0.000125   integrators: 0.0144 , -0.0101
[INFO] [1778160058.771508369] [aic_model]: z_offset: 0.024
[INFO] [1778160058.772187923] [aic_model]: pfrac: 1.0 xy_error: 0.000372 -0.000124   integrators: 0.0147 , -0.0102
[INFO] [1778160058.777617026] [aic_model]: insert_cable execute loop
[INFO] [1778160058.821708958] [aic_model]: z_offset: 0.0232
[INFO] [1778160058.823097880] [aic_model]: pfrac: 1.0 xy_error: 0.000371 -0.000125   integrators: 0.0151 , -0.0104
[INFO] [1778160058.871471886] [aic_model]: z_offset: 0.0224
[INFO] [1778160058.872009403] [aic_model]: pfrac: 1.0 xy_error: 0.000371 -0.000124   integrators: 0.0155 , -0.0105
[INFO] [1778160058.921504970] [aic_model]: z_offset: 0.0216
[INFO] [1778160058.922647421] [aic_model]: pfrac: 1.0 xy_error: 0.000371 -0.000124   integrators: 0.0159 , -0.0106
[INFO] [1778160058.971482090] [aic_model]: z_offset: 0.0208
[INFO] [1778160058.972350026] [aic_model]: pfrac: 1.0 xy_error: 0.000371 -0.000124   integrators: 0.0162 , -0.0107
[INFO] [1778160059.021643024] [aic_model]: z_offset: 0.02
[INFO] [1778160059.022173768] [aic_model]: pfrac: 1.0 xy_error: 0.00037 -0.000124   integrators: 0.0166 , -0.0109
[INFO] [1778160059.071616927] [aic_model]: z_offset: 0.0192
[INFO] [1778160059.072154534] [aic_model]: pfrac: 1.0 xy_error: 0.00037 -0.000124   integrators: 0.017 , -0.011
[INFO] [1778160059.121480503] [aic_model]: z_offset: 0.0184
[INFO] [1778160059.121909357] [aic_model]: pfrac: 1.0 xy_error: 0.000371 -0.000126   integrators: 0.0173 , -0.0111
[INFO] [1778160059.171492759] [aic_model]: z_offset: 0.0176
[INFO] [1778160059.171894191] [aic_model]: pfrac: 1.0 xy_error: 0.000371 -0.000126   integrators: 0.0177 , -0.0112
[INFO] [1778160059.221583561] [aic_model]: z_offset: 0.0168
[INFO] [1778160059.222713929] [aic_model]: pfrac: 1.0 xy_error: 0.000371 -0.000126   integrators: 0.0181 , -0.0114
[INFO] [1778160059.271510135] [aic_model]: z_offset: 0.016
[INFO] [1778160059.271903503] [aic_model]: pfrac: 1.0 xy_error: 0.000371 -0.000126   integrators: 0.0185 , -0.0115
[INFO] [1778160059.321560442] [aic_model]: z_offset: 0.0152
[INFO] [1778160059.322122795] [aic_model]: pfrac: 1.0 xy_error: 0.000371 -0.000127   integrators: 0.0188 , -0.0116
[INFO] [1778160059.371583788] [aic_model]: z_offset: 0.0144
[INFO] [1778160059.373731873] [aic_model]: pfrac: 1.0 xy_error: 0.000371 -0.000127   integrators: 0.0192 , -0.0117
[INFO] [1778160059.423469614] [aic_model]: z_offset: 0.0136
[INFO] [1778160059.425493847] [aic_model]: pfrac: 1.0 xy_error: 0.000371 -0.000127   integrators: 0.0196 , -0.0119
[INFO] [1778160059.475493738] [aic_model]: z_offset: 0.0128
[INFO] [1778160059.475895151] [aic_model]: pfrac: 1.0 xy_error: 0.000371 -0.000127   integrators: 0.0199 , -0.012
[INFO] [1778160059.525470337] [aic_model]: z_offset: 0.012
[INFO] [1778160059.525889933] [aic_model]: pfrac: 1.0 xy_error: 0.000371 -0.000128   integrators: 0.0203 , -0.0121
[INFO] [1778160059.575651368] [aic_model]: z_offset: 0.0112
[INFO] [1778160059.576165471] [aic_model]: pfrac: 1.0 xy_error: 0.000371 -0.000128   integrators: 0.0207 , -0.0123
[INFO] [1778160059.625535784] [aic_model]: z_offset: 0.0104
[INFO] [1778160059.625921477] [aic_model]: pfrac: 1.0 xy_error: 0.000371 -0.000128   integrators: 0.021 , -0.0124
[INFO] [1778160059.675547798] [aic_model]: z_offset: 0.0096
[INFO] [1778160059.675953488] [aic_model]: pfrac: 1.0 xy_error: 0.000371 -0.000128   integrators: 0.0214 , -0.0125
[INFO] [1778160059.725596562] [aic_model]: z_offset: 0.0088
[INFO] [1778160059.725982876] [aic_model]: pfrac: 1.0 xy_error: 0.000371 -0.000129   integrators: 0.0218 , -0.0126
[INFO] [1778160059.775497579] [aic_model]: z_offset: 0.008
[INFO] [1778160059.775921954] [aic_model]: pfrac: 1.0 xy_error: 0.000371 -0.000129   integrators: 0.0222 , -0.0128
[INFO] [1778160059.777690207] [aic_model]: insert_cable execute loop
[INFO] [1778160059.825561190] [aic_model]: z_offset: 0.0072
[INFO] [1778160059.825992258] [aic_model]: pfrac: 1.0 xy_error: 0.000371 -0.000129   integrators: 0.0225 , -0.0129
[INFO] [1778160059.875498354] [aic_model]: z_offset: 0.0064
[INFO] [1778160059.875923581] [aic_model]: pfrac: 1.0 xy_error: 0.000371 -0.00013   integrators: 0.0229 , -0.013
[INFO] [1778160059.925521319] [aic_model]: z_offset: 0.0056
[INFO] [1778160059.925930887] [aic_model]: pfrac: 1.0 xy_error: 0.000371 -0.00013   integrators: 0.0233 , -0.0132
[INFO] [1778160059.975497838] [aic_model]: z_offset: 0.0048
[INFO] [1778160059.975880775] [aic_model]: pfrac: 1.0 xy_error: 0.000371 -0.000131   integrators: 0.0236 , -0.0133
[INFO] [1778160060.025494343] [aic_model]: z_offset: 0.004
[INFO] [1778160060.029183446] [aic_model]: pfrac: 1.0 xy_error: 0.000371 -0.000131   integrators: 0.024 , -0.0134
[INFO] [1778160060.077506756] [aic_model]: z_offset: 0.0032
[INFO] [1778160060.077885375] [aic_model]: pfrac: 1.0 xy_error: 0.000371 -0.000132   integrators: 0.0244 , -0.0136
[INFO] [1778160060.127505876] [aic_model]: z_offset: 0.0024
[INFO] [1778160060.127898091] [aic_model]: pfrac: 1.0 xy_error: 0.000371 -0.000133   integrators: 0.0248 , -0.0137
[INFO] [1778160060.177490279] [aic_model]: z_offset: 0.0016
[INFO] [1778160060.177872114] [aic_model]: pfrac: 1.0 xy_error: 0.000371 -0.000134   integrators: 0.0251 , -0.0138
[INFO] [1778160060.227574919] [aic_model]: z_offset: 0.0008
[INFO] [1778160060.227958858] [aic_model]: pfrac: 1.0 xy_error: 0.000371 -0.000135   integrators: 0.0255 , -0.014
[INFO] [1778160060.277579079] [aic_model]: z_offset: 4.382e-09
[INFO] [1778160060.278038950] [aic_model]: pfrac: 1.0 xy_error: 0.000371 -0.000136   integrators: 0.0259 , -0.0141
[INFO] [1778160060.327516233] [aic_model]: z_offset: -0.0008
[INFO] [1778160060.327931651] [aic_model]: pfrac: 1.0 xy_error: 0.000371 -0.000136   integrators: 0.0262 , -0.0142
[INFO] [1778160060.379265212] [aic_model]: z_offset: -0.0016
[INFO] [1778160060.381175341] [aic_model]: pfrac: 1.0 xy_error: 0.000371 -0.000137   integrators: 0.0266 , -0.0144
[INFO] [1778160060.431782541] [aic_model]: z_offset: -0.0024
[INFO] [1778160060.433318559] [aic_model]: pfrac: 1.0 xy_error: 0.000371 -0.000138   integrators: 0.027 , -0.0145
[INFO] [1778160060.483633832] [aic_model]: z_offset: -0.0032
[INFO] [1778160060.484051474] [aic_model]: pfrac: 1.0 xy_error: 0.000371 -0.00014   integrators: 0.0274 , -0.0146
[INFO] [1778160060.533503048] [aic_model]: z_offset: -0.004
[INFO] [1778160060.533888180] [aic_model]: pfrac: 1.0 xy_error: 0.000371 -0.000141   integrators: 0.0277 , -0.0148
[INFO] [1778160060.583501387] [aic_model]: z_offset: -0.0048
[INFO] [1778160060.585893149] [aic_model]: pfrac: 1.0 xy_error: 0.000371 -0.000143   integrators: 0.0281 , -0.0149
[INFO] [1778160060.635629557] [aic_model]: z_offset: -0.0056
[INFO] [1778160060.636011853] [aic_model]: pfrac: 1.0 xy_error: 0.000371 -0.000145   integrators: 0.0285 , -0.0151
[INFO] [1778160060.685525574] [aic_model]: z_offset: -0.0064
[INFO] [1778160060.685988982] [aic_model]: pfrac: 1.0 xy_error: 0.000371 -0.000148   integrators: 0.0288 , -0.0152
[INFO] [1778160060.735489718] [aic_model]: z_offset: -0.0072
[INFO] [1778160060.735900819] [aic_model]: pfrac: 1.0 xy_error: 0.000371 -0.00015   integrators: 0.0292 , -0.0154
[INFO] [1778160060.777904747] [aic_model]: insert_cable execute loop
[INFO] [1778160060.785427223] [aic_model]: z_offset: -0.008
[INFO] [1778160060.785783280] [aic_model]: pfrac: 1.0 xy_error: 0.00037 -0.000153   integrators: 0.0296 , -0.0155
[INFO] [1778160060.835476407] [aic_model]: z_offset: -0.0088
[INFO] [1778160060.835860687] [aic_model]: pfrac: 1.0 xy_error: 0.00037 -0.000156   integrators: 0.0299 , -0.0157
[INFO] [1778160060.885508018] [aic_model]: z_offset: -0.0096
[INFO] [1778160060.887727788] [aic_model]: pfrac: 1.0 xy_error: 0.000371 -0.00016   integrators: 0.0303 , -0.0158
[INFO] [1778160060.937503489] [aic_model]: z_offset: -0.0104
[INFO] [1778160060.937893229] [aic_model]: pfrac: 1.0 xy_error: 0.000371 -0.000164   integrators: 0.0307 , -0.016
[INFO] [1778160060.987499413] [aic_model]: z_offset: -0.0112
[INFO] [1778160060.987885717] [aic_model]: pfrac: 1.0 xy_error: 0.00037 -0.000168   integrators: 0.0311 , -0.0162
[INFO] [1778160061.039628384] [aic_model]: z_offset: -0.012
[INFO] [1778160061.040963656] [aic_model]: pfrac: 1.0 xy_error: 0.00037 -0.000173   integrators: 0.0314 , -0.0163
[INFO] [1778160061.089700050] [aic_model]: z_offset: -0.0128
[INFO] [1778160061.090089580] [aic_model]: pfrac: 1.0 xy_error: 0.00037 -0.000178   integrators: 0.0318 , -0.0165
[INFO] [1778160061.139748843] [aic_model]: z_offset: -0.0136
[INFO] [1778160061.140133694] [aic_model]: pfrac: 1.0 xy_error: 0.00037 -0.000179   integrators: 0.0322 , -0.0167
[INFO] [1778160061.189858861] [aic_model]: z_offset: -0.0144
[INFO] [1778160061.191389759] [aic_model]: pfrac: 1.0 xy_error: 0.00037 -0.000181   integrators: 0.0325 , -0.0169
[INFO] [1778160061.241501580] [aic_model]: z_offset: -0.0152
[INFO] [1778160061.241888325] [aic_model]: pfrac: 1.0 xy_error: 0.000369 -0.000182   integrators: 0.0329 , -0.0171
[INFO] [1778160061.291598263] [aic_model]: z_offset: -0.016
[INFO] [1778160061.292004875] [aic_model]: pfrac: 1.0 xy_error: 0.00037 -0.000182   integrators: 0.0333 , -0.0172
[INFO] [1778160061.341560774] [aic_model]: z_offset: -0.0168
[INFO] [1778160061.341940516] [aic_model]: pfrac: 1.0 xy_error: 0.00037 -0.000182   integrators: 0.0336 , -0.0174
[INFO] [1778160061.391538534] [aic_model]: z_offset: -0.0176
[INFO] [1778160061.391920169] [aic_model]: pfrac: 1.0 xy_error: 0.000371 -0.000181   integrators: 0.034 , -0.0176
[INFO] [1778160061.441519380] [aic_model]: z_offset: -0.0184
[INFO] [1778160061.441904722] [aic_model]: pfrac: 1.0 xy_error: 0.000371 -0.00018   integrators: 0.0344 , -0.0178
[INFO] [1778160061.491610191] [aic_model]: z_offset: -0.0192
[INFO] [1778160061.492615175] [aic_model]: pfrac: 1.0 xy_error: 0.000372 -0.000179   integrators: 0.0348 , -0.018
[INFO] [1778160061.541666479] [aic_model]: z_offset: -0.02
[INFO] [1778160061.543531152] [aic_model]: pfrac: 1.0 xy_error: 0.000372 -0.000178   integrators: 0.0351 , -0.0181
[INFO] [1778160061.593711001] [aic_model]: z_offset: -0.0208
[INFO] [1778160061.594199246] [aic_model]: pfrac: 1.0 xy_error: 0.000373 -0.000174   integrators: 0.0355 , -0.0183
[INFO] [1778160061.643749956] [aic_model]: z_offset: -0.0216
[INFO] [1778160061.644318541] [aic_model]: pfrac: 1.0 xy_error: 0.000373 -0.000169   integrators: 0.0359 , -0.0185
[INFO] [1778160061.693738205] [aic_model]: z_offset: -0.0224
[INFO] [1778160061.694331076] [aic_model]: pfrac: 1.0 xy_error: 0.000373 -0.000163   integrators: 0.0363 , -0.0187
[INFO] [1778160061.743576273] [aic_model]: z_offset: -0.0232
[INFO] [1778160061.744201515] [aic_model]: pfrac: 1.0 xy_error: 0.000373 -0.000157   integrators: 0.0366 , -0.0188
[INFO] [1778160061.777727637] [aic_model]: insert_cable execute loop
[INFO] [1778160061.793589500] [aic_model]: z_offset: -0.024
[INFO] [1778160061.794124472] [aic_model]: pfrac: 1.0 xy_error: 0.000373 -0.00015   integrators: 0.037 , -0.019
[INFO] [1778160061.843627212] [aic_model]: z_offset: -0.0248
[INFO] [1778160061.844228669] [aic_model]: pfrac: 1.0 xy_error: 0.000373 -0.000146   integrators: 0.0374 , -0.0191
[INFO] [1778160061.893620691] [aic_model]: z_offset: -0.0256
[INFO] [1778160061.897607291] [aic_model]: pfrac: 1.0 xy_error: 0.000373 -0.000143   integrators: 0.0377 , -0.0192
[INFO] [1778160061.947738669] [aic_model]: Waiting for connector to stabilize...
[INFO] [1778160062.777746538] [aic_model]: insert_cable execute loop
[INFO] [1778160063.777736398] [aic_model]: insert_cable execute loop
[INFO] [1778160063.947755834] [aic_model]: AutoCode2.insert_cable() exiting...
[INFO] [1778160064.777741130] [aic_model]: insert_cable() returned True
[INFO] [1778160065.303150336] [aic_model]: on_deactivate(LifecycleState(label='active', state_id=3))
[INFO] [1778160065.824051704] [aic_model]: on_activate()
[INFO] [1778160068.133806434] [aic_model]: Goal accepted
[INFO] [1778160068.134851582] [aic_model]: Entering insert_cable_execute_callback()
[INFO] [1778160068.135633988] [aic_model]: insert_cable execute loop
[INFO] [1778160068.136166426] [aic_model]: AutoCode2.insert_cable() task: aic_task_interfaces.msg.Task(id='task_1', cable_type='sfp_sc', cable_name='cable_1', plug_type='sc', plug_name='sc_tip', port_type='sc', port_name='sc_port_base', target_module_name='sc_port_1', time_limit=180)
[INFO] [1778160068.136867529] [aic_model]: pfrac: 0.0 xy_error: -0.128 0.0636   integrators: 0.0 , 0.0
[INFO] [1778160068.187837857] [aic_model]: pfrac: 0.025 xy_error: -0.128 0.0636   integrators: 0.0 , 0.0
[INFO] [1778160068.237768076] [aic_model]: pfrac: 0.05 xy_error: -0.128 0.0637   integrators: 0.0 , 0.0
[INFO] [1778160068.287787171] [aic_model]: pfrac: 0.075 xy_error: -0.128 0.064   integrators: 0.0 , 0.0
[INFO] [1778160068.337354309] [aic_model]: pfrac: 0.1 xy_error: -0.127 0.0644   integrators: 0.0 , 0.0
[INFO] [1778160068.387650493] [aic_model]: pfrac: 0.125 xy_error: -0.127 0.0646   integrators: 0.0 , 0.0
[INFO] [1778160068.437820211] [aic_model]: pfrac: 0.15 xy_error: -0.126 0.0648   integrators: 0.0 , 0.0
[INFO] [1778160068.487734489] [aic_model]: pfrac: 0.175 xy_error: -0.126 0.065   integrators: 0.0 , 0.0
[INFO] [1778160068.537600598] [aic_model]: pfrac: 0.2 xy_error: -0.125 0.0649   integrators: 0.0 , 0.0
[INFO] [1778160068.587457369] [aic_model]: pfrac: 0.225 xy_error: -0.123 0.0647   integrators: 0.0 , 0.0
[INFO] [1778160068.637805490] [aic_model]: pfrac: 0.25 xy_error: -0.122 0.0643   integrators: 0.0 , 0.0
[INFO] [1778160068.687999634] [aic_model]: pfrac: 0.275 xy_error: -0.121 0.0638   integrators: 0.0 , 0.0
[INFO] [1778160068.737729607] [aic_model]: pfrac: 0.3 xy_error: -0.119 0.0631   integrators: 0.0 , 0.0
[INFO] [1778160068.787813514] [aic_model]: pfrac: 0.325 xy_error: -0.117 0.0623   integrators: 0.0 , 0.0
[INFO] [1778160068.837818562] [aic_model]: pfrac: 0.35 xy_error: -0.115 0.0613   integrators: 0.0 , 0.0
[INFO] [1778160068.887786772] [aic_model]: pfrac: 0.375 xy_error: -0.113 0.0602   integrators: 0.0 , 0.0
[INFO] [1778160068.937747528] [aic_model]: pfrac: 0.4 xy_error: -0.11 0.0589   integrators: 0.0 , 0.0
[INFO] [1778160068.987344612] [aic_model]: pfrac: 0.425 xy_error: -0.107 0.0574   integrators: 0.0 , 0.0
[INFO] [1778160069.037479915] [aic_model]: pfrac: 0.45 xy_error: -0.104 0.0558   integrators: 0.0 , 0.0
[INFO] [1778160069.087825051] [aic_model]: pfrac: 0.475 xy_error: -0.101 0.0541   integrators: 0.0 , 0.0
[INFO] [1778160069.135864817] [aic_model]: insert_cable execute loop
[INFO] [1778160069.137755640] [aic_model]: pfrac: 0.5 xy_error: -0.0982 0.0523   integrators: 0.0 , 0.0
[INFO] [1778160069.187100210] [aic_model]: pfrac: 0.525 xy_error: -0.0948 0.0503   integrators: 0.0 , 0.0
[INFO] [1778160069.237377569] [aic_model]: pfrac: 0.55 xy_error: -0.0913 0.0483   integrators: 0.0 , 0.0
[INFO] [1778160069.287051507] [aic_model]: pfrac: 0.575 xy_error: -0.0877 0.0461   integrators: 0.0 , 0.0
[INFO] [1778160069.337762459] [aic_model]: pfrac: 0.6 xy_error: -0.0839 0.0439   integrators: 0.0 , 0.0
[INFO] [1778160069.387744614] [aic_model]: pfrac: 0.625 xy_error: -0.0801 0.0416   integrators: 0.0 , 0.0
[INFO] [1778160069.437799065] [aic_model]: pfrac: 0.65 xy_error: -0.0761 0.0393   integrators: 0.0 , 0.0
[INFO] [1778160069.488067147] [aic_model]: pfrac: 0.675 xy_error: -0.0721 0.0369   integrators: 0.0 , 0.0
[INFO] [1778160069.537612494] [aic_model]: pfrac: 0.7 xy_error: -0.0681 0.0345   integrators: 0.0 , 0.0
[INFO] [1778160069.587748988] [aic_model]: pfrac: 0.725 xy_error: -0.0641 0.032   integrators: 0.0 , 0.0
[INFO] [1778160069.637856148] [aic_model]: pfrac: 0.75 xy_error: -0.0601 0.0295   integrators: 0.0 , 0.0
[INFO] [1778160069.687815862] [aic_model]: pfrac: 0.775 xy_error: -0.056 0.0271   integrators: 0.0 , 0.0
[INFO] [1778160069.737427694] [aic_model]: pfrac: 0.8 xy_error: -0.0521 0.0247   integrators: 0.0 , 0.0
[INFO] [1778160069.787323557] [aic_model]: pfrac: 0.825 xy_error: -0.0482 0.0224   integrators: 0.0 , 0.0
[INFO] [1778160069.837770734] [aic_model]: pfrac: 0.85 xy_error: -0.0443 0.0201   integrators: 0.0 , 0.0
[INFO] [1778160069.887690964] [aic_model]: pfrac: 0.875 xy_error: -0.0406 0.0179   integrators: 0.0 , 0.0
[INFO] [1778160069.937153897] [aic_model]: pfrac: 0.9 xy_error: -0.037 0.0158   integrators: 0.0 , 0.0
[INFO] [1778160069.987758198] [aic_model]: pfrac: 0.925 xy_error: -0.0335 0.0137   integrators: 0.0 , 0.0
[INFO] [1778160070.037279019] [aic_model]: pfrac: 0.95 xy_error: -0.0302 0.0118   integrators: 0.0 , 0.0
[INFO] [1778160070.087778684] [aic_model]: pfrac: 0.975 xy_error: -0.027 0.00996   integrators: 0.0 , 0.0
[INFO] [1778160070.135735154] [aic_model]: insert_cable execute loop
[INFO] [1778160070.136946313] [aic_model]: pfrac: 1.0 xy_error: -0.0241 0.00823   integrators: -0.0241 , 0.00823
[INFO] [1778160070.186940000] [aic_model]: pfrac: 1.0 xy_error: -0.0212 0.00658   integrators: -0.0453 , 0.0148
[INFO] [1778160070.237661951] [aic_model]: pfrac: 1.0 xy_error: -0.0184 0.00501   integrators: -0.0637 , 0.0198
[INFO] [1778160070.287887503] [aic_model]: pfrac: 1.0 xy_error: -0.0157 0.00355   integrators: -0.0794 , 0.0234
[INFO] [1778160070.337654465] [aic_model]: pfrac: 1.0 xy_error: -0.0131 0.00219   integrators: -0.08 , 0.0256
[INFO] [1778160070.387214619] [aic_model]: pfrac: 1.0 xy_error: -0.0105 0.00095   integrators: -0.08 , 0.0265
[INFO] [1778160070.437921713] [aic_model]: pfrac: 1.0 xy_error: -0.00812 -0.000185   integrators: -0.08 , 0.0263
[INFO] [1778160070.486933560] [aic_model]: pfrac: 1.0 xy_error: -0.00588 -0.00121   integrators: -0.08 , 0.0251
[INFO] [1778160070.536950130] [aic_model]: pfrac: 1.0 xy_error: -0.00381 -0.00212   integrators: -0.08 , 0.023
[INFO] [1778160070.587140455] [aic_model]: pfrac: 1.0 xy_error: -0.00192 -0.00293   integrators: -0.08 , 0.0201
[INFO] [1778160070.637968245] [aic_model]: pfrac: 1.0 xy_error: -0.000192 -0.00361   integrators: -0.08 , 0.0164
[INFO] [1778160070.688007337] [aic_model]: pfrac: 1.0 xy_error: 0.00135 -0.00416   integrators: -0.0787 , 0.0123
[INFO] [1778160070.737329426] [aic_model]: pfrac: 1.0 xy_error: 0.00273 -0.0046   integrators: -0.0759 , 0.00769
[INFO] [1778160070.787014875] [aic_model]: pfrac: 1.0 xy_error: 0.00394 -0.00492   integrators: -0.072 , 0.00276
[INFO] [1778160070.838688860] [aic_model]: pfrac: 1.0 xy_error: 0.00492 -0.0051   integrators: -0.0671 , -0.00233
[INFO] [1778160070.890723191] [aic_model]: pfrac: 1.0 xy_error: 0.00584 -0.00518   integrators: -0.0612 , -0.00751
[INFO] [1778160070.940976444] [aic_model]: pfrac: 1.0 xy_error: 0.00662 -0.0051   integrators: -0.0546 , -0.0126
[INFO] [1778160070.991107118] [aic_model]: pfrac: 1.0 xy_error: 0.00717 -0.00493   integrators: -0.0474 , -0.0175
[INFO] [1778160071.041191214] [aic_model]: pfrac: 1.0 xy_error: 0.00754 -0.0047   integrators: -0.0399 , -0.0222
[INFO] [1778160071.091054226] [aic_model]: pfrac: 1.0 xy_error: 0.00775 -0.00441   integrators: -0.0321 , -0.0266
[INFO] [1778160071.135933479] [aic_model]: insert_cable execute loop
[INFO] [1778160071.140832078] [aic_model]: z_offset: 0.1992
[INFO] [1778160071.142037236] [aic_model]: pfrac: 1.0 xy_error: 0.0078 -0.00405   integrators: -0.0243 , -0.0307
[INFO] [1778160071.190835833] [aic_model]: z_offset: 0.1984
[INFO] [1778160071.192045410] [aic_model]: pfrac: 1.0 xy_error: 0.00771 -0.00363   integrators: -0.0166 , -0.0343
[INFO] [1778160071.240885314] [aic_model]: z_offset: 0.1976
[INFO] [1778160071.241279022] [aic_model]: pfrac: 1.0 xy_error: 0.00748 -0.00321   integrators: -0.00916 , -0.0375
[INFO] [1778160071.290782179] [aic_model]: z_offset: 0.1968
[INFO] [1778160071.291988019] [aic_model]: pfrac: 1.0 xy_error: 0.00712 -0.00275   integrators: -0.00204 , -0.0403
[INFO] [1778160071.340791535] [aic_model]: z_offset: 0.196
[INFO] [1778160071.342059812] [aic_model]: pfrac: 1.0 xy_error: 0.00663 -0.00224   integrators: 0.0046 , -0.0425
[INFO] [1778160071.390806963] [aic_model]: z_offset: 0.1952
[INFO] [1778160071.391968389] [aic_model]: pfrac: 1.0 xy_error: 0.00606 -0.0017   integrators: 0.0107 , -0.0442
[INFO] [1778160071.440789959] [aic_model]: z_offset: 0.1944
[INFO] [1778160071.442011729] [aic_model]: pfrac: 1.0 xy_error: 0.00541 -0.00116   integrators: 0.0161 , -0.0454
[INFO] [1778160071.490809925] [aic_model]: z_offset: 0.1936
[INFO] [1778160071.492085505] [aic_model]: pfrac: 1.0 xy_error: 0.00471 -0.000596   integrators: 0.0208 , -0.046
[INFO] [1778160071.540850309] [aic_model]: z_offset: 0.1928
[INFO] [1778160071.542093980] [aic_model]: pfrac: 1.0 xy_error: 0.00396 -2.79e-05   integrators: 0.0247 , -0.046
[INFO] [1778160071.590829338] [aic_model]: z_offset: 0.192
[INFO] [1778160071.592031200] [aic_model]: pfrac: 1.0 xy_error: 0.00316 0.000509   integrators: 0.0279 , -0.0455
[INFO] [1778160071.640928072] [aic_model]: z_offset: 0.1912
[INFO] [1778160071.641323533] [aic_model]: pfrac: 1.0 xy_error: 0.00235 0.00103   integrators: 0.0302 , -0.0445
[INFO] [1778160071.690823985] [aic_model]: z_offset: 0.1904
[INFO] [1778160071.691255183] [aic_model]: pfrac: 1.0 xy_error: 0.0015 0.00151   integrators: 0.0317 , -0.043
[INFO] [1778160071.740790571] [aic_model]: z_offset: 0.1896
[INFO] [1778160071.742109472] [aic_model]: pfrac: 1.0 xy_error: 0.00067 0.00197   integrators: 0.0324 , -0.041
[INFO] [1778160071.790789087] [aic_model]: z_offset: 0.1888
[INFO] [1778160071.791965170] [aic_model]: pfrac: 1.0 xy_error: -0.000179 0.00239   integrators: 0.0322 , -0.0386
[INFO] [1778160071.840826736] [aic_model]: z_offset: 0.188
[INFO] [1778160071.842012858] [aic_model]: pfrac: 1.0 xy_error: -0.000971 0.00276   integrators: 0.0313 , -0.0358
[INFO] [1778160071.890833707] [aic_model]: z_offset: 0.1872
[INFO] [1778160071.892020040] [aic_model]: pfrac: 1.0 xy_error: -0.00172 0.00309   integrators: 0.0295 , -0.0327
[INFO] [1778160071.940778282] [aic_model]: z_offset: 0.1864
[INFO] [1778160071.942031790] [aic_model]: pfrac: 1.0 xy_error: -0.00239 0.00334   integrators: 0.0272 , -0.0294
[INFO] [1778160071.990824567] [aic_model]: z_offset: 0.1856
[INFO] [1778160071.992096099] [aic_model]: pfrac: 1.0 xy_error: -0.00298 0.00355   integrators: 0.0242 , -0.0259
[INFO] [1778160072.041173860] [aic_model]: z_offset: 0.1848
[INFO] [1778160072.042123298] [aic_model]: pfrac: 1.0 xy_error: -0.00351 0.00371   integrators: 0.0207 , -0.0222
[INFO] [1778160072.090796851] [aic_model]: z_offset: 0.184
[INFO] [1778160072.092011006] [aic_model]: pfrac: 1.0 xy_error: -0.00397 0.00382   integrators: 0.0167 , -0.0183
[INFO] [1778160072.135830173] [aic_model]: insert_cable execute loop
[INFO] [1778160072.140705157] [aic_model]: z_offset: 0.1832
[INFO] [1778160072.141868197] [aic_model]: pfrac: 1.0 xy_error: -0.00436 0.00385   integrators: 0.0123 , -0.0145
[INFO] [1778160072.190803059] [aic_model]: z_offset: 0.1824
[INFO] [1778160072.191891218] [aic_model]: pfrac: 1.0 xy_error: -0.00467 0.00383   integrators: 0.00766 , -0.0107
[INFO] [1778160072.240851858] [aic_model]: z_offset: 0.1816
[INFO] [1778160072.242088486] [aic_model]: pfrac: 1.0 xy_error: -0.00486 0.00377   integrators: 0.00279 , -0.00689
[INFO] [1778160072.290776055] [aic_model]: z_offset: 0.1808
[INFO] [1778160072.291995359] [aic_model]: pfrac: 1.0 xy_error: -0.00502 0.00364   integrators: -0.00222 , -0.00325
[INFO] [1778160072.340760233] [aic_model]: z_offset: 0.18
[INFO] [1778160072.341970040] [aic_model]: pfrac: 1.0 xy_error: -0.00506 0.00348   integrators: -0.00728 , 0.000225
[INFO] [1778160072.390801068] [aic_model]: z_offset: 0.1792
[INFO] [1778160072.392027997] [aic_model]: pfrac: 1.0 xy_error: -0.00504 0.00326   integrators: -0.0123 , 0.00349
[INFO] [1778160072.440830792] [aic_model]: z_offset: 0.1784
[INFO] [1778160072.442062239] [aic_model]: pfrac: 1.0 xy_error: -0.00492 0.00301   integrators: -0.0172 , 0.0065
[INFO] [1778160072.490797477] [aic_model]: z_offset: 0.1776
[INFO] [1778160072.492001393] [aic_model]: pfrac: 1.0 xy_error: -0.00475 0.00276   integrators: -0.022 , 0.00926
[INFO] [1778160072.540768010] [aic_model]: z_offset: 0.1768
[INFO] [1778160072.542023763] [aic_model]: pfrac: 1.0 xy_error: -0.0045 0.00244   integrators: -0.0265 , 0.0117
[INFO] [1778160072.590793225] [aic_model]: z_offset: 0.176
[INFO] [1778160072.591410192] [aic_model]: pfrac: 1.0 xy_error: -0.00419 0.00211   integrators: -0.0307 , 0.0138
[INFO] [1778160072.640821917] [aic_model]: z_offset: 0.1752
[INFO] [1778160072.642137993] [aic_model]: pfrac: 1.0 xy_error: -0.00382 0.00175   integrators: -0.0345 , 0.0156
[INFO] [1778160072.690978539] [aic_model]: z_offset: 0.1744
[INFO] [1778160072.692699434] [aic_model]: pfrac: 1.0 xy_error: -0.00338 0.00138   integrators: -0.0379 , 0.0169
[INFO] [1778160072.742800231] [aic_model]: z_offset: 0.1736
[INFO] [1778160072.744060803] [aic_model]: pfrac: 1.0 xy_error: -0.0029 0.000981   integrators: -0.0408 , 0.0179
[INFO] [1778160072.792772907] [aic_model]: z_offset: 0.1728
[INFO] [1778160072.793924766] [aic_model]: pfrac: 1.0 xy_error: -0.00238 0.000618   integrators: -0.0432 , 0.0185
[INFO] [1778160072.842785539] [aic_model]: z_offset: 0.172
[INFO] [1778160072.843981600] [aic_model]: pfrac: 1.0 xy_error: -0.00184 0.000231   integrators: -0.045 , 0.0188
[INFO] [1778160072.892801718] [aic_model]: z_offset: 0.1712
[INFO] [1778160072.893994553] [aic_model]: pfrac: 1.0 xy_error: -0.00128 -0.00013   integrators: -0.0463 , 0.0186
[INFO] [1778160072.942885032] [aic_model]: z_offset: 0.1704
[INFO] [1778160072.944104837] [aic_model]: pfrac: 1.0 xy_error: -0.000716 -0.000476   integrators: -0.047 , 0.0182
[INFO] [1778160072.992807765] [aic_model]: z_offset: 0.1696
[INFO] [1778160072.994026138] [aic_model]: pfrac: 1.0 xy_error: -0.000172 -0.0008   integrators: -0.0472 , 0.0174
[INFO] [1778160073.042789599] [aic_model]: z_offset: 0.1688
[INFO] [1778160073.043489120] [aic_model]: pfrac: 1.0 xy_error: 0.000349 -0.0011   integrators: -0.0468 , 0.0163
[INFO] [1778160073.092864748] [aic_model]: z_offset: 0.168
[INFO] [1778160073.094006447] [aic_model]: pfrac: 1.0 xy_error: 0.000823 -0.00141   integrators: -0.046 , 0.0149
[INFO] [1778160073.135042408] [aic_model]: insert_cable execute loop
[INFO] [1778160073.142824410] [aic_model]: z_offset: 0.1672
[INFO] [1778160073.143438220] [aic_model]: pfrac: 1.0 xy_error: 0.00129 -0.00168   integrators: -0.0447 , 0.0132
[INFO] [1778160073.192800413] [aic_model]: z_offset: 0.1664
[INFO] [1778160073.194140814] [aic_model]: pfrac: 1.0 xy_error: 0.00172 -0.00191   integrators: -0.043 , 0.0113
[INFO] [1778160073.242764203] [aic_model]: z_offset: 0.1656
[INFO] [1778160073.244055252] [aic_model]: pfrac: 1.0 xy_error: 0.00213 -0.00212   integrators: -0.0408 , 0.00916
[INFO] [1778160073.292786382] [aic_model]: z_offset: 0.1648
[INFO] [1778160073.293624793] [aic_model]: pfrac: 1.0 xy_error: 0.00252 -0.00228   integrators: -0.0383 , 0.00688
[INFO] [1778160073.342815374] [aic_model]: z_offset: 0.164
[INFO] [1778160073.344081527] [aic_model]: pfrac: 1.0 xy_error: 0.00284 -0.00242   integrators: -0.0355 , 0.00446
[INFO] [1778160073.392771520] [aic_model]: z_offset: 0.1632
[INFO] [1778160073.394088778] [aic_model]: pfrac: 1.0 xy_error: 0.0031 -0.00254   integrators: -0.0324 , 0.00193
[INFO] [1778160073.442759515] [aic_model]: z_offset: 0.1624
[INFO] [1778160073.444056596] [aic_model]: pfrac: 1.0 xy_error: 0.00333 -0.00261   integrators: -0.0291 , -0.000677
[INFO] [1778160073.492811641] [aic_model]: z_offset: 0.1616
[INFO] [1778160073.494036686] [aic_model]: pfrac: 1.0 xy_error: 0.00351 -0.00262   integrators: -0.0255 , -0.0033
[INFO] [1778160073.542793184] [aic_model]: z_offset: 0.1608
[INFO] [1778160073.544001598] [aic_model]: pfrac: 1.0 xy_error: 0.00365 -0.00258   integrators: -0.0219 , -0.00588
[INFO] [1778160073.592804563] [aic_model]: z_offset: 0.16
[INFO] [1778160073.594044136] [aic_model]: pfrac: 1.0 xy_error: 0.00371 -0.0025   integrators: -0.0182 , -0.00838
[INFO] [1778160073.642801695] [aic_model]: z_offset: 0.1592
[INFO] [1778160073.643204891] [aic_model]: pfrac: 1.0 xy_error: 0.00369 -0.00239   integrators: -0.0145 , -0.0108
[INFO] [1778160073.693089162] [aic_model]: z_offset: 0.1584
[INFO] [1778160073.694836225] [aic_model]: pfrac: 1.0 xy_error: 0.00362 -0.00225   integrators: -0.0109 , -0.013
[INFO] [1778160073.744803883] [aic_model]: z_offset: 0.1576
[INFO] [1778160073.745996016] [aic_model]: pfrac: 1.0 xy_error: 0.00351 -0.00209   integrators: -0.00735 , -0.0151
[INFO] [1778160073.794796286] [aic_model]: z_offset: 0.1568
[INFO] [1778160073.795995002] [aic_model]: pfrac: 1.0 xy_error: 0.00334 -0.00192   integrators: -0.00401 , -0.017
[INFO] [1778160073.844762711] [aic_model]: z_offset: 0.156
[INFO] [1778160073.845990932] [aic_model]: pfrac: 1.0 xy_error: 0.00312 -0.00172   integrators: -0.00089 , -0.0188
[INFO] [1778160073.894761837] [aic_model]: z_offset: 0.1552
[INFO] [1778160073.895955073] [aic_model]: pfrac: 1.0 xy_error: 0.00287 -0.00152   integrators: 0.00198 , -0.0203
[INFO] [1778160073.944907067] [aic_model]: z_offset: 0.1544
[INFO] [1778160073.946204077] [aic_model]: pfrac: 1.0 xy_error: 0.00259 -0.00131   integrators: 0.00457 , -0.0216
[INFO] [1778160073.994889753] [aic_model]: z_offset: 0.1536
[INFO] [1778160073.996034277] [aic_model]: pfrac: 1.0 xy_error: 0.00225 -0.00108   integrators: 0.00682 , -0.0227
[INFO] [1778160074.044813467] [aic_model]: z_offset: 0.1528
[INFO] [1778160074.046004589] [aic_model]: pfrac: 1.0 xy_error: 0.00188 -0.000856   integrators: 0.0087 , -0.0235
[INFO] [1778160074.094818504] [aic_model]: z_offset: 0.152
[INFO] [1778160074.096091800] [aic_model]: pfrac: 1.0 xy_error: 0.00151 -0.000622   integrators: 0.0102 , -0.0241
[INFO] [1778160074.135816795] [aic_model]: insert_cable execute loop
[INFO] [1778160074.144785931] [aic_model]: z_offset: 0.1512
[INFO] [1778160074.146003833] [aic_model]: pfrac: 1.0 xy_error: 0.00112 -0.000377   integrators: 0.0113 , -0.0245
[INFO] [1778160074.194783504] [aic_model]: z_offset: 0.1504
[INFO] [1778160074.196038605] [aic_model]: pfrac: 1.0 xy_error: 0.000745 -0.000126   integrators: 0.0121 , -0.0246
[INFO] [1778160074.244802898] [aic_model]: z_offset: 0.1496
[INFO] [1778160074.245989250] [aic_model]: pfrac: 1.0 xy_error: 0.00039 0.000135   integrators: 0.0125 , -0.0245
[INFO] [1778160074.294819085] [aic_model]: z_offset: 0.1488
[INFO] [1778160074.296051314] [aic_model]: pfrac: 1.0 xy_error: 5.23e-05 0.000391   integrators: 0.0125 , -0.0241
[INFO] [1778160074.344775421] [aic_model]: z_offset: 0.148
[INFO] [1778160074.346058545] [aic_model]: pfrac: 1.0 xy_error: -0.00025 0.000605   integrators: 0.0123 , -0.0235
[INFO] [1778160074.394785948] [aic_model]: z_offset: 0.1472
[INFO] [1778160074.396022545] [aic_model]: pfrac: 1.0 xy_error: -0.000551 0.000783   integrators: 0.0117 , -0.0227
[INFO] [1778160074.444745861] [aic_model]: z_offset: 0.1464
[INFO] [1778160074.445886929] [aic_model]: pfrac: 1.0 xy_error: -0.000839 0.000914   integrators: 0.0109 , -0.0218
[INFO] [1778160074.494783679] [aic_model]: z_offset: 0.1456
[INFO] [1778160074.496022881] [aic_model]: pfrac: 1.0 xy_error: -0.0011 0.00104   integrators: 0.00978 , -0.0208
[INFO] [1778160074.544806098] [aic_model]: z_offset: 0.1448
[INFO] [1778160074.546062262] [aic_model]: pfrac: 1.0 xy_error: -0.00135 0.00116   integrators: 0.00844 , -0.0196
[INFO] [1778160074.594769337] [aic_model]: z_offset: 0.144
[INFO] [1778160074.595934771] [aic_model]: pfrac: 1.0 xy_error: -0.00154 0.00127   integrators: 0.00689 , -0.0183
[INFO] [1778160074.644807296] [aic_model]: z_offset: 0.1432
[INFO] [1778160074.646131487] [aic_model]: pfrac: 1.0 xy_error: -0.00171 0.00133   integrators: 0.00518 , -0.017
[INFO] [1778160074.694828533] [aic_model]: z_offset: 0.1424
[INFO] [1778160074.695679107] [aic_model]: pfrac: 1.0 xy_error: -0.00185 0.00138   integrators: 0.00333 , -0.0156
[INFO] [1778160074.744816678] [aic_model]: z_offset: 0.1416
[INFO] [1778160074.746037486] [aic_model]: pfrac: 1.0 xy_error: -0.00195 0.00142   integrators: 0.00138 , -0.0142
[INFO] [1778160074.794808861] [aic_model]: z_offset: 0.1408
[INFO] [1778160074.796008509] [aic_model]: pfrac: 1.0 xy_error: -0.00202 0.00144   integrators: -0.000647 , -0.0128
[INFO] [1778160074.844775927] [aic_model]: z_offset: 0.14
[INFO] [1778160074.845230709] [aic_model]: pfrac: 1.0 xy_error: -0.00206 0.00145   integrators: -0.00271 , -0.0113
[INFO] [1778160074.894881643] [aic_model]: z_offset: 0.1392
[INFO] [1778160074.896092992] [aic_model]: pfrac: 1.0 xy_error: -0.00206 0.00141   integrators: -0.00477 , -0.00993
[INFO] [1778160074.944815236] [aic_model]: z_offset: 0.1384
[INFO] [1778160074.946000847] [aic_model]: pfrac: 1.0 xy_error: -0.00202 0.00135   integrators: -0.00679 , -0.00858
[INFO] [1778160074.994772102] [aic_model]: z_offset: 0.1376
[INFO] [1778160074.996015171] [aic_model]: pfrac: 1.0 xy_error: -0.00193 0.0013   integrators: -0.00872 , -0.00728
[INFO] [1778160075.044922341] [aic_model]: z_offset: 0.1368
[INFO] [1778160075.045305048] [aic_model]: pfrac: 1.0 xy_error: -0.00185 0.00123   integrators: -0.0106 , -0.00606
[INFO] [1778160075.094877404] [aic_model]: z_offset: 0.136
[INFO] [1778160075.096117317] [aic_model]: pfrac: 1.0 xy_error: -0.00174 0.00112   integrators: -0.0123 , -0.00494
[INFO] [1778160075.135822495] [aic_model]: insert_cable execute loop
[INFO] [1778160075.144777915] [aic_model]: z_offset: 0.1352
[INFO] [1778160075.145776095] [aic_model]: pfrac: 1.0 xy_error: -0.00159 0.000995   integrators: -0.0139 , -0.00395
[INFO] [1778160075.194784474] [aic_model]: z_offset: 0.1344
[INFO] [1778160075.196038244] [aic_model]: pfrac: 1.0 xy_error: -0.00141 0.00089   integrators: -0.0153 , -0.00306
[INFO] [1778160075.244873669] [aic_model]: z_offset: 0.1336
[INFO] [1778160075.246110857] [aic_model]: pfrac: 1.0 xy_error: -0.00122 0.00075   integrators: -0.0165 , -0.00231
[INFO] [1778160075.294797553] [aic_model]: z_offset: 0.1328
[INFO] [1778160075.296123137] [aic_model]: pfrac: 1.0 xy_error: -0.00102 0.000599   integrators: -0.0176 , -0.00171
[INFO] [1778160075.344794284] [aic_model]: z_offset: 0.132
[INFO] [1778160075.345933379] [aic_model]: pfrac: 1.0 xy_error: -0.000819 0.000446   integrators: -0.0184 , -0.00126
[INFO] [1778160075.394770567] [aic_model]: z_offset: 0.1312
[INFO] [1778160075.395936462] [aic_model]: pfrac: 1.0 xy_error: -0.000608 0.000308   integrators: -0.019 , -0.000953
[INFO] [1778160075.444792265] [aic_model]: z_offset: 0.1304
[INFO] [1778160075.445980952] [aic_model]: pfrac: 1.0 xy_error: -0.000383 0.000165   integrators: -0.0194 , -0.000788
[INFO] [1778160075.494756555] [aic_model]: z_offset: 0.1296
[INFO] [1778160075.495954079] [aic_model]: pfrac: 1.0 xy_error: -0.000166 1.37e-05   integrators: -0.0195 , -0.000774
[INFO] [1778160075.544832936] [aic_model]: z_offset: 0.1288
[INFO] [1778160075.546038374] [aic_model]: pfrac: 1.0 xy_error: 3.26e-05 -0.000144   integrators: -0.0195 , -0.000918
[INFO] [1778160075.594801334] [aic_model]: z_offset: 0.128
[INFO] [1778160075.596004548] [aic_model]: pfrac: 1.0 xy_error: 0.000247 -0.000272   integrators: -0.0193 , -0.00119
[INFO] [1778160075.646403453] [aic_model]: z_offset: 0.1272
[INFO] [1778160075.647017273] [aic_model]: pfrac: 1.0 xy_error: 0.000452 -0.000409   integrators: -0.0188 , -0.0016
[INFO] [1778160075.697044992] [aic_model]: z_offset: 0.1264
[INFO] [1778160075.698655960] [aic_model]: pfrac: 1.0 xy_error: 0.000643 -0.000514   integrators: -0.0182 , -0.00211
[INFO] [1778160075.748770342] [aic_model]: z_offset: 0.1256
[INFO] [1778160075.750000858] [aic_model]: pfrac: 1.0 xy_error: 0.000819 -0.000637   integrators: -0.0173 , -0.00275
[INFO] [1778160075.798780138] [aic_model]: z_offset: 0.1248
[INFO] [1778160075.799964236] [aic_model]: pfrac: 1.0 xy_error: 0.000985 -0.000763   integrators: -0.0164 , -0.00351
[INFO] [1778160075.848770988] [aic_model]: z_offset: 0.124
[INFO] [1778160075.850049944] [aic_model]: pfrac: 1.0 xy_error: 0.00112 -0.000884   integrators: -0.0152 , -0.0044
[INFO] [1778160075.898819325] [aic_model]: z_offset: 0.1232
[INFO] [1778160075.900023462] [aic_model]: pfrac: 1.0 xy_error: 0.00125 -0.000966   integrators: -0.014 , -0.00536
[INFO] [1778160075.948792823] [aic_model]: z_offset: 0.1224
[INFO] [1778160075.949641443] [aic_model]: pfrac: 1.0 xy_error: 0.00134 -0.00104   integrators: -0.0126 , -0.0064
[INFO] [1778160075.998778914] [aic_model]: z_offset: 0.1216
[INFO] [1778160075.999215853] [aic_model]: pfrac: 1.0 xy_error: 0.0014 -0.0011   integrators: -0.0112 , -0.0075
[INFO] [1778160076.048805801] [aic_model]: z_offset: 0.1208
[INFO] [1778160076.050049903] [aic_model]: pfrac: 1.0 xy_error: 0.00145 -0.00114   integrators: -0.0098 , -0.00864
[INFO] [1778160076.098780050] [aic_model]: z_offset: 0.12
[INFO] [1778160076.100079425] [aic_model]: pfrac: 1.0 xy_error: 0.0015 -0.00116   integrators: -0.00829 , -0.0098
[INFO] [1778160076.134997843] [aic_model]: insert_cable execute loop
[INFO] [1778160076.148708182] [aic_model]: z_offset: 0.1192
[INFO] [1778160076.149080129] [aic_model]: pfrac: 1.0 xy_error: 0.00153 -0.00115   integrators: -0.00676 , -0.011
[INFO] [1778160076.198875172] [aic_model]: z_offset: 0.1184
[INFO] [1778160076.200013044] [aic_model]: pfrac: 1.0 xy_error: 0.00153 -0.00111   integrators: -0.00523 , -0.0121
[INFO] [1778160076.248882122] [aic_model]: z_offset: 0.1176
[INFO] [1778160076.250103000] [aic_model]: pfrac: 1.0 xy_error: 0.0015 -0.00106   integrators: -0.00373 , -0.0131
[INFO] [1778160076.298798192] [aic_model]: z_offset: 0.1168
[INFO] [1778160076.299780202] [aic_model]: pfrac: 1.0 xy_error: 0.00146 -0.001   integrators: -0.00227 , -0.0141
[INFO] [1778160076.348840949] [aic_model]: z_offset: 0.116
[INFO] [1778160076.350090610] [aic_model]: pfrac: 1.0 xy_error: 0.00139 -0.000938   integrators: -0.000875 , -0.0151
[INFO] [1778160076.398844362] [aic_model]: z_offset: 0.1152
[INFO] [1778160076.399992543] [aic_model]: pfrac: 1.0 xy_error: 0.0013 -0.000879   integrators: 0.000426 , -0.0159
[INFO] [1778160076.448749922] [aic_model]: z_offset: 0.1144
[INFO] [1778160076.449618680] [aic_model]: pfrac: 1.0 xy_error: 0.0012 -0.00079   integrators: 0.00162 , -0.0167
[INFO] [1778160076.498763314] [aic_model]: z_offset: 0.1136
[INFO] [1778160076.499892870] [aic_model]: pfrac: 1.0 xy_error: 0.0011 -0.00069   integrators: 0.00273 , -0.0174
[INFO] [1778160076.548772809] [aic_model]: z_offset: 0.1128
[INFO] [1778160076.549964081] [aic_model]: pfrac: 1.0 xy_error: 0.00099 -0.000592   integrators: 0.00372 , -0.018
[INFO] [1778160076.598849429] [aic_model]: z_offset: 0.112
[INFO] [1778160076.600084062] [aic_model]: pfrac: 1.0 xy_error: 0.000869 -0.000484   integrators: 0.00459 , -0.0185
[INFO] [1778160076.648962137] [aic_model]: z_offset: 0.1112
[INFO] [1778160076.650807435] [aic_model]: pfrac: 1.0 xy_error: 0.000751 -0.000362   integrators: 0.00534 , -0.0189
[INFO] [1778160076.700890157] [aic_model]: z_offset: 0.1104
[INFO] [1778160076.702845290] [aic_model]: pfrac: 1.0 xy_error: 0.000616 -0.000252   integrators: 0.00596 , -0.0191
[INFO] [1778160076.752780275] [aic_model]: z_offset: 0.1096
[INFO] [1778160076.754242245] [aic_model]: pfrac: 1.0 xy_error: 0.0005 -0.000134   integrators: 0.00646 , -0.0193
[INFO] [1778160076.802802514] [aic_model]: z_offset: 0.1088
[INFO] [1778160076.804673169] [aic_model]: pfrac: 1.0 xy_error: 0.000379 6.37e-07   integrators: 0.00683 , -0.0192
[INFO] [1778160076.854895753] [aic_model]: z_offset: 0.108
[INFO] [1778160076.856129144] [aic_model]: pfrac: 1.0 xy_error: 0.000263 0.000166   integrators: 0.0071 , -0.0191
[INFO] [1778160076.904939171] [aic_model]: z_offset: 0.1072
[INFO] [1778160076.906272589] [aic_model]: pfrac: 1.0 xy_error: 0.00016 0.000259   integrators: 0.00726 , -0.0188
[INFO] [1778160076.954975576] [aic_model]: z_offset: 0.1064
[INFO] [1778160076.956233062] [aic_model]: pfrac: 1.0 xy_error: 4.31e-05 0.000345   integrators: 0.0073 , -0.0185
[INFO] [1778160077.005008565] [aic_model]: z_offset: 0.1056
[INFO] [1778160077.006259539] [aic_model]: pfrac: 1.0 xy_error: -7.78e-05 0.000417   integrators: 0.00722 , -0.0181
[INFO] [1778160077.054872266] [aic_model]: z_offset: 0.1048
[INFO] [1778160077.056170699] [aic_model]: pfrac: 1.0 xy_error: -0.000198 0.000482   integrators: 0.00703 , -0.0176
[INFO] [1778160077.104900355] [aic_model]: z_offset: 0.104
[INFO] [1778160077.106155758] [aic_model]: pfrac: 1.0 xy_error: -0.000297 0.000531   integrators: 0.00673 , -0.017
[INFO] [1778160077.135871126] [aic_model]: insert_cable execute loop
[INFO] [1778160077.154868763] [aic_model]: z_offset: 0.1032
[INFO] [1778160077.156179629] [aic_model]: pfrac: 1.0 xy_error: -0.000395 0.000579   integrators: 0.00633 , -0.0165
[INFO] [1778160077.204993132] [aic_model]: z_offset: 0.1024
[INFO] [1778160077.206265156] [aic_model]: pfrac: 1.0 xy_error: -0.000484 0.000611   integrators: 0.00585 , -0.0159
[INFO] [1778160077.254888072] [aic_model]: z_offset: 0.1016
[INFO] [1778160077.256181395] [aic_model]: pfrac: 1.0 xy_error: -0.000552 0.000615   integrators: 0.0053 , -0.0152
[INFO] [1778160077.304942771] [aic_model]: z_offset: 0.1008
[INFO] [1778160077.306189567] [aic_model]: pfrac: 1.0 xy_error: -0.000603 0.000627   integrators: 0.00469 , -0.0146
[INFO] [1778160077.355074755] [aic_model]: z_offset: 0.1
[INFO] [1778160077.356667670] [aic_model]: pfrac: 1.0 xy_error: -0.000652 0.000612   integrators: 0.00404 , -0.014
[INFO] [1778160077.406798612] [aic_model]: z_offset: 0.0992
[INFO] [1778160077.408016854] [aic_model]: pfrac: 1.0 xy_error: -0.000681 0.000596   integrators: 0.00336 , -0.0134
[INFO] [1778160077.456815550] [aic_model]: z_offset: 0.0984
[INFO] [1778160077.458201036] [aic_model]: pfrac: 1.0 xy_error: -0.000698 0.000557   integrators: 0.00266 , -0.0129
[INFO] [1778160077.506785971] [aic_model]: z_offset: 0.0976
[INFO] [1778160077.508017328] [aic_model]: pfrac: 1.0 xy_error: -0.000707 0.00051   integrators: 0.00196 , -0.0123
[INFO] [1778160077.556816245] [aic_model]: z_offset: 0.0968
[INFO] [1778160077.557229018] [aic_model]: pfrac: 1.0 xy_error: -0.000709 0.000445   integrators: 0.00125 , -0.0119
[INFO] [1778160077.606782257] [aic_model]: z_offset: 0.096
[INFO] [1778160077.608048861] [aic_model]: pfrac: 1.0 xy_error: -0.000724 0.00039   integrators: 0.000523 , -0.0115
[INFO] [1778160077.656893332] [aic_model]: z_offset: 0.0952
[INFO] [1778160077.658969582] [aic_model]: pfrac: 1.0 xy_error: -0.000714 0.000337   integrators: -0.000191 , -0.0112
[INFO] [1778160077.709102248] [aic_model]: z_offset: 0.0944
[INFO] [1778160077.710921747] [aic_model]: pfrac: 1.0 xy_error: -0.000665 0.000298   integrators: -0.000856 , -0.0109
[INFO] [1778160077.760892539] [aic_model]: z_offset: 0.0936
[INFO] [1778160077.762281181] [aic_model]: pfrac: 1.0 xy_error: -0.000615 0.000276   integrators: -0.00147 , -0.0106
[INFO] [1778160077.810918043] [aic_model]: z_offset: 0.0928
[INFO] [1778160077.812167073] [aic_model]: pfrac: 1.0 xy_error: -0.000548 0.000244   integrators: -0.00202 , -0.0104
[INFO] [1778160077.860863497] [aic_model]: z_offset: 0.092
[INFO] [1778160077.862110474] [aic_model]: pfrac: 1.0 xy_error: -0.00047 0.000204   integrators: -0.00249 , -0.0101
[INFO] [1778160077.910804734] [aic_model]: z_offset: 0.0912
[INFO] [1778160077.912066659] [aic_model]: pfrac: 1.0 xy_error: -0.000359 0.000152   integrators: -0.00285 , -0.00999
[INFO] [1778160077.960889840] [aic_model]: z_offset: 0.0904
[INFO] [1778160077.962046117] [aic_model]: pfrac: 1.0 xy_error: -0.00027 7.63e-05   integrators: -0.00312 , -0.00992
[INFO] [1778160078.010849591] [aic_model]: z_offset: 0.0896
[INFO] [1778160078.012144217] [aic_model]: pfrac: 1.0 xy_error: -0.000168 2.42e-05   integrators: -0.00329 , -0.00989
[INFO] [1778160078.060990792] [aic_model]: z_offset: 0.0888
[INFO] [1778160078.062314683] [aic_model]: pfrac: 1.0 xy_error: -7.1e-05 -3.77e-05   integrators: -0.00336 , -0.00993
[INFO] [1778160078.110975279] [aic_model]: z_offset: 0.088
[INFO] [1778160078.111453004] [aic_model]: pfrac: 1.0 xy_error: 1.62e-05 -9.53e-05   integrators: -0.00334 , -0.01
[INFO] [1778160078.135008120] [aic_model]: insert_cable execute loop
[INFO] [1778160078.160931514] [aic_model]: z_offset: 0.0872
[INFO] [1778160078.161775635] [aic_model]: pfrac: 1.0 xy_error: 0.000103 -0.000147   integrators: -0.00324 , -0.0102
[INFO] [1778160078.211094616] [aic_model]: z_offset: 0.0864
[INFO] [1778160078.211497631] [aic_model]: pfrac: 1.0 xy_error: 0.000197 -0.000196   integrators: -0.00304 , -0.0104
[INFO] [1778160078.260886672] [aic_model]: z_offset: 0.0856
[INFO] [1778160078.262135853] [aic_model]: pfrac: 1.0 xy_error: 0.000292 -0.000208   integrators: -0.00275 , -0.0106
[INFO] [1778160078.310920121] [aic_model]: z_offset: 0.0848
[INFO] [1778160078.311844643] [aic_model]: pfrac: 1.0 xy_error: 0.000371 -0.000225   integrators: -0.00238 , -0.0108
[INFO] [1778160078.361028220] [aic_model]: z_offset: 0.084
[INFO] [1778160078.362253676] [aic_model]: pfrac: 1.0 xy_error: 0.000445 -0.000227   integrators: -0.00193 , -0.011
[INFO] [1778160078.410856685] [aic_model]: z_offset: 0.0832
[INFO] [1778160078.412011839] [aic_model]: pfrac: 1.0 xy_error: 0.000504 -0.000223   integrators: -0.00143 , -0.0113
[INFO] [1778160078.461050144] [aic_model]: z_offset: 0.0824
[INFO] [1778160078.462449526] [aic_model]: pfrac: 1.0 xy_error: 0.000575 -0.000212   integrators: -0.000856 , -0.0115
[INFO] [1778160078.512798947] [aic_model]: z_offset: 0.0816
[INFO] [1778160078.513725703] [aic_model]: pfrac: 1.0 xy_error: 0.000637 -0.000213   integrators: -0.000219 , -0.0117
[INFO] [1778160078.562824731] [aic_model]: z_offset: 0.0808
[INFO] [1778160078.563232435] [aic_model]: pfrac: 1.0 xy_error: 0.000655 -0.000219   integrators: 0.000436 , -0.0119
[INFO] [1778160078.612933882] [aic_model]: z_offset: 0.08
[INFO] [1778160078.614087173] [aic_model]: pfrac: 1.0 xy_error: 0.000672 -0.000229   integrators: 0.00111 , -0.0121
[INFO] [1778160078.662945280] [aic_model]: z_offset: 0.0792
[INFO] [1778160078.664987587] [aic_model]: pfrac: 1.0 xy_error: 0.000672 -0.000221   integrators: 0.00178 , -0.0123
[INFO] [1778160078.715074215] [aic_model]: z_offset: 0.0784
[INFO] [1778160078.716805088] [aic_model]: pfrac: 1.0 xy_error: 0.000665 -0.000199   integrators: 0.00244 , -0.0125
[INFO] [1778160078.768835569] [aic_model]: z_offset: 0.0776
[INFO] [1778160078.769569284] [aic_model]: pfrac: 1.0 xy_error: 0.000657 -0.000189   integrators: 0.0031 , -0.0127
[INFO] [1778160078.819036131] [aic_model]: z_offset: 0.0768
[INFO] [1778160078.820619598] [aic_model]: pfrac: 1.0 xy_error: 0.000645 -0.000195   integrators: 0.00375 , -0.0129
[INFO] [1778160078.870816674] [aic_model]: z_offset: 0.076
[INFO] [1778160078.872052169] [aic_model]: pfrac: 1.0 xy_error: 0.000629 -0.000192   integrators: 0.00438 , -0.0131
[INFO] [1778160078.921027325] [aic_model]: z_offset: 0.0752
[INFO] [1778160078.922696803] [aic_model]: pfrac: 1.0 xy_error: 0.000612 -0.000171   integrators: 0.00499 , -0.0133
[INFO] [1778160078.970803391] [aic_model]: z_offset: 0.0744
[INFO] [1778160078.972102656] [aic_model]: pfrac: 1.0 xy_error: 0.000579 -0.000142   integrators: 0.00557 , -0.0134
[INFO] [1778160079.020813016] [aic_model]: z_offset: 0.0736
[INFO] [1778160079.022161342] [aic_model]: pfrac: 1.0 xy_error: 0.000537 -0.000139   integrators: 0.0061 , -0.0136
[INFO] [1778160079.070775301] [aic_model]: z_offset: 0.0728
[INFO] [1778160079.071640552] [aic_model]: pfrac: 1.0 xy_error: 0.000502 -0.000152   integrators: 0.00661 , -0.0137
[INFO] [1778160079.120821433] [aic_model]: z_offset: 0.072
[INFO] [1778160079.122098436] [aic_model]: pfrac: 1.0 xy_error: 0.000457 -0.000132   integrators: 0.00706 , -0.0139
[INFO] [1778160079.137080619] [aic_model]: insert_cable execute loop
[INFO] [1778160079.170778849] [aic_model]: z_offset: 0.0712
[INFO] [1778160079.171175373] [aic_model]: pfrac: 1.0 xy_error: 0.000416 -0.000117   integrators: 0.00748 , -0.014
[INFO] [1778160079.220801538] [aic_model]: z_offset: 0.0704
[INFO] [1778160079.221479639] [aic_model]: pfrac: 1.0 xy_error: 0.000369 -0.000105   integrators: 0.00785 , -0.0141
[INFO] [1778160079.276425832] [aic_model]: z_offset: 0.0696
[INFO] [1778160079.278442942] [aic_model]: pfrac: 1.0 xy_error: 0.000323 -8.67e-05   integrators: 0.00817 , -0.0142
[INFO] [1778160079.328825104] [aic_model]: z_offset: 0.0688
[INFO] [1778160079.329979787] [aic_model]: pfrac: 1.0 xy_error: 0.000285 -7.08e-05   integrators: 0.00846 , -0.0142
[INFO] [1778160079.378967517] [aic_model]: z_offset: 0.068
[INFO] [1778160079.380157507] [aic_model]: pfrac: 1.0 xy_error: 0.000243 -3.73e-05   integrators: 0.0087 , -0.0143
[INFO] [1778160079.428779801] [aic_model]: z_offset: 0.0672
[INFO] [1778160079.429983887] [aic_model]: pfrac: 1.0 xy_error: 0.000189 -8.78e-06   integrators: 0.00889 , -0.0143
[INFO] [1778160079.478818820] [aic_model]: z_offset: 0.0664
[INFO] [1778160079.480098929] [aic_model]: pfrac: 1.0 xy_error: 0.000155 3.37e-05   integrators: 0.00904 , -0.0143
[INFO] [1778160079.528812595] [aic_model]: z_offset: 0.0656
[INFO] [1778160079.530079198] [aic_model]: pfrac: 1.0 xy_error: 0.000119 7.99e-05   integrators: 0.00916 , -0.0142
[INFO] [1778160079.578817189] [aic_model]: z_offset: 0.0648
[INFO] [1778160079.579639079] [aic_model]: pfrac: 1.0 xy_error: 6.55e-05 0.00012   integrators: 0.00923 , -0.0141
[INFO] [1778160079.630245802] [aic_model]: z_offset: 0.064
[INFO] [1778160079.630942908] [aic_model]: pfrac: 1.0 xy_error: 1.01e-05 0.000167   integrators: 0.00924 , -0.0139
[INFO] [1778160079.681048101] [aic_model]: z_offset: 0.0632
[INFO] [1778160079.682888049] [aic_model]: pfrac: 1.0 xy_error: -4.25e-05 0.000225   integrators: 0.00919 , -0.0137
[INFO] [1778160079.732887333] [aic_model]: z_offset: 0.0624
[INFO] [1778160079.733509169] [aic_model]: pfrac: 1.0 xy_error: -7.77e-05 0.000263   integrators: 0.00912 , -0.0134
[INFO] [1778160079.782841974] [aic_model]: z_offset: 0.0616
[INFO] [1778160079.783523501] [aic_model]: pfrac: 1.0 xy_error: -0.000132 0.000292   integrators: 0.00898 , -0.0131
[INFO] [1778160079.832777239] [aic_model]: z_offset: 0.0608
[INFO] [1778160079.833943434] [aic_model]: pfrac: 1.0 xy_error: -0.000191 0.000295   integrators: 0.00879 , -0.0128
[INFO] [1778160079.882844110] [aic_model]: z_offset: 0.06
[INFO] [1778160079.883272623] [aic_model]: pfrac: 1.0 xy_error: -0.000203 0.000291   integrators: 0.00859 , -0.0125
[INFO] [1778160079.932841211] [aic_model]: z_offset: 0.0592
[INFO] [1778160079.934121911] [aic_model]: pfrac: 1.0 xy_error: -0.000245 0.000261   integrators: 0.00835 , -0.0123
[INFO] [1778160079.982794299] [aic_model]: z_offset: 0.0584
[INFO] [1778160079.983936950] [aic_model]: pfrac: 1.0 xy_error: -0.000297 0.000209   integrators: 0.00805 , -0.012
[INFO] [1778160080.033106831] [aic_model]: z_offset: 0.0576
[INFO] [1778160080.034593716] [aic_model]: pfrac: 1.0 xy_error: -0.000309 0.000157   integrators: 0.00774 , -0.0119
[INFO] [1778160080.084919563] [aic_model]: z_offset: 0.0568
[INFO] [1778160080.086165848] [aic_model]: pfrac: 1.0 xy_error: -0.000331 0.000121   integrators: 0.00741 , -0.0118
[INFO] [1778160080.134805455] [aic_model]: z_offset: 0.056
[INFO] [1778160080.135674804] [aic_model]: pfrac: 1.0 xy_error: -0.000333 0.000102   integrators: 0.00708 , -0.0117
[INFO] [1778160080.136948520] [aic_model]: insert_cable execute loop
[INFO] [1778160080.184797836] [aic_model]: z_offset: 0.0552
[INFO] [1778160080.186010508] [aic_model]: pfrac: 1.0 xy_error: -0.000329 7.88e-05   integrators: 0.00675 , -0.0116
[INFO] [1778160080.234769709] [aic_model]: z_offset: 0.0544
[INFO] [1778160080.235165421] [aic_model]: pfrac: 1.0 xy_error: -0.000314 6.66e-05   integrators: 0.00643 , -0.0115
[INFO] [1778160080.284792758] [aic_model]: z_offset: 0.0536
[INFO] [1778160080.285989721] [aic_model]: pfrac: 1.0 xy_error: -0.000303 4.5e-05   integrators: 0.00613 , -0.0115
[INFO] [1778160080.334762056] [aic_model]: z_offset: 0.0528
[INFO] [1778160080.335391696] [aic_model]: pfrac: 1.0 xy_error: -0.000292 1.37e-05   integrators: 0.00584 , -0.0115
[INFO] [1778160080.384774435] [aic_model]: z_offset: 0.052
[INFO] [1778160080.385588270] [aic_model]: pfrac: 1.0 xy_error: -0.000259 -1.56e-05   integrators: 0.00558 , -0.0115
[INFO] [1778160080.434814826] [aic_model]: z_offset: 0.0512
[INFO] [1778160080.436055220] [aic_model]: pfrac: 1.0 xy_error: -0.000235 -2.56e-05   integrators: 0.00535 , -0.0115
[INFO] [1778160080.484776660] [aic_model]: z_offset: 0.0504
[INFO] [1778160080.485192089] [aic_model]: pfrac: 1.0 xy_error: -0.000207 -4.48e-05   integrators: 0.00514 , -0.0116
[INFO] [1778160080.534804348] [aic_model]: z_offset: 0.0496
[INFO] [1778160080.535625426] [aic_model]: pfrac: 1.0 xy_error: -0.000154 -3.82e-05   integrators: 0.00498 , -0.0116
[INFO] [1778160080.584830553] [aic_model]: z_offset: 0.0488
[INFO] [1778160080.585566922] [aic_model]: pfrac: 1.0 xy_error: -0.00011 -5.49e-05   integrators: 0.00487 , -0.0116
[INFO] [1778160080.634859813] [aic_model]: z_offset: 0.048
[INFO] [1778160080.635277656] [aic_model]: pfrac: 1.0 xy_error: -6.52e-05 -5.71e-05   integrators: 0.00481 , -0.0117
[INFO] [1778160080.684826627] [aic_model]: z_offset: 0.0472
[INFO] [1778160080.686051632] [aic_model]: pfrac: 1.0 xy_error: 1.16e-05 -3.15e-05   integrators: 0.00482 , -0.0117
[INFO] [1778160080.734837212] [aic_model]: z_offset: 0.0464
[INFO] [1778160080.735490807] [aic_model]: pfrac: 1.0 xy_error: 8.96e-05 -2.45e-05   integrators: 0.00491 , -0.0118
[INFO] [1778160080.784797113] [aic_model]: z_offset: 0.0456
[INFO] [1778160080.785183607] [aic_model]: pfrac: 1.0 xy_error: 0.000191 -2.86e-05   integrators: 0.0051 , -0.0118
[INFO] [1778160080.834769607] [aic_model]: z_offset: 0.0448
[INFO] [1778160080.835211014] [aic_model]: pfrac: 1.0 xy_error: 0.00026 -3.81e-05   integrators: 0.00536 , -0.0118
[INFO] [1778160080.884765174] [aic_model]: z_offset: 0.044
[INFO] [1778160080.885633652] [aic_model]: pfrac: 1.0 xy_error: 0.000323 -4.71e-05   integrators: 0.00568 , -0.0119
[INFO] [1778160080.934775990] [aic_model]: z_offset: 0.0432
[INFO] [1778160080.935159659] [aic_model]: pfrac: 1.0 xy_error: 0.000354 -3.52e-05   integrators: 0.00604 , -0.0119
[INFO] [1778160080.984791776] [aic_model]: z_offset: 0.0424
[INFO] [1778160080.985462232] [aic_model]: pfrac: 1.0 xy_error: 0.000393 -5.04e-05   integrators: 0.00643 , -0.012
[INFO] [1778160081.034774549] [aic_model]: z_offset: 0.0416
[INFO] [1778160081.035169128] [aic_model]: pfrac: 1.0 xy_error: 0.000402 -6.21e-05   integrators: 0.00683 , -0.012
[INFO] [1778160081.084781197] [aic_model]: z_offset: 0.0408
[INFO] [1778160081.085624477] [aic_model]: pfrac: 1.0 xy_error: 0.000401 -6.16e-05   integrators: 0.00724 , -0.0121
[INFO] [1778160081.134797312] [aic_model]: z_offset: 0.04
[INFO] [1778160081.135971202] [aic_model]: pfrac: 1.0 xy_error: 0.0004 -6.37e-05   integrators: 0.00764 , -0.0121
[INFO] [1778160081.136996613] [aic_model]: insert_cable execute loop
[INFO] [1778160081.184782871] [aic_model]: z_offset: 0.0392
[INFO] [1778160081.186040086] [aic_model]: pfrac: 1.0 xy_error: 0.00039 -5.16e-05   integrators: 0.00803 , -0.0122
[INFO] [1778160081.234772557] [aic_model]: z_offset: 0.0384
[INFO] [1778160081.235501603] [aic_model]: pfrac: 1.0 xy_error: 0.000382 -5.44e-05   integrators: 0.00841 , -0.0123
[INFO] [1778160081.284836552] [aic_model]: z_offset: 0.0376
[INFO] [1778160081.286097004] [aic_model]: pfrac: 1.0 xy_error: 0.000368 -4.88e-05   integrators: 0.00878 , -0.0123
[INFO] [1778160081.334952424] [aic_model]: z_offset: 0.0368
[INFO] [1778160081.335322408] [aic_model]: pfrac: 1.0 xy_error: 0.00036 -4.84e-05   integrators: 0.00914 , -0.0123
[INFO] [1778160081.384888450] [aic_model]: z_offset: 0.036
[INFO] [1778160081.385262741] [aic_model]: pfrac: 1.0 xy_error: 0.000362 -7.06e-05   integrators: 0.0095 , -0.0124
[INFO] [1778160081.434912330] [aic_model]: z_offset: 0.0352
[INFO] [1778160081.435303573] [aic_model]: pfrac: 1.0 xy_error: 0.000356 -0.000113   integrators: 0.00985 , -0.0125
[INFO] [1778160081.484822187] [aic_model]: z_offset: 0.0344
[INFO] [1778160081.485195316] [aic_model]: pfrac: 1.0 xy_error: 0.000355 -0.000121   integrators: 0.0102 , -0.0127
[INFO] [1778160081.534870693] [aic_model]: z_offset: 0.0336
[INFO] [1778160081.535244984] [aic_model]: pfrac: 1.0 xy_error: 0.000356 -0.00012   integrators: 0.0106 , -0.0128
[INFO] [1778160081.584919590] [aic_model]: z_offset: 0.0328
[INFO] [1778160081.585294102] [aic_model]: pfrac: 1.0 xy_error: 0.000357 -0.00012   integrators: 0.0109 , -0.0129
[INFO] [1778160081.634957546] [aic_model]: z_offset: 0.032
[INFO] [1778160081.635336396] [aic_model]: pfrac: 1.0 xy_error: 0.000359 -0.000119   integrators: 0.0113 , -0.013
[INFO] [1778160081.684966358] [aic_model]: z_offset: 0.0312
[INFO] [1778160081.685349095] [aic_model]: pfrac: 1.0 xy_error: 0.00036 -0.000118   integrators: 0.0116 , -0.0131
[INFO] [1778160081.735003694] [aic_model]: z_offset: 0.0304
[INFO] [1778160081.735407881] [aic_model]: pfrac: 1.0 xy_error: 0.000362 -0.000117   integrators: 0.012 , -0.0132
[INFO] [1778160081.784851223] [aic_model]: z_offset: 0.0296
[INFO] [1778160081.785315032] [aic_model]: pfrac: 1.0 xy_error: 0.000364 -0.000116   integrators: 0.0124 , -0.0134
[INFO] [1778160081.834822254] [aic_model]: z_offset: 0.0288
[INFO] [1778160081.835187910] [aic_model]: pfrac: 1.0 xy_error: 0.000366 -0.000115   integrators: 0.0127 , -0.0135
[INFO] [1778160081.884787705] [aic_model]: z_offset: 0.028
[INFO] [1778160081.885181162] [aic_model]: pfrac: 1.0 xy_error: 0.000367 -0.000113   integrators: 0.0131 , -0.0136
[INFO] [1778160081.934798431] [aic_model]: z_offset: 0.0272
[INFO] [1778160081.935917117] [aic_model]: pfrac: 1.0 xy_error: 0.000369 -0.000113   integrators: 0.0135 , -0.0137
[INFO] [1778160081.984767819] [aic_model]: z_offset: 0.0264
[INFO] [1778160081.986022429] [aic_model]: pfrac: 1.0 xy_error: 0.000371 -0.000111   integrators: 0.0138 , -0.0138
[INFO] [1778160082.034782642] [aic_model]: z_offset: 0.0256
[INFO] [1778160082.035882212] [aic_model]: pfrac: 1.0 xy_error: 0.000373 -0.00011   integrators: 0.0142 , -0.0139
[INFO] [1778160082.084786885] [aic_model]: z_offset: 0.0248
[INFO] [1778160082.085610508] [aic_model]: pfrac: 1.0 xy_error: 0.000376 -0.000109   integrators: 0.0146 , -0.014
[INFO] [1778160082.134833808] [aic_model]: z_offset: 0.024
[INFO] [1778160082.135340798] [aic_model]: pfrac: 1.0 xy_error: 0.000378 -0.000108   integrators: 0.015 , -0.0141
[INFO] [1778160082.136984928] [aic_model]: insert_cable execute loop
[INFO] [1778160082.184762529] [aic_model]: z_offset: 0.0232
[INFO] [1778160082.185259991] [aic_model]: pfrac: 1.0 xy_error: 0.00038 -0.000106   integrators: 0.0153 , -0.0142
[INFO] [1778160082.236614985] [aic_model]: z_offset: 0.0224
[INFO] [1778160082.237011899] [aic_model]: pfrac: 1.0 xy_error: 0.000382 -0.000105   integrators: 0.0157 , -0.0144
[INFO] [1778160082.286853006] [aic_model]: z_offset: 0.0216
[INFO] [1778160082.287507983] [aic_model]: pfrac: 1.0 xy_error: 0.000385 -0.000104   integrators: 0.0161 , -0.0145
[INFO] [1778160082.336793139] [aic_model]: z_offset: 0.0208
[INFO] [1778160082.337275303] [aic_model]: pfrac: 1.0 xy_error: 0.000387 -0.000102   integrators: 0.0165 , -0.0146
[INFO] [1778160082.386795709] [aic_model]: z_offset: 0.02
[INFO] [1778160082.387205808] [aic_model]: pfrac: 1.0 xy_error: 0.000387 -0.000103   integrators: 0.0169 , -0.0147
[INFO] [1778160082.436791266] [aic_model]: z_offset: 0.0192
[INFO] [1778160082.437186166] [aic_model]: pfrac: 1.0 xy_error: 0.000387 -0.000103   integrators: 0.0173 , -0.0148
[INFO] [1778160082.486832158] [aic_model]: z_offset: 0.0184
[INFO] [1778160082.487242527] [aic_model]: pfrac: 1.0 xy_error: 0.000388 -0.000104   integrators: 0.0177 , -0.0149
[INFO] [1778160082.536876676] [aic_model]: z_offset: 0.0176
[INFO] [1778160082.539106063] [aic_model]: pfrac: 1.0 xy_error: 0.000388 -0.000104   integrators: 0.0181 , -0.015
[INFO] [1778160082.588791078] [aic_model]: z_offset: 0.0168
[INFO] [1778160082.589177823] [aic_model]: pfrac: 1.0 xy_error: 0.000388 -0.000104   integrators: 0.0184 , -0.0151
[INFO] [1778160082.638830357] [aic_model]: z_offset: 0.016
[INFO] [1778160082.639258269] [aic_model]: pfrac: 1.0 xy_error: 0.000388 -0.000104   integrators: 0.0188 , -0.0152
[INFO] [1778160082.688957831] [aic_model]: z_offset: 0.0152
[INFO] [1778160082.691132876] [aic_model]: pfrac: 1.0 xy_error: 0.000388 -0.000104   integrators: 0.0192 , -0.0153
[INFO] [1778160082.740790480] [aic_model]: z_offset: 0.0144
[INFO] [1778160082.741349457] [aic_model]: pfrac: 1.0 xy_error: 0.000388 -0.000104   integrators: 0.0196 , -0.0154
[INFO] [1778160082.790790044] [aic_model]: z_offset: 0.0136
[INFO] [1778160082.791198239] [aic_model]: pfrac: 1.0 xy_error: 0.000388 -0.000105   integrators: 0.02 , -0.0155
[INFO] [1778160082.840804065] [aic_model]: z_offset: 0.0128
[INFO] [1778160082.841215045] [aic_model]: pfrac: 1.0 xy_error: 0.000388 -0.000105   integrators: 0.0204 , -0.0156
[INFO] [1778160082.890798470] [aic_model]: z_offset: 0.012
[INFO] [1778160082.891233265] [aic_model]: pfrac: 1.0 xy_error: 0.000388 -0.000105   integrators: 0.0208 , -0.0157
[INFO] [1778160082.940771304] [aic_model]: z_offset: 0.0112
[INFO] [1778160082.941156706] [aic_model]: pfrac: 1.0 xy_error: 0.000388 -0.000105   integrators: 0.0212 , -0.0158
[INFO] [1778160082.990826332] [aic_model]: z_offset: 0.0104
[INFO] [1778160082.991231802] [aic_model]: pfrac: 1.0 xy_error: 0.000388 -0.000106   integrators: 0.0215 , -0.0159
[INFO] [1778160083.040794788] [aic_model]: z_offset: 0.0096
[INFO] [1778160083.041205327] [aic_model]: pfrac: 1.0 xy_error: 0.000388 -0.000106   integrators: 0.0219 , -0.016
[INFO] [1778160083.090802147] [aic_model]: z_offset: 0.0088
[INFO] [1778160083.091194702] [aic_model]: pfrac: 1.0 xy_error: 0.000388 -0.000106   integrators: 0.0223 , -0.0161
[INFO] [1778160083.137026998] [aic_model]: insert_cable execute loop
[INFO] [1778160083.140763789] [aic_model]: z_offset: 0.008
[INFO] [1778160083.143139832] [aic_model]: pfrac: 1.0 xy_error: 0.000388 -0.000106   integrators: 0.0227 , -0.0162
[INFO] [1778160083.192795701] [aic_model]: z_offset: 0.0072
[INFO] [1778160083.193186163] [aic_model]: pfrac: 1.0 xy_error: 0.000388 -0.000107   integrators: 0.0231 , -0.0163
[INFO] [1778160083.242800656] [aic_model]: z_offset: 0.0064
[INFO] [1778160083.243186148] [aic_model]: pfrac: 1.0 xy_error: 0.000388 -0.000107   integrators: 0.0235 , -0.0164
[INFO] [1778160083.292811360] [aic_model]: z_offset: 0.0056
[INFO] [1778160083.295157466] [aic_model]: pfrac: 1.0 xy_error: 0.000388 -0.000107   integrators: 0.0239 , -0.0166
[INFO] [1778160083.344867628] [aic_model]: z_offset: 0.0048
[INFO] [1778160083.345276033] [aic_model]: pfrac: 1.0 xy_error: 0.000388 -0.000107   integrators: 0.0243 , -0.0167
[INFO] [1778160083.394811057] [aic_model]: z_offset: 0.004
[INFO] [1778160083.396815072] [aic_model]: pfrac: 1.0 xy_error: 0.000388 -0.000108   integrators: 0.0246 , -0.0168
[INFO] [1778160083.446837859] [aic_model]: z_offset: 0.0032
[INFO] [1778160083.447233721] [aic_model]: pfrac: 1.0 xy_error: 0.000388 -0.000108   integrators: 0.025 , -0.0169
[INFO] [1778160083.496845679] [aic_model]: z_offset: 0.0024
[INFO] [1778160083.497224248] [aic_model]: pfrac: 1.0 xy_error: 0.000388 -0.000108   integrators: 0.0254 , -0.017
[INFO] [1778160083.546820767] [aic_model]: z_offset: 0.0016
[INFO] [1778160083.549046467] [aic_model]: pfrac: 1.0 xy_error: 0.000388 -0.000109   integrators: 0.0258 , -0.0171
[INFO] [1778160083.598812654] [aic_model]: z_offset: 0.00080001
[INFO] [1778160083.599197485] [aic_model]: pfrac: 1.0 xy_error: 0.000388 -0.000109   integrators: 0.0262 , -0.0172
[INFO] [1778160083.648836022] [aic_model]: z_offset: 5.692e-09
[INFO] [1778160083.649208580] [aic_model]: pfrac: 1.0 xy_error: 0.000388 -0.000109   integrators: 0.0266 , -0.0173
[INFO] [1778160083.698948358] [aic_model]: z_offset: -0.00079999
[INFO] [1778160083.701306256] [aic_model]: pfrac: 1.0 xy_error: 0.000388 -0.00011   integrators: 0.027 , -0.0174
[INFO] [1778160083.750805692] [aic_model]: z_offset: -0.0016
[INFO] [1778160083.751207044] [aic_model]: pfrac: 1.0 xy_error: 0.000388 -0.000111   integrators: 0.0274 , -0.0175
[INFO] [1778160083.800787333] [aic_model]: z_offset: -0.0024
[INFO] [1778160083.801190899] [aic_model]: pfrac: 1.0 xy_error: 0.000388 -0.000111   integrators: 0.0277 , -0.0176
[INFO] [1778160083.850803398] [aic_model]: z_offset: -0.0032
[INFO] [1778160083.851190353] [aic_model]: pfrac: 1.0 xy_error: 0.000387 -0.000112   integrators: 0.0281 , -0.0178
[INFO] [1778160083.900978982] [aic_model]: z_offset: -0.004
[INFO] [1778160083.901809127] [aic_model]: pfrac: 1.0 xy_error: 0.000386 -0.000112   integrators: 0.0285 , -0.0179
[INFO] [1778160083.950813657] [aic_model]: z_offset: -0.0048
[INFO] [1778160083.951250525] [aic_model]: pfrac: 1.0 xy_error: 0.000386 -0.000112   integrators: 0.0289 , -0.018
[INFO] [1778160084.000788494] [aic_model]: z_offset: -0.0056
[INFO] [1778160084.003138077] [aic_model]: pfrac: 1.0 xy_error: 0.000385 -0.000113   integrators: 0.0293 , -0.0181
[INFO] [1778160084.052818963] [aic_model]: z_offset: -0.0064
[INFO] [1778160084.053202462] [aic_model]: pfrac: 1.0 xy_error: 0.000384 -0.000113   integrators: 0.0297 , -0.0182
[INFO] [1778160084.102800182] [aic_model]: z_offset: -0.0072
[INFO] [1778160084.105484011] [aic_model]: pfrac: 1.0 xy_error: 0.000384 -0.000105   integrators: 0.0301 , -0.0183
[INFO] [1778160084.137222650] [aic_model]: insert_cable execute loop
[INFO] [1778160084.154962078] [aic_model]: z_offset: -0.008
[INFO] [1778160084.155337331] [aic_model]: pfrac: 1.0 xy_error: 0.000384 -0.000102   integrators: 0.0304 , -0.0184
[INFO] [1778160084.205058413] [aic_model]: z_offset: -0.0088
[INFO] [1778160084.205508135] [aic_model]: pfrac: 1.0 xy_error: 0.000385 -0.000101   integrators: 0.0308 , -0.0185
[INFO] [1778160084.255598699] [aic_model]: z_offset: -0.0096
[INFO] [1778160084.257019622] [aic_model]: pfrac: 1.0 xy_error: 0.000386 -0.0001   integrators: 0.0312 , -0.0186
[INFO] [1778160084.306796438] [aic_model]: z_offset: -0.0104
[INFO] [1778160084.307177131] [aic_model]: pfrac: 1.0 xy_error: 0.000386 -9.86e-05   integrators: 0.0316 , -0.0187
[INFO] [1778160084.356964267] [aic_model]: z_offset: -0.0112
[INFO] [1778160084.357511563] [aic_model]: pfrac: 1.0 xy_error: 0.000387 -9.79e-05   integrators: 0.032 , -0.0188
[INFO] [1778160084.407056845] [aic_model]: z_offset: -0.012
[INFO] [1778160084.409591905] [aic_model]: pfrac: 1.0 xy_error: 0.000388 -9.54e-05   integrators: 0.0324 , -0.0189
[INFO] [1778160084.458945288] [aic_model]: z_offset: -0.0128
[INFO] [1778160084.459540343] [aic_model]: pfrac: 1.0 xy_error: 0.000389 -9.47e-05   integrators: 0.0328 , -0.019
[INFO] [1778160084.508952125] [aic_model]: z_offset: -0.0136
[INFO] [1778160084.509515581] [aic_model]: pfrac: 1.0 xy_error: 0.000389 -9.41e-05   integrators: 0.0332 , -0.0191
[INFO] [1778160084.558875296] [aic_model]: z_offset: -0.0144
[INFO] [1778160084.559561361] [aic_model]: pfrac: 1.0 xy_error: 0.00039 -9.25e-05   integrators: 0.0335 , -0.0192
[INFO] [1778160084.609083220] [aic_model]: z_offset: -0.0152
[INFO] [1778160084.610037939] [aic_model]: pfrac: 1.0 xy_error: 0.000391 -9.2e-05   integrators: 0.0339 , -0.0193
[INFO] [1778160084.658920539] [aic_model]: z_offset: -0.016
[INFO] [1778160084.659519622] [aic_model]: pfrac: 1.0 xy_error: 0.000392 -9.11e-05   integrators: 0.0343 , -0.0194
[INFO] [1778160084.709192243] [aic_model]: z_offset: -0.0168
[INFO] [1778160084.711467626] [aic_model]: pfrac: 1.0 xy_error: 0.000393 -9e-05   integrators: 0.0347 , -0.0195
[INFO] [1778160084.761581855] [aic_model]: z_offset: -0.0176
[INFO] [1778160084.762994352] [aic_model]: pfrac: 1.0 xy_error: 0.000393 -8.82e-05   integrators: 0.0351 , -0.0195
[INFO] [1778160084.812839045] [aic_model]: z_offset: -0.0184
[INFO] [1778160084.813252029] [aic_model]: pfrac: 1.0 xy_error: 0.000394 -8.68e-05   integrators: 0.0355 , -0.0196
[INFO] [1778160084.862810145] [aic_model]: z_offset: -0.0192
[INFO] [1778160084.863219653] [aic_model]: pfrac: 1.0 xy_error: 0.000395 -8.52e-05   integrators: 0.0359 , -0.0197
[INFO] [1778160084.912848552] [aic_model]: z_offset: -0.02
[INFO] [1778160084.913462041] [aic_model]: pfrac: 1.0 xy_error: 0.000394 -8.45e-05   integrators: 0.0363 , -0.0198
[INFO] [1778160084.962847414] [aic_model]: z_offset: -0.0208
[INFO] [1778160084.963258024] [aic_model]: pfrac: 1.0 xy_error: 0.000395 -8.34e-05   integrators: 0.0367 , -0.0199
[INFO] [1778160085.012852137] [aic_model]: z_offset: -0.0216
[INFO] [1778160085.013246877] [aic_model]: pfrac: 1.0 xy_error: 0.000396 -8.22e-05   integrators: 0.0371 , -0.02
[INFO] [1778160085.062873121] [aic_model]: z_offset: -0.0224
[INFO] [1778160085.067007858] [aic_model]: pfrac: 1.0 xy_error: 0.000396 -8.09e-05   integrators: 0.0375 , -0.0201
[INFO] [1778160085.116879011] [aic_model]: z_offset: -0.0232
[INFO] [1778160085.117288518] [aic_model]: pfrac: 1.0 xy_error: 0.000395 -8.01e-05   integrators: 0.0379 , -0.0201
[INFO] [1778160085.137015580] [aic_model]: insert_cable execute loop
[INFO] [1778160085.167136257] [aic_model]: z_offset: -0.024
[INFO] [1778160085.168682594] [aic_model]: pfrac: 1.0 xy_error: 0.000396 -7.82e-05   integrators: 0.0383 , -0.0202
[INFO] [1778160085.218824835] [aic_model]: z_offset: -0.0248
[INFO] [1778160085.219251615] [aic_model]: pfrac: 1.0 xy_error: 0.000395 -7.8e-05   integrators: 0.0387 , -0.0203
[INFO] [1778160085.268853323] [aic_model]: z_offset: -0.0256
[INFO] [1778160085.269242983] [aic_model]: pfrac: 1.0 xy_error: 0.000394 -7.8e-05   integrators: 0.0391 , -0.0204
[INFO] [1778160085.319153219] [aic_model]: Waiting for connector to stabilize...
[INFO] [1778160086.138885006] [aic_model]: insert_cable execute loop
[INFO] [1778160087.138987185] [aic_model]: insert_cable execute loop
[INFO] [1778160087.319444122] [aic_model]: AutoCode2.insert_cable() exiting...
[INFO] [1778160088.139044523] [aic_model]: insert_cable() returned True
[INFO] [1778160088.872774157] [aic_model]: on_deactivate(LifecycleState(label='active', state_id=3))
[INFO] [1778160089.189110435] [aic_model]: on_cleanup(LifecycleState(label='inactive', state_id=2))
[INFO] [1778160089.189670444] [aic_model]: on_shutdown(LifecycleState(label='unconfigured', state_id=1))
