[INFO] [1775239872.742900541] [aic_model]: Loading policy module: aic_example_policies.ros.CheatCode
[INFO] [1775239872.747566809] [aic_model]: Loaded policy module aic_example_policies.ros.CheatCode
[INFO] [1775239872.747741676] [aic_model]: Using policy: CheatCode
[INFO] [1775239882.529922744] [aic_model]: on_configure(LifecycleState(label='unconfigured', state_id=1))
[INFO] [1775239882.530080940] [aic_model]: Instantiating policy...
[INFO] [1775239882.531699608] [aic_model]: Policy.__init__()
[ERROR] [1775239882.532553074] [aic_model]: aic_model lifecycle is not in the active state
[INFO] [1775239883.531380322] [aic_model]: on_activate()
[INFO] [1775239891.348798474] [aic_model]: Goal accepted
[INFO] [1775239891.350906136] [aic_model]: Entering insert_cable_execute_callback()
[INFO] [1775239891.352294483] [aic_model]: insert_cable execute loop
[INFO] [1775239891.352802924] [aic_model]: CheatCode.insert_cable() task: aic_task_interfaces.msg.Task(id='task_1', cable_type='sfp_sc', cable_name='cable_0', plug_type='sfp', plug_name='sfp_tip', port_type='sfp', port_name='sfp_port_0', target_module_name='nic_card_mount_2', time_limit=180)
[INFO] [1775239891.353298301] [aic_model]: pfrac: 0.0 xy_error: -0.0277 -0.0217   integrators: 0.0 , 0.0
[INFO] [1775239891.353539662] [aic_model]: Setting cartesian mode...
[INFO] [1775239891.358907522] [aic_model]: Successfully set target mode
[2m2026-04-03T18:11:31.359885Z[0m [33m WARN[0m Watchdog Confirmator ThreadId(08) [2mzenoh_shm::watchdog::periodic_task[0m[2m:[0m Some("Watchdog Confirmator"): error setting scheduling priority for thread: OS(1), will run with priority 48. This is not an hard error and it can be safely ignored under normal operating conditions. Though the SHM subsystem may experience some timeouts in case of an heavy congested system where this watchdog thread may not be scheduled at the required frequency.
[2m2026-04-03T18:11:31.361017Z[0m [33m WARN[0m   Watchdog Validator ThreadId(09) [2mzenoh_shm::watchdog::periodic_task[0m[2m:[0m Some("Watchdog Validator"): error setting scheduling priority for thread: OS(1), will run with priority 48. This is not an hard error and it can be safely ignored under normal operating conditions. Though the SHM subsystem may experience some timeouts in case of an heavy congested system where this watchdog thread may not be scheduled at the required frequency.
[INFO] [1775239891.409658565] [aic_model]: pfrac: 0.01 xy_error: -0.0276 -0.0217   integrators: 0.0 , 0.0
[INFO] [1775239891.458967471] [aic_model]: pfrac: 0.02 xy_error: -0.0275 -0.0216   integrators: 0.0 , 0.0
[INFO] [1775239891.509903451] [aic_model]: pfrac: 0.03 xy_error: -0.0274 -0.0215   integrators: 0.0 , 0.0
[INFO] [1775239891.560892800] [aic_model]: pfrac: 0.04 xy_error: -0.0273 -0.0212   integrators: 0.0 , 0.0
[INFO] [1775239891.611765961] [aic_model]: pfrac: 0.05 xy_error: -0.0272 -0.021   integrators: 0.0 , 0.0
[INFO] [1775239891.661733289] [aic_model]: pfrac: 0.06 xy_error: -0.027 -0.0206   integrators: 0.0 , 0.0
[INFO] [1775239891.711087049] [aic_model]: pfrac: 0.07 xy_error: -0.0268 -0.0203   integrators: 0.0 , 0.0
[INFO] [1775239891.761680337] [aic_model]: pfrac: 0.08 xy_error: -0.0266 -0.0199   integrators: 0.0 , 0.0
[INFO] [1775239891.811315944] [aic_model]: pfrac: 0.09 xy_error: -0.0264 -0.0195   integrators: 0.0 , 0.0
[INFO] [1775239891.860950560] [aic_model]: pfrac: 0.1 xy_error: -0.0261 -0.019   integrators: 0.0 , 0.0
[INFO] [1775239891.911739324] [aic_model]: pfrac: 0.11 xy_error: -0.0259 -0.0186   integrators: 0.0 , 0.0
[INFO] [1775239891.961731297] [aic_model]: pfrac: 0.12 xy_error: -0.0256 -0.0181   integrators: 0.0 , 0.0
[INFO] [1775239892.011442776] [aic_model]: pfrac: 0.13 xy_error: -0.0254 -0.0177   integrators: 0.0 , 0.0
[INFO] [1775239892.061703453] [aic_model]: pfrac: 0.14 xy_error: -0.0251 -0.0172   integrators: 0.0 , 0.0
[INFO] [1775239892.111635113] [aic_model]: pfrac: 0.15 xy_error: -0.0248 -0.0167   integrators: 0.0 , 0.0
[INFO] [1775239892.161336534] [aic_model]: pfrac: 0.16 xy_error: -0.0244 -0.0162   integrators: 0.0 , 0.0
[INFO] [1775239892.211746629] [aic_model]: pfrac: 0.17 xy_error: -0.0241 -0.0157   integrators: 0.0 , 0.0
[INFO] [1775239892.261638796] [aic_model]: pfrac: 0.18 xy_error: -0.0237 -0.0152   integrators: 0.0 , 0.0
[INFO] [1775239892.311899222] [aic_model]: pfrac: 0.19 xy_error: -0.0234 -0.0147   integrators: 0.0 , 0.0
[INFO] [1775239892.352052183] [aic_model]: insert_cable execute loop
[INFO] [1775239892.361855840] [aic_model]: pfrac: 0.2 xy_error: -0.0229 -0.0142   integrators: 0.0 , 0.0
[INFO] [1775239892.410928854] [aic_model]: pfrac: 0.21 xy_error: -0.0225 -0.0137   integrators: 0.0 , 0.0
[INFO] [1775239892.461768564] [aic_model]: pfrac: 0.22 xy_error: -0.022 -0.0132   integrators: 0.0 , 0.0
[INFO] [1775239892.511694243] [aic_model]: pfrac: 0.23 xy_error: -0.0216 -0.0127   integrators: 0.0 , 0.0
[INFO] [1775239892.562832371] [aic_model]: pfrac: 0.24 xy_error: -0.0211 -0.0122   integrators: 0.0 , 0.0
[INFO] [1775239892.613786875] [aic_model]: pfrac: 0.25 xy_error: -0.0205 -0.0117   integrators: 0.0 , 0.0
[INFO] [1775239892.663328206] [aic_model]: pfrac: 0.26 xy_error: -0.02 -0.0112   integrators: 0.0 , 0.0
[INFO] [1775239892.713772726] [aic_model]: pfrac: 0.27 xy_error: -0.0194 -0.0107   integrators: 0.0 , 0.0
[INFO] [1775239892.763255998] [aic_model]: pfrac: 0.28 xy_error: -0.0189 -0.0102   integrators: 0.0 , 0.0
[INFO] [1775239892.813771501] [aic_model]: pfrac: 0.29 xy_error: -0.0184 -0.00968   integrators: 0.0 , 0.0
[INFO] [1775239892.863827053] [aic_model]: pfrac: 0.3 xy_error: -0.0178 -0.00918   integrators: 0.0 , 0.0
[INFO] [1775239892.913390305] [aic_model]: pfrac: 0.31 xy_error: -0.0172 -0.00869   integrators: 0.0 , 0.0
[INFO] [1775239892.963617348] [aic_model]: pfrac: 0.32 xy_error: -0.0166 -0.00825   integrators: 0.0 , 0.0
[INFO] [1775239893.013745667] [aic_model]: pfrac: 0.33 xy_error: -0.0161 -0.0078   integrators: 0.0 , 0.0
[INFO] [1775239893.063820245] [aic_model]: pfrac: 0.34 xy_error: -0.0155 -0.00739   integrators: 0.0 , 0.0
[INFO] [1775239893.113816266] [aic_model]: pfrac: 0.35 xy_error: -0.0149 -0.00699   integrators: 0.0 , 0.0
[INFO] [1775239893.163704155] [aic_model]: pfrac: 0.36 xy_error: -0.0143 -0.00661   integrators: 0.0 , 0.0
[INFO] [1775239893.213766030] [aic_model]: pfrac: 0.37 xy_error: -0.0138 -0.00622   integrators: 0.0 , 0.0
[INFO] [1775239893.263726925] [aic_model]: pfrac: 0.38 xy_error: -0.0132 -0.00586   integrators: 0.0 , 0.0
[INFO] [1775239893.313628670] [aic_model]: pfrac: 0.39 xy_error: -0.0126 -0.00551   integrators: 0.0 , 0.0
[INFO] [1775239893.351150540] [aic_model]: insert_cable execute loop
[INFO] [1775239893.363713137] [aic_model]: pfrac: 0.4 xy_error: -0.0121 -0.00515   integrators: 0.0 , 0.0
[INFO] [1775239893.413782926] [aic_model]: pfrac: 0.41 xy_error: -0.0115 -0.00483   integrators: 0.0 , 0.0
[INFO] [1775239893.463724746] [aic_model]: pfrac: 0.42 xy_error: -0.0108 -0.00449   integrators: 0.0 , 0.0
[INFO] [1775239893.513766753] [aic_model]: pfrac: 0.43 xy_error: -0.0103 -0.00419   integrators: 0.0 , 0.0
[INFO] [1775239893.563726406] [aic_model]: pfrac: 0.44 xy_error: -0.00971 -0.00392   integrators: 0.0 , 0.0
[INFO] [1775239893.613712499] [aic_model]: pfrac: 0.45 xy_error: -0.00914 -0.00366   integrators: 0.0 , 0.0
[INFO] [1775239893.663796064] [aic_model]: pfrac: 0.46 xy_error: -0.00859 -0.00341   integrators: 0.0 , 0.0
[INFO] [1775239893.713859902] [aic_model]: pfrac: 0.47 xy_error: -0.00806 -0.00315   integrators: 0.0 , 0.0
[INFO] [1775239893.763061107] [aic_model]: pfrac: 0.48 xy_error: -0.00754 -0.00291   integrators: 0.0 , 0.0
[INFO] [1775239893.813441136] [aic_model]: pfrac: 0.49 xy_error: -0.00702 -0.00269   integrators: 0.0 , 0.0
[INFO] [1775239893.863814113] [aic_model]: pfrac: 0.5 xy_error: -0.00652 -0.00248   integrators: 0.0 , 0.0
[INFO] [1775239893.913707482] [aic_model]: pfrac: 0.51 xy_error: -0.00603 -0.00233   integrators: 0.0 , 0.0
[INFO] [1775239893.963972837] [aic_model]: pfrac: 0.52 xy_error: -0.00553 -0.00219   integrators: 0.0 , 0.0
[INFO] [1775239894.013679888] [aic_model]: pfrac: 0.53 xy_error: -0.00508 -0.00204   integrators: 0.0 , 0.0
[INFO] [1775239894.063731543] [aic_model]: pfrac: 0.54 xy_error: -0.00461 -0.00187   integrators: 0.0 , 0.0
[INFO] [1775239894.113825838] [aic_model]: pfrac: 0.55 xy_error: -0.00416 -0.00171   integrators: 0.0 , 0.0
[INFO] [1775239894.163742170] [aic_model]: pfrac: 0.56 xy_error: -0.00374 -0.00155   integrators: 0.0 , 0.0
[INFO] [1775239894.213724476] [aic_model]: pfrac: 0.57 xy_error: -0.00331 -0.00139   integrators: 0.0 , 0.0
[INFO] [1775239894.262949705] [aic_model]: pfrac: 0.58 xy_error: -0.00292 -0.00124   integrators: 0.0 , 0.0
[INFO] [1775239894.313697934] [aic_model]: pfrac: 0.59 xy_error: -0.00254 -0.00111   integrators: 0.0 , 0.0
[INFO] [1775239894.351882323] [aic_model]: insert_cable execute loop
[INFO] [1775239894.363309215] [aic_model]: pfrac: 0.6 xy_error: -0.00216 -0.000976   integrators: 0.0 , 0.0
[INFO] [1775239894.413821973] [aic_model]: pfrac: 0.61 xy_error: -0.00181 -0.000879   integrators: 0.0 , 0.0
[INFO] [1775239894.463873859] [aic_model]: pfrac: 0.62 xy_error: -0.00148 -0.000792   integrators: 0.0 , 0.0
[INFO] [1775239894.513681357] [aic_model]: pfrac: 0.63 xy_error: -0.00116 -0.00071   integrators: 0.0 , 0.0
[INFO] [1775239894.563331942] [aic_model]: pfrac: 0.64 xy_error: -0.00086 -0.000627   integrators: 0.0 , 0.0
[INFO] [1775239894.613747889] [aic_model]: pfrac: 0.65 xy_error: -0.00056 -0.000504   integrators: 0.0 , 0.0
[INFO] [1775239894.663823810] [aic_model]: pfrac: 0.66 xy_error: -0.000293 -0.000385   integrators: 0.0 , 0.0
[INFO] [1775239894.713644814] [aic_model]: pfrac: 0.67 xy_error: -3.31e-05 -0.000266   integrators: 0.0 , 0.0
[INFO] [1775239894.763192887] [aic_model]: pfrac: 0.68 xy_error: 0.000211 -0.000162   integrators: 0.0 , 0.0
[INFO] [1775239894.813751250] [aic_model]: pfrac: 0.69 xy_error: 0.000422 -7.05e-05   integrators: 0.0 , 0.0
[INFO] [1775239894.863656451] [aic_model]: pfrac: 0.7 xy_error: 0.000648 1.05e-05   integrators: 0.0 , 0.0
[INFO] [1775239894.913787015] [aic_model]: pfrac: 0.71 xy_error: 0.000847 0.000101   integrators: 0.0 , 0.0
[INFO] [1775239894.963599943] [aic_model]: pfrac: 0.72 xy_error: 0.00104 0.000206   integrators: 0.0 , 0.0
[INFO] [1775239895.013732039] [aic_model]: pfrac: 0.73 xy_error: 0.00122 0.00031   integrators: 0.0 , 0.0
[INFO] [1775239895.063347879] [aic_model]: pfrac: 0.74 xy_error: 0.00133 0.00039   integrators: 0.0 , 0.0
[INFO] [1775239895.113456802] [aic_model]: pfrac: 0.75 xy_error: 0.00146 0.000487   integrators: 0.0 , 0.0
[INFO] [1775239895.163780736] [aic_model]: pfrac: 0.76 xy_error: 0.00158 0.000581   integrators: 0.0 , 0.0
[INFO] [1775239895.213883046] [aic_model]: pfrac: 0.77 xy_error: 0.0017 0.000658   integrators: 0.0 , 0.0
[INFO] [1775239895.263393980] [aic_model]: pfrac: 0.78 xy_error: 0.00179 0.000739   integrators: 0.0 , 0.0
[INFO] [1775239895.312947263] [aic_model]: pfrac: 0.79 xy_error: 0.00188 0.000832   integrators: 0.0 , 0.0
[INFO] [1775239895.351874322] [aic_model]: insert_cable execute loop
[INFO] [1775239895.363676246] [aic_model]: pfrac: 0.8 xy_error: 0.00196 0.000915   integrators: 0.0 , 0.0
[INFO] [1775239895.413026810] [aic_model]: pfrac: 0.81 xy_error: 0.00204 0.000993   integrators: 0.0 , 0.0
[INFO] [1775239895.463862522] [aic_model]: pfrac: 0.82 xy_error: 0.00208 0.00107   integrators: 0.0 , 0.0
[INFO] [1775239895.512958760] [aic_model]: pfrac: 0.83 xy_error: 0.00213 0.00111   integrators: 0.0 , 0.0
[INFO] [1775239895.563754226] [aic_model]: pfrac: 0.84 xy_error: 0.00215 0.00118   integrators: 0.0 , 0.0
[INFO] [1775239895.613031844] [aic_model]: pfrac: 0.85 xy_error: 0.00218 0.00124   integrators: 0.0 , 0.0
[INFO] [1775239895.662948647] [aic_model]: pfrac: 0.86 xy_error: 0.0022 0.00132   integrators: 0.0 , 0.0
[INFO] [1775239895.712961209] [aic_model]: pfrac: 0.87 xy_error: 0.00223 0.00141   integrators: 0.0 , 0.0
[INFO] [1775239895.763799265] [aic_model]: pfrac: 0.88 xy_error: 0.00226 0.00149   integrators: 0.0 , 0.0
[INFO] [1775239895.813327422] [aic_model]: pfrac: 0.89 xy_error: 0.00226 0.00155   integrators: 0.0 , 0.0
[INFO] [1775239895.863734953] [aic_model]: pfrac: 0.9 xy_error: 0.00226 0.00159   integrators: 0.0 , 0.0
[INFO] [1775239895.913599548] [aic_model]: pfrac: 0.91 xy_error: 0.00225 0.00165   integrators: 0.0 , 0.0
[INFO] [1775239895.963310907] [aic_model]: pfrac: 0.92 xy_error: 0.00222 0.00171   integrators: 0.0 , 0.0
[INFO] [1775239896.013757821] [aic_model]: pfrac: 0.93 xy_error: 0.0022 0.00175   integrators: 0.0 , 0.0
[INFO] [1775239896.063752370] [aic_model]: pfrac: 0.94 xy_error: 0.00217 0.00178   integrators: 0.0 , 0.0
[INFO] [1775239896.113710350] [aic_model]: pfrac: 0.95 xy_error: 0.00217 0.00182   integrators: 0.0 , 0.0
[INFO] [1775239896.163065513] [aic_model]: pfrac: 0.96 xy_error: 0.00215 0.00185   integrators: 0.0 , 0.0
[INFO] [1775239896.212964292] [aic_model]: pfrac: 0.97 xy_error: 0.00212 0.00185   integrators: 0.0 , 0.0
[INFO] [1775239896.262954012] [aic_model]: pfrac: 0.98 xy_error: 0.00207 0.00185   integrators: 0.0 , 0.0
[INFO] [1775239896.312928913] [aic_model]: pfrac: 0.99 xy_error: 0.00202 0.00184   integrators: 0.0 , 0.0
[INFO] [1775239896.352002676] [aic_model]: insert_cable execute loop
[INFO] [1775239896.362743866] [aic_model]: z_offset: 0.1995
[INFO] [1775239896.363982022] [aic_model]: pfrac: 1.0 xy_error: 0.00199 0.00187   integrators: 0.00199 , 0.00187
[INFO] [1775239896.412890389] [aic_model]: z_offset: 0.199
[INFO] [1775239896.414101664] [aic_model]: pfrac: 1.0 xy_error: 0.00192 0.00188   integrators: 0.00391 , 0.00375
[INFO] [1775239896.462747530] [aic_model]: z_offset: 0.1985
[INFO] [1775239896.463924472] [aic_model]: pfrac: 1.0 xy_error: 0.00186 0.00186   integrators: 0.00578 , 0.00561
[INFO] [1775239896.512739604] [aic_model]: z_offset: 0.198
[INFO] [1775239896.513881019] [aic_model]: pfrac: 1.0 xy_error: 0.00179 0.00183   integrators: 0.00756 , 0.00743
[INFO] [1775239896.562759360] [aic_model]: z_offset: 0.1975
[INFO] [1775239896.563953623] [aic_model]: pfrac: 1.0 xy_error: 0.00168 0.00176   integrators: 0.00925 , 0.00919
[INFO] [1775239896.612798532] [aic_model]: z_offset: 0.197
[INFO] [1775239896.614008094] [aic_model]: pfrac: 1.0 xy_error: 0.0016 0.0017   integrators: 0.0108 , 0.0109
[INFO] [1775239896.662855116] [aic_model]: z_offset: 0.1965
[INFO] [1775239896.664036807] [aic_model]: pfrac: 1.0 xy_error: 0.00149 0.00163   integrators: 0.0123 , 0.0125
[INFO] [1775239896.712755569] [aic_model]: z_offset: 0.196
[INFO] [1775239896.713915779] [aic_model]: pfrac: 1.0 xy_error: 0.00138 0.00155   integrators: 0.0137 , 0.0141
[INFO] [1775239896.762758623] [aic_model]: z_offset: 0.1955
[INFO] [1775239896.763942558] [aic_model]: pfrac: 1.0 xy_error: 0.00123 0.00142   integrators: 0.015 , 0.0155
[INFO] [1775239896.814089121] [aic_model]: z_offset: 0.195
[INFO] [1775239896.814733867] [aic_model]: pfrac: 1.0 xy_error: 0.00105 0.00126   integrators: 0.016 , 0.0168
[INFO] [1775239896.864893564] [aic_model]: z_offset: 0.1945
[INFO] [1775239896.865781565] [aic_model]: pfrac: 1.0 xy_error: 0.00087 0.00112   integrators: 0.0169 , 0.0179
[INFO] [1775239896.914765643] [aic_model]: z_offset: 0.194
[INFO] [1775239896.915155823] [aic_model]: pfrac: 1.0 xy_error: 0.000709 0.000971   integrators: 0.0176 , 0.0189
[INFO] [1775239896.964802481] [aic_model]: z_offset: 0.1935
[INFO] [1775239896.966004339] [aic_model]: pfrac: 1.0 xy_error: 0.000559 0.000837   integrators: 0.0181 , 0.0197
[INFO] [1775239897.014864446] [aic_model]: z_offset: 0.193
[INFO] [1775239897.016143608] [aic_model]: pfrac: 1.0 xy_error: 0.000425 0.000688   integrators: 0.0186 , 0.0204
[INFO] [1775239897.064746874] [aic_model]: z_offset: 0.1925
[INFO] [1775239897.065790887] [aic_model]: pfrac: 1.0 xy_error: 0.000288 0.000545   integrators: 0.0189 , 0.0209
[INFO] [1775239897.114764526] [aic_model]: z_offset: 0.192
[INFO] [1775239897.115985279] [aic_model]: pfrac: 1.0 xy_error: 0.000153 0.000389   integrators: 0.019 , 0.0213
[INFO] [1775239897.164834416] [aic_model]: z_offset: 0.1915
[INFO] [1775239897.165494891] [aic_model]: pfrac: 1.0 xy_error: 4.84e-06 0.000212   integrators: 0.019 , 0.0215
[INFO] [1775239897.214809648] [aic_model]: z_offset: 0.191
[INFO] [1775239897.215879910] [aic_model]: pfrac: 1.0 xy_error: -0.000113 7.1e-05   integrators: 0.0189 , 0.0216
[INFO] [1775239897.264755115] [aic_model]: z_offset: 0.1905
[INFO] [1775239897.265564479] [aic_model]: pfrac: 1.0 xy_error: -0.000225 -6.64e-05   integrators: 0.0187 , 0.0215
[INFO] [1775239897.314778197] [aic_model]: z_offset: 0.19
[INFO] [1775239897.315394569] [aic_model]: pfrac: 1.0 xy_error: -0.000319 -0.000176   integrators: 0.0184 , 0.0214
[INFO] [1775239897.351049828] [aic_model]: insert_cable execute loop
[INFO] [1775239897.364727531] [aic_model]: z_offset: 0.1895
[INFO] [1775239897.365085099] [aic_model]: pfrac: 1.0 xy_error: -0.000401 -0.000307   integrators: 0.018 , 0.021
[INFO] [1775239897.414756484] [aic_model]: z_offset: 0.189
[INFO] [1775239897.415157574] [aic_model]: pfrac: 1.0 xy_error: -0.000485 -0.000428   integrators: 0.0175 , 0.0206
[INFO] [1775239897.464759468] [aic_model]: z_offset: 0.1885
[INFO] [1775239897.465134088] [aic_model]: pfrac: 1.0 xy_error: -0.000559 -0.000516   integrators: 0.0169 , 0.0201
[INFO] [1775239897.514885863] [aic_model]: z_offset: 0.188
[INFO] [1775239897.515281072] [aic_model]: pfrac: 1.0 xy_error: -0.000617 -0.000605   integrators: 0.0163 , 0.0195
[INFO] [1775239897.564761469] [aic_model]: z_offset: 0.1875
[INFO] [1775239897.565159113] [aic_model]: pfrac: 1.0 xy_error: -0.000654 -0.000664   integrators: 0.0156 , 0.0188
[INFO] [1775239897.614763973] [aic_model]: z_offset: 0.187
[INFO] [1775239897.615854322] [aic_model]: pfrac: 1.0 xy_error: -0.000682 -0.000725   integrators: 0.015 , 0.0181
[INFO] [1775239897.664787405] [aic_model]: z_offset: 0.1865
[INFO] [1775239897.665190288] [aic_model]: pfrac: 1.0 xy_error: -0.000691 -0.000752   integrators: 0.0143 , 0.0174
[INFO] [1775239897.714798464] [aic_model]: z_offset: 0.186
[INFO] [1775239897.715201759] [aic_model]: pfrac: 1.0 xy_error: -0.000699 -0.000777   integrators: 0.0136 , 0.0166
[INFO] [1775239897.764762957] [aic_model]: z_offset: 0.1855
[INFO] [1775239897.765177001] [aic_model]: pfrac: 1.0 xy_error: -0.000671 -0.000774   integrators: 0.0129 , 0.0158
[INFO] [1775239897.815303486] [aic_model]: z_offset: 0.185
[INFO] [1775239897.816675493] [aic_model]: pfrac: 1.0 xy_error: -0.000614 -0.000761   integrators: 0.0123 , 0.015
[INFO] [1775239897.866841963] [aic_model]: z_offset: 0.1845
[INFO] [1775239897.867723692] [aic_model]: pfrac: 1.0 xy_error: -0.000553 -0.000739   integrators: 0.0117 , 0.0143
[INFO] [1775239897.916774265] [aic_model]: z_offset: 0.184
[INFO] [1775239897.917163894] [aic_model]: pfrac: 1.0 xy_error: -0.000513 -0.000726   integrators: 0.0112 , 0.0136
[INFO] [1775239897.966762752] [aic_model]: z_offset: 0.1835
[INFO] [1775239897.967135078] [aic_model]: pfrac: 1.0 xy_error: -0.000475 -0.000715   integrators: 0.0107 , 0.0129
[INFO] [1775239898.016763071] [aic_model]: z_offset: 0.183
[INFO] [1775239898.017132222] [aic_model]: pfrac: 1.0 xy_error: -0.000434 -0.000696   integrators: 0.0103 , 0.0122
[INFO] [1775239898.066783158] [aic_model]: z_offset: 0.1825
[INFO] [1775239898.067187384] [aic_model]: pfrac: 1.0 xy_error: -0.000362 -0.000687   integrators: 0.00994 , 0.0115
[INFO] [1775239898.116746578] [aic_model]: z_offset: 0.182
[INFO] [1775239898.117148179] [aic_model]: pfrac: 1.0 xy_error: -0.000298 -0.000639   integrators: 0.00965 , 0.0108
[INFO] [1775239898.166766694] [aic_model]: z_offset: 0.1815
[INFO] [1775239898.167154820] [aic_model]: pfrac: 1.0 xy_error: -0.000227 -0.000591   integrators: 0.00942 , 0.0102
[INFO] [1775239898.216787452] [aic_model]: z_offset: 0.181
[INFO] [1775239898.217305000] [aic_model]: pfrac: 1.0 xy_error: -0.000172 -0.00054   integrators: 0.00925 , 0.00971
[INFO] [1775239898.266828397] [aic_model]: z_offset: 0.1805
[INFO] [1775239898.267957199] [aic_model]: pfrac: 1.0 xy_error: -9.25e-05 -0.000486   integrators: 0.00915 , 0.00922
[INFO] [1775239898.316774325] [aic_model]: z_offset: 0.18
[INFO] [1775239898.317182458] [aic_model]: pfrac: 1.0 xy_error: -5.1e-06 -0.000424   integrators: 0.00915 , 0.0088
[INFO] [1775239898.351174636] [aic_model]: insert_cable execute loop
[INFO] [1775239898.366999795] [aic_model]: z_offset: 0.1795
[INFO] [1775239898.368121323] [aic_model]: pfrac: 1.0 xy_error: 7.06e-05 -0.000351   integrators: 0.00922 , 0.00845
[INFO] [1775239898.418242458] [aic_model]: z_offset: 0.179
[INFO] [1775239898.418849754] [aic_model]: pfrac: 1.0 xy_error: 0.000136 -0.000309   integrators: 0.00936 , 0.00814
[INFO] [1775239898.468775404] [aic_model]: z_offset: 0.1785
[INFO] [1775239898.469174460] [aic_model]: pfrac: 1.0 xy_error: 0.000201 -0.00027   integrators: 0.00956 , 0.00787
[INFO] [1775239898.518781063] [aic_model]: z_offset: 0.178
[INFO] [1775239898.519178346] [aic_model]: pfrac: 1.0 xy_error: 0.000256 -0.000242   integrators: 0.00981 , 0.00763
[INFO] [1775239898.568807401] [aic_model]: z_offset: 0.1775
[INFO] [1775239898.569198473] [aic_model]: pfrac: 1.0 xy_error: 0.000301 -0.000212   integrators: 0.0101 , 0.00741
[INFO] [1775239898.619118532] [aic_model]: z_offset: 0.177
[INFO] [1775239898.620291055] [aic_model]: pfrac: 1.0 xy_error: 0.000364 -0.000179   integrators: 0.0105 , 0.00724
[INFO] [1775239898.668758146] [aic_model]: z_offset: 0.1765
[INFO] [1775239898.669175056] [aic_model]: pfrac: 1.0 xy_error: 0.000437 -0.000106   integrators: 0.0109 , 0.00713
[INFO] [1775239898.718754028] [aic_model]: z_offset: 0.176
[INFO] [1775239898.719149638] [aic_model]: pfrac: 1.0 xy_error: 0.000506 -1.13e-05   integrators: 0.0114 , 0.00712
[INFO] [1775239898.768819579] [aic_model]: z_offset: 0.1755
[INFO] [1775239898.769333029] [aic_model]: pfrac: 1.0 xy_error: 0.000549 8.19e-05   integrators: 0.012 , 0.0072
[INFO] [1775239898.818770095] [aic_model]: z_offset: 0.175
[INFO] [1775239898.819261685] [aic_model]: pfrac: 1.0 xy_error: 0.000583 0.000136   integrators: 0.0126 , 0.00734
[INFO] [1775239898.868782317] [aic_model]: z_offset: 0.1745
[INFO] [1775239898.869186603] [aic_model]: pfrac: 1.0 xy_error: 0.0006 0.000172   integrators: 0.0132 , 0.00751
[INFO] [1775239898.920055006] [aic_model]: z_offset: 0.174
[INFO] [1775239898.920674905] [aic_model]: pfrac: 1.0 xy_error: 0.000626 0.000194   integrators: 0.0138 , 0.0077
[INFO] [1775239898.970770483] [aic_model]: z_offset: 0.1735
[INFO] [1775239898.971155603] [aic_model]: pfrac: 1.0 xy_error: 0.000634 0.000208   integrators: 0.0144 , 0.00791
[INFO] [1775239899.020753730] [aic_model]: z_offset: 0.173
[INFO] [1775239899.021878664] [aic_model]: pfrac: 1.0 xy_error: 0.000616 0.00019   integrators: 0.015 , 0.0081
[INFO] [1775239899.070753659] [aic_model]: z_offset: 0.1725
[INFO] [1775239899.071547453] [aic_model]: pfrac: 1.0 xy_error: 0.00057 0.000158   integrators: 0.0156 , 0.00826
[INFO] [1775239899.120751393] [aic_model]: z_offset: 0.172
[INFO] [1775239899.121159957] [aic_model]: pfrac: 1.0 xy_error: 0.000538 0.000155   integrators: 0.0161 , 0.00841
[INFO] [1775239899.170773553] [aic_model]: z_offset: 0.1715
[INFO] [1775239899.171149276] [aic_model]: pfrac: 1.0 xy_error: 0.000494 0.000196   integrators: 0.0166 , 0.00861
[INFO] [1775239899.220849725] [aic_model]: z_offset: 0.171
[INFO] [1775239899.221302051] [aic_model]: pfrac: 1.0 xy_error: 0.000463 0.000207   integrators: 0.0171 , 0.00882
[INFO] [1775239899.270767219] [aic_model]: z_offset: 0.1705
[INFO] [1775239899.271878578] [aic_model]: pfrac: 1.0 xy_error: 0.000413 0.000183   integrators: 0.0175 , 0.009
[INFO] [1775239899.320783298] [aic_model]: z_offset: 0.17
[INFO] [1775239899.321158410] [aic_model]: pfrac: 1.0 xy_error: 0.000349 0.000162   integrators: 0.0179 , 0.00916
[INFO] [1775239899.351114589] [aic_model]: insert_cable execute loop
[INFO] [1775239899.370760544] [aic_model]: z_offset: 0.1695
[INFO] [1775239899.371123834] [aic_model]: pfrac: 1.0 xy_error: 0.000299 0.000148   integrators: 0.0182 , 0.00931
[INFO] [1775239899.420780701] [aic_model]: z_offset: 0.169
[INFO] [1775239899.421194364] [aic_model]: pfrac: 1.0 xy_error: 0.000267 0.000171   integrators: 0.0184 , 0.00948
[INFO] [1775239899.470748920] [aic_model]: z_offset: 0.1685
[INFO] [1775239899.471148517] [aic_model]: pfrac: 1.0 xy_error: 0.000219 0.000156   integrators: 0.0186 , 0.00964
[INFO] [1775239899.520806196] [aic_model]: z_offset: 0.168
[INFO] [1775239899.521966416] [aic_model]: pfrac: 1.0 xy_error: 0.000175 0.000152   integrators: 0.0188 , 0.00979
[INFO] [1775239899.570766791] [aic_model]: z_offset: 0.1675
[INFO] [1775239899.571153554] [aic_model]: pfrac: 1.0 xy_error: 0.000137 0.000146   integrators: 0.019 , 0.00994
[INFO] [1775239899.620792488] [aic_model]: z_offset: 0.167
[INFO] [1775239899.621620326] [aic_model]: pfrac: 1.0 xy_error: 8.62e-05 0.000147   integrators: 0.019 , 0.0101
[INFO] [1775239899.670937327] [aic_model]: z_offset: 0.1665
[INFO] [1775239899.672148372] [aic_model]: pfrac: 1.0 xy_error: 3.57e-05 0.000116   integrators: 0.0191 , 0.0102
[INFO] [1775239899.720771706] [aic_model]: z_offset: 0.166
[INFO] [1775239899.721300686] [aic_model]: pfrac: 1.0 xy_error: -1.69e-06 9.14e-05   integrators: 0.0191 , 0.0103
[INFO] [1775239899.770778808] [aic_model]: z_offset: 0.1655
[INFO] [1775239899.771304441] [aic_model]: pfrac: 1.0 xy_error: -4.6e-05 7.14e-05   integrators: 0.019 , 0.0104
[INFO] [1775239899.820732400] [aic_model]: z_offset: 0.165
[INFO] [1775239899.821204664] [aic_model]: pfrac: 1.0 xy_error: -8.91e-05 6.59e-05   integrators: 0.0189 , 0.0104
[INFO] [1775239899.870772995] [aic_model]: z_offset: 0.1645
[INFO] [1775239899.871507839] [aic_model]: pfrac: 1.0 xy_error: -0.000137 3.23e-05   integrators: 0.0188 , 0.0105
[INFO] [1775239899.921084837] [aic_model]: z_offset: 0.164
[INFO] [1775239899.922216313] [aic_model]: pfrac: 1.0 xy_error: -0.000177 5.33e-06   integrators: 0.0186 , 0.0105
[INFO] [1775239899.970750891] [aic_model]: z_offset: 0.1635
[INFO] [1775239899.971242290] [aic_model]: pfrac: 1.0 xy_error: -0.0002 -2.3e-05   integrators: 0.0184 , 0.0104
[INFO] [1775239900.020752082] [aic_model]: z_offset: 0.163
[INFO] [1775239900.021277665] [aic_model]: pfrac: 1.0 xy_error: -0.000215 -5.68e-05   integrators: 0.0182 , 0.0104
[INFO] [1775239900.070777458] [aic_model]: z_offset: 0.1625
[INFO] [1775239900.071501042] [aic_model]: pfrac: 1.0 xy_error: -0.000219 -7.36e-05   integrators: 0.018 , 0.0103
[INFO] [1775239900.120767268] [aic_model]: z_offset: 0.162
[INFO] [1775239900.121812583] [aic_model]: pfrac: 1.0 xy_error: -0.000205 -9.43e-05   integrators: 0.0178 , 0.0102
[INFO] [1775239900.170766075] [aic_model]: z_offset: 0.1615
[INFO] [1775239900.172052260] [aic_model]: pfrac: 1.0 xy_error: -0.000208 -0.000107   integrators: 0.0176 , 0.0101
[INFO] [1775239900.220792603] [aic_model]: z_offset: 0.161
[INFO] [1775239900.222007365] [aic_model]: pfrac: 1.0 xy_error: -0.000185 -0.000104   integrators: 0.0174 , 0.01
[INFO] [1775239900.270767384] [aic_model]: z_offset: 0.1605
[INFO] [1775239900.271904812] [aic_model]: pfrac: 1.0 xy_error: -0.000168 -0.000115   integrators: 0.0172 , 0.00989
[INFO] [1775239900.320753507] [aic_model]: z_offset: 0.16
[INFO] [1775239900.321590002] [aic_model]: pfrac: 1.0 xy_error: -0.00012 -0.000123   integrators: 0.0171 , 0.00977
[INFO] [1775239900.352212237] [aic_model]: insert_cable execute loop
[INFO] [1775239900.370831692] [aic_model]: z_offset: 0.1595
[INFO] [1775239900.371624986] [aic_model]: pfrac: 1.0 xy_error: -8.03e-05 -0.000134   integrators: 0.017 , 0.00963
[INFO] [1775239900.420775686] [aic_model]: z_offset: 0.159
[INFO] [1775239900.421759737] [aic_model]: pfrac: 1.0 xy_error: -1.21e-05 -0.000128   integrators: 0.017 , 0.00951
[INFO] [1775239900.471900579] [aic_model]: z_offset: 0.1585
[INFO] [1775239900.472296309] [aic_model]: pfrac: 1.0 xy_error: 5.49e-05 -0.000113   integrators: 0.0171 , 0.00939
[INFO] [1775239900.520824716] [aic_model]: z_offset: 0.158
[INFO] [1775239900.521352022] [aic_model]: pfrac: 1.0 xy_error: 0.000133 -0.000122   integrators: 0.0172 , 0.00927
[INFO] [1775239900.570845062] [aic_model]: z_offset: 0.1575
[INFO] [1775239900.571792805] [aic_model]: pfrac: 1.0 xy_error: 0.000178 -0.000136   integrators: 0.0174 , 0.00913
[INFO] [1775239900.620875378] [aic_model]: z_offset: 0.157
[INFO] [1775239900.622074641] [aic_model]: pfrac: 1.0 xy_error: 0.000205 -0.000138   integrators: 0.0176 , 0.009
[INFO] [1775239900.670753719] [aic_model]: z_offset: 0.1565
[INFO] [1775239900.671589532] [aic_model]: pfrac: 1.0 xy_error: 0.000221 -0.000157   integrators: 0.0178 , 0.00884
[INFO] [1775239900.720738259] [aic_model]: z_offset: 0.156
[INFO] [1775239900.721720646] [aic_model]: pfrac: 1.0 xy_error: 0.000207 -0.000227   integrators: 0.018 , 0.00861
[INFO] [1775239900.770794984] [aic_model]: z_offset: 0.1555
[INFO] [1775239900.771869894] [aic_model]: pfrac: 1.0 xy_error: 0.00019 -0.000263   integrators: 0.0182 , 0.00835
[INFO] [1775239900.820764105] [aic_model]: z_offset: 0.155
[INFO] [1775239900.821925267] [aic_model]: pfrac: 1.0 xy_error: 0.000157 -0.00031   integrators: 0.0184 , 0.00804
[INFO] [1775239900.870759996] [aic_model]: z_offset: 0.1545
[INFO] [1775239900.871989245] [aic_model]: pfrac: 1.0 xy_error: 0.000117 -0.000333   integrators: 0.0185 , 0.00771
[INFO] [1775239900.920767719] [aic_model]: z_offset: 0.154
[INFO] [1775239900.921951904] [aic_model]: pfrac: 1.0 xy_error: 0.000103 -0.00034   integrators: 0.0186 , 0.00737
[INFO] [1775239900.970794708] [aic_model]: z_offset: 0.1535
[INFO] [1775239900.971170070] [aic_model]: pfrac: 1.0 xy_error: 0.000106 -0.000345   integrators: 0.0187 , 0.00702
[INFO] [1775239901.020802291] [aic_model]: z_offset: 0.153
[INFO] [1775239901.021971177] [aic_model]: pfrac: 1.0 xy_error: 0.000129 -0.000321   integrators: 0.0188 , 0.0067
[INFO] [1775239901.070897238] [aic_model]: z_offset: 0.1525
[INFO] [1775239901.072154138] [aic_model]: pfrac: 1.0 xy_error: 0.000165 -0.000281   integrators: 0.019 , 0.00642
[INFO] [1775239901.120897126] [aic_model]: z_offset: 0.152
[INFO] [1775239901.121966687] [aic_model]: pfrac: 1.0 xy_error: 0.000182 -0.000247   integrators: 0.0192 , 0.00617
[INFO] [1775239901.170850878] [aic_model]: z_offset: 0.1515
[INFO] [1775239901.171405405] [aic_model]: pfrac: 1.0 xy_error: 0.00018 -0.000208   integrators: 0.0193 , 0.00596
[INFO] [1775239901.220807496] [aic_model]: z_offset: 0.151
[INFO] [1775239901.221210099] [aic_model]: pfrac: 1.0 xy_error: 0.000159 -0.000176   integrators: 0.0195 , 0.00579
[INFO] [1775239901.270769394] [aic_model]: z_offset: 0.1505
[INFO] [1775239901.271162759] [aic_model]: pfrac: 1.0 xy_error: 0.000137 -0.00016   integrators: 0.0196 , 0.00563
[INFO] [1775239901.320764543] [aic_model]: z_offset: 0.15
[INFO] [1775239901.321170072] [aic_model]: pfrac: 1.0 xy_error: 0.000103 -0.000164   integrators: 0.0197 , 0.00546
[INFO] [1775239901.351104250] [aic_model]: insert_cable execute loop
[INFO] [1775239901.370759973] [aic_model]: z_offset: 0.1495
[INFO] [1775239901.371160463] [aic_model]: pfrac: 1.0 xy_error: 0.000106 -0.000174   integrators: 0.0198 , 0.00529
[INFO] [1775239901.420745736] [aic_model]: z_offset: 0.149
[INFO] [1775239901.421138280] [aic_model]: pfrac: 1.0 xy_error: 0.0001 -0.000163   integrators: 0.0199 , 0.00513
[INFO] [1775239901.470766864] [aic_model]: z_offset: 0.1485
[INFO] [1775239901.471134101] [aic_model]: pfrac: 1.0 xy_error: 9.15e-05 -0.000129   integrators: 0.02 , 0.005
[INFO] [1775239901.522117649] [aic_model]: z_offset: 0.148
[INFO] [1775239901.522785288] [aic_model]: pfrac: 1.0 xy_error: 8.03e-05 -0.000111   integrators: 0.0201 , 0.00489
[INFO] [1775239901.572763546] [aic_model]: z_offset: 0.1475
[INFO] [1775239901.573702492] [aic_model]: pfrac: 1.0 xy_error: 7.6e-05 -7.6e-05   integrators: 0.0202 , 0.00481
[INFO] [1775239901.622749308] [aic_model]: z_offset: 0.147
[INFO] [1775239901.623123037] [aic_model]: pfrac: 1.0 xy_error: 6.52e-05 -2.95e-05   integrators: 0.0203 , 0.00478
[INFO] [1775239901.672743837] [aic_model]: z_offset: 0.1465
[INFO] [1775239901.673161287] [aic_model]: pfrac: 1.0 xy_error: 4.27e-05 -2.66e-05   integrators: 0.0203 , 0.00475
[INFO] [1775239901.722760767] [aic_model]: z_offset: 0.146
[INFO] [1775239901.723146619] [aic_model]: pfrac: 1.0 xy_error: 4.4e-05 -3.99e-05   integrators: 0.0203 , 0.00471
[INFO] [1775239901.772754464] [aic_model]: z_offset: 0.1455
[INFO] [1775239901.773164791] [aic_model]: pfrac: 1.0 xy_error: 6.85e-05 -2.27e-05   integrators: 0.0204 , 0.00469
[INFO] [1775239901.822762828] [aic_model]: z_offset: 0.145
[INFO] [1775239901.823158479] [aic_model]: pfrac: 1.0 xy_error: 8e-05 -1.7e-06   integrators: 0.0205 , 0.00469
[INFO] [1775239901.872737560] [aic_model]: z_offset: 0.1445
[INFO] [1775239901.873541684] [aic_model]: pfrac: 1.0 xy_error: 9.08e-05 5.12e-06   integrators: 0.0206 , 0.0047
[INFO] [1775239901.922773496] [aic_model]: z_offset: 0.144
[INFO] [1775239901.923560518] [aic_model]: pfrac: 1.0 xy_error: 6.8e-05 -1.37e-05   integrators: 0.0207 , 0.00468
[INFO] [1775239901.972755391] [aic_model]: z_offset: 0.1435
[INFO] [1775239901.973672045] [aic_model]: pfrac: 1.0 xy_error: 5.26e-05 -4.39e-05   integrators: 0.0207 , 0.00464
[INFO] [1775239902.022751603] [aic_model]: z_offset: 0.143
[INFO] [1775239902.023940466] [aic_model]: pfrac: 1.0 xy_error: 4.87e-05 -5.95e-05   integrators: 0.0208 , 0.00458
[INFO] [1775239902.072746412] [aic_model]: z_offset: 0.1425
[INFO] [1775239902.073160566] [aic_model]: pfrac: 1.0 xy_error: 1.16e-05 -6.6e-05   integrators: 0.0208 , 0.00451
[INFO] [1775239902.122770165] [aic_model]: z_offset: 0.142
[INFO] [1775239902.123945453] [aic_model]: pfrac: 1.0 xy_error: -3.33e-05 -7.18e-05   integrators: 0.0207 , 0.00444
[INFO] [1775239902.172760676] [aic_model]: z_offset: 0.1415
[INFO] [1775239902.173162157] [aic_model]: pfrac: 1.0 xy_error: -7.76e-05 -5.96e-05   integrators: 0.0207 , 0.00438
[INFO] [1775239902.222890548] [aic_model]: z_offset: 0.141
[INFO] [1775239902.223994643] [aic_model]: pfrac: 1.0 xy_error: -0.000113 -6.62e-05   integrators: 0.0205 , 0.00431
[INFO] [1775239902.272768899] [aic_model]: z_offset: 0.1405
[INFO] [1775239902.274010551] [aic_model]: pfrac: 1.0 xy_error: -0.000128 -6.96e-05   integrators: 0.0204 , 0.00425
[INFO] [1775239902.322866500] [aic_model]: z_offset: 0.14
[INFO] [1775239902.323331330] [aic_model]: pfrac: 1.0 xy_error: -0.000127 -5.16e-05   integrators: 0.0203 , 0.00419
[INFO] [1775239902.351105187] [aic_model]: insert_cable execute loop
[INFO] [1775239902.372738960] [aic_model]: z_offset: 0.1395
[INFO] [1775239902.373826505] [aic_model]: pfrac: 1.0 xy_error: -0.000128 -3.39e-05   integrators: 0.0202 , 0.00416
[INFO] [1775239902.422775688] [aic_model]: z_offset: 0.139
[INFO] [1775239902.423618454] [aic_model]: pfrac: 1.0 xy_error: -0.000147 -1.23e-05   integrators: 0.02 , 0.00415
[INFO] [1775239902.472778031] [aic_model]: z_offset: 0.1385
[INFO] [1775239902.473255073] [aic_model]: pfrac: 1.0 xy_error: -0.000167 -1.77e-05   integrators: 0.0198 , 0.00413
[INFO] [1775239902.522760758] [aic_model]: z_offset: 0.138
[INFO] [1775239902.523166376] [aic_model]: pfrac: 1.0 xy_error: -0.000187 -3.84e-05   integrators: 0.0197 , 0.00409
[INFO] [1775239902.572792165] [aic_model]: z_offset: 0.1375
[INFO] [1775239902.573186873] [aic_model]: pfrac: 1.0 xy_error: -0.000189 -4.89e-05   integrators: 0.0195 , 0.00404
[INFO] [1775239902.622946643] [aic_model]: z_offset: 0.137
[INFO] [1775239902.623419607] [aic_model]: pfrac: 1.0 xy_error: -0.000198 -5.09e-05   integrators: 0.0193 , 0.00399
[INFO] [1775239902.672844551] [aic_model]: z_offset: 0.1365
[INFO] [1775239902.673318106] [aic_model]: pfrac: 1.0 xy_error: -0.000181 -2.98e-05   integrators: 0.0191 , 0.00396
[INFO] [1775239902.722754230] [aic_model]: z_offset: 0.136
[INFO] [1775239902.723115266] [aic_model]: pfrac: 1.0 xy_error: -0.000148 -1.3e-05   integrators: 0.0189 , 0.00395
[INFO] [1775239902.772761242] [aic_model]: z_offset: 0.1355
[INFO] [1775239902.773150250] [aic_model]: pfrac: 1.0 xy_error: -0.000104 4.64e-06   integrators: 0.0188 , 0.00395
[INFO] [1775239902.822774005] [aic_model]: z_offset: 0.135
[INFO] [1775239902.823151261] [aic_model]: pfrac: 1.0 xy_error: -8.15e-05 9.58e-06   integrators: 0.0188 , 0.00396
[INFO] [1775239902.872701949] [aic_model]: z_offset: 0.1345
[INFO] [1775239902.873068955] [aic_model]: pfrac: 1.0 xy_error: -4.84e-05 9.96e-06   integrators: 0.0187 , 0.00397
[INFO] [1775239902.922732385] [aic_model]: z_offset: 0.134
[INFO] [1775239902.923092979] [aic_model]: pfrac: 1.0 xy_error: -1.06e-05 1.95e-05   integrators: 0.0187 , 0.00399
[INFO] [1775239902.972741871] [aic_model]: z_offset: 0.1335
[INFO] [1775239902.973115139] [aic_model]: pfrac: 1.0 xy_error: 1.93e-05 5.96e-06   integrators: 0.0187 , 0.004
[INFO] [1775239903.022768069] [aic_model]: z_offset: 0.133
[INFO] [1775239903.023178236] [aic_model]: pfrac: 1.0 xy_error: 5.11e-05 8.06e-07   integrators: 0.0188 , 0.004
[INFO] [1775239903.072857605] [aic_model]: z_offset: 0.1325
[INFO] [1775239903.073252514] [aic_model]: pfrac: 1.0 xy_error: 9.16e-05 -2.74e-05   integrators: 0.0189 , 0.00397
[INFO] [1775239903.122760723] [aic_model]: z_offset: 0.132
[INFO] [1775239903.123158687] [aic_model]: pfrac: 1.0 xy_error: 0.000111 -6.5e-05   integrators: 0.019 , 0.00391
[INFO] [1775239903.172767645] [aic_model]: z_offset: 0.1315
[INFO] [1775239903.173581256] [aic_model]: pfrac: 1.0 xy_error: 0.000148 -8.07e-05   integrators: 0.0191 , 0.00383
[INFO] [1775239903.222728460] [aic_model]: z_offset: 0.131
[INFO] [1775239903.223130683] [aic_model]: pfrac: 1.0 xy_error: 0.000193 -7.65e-05   integrators: 0.0193 , 0.00375
[INFO] [1775239903.272771920] [aic_model]: z_offset: 0.1305
[INFO] [1775239903.273161138] [aic_model]: pfrac: 1.0 xy_error: 0.000226 -6.86e-05   integrators: 0.0195 , 0.00368
[INFO] [1775239903.322743927] [aic_model]: z_offset: 0.13
[INFO] [1775239903.323113638] [aic_model]: pfrac: 1.0 xy_error: 0.000291 -7.95e-05   integrators: 0.0198 , 0.0036
[INFO] [1775239903.351102237] [aic_model]: insert_cable execute loop
[INFO] [1775239903.372740579] [aic_model]: z_offset: 0.1295
[INFO] [1775239903.373107495] [aic_model]: pfrac: 1.0 xy_error: 0.00034 -6.57e-05   integrators: 0.0202 , 0.00354
[INFO] [1775239903.422749034] [aic_model]: z_offset: 0.129
[INFO] [1775239903.423123304] [aic_model]: pfrac: 1.0 xy_error: 0.000369 -6.91e-05   integrators: 0.0205 , 0.00347
[INFO] [1775239903.473255730] [aic_model]: z_offset: 0.1285
[INFO] [1775239903.474717645] [aic_model]: pfrac: 1.0 xy_error: 0.000373 -7.91e-05   integrators: 0.0209 , 0.00339
[INFO] [1775239903.524766575] [aic_model]: z_offset: 0.128
[INFO] [1775239903.525172073] [aic_model]: pfrac: 1.0 xy_error: 0.000373 -8.28e-05   integrators: 0.0213 , 0.0033
[INFO] [1775239903.574755022] [aic_model]: z_offset: 0.1275
[INFO] [1775239903.575129412] [aic_model]: pfrac: 1.0 xy_error: 0.000373 -4.67e-05   integrators: 0.0217 , 0.00326
[INFO] [1775239903.626245579] [aic_model]: z_offset: 0.127
[INFO] [1775239903.626947572] [aic_model]: pfrac: 1.0 xy_error: 0.000373 2.25e-06   integrators: 0.022 , 0.00326
[INFO] [1775239903.676771161] [aic_model]: z_offset: 0.1265
[INFO] [1775239903.677160108] [aic_model]: pfrac: 1.0 xy_error: 0.000373 4.29e-05   integrators: 0.0224 , 0.0033
[INFO] [1775239903.726772432] [aic_model]: z_offset: 0.126
[INFO] [1775239903.727156120] [aic_model]: pfrac: 1.0 xy_error: 0.000373 7.19e-05   integrators: 0.0228 , 0.00337
[INFO] [1775239903.776759987] [aic_model]: z_offset: 0.1255
[INFO] [1775239903.777137163] [aic_model]: pfrac: 1.0 xy_error: 0.000373 9.9e-05   integrators: 0.0231 , 0.00347
[INFO] [1775239903.826759996] [aic_model]: z_offset: 0.125
[INFO] [1775239903.827127373] [aic_model]: pfrac: 1.0 xy_error: 0.000371 0.000125   integrators: 0.0235 , 0.0036
[INFO] [1775239903.876835757] [aic_model]: z_offset: 0.1245
[INFO] [1775239903.877263617] [aic_model]: pfrac: 1.0 xy_error: 0.000371 0.000143   integrators: 0.0239 , 0.00374
[INFO] [1775239903.926800409] [aic_model]: z_offset: 0.124
[INFO] [1775239903.927182644] [aic_model]: pfrac: 1.0 xy_error: 0.000374 0.000135   integrators: 0.0243 , 0.00388
[INFO] [1775239903.976750194] [aic_model]: z_offset: 0.1235
[INFO] [1775239903.977211968] [aic_model]: pfrac: 1.0 xy_error: 0.000358 0.000104   integrators: 0.0246 , 0.00398
[INFO] [1775239904.026792081] [aic_model]: z_offset: 0.123
[INFO] [1775239904.027194915] [aic_model]: pfrac: 1.0 xy_error: 0.000348 8.83e-05   integrators: 0.025 , 0.00407
[INFO] [1775239904.076750382] [aic_model]: z_offset: 0.1225
[INFO] [1775239904.077118501] [aic_model]: pfrac: 1.0 xy_error: 0.000352 9.01e-05   integrators: 0.0253 , 0.00416
[INFO] [1775239904.126926731] [aic_model]: z_offset: 0.122
[INFO] [1775239904.127296863] [aic_model]: pfrac: 1.0 xy_error: 0.000376 7.85e-05   integrators: 0.0257 , 0.00424
[INFO] [1775239904.176774304] [aic_model]: z_offset: 0.1215
[INFO] [1775239904.177146340] [aic_model]: pfrac: 1.0 xy_error: 0.000374 5.99e-05   integrators: 0.0261 , 0.0043
[INFO] [1775239904.226865594] [aic_model]: z_offset: 0.121
[INFO] [1775239904.227364096] [aic_model]: pfrac: 1.0 xy_error: 0.000373 2.99e-05   integrators: 0.0264 , 0.00433
[INFO] [1775239904.276774963] [aic_model]: z_offset: 0.1205
[INFO] [1775239904.277143923] [aic_model]: pfrac: 1.0 xy_error: 0.000368 9.98e-06   integrators: 0.0268 , 0.00434
[INFO] [1775239904.326751298] [aic_model]: z_offset: 0.12
[INFO] [1775239904.327126951] [aic_model]: pfrac: 1.0 xy_error: 0.000363 5.9e-06   integrators: 0.0272 , 0.00434
[INFO] [1775239904.351061357] [aic_model]: insert_cable execute loop
[INFO] [1775239904.376762317] [aic_model]: z_offset: 0.1195
[INFO] [1775239904.377128823] [aic_model]: pfrac: 1.0 xy_error: 0.000357 -3.21e-06   integrators: 0.0275 , 0.00434
[INFO] [1775239904.426774108] [aic_model]: z_offset: 0.119
[INFO] [1775239904.427147346] [aic_model]: pfrac: 1.0 xy_error: 0.000373 2.41e-05   integrators: 0.0279 , 0.00436
[INFO] [1775239904.476795467] [aic_model]: z_offset: 0.1185
[INFO] [1775239904.477166611] [aic_model]: pfrac: 1.0 xy_error: 0.000373 2.55e-05   integrators: 0.0283 , 0.00439
[INFO] [1775239904.526780878] [aic_model]: z_offset: 0.118
[INFO] [1775239904.527147234] [aic_model]: pfrac: 1.0 xy_error: 0.00035 2.23e-05   integrators: 0.0286 , 0.00441
[INFO] [1775239904.576755159] [aic_model]: z_offset: 0.1175
[INFO] [1775239904.577120733] [aic_model]: pfrac: 1.0 xy_error: 0.000328 2.26e-05   integrators: 0.029 , 0.00443
[INFO] [1775239904.626755288] [aic_model]: z_offset: 0.117
[INFO] [1775239904.627128576] [aic_model]: pfrac: 1.0 xy_error: 0.000315 3.06e-05   integrators: 0.0293 , 0.00447
[INFO] [1775239904.676788820] [aic_model]: z_offset: 0.1165
[INFO] [1775239904.677154203] [aic_model]: pfrac: 1.0 xy_error: 0.000277 8.31e-06   integrators: 0.0295 , 0.00447
[INFO] [1775239904.726752851] [aic_model]: z_offset: 0.116
[INFO] [1775239904.727123645] [aic_model]: pfrac: 1.0 xy_error: 0.000246 -5.22e-06   integrators: 0.0298 , 0.00447
[INFO] [1775239904.776775412] [aic_model]: z_offset: 0.1155
[INFO] [1775239904.777135335] [aic_model]: pfrac: 1.0 xy_error: 0.000224 -2.45e-06   integrators: 0.03 , 0.00447
[INFO] [1775239904.826715459] [aic_model]: z_offset: 0.115
[INFO] [1775239904.827075963] [aic_model]: pfrac: 1.0 xy_error: 0.000206 -1.7e-05   integrators: 0.0302 , 0.00445
[INFO] [1775239904.876914230] [aic_model]: z_offset: 0.1145
[INFO] [1775239904.877421198] [aic_model]: pfrac: 1.0 xy_error: 0.000171 -8.16e-06   integrators: 0.0304 , 0.00444
[INFO] [1775239904.926739331] [aic_model]: z_offset: 0.114
[INFO] [1775239904.927110566] [aic_model]: pfrac: 1.0 xy_error: 0.000159 1.86e-06   integrators: 0.0306 , 0.00444
[INFO] [1775239904.976759027] [aic_model]: z_offset: 0.1135
[INFO] [1775239904.977122076] [aic_model]: pfrac: 1.0 xy_error: 0.000187 -8.68e-06   integrators: 0.0307 , 0.00443
[INFO] [1775239905.026870654] [aic_model]: z_offset: 0.113
[INFO] [1775239905.027250365] [aic_model]: pfrac: 1.0 xy_error: 0.000211 -5.77e-05   integrators: 0.0309 , 0.00438
[INFO] [1775239905.076771598] [aic_model]: z_offset: 0.1125
[INFO] [1775239905.077146920] [aic_model]: pfrac: 1.0 xy_error: 0.000233 -8.33e-05   integrators: 0.0312 , 0.00429
[INFO] [1775239905.126740058] [aic_model]: z_offset: 0.112
[INFO] [1775239905.127105211] [aic_model]: pfrac: 1.0 xy_error: 0.000259 -9.54e-05   integrators: 0.0314 , 0.0042
[INFO] [1775239905.176761697] [aic_model]: z_offset: 0.1115
[INFO] [1775239905.177133112] [aic_model]: pfrac: 1.0 xy_error: 0.000278 -0.000118   integrators: 0.0317 , 0.00408
[INFO] [1775239905.226783387] [aic_model]: z_offset: 0.111
[INFO] [1775239905.227150453] [aic_model]: pfrac: 1.0 xy_error: 0.000283 -0.00015   integrators: 0.032 , 0.00393
[INFO] [1775239905.276760162] [aic_model]: z_offset: 0.1105
[INFO] [1775239905.277138129] [aic_model]: pfrac: 1.0 xy_error: 0.000271 -0.000194   integrators: 0.0323 , 0.00373
[INFO] [1775239905.326773456] [aic_model]: z_offset: 0.11
[INFO] [1775239905.327137957] [aic_model]: pfrac: 1.0 xy_error: 0.000259 -0.000206   integrators: 0.0325 , 0.00353
[INFO] [1775239905.351141693] [aic_model]: insert_cable execute loop
[INFO] [1775239905.376743849] [aic_model]: z_offset: 0.1095
[INFO] [1775239905.377092381] [aic_model]: pfrac: 1.0 xy_error: 0.000207 -0.000224   integrators: 0.0327 , 0.00331
[INFO] [1775239905.426747986] [aic_model]: z_offset: 0.109
[INFO] [1775239905.427113539] [aic_model]: pfrac: 1.0 xy_error: 0.000163 -0.000217   integrators: 0.0329 , 0.00309
[INFO] [1775239905.476740841] [aic_model]: z_offset: 0.1085
[INFO] [1775239905.477106014] [aic_model]: pfrac: 1.0 xy_error: 0.000113 -0.000205   integrators: 0.033 , 0.00288
[INFO] [1775239905.526753934] [aic_model]: z_offset: 0.108
[INFO] [1775239905.527114479] [aic_model]: pfrac: 1.0 xy_error: 5.71e-05 -0.0002   integrators: 0.0331 , 0.00268
[INFO] [1775239905.576863308] [aic_model]: z_offset: 0.1075
[INFO] [1775239905.577229633] [aic_model]: pfrac: 1.0 xy_error: 1.33e-05 -0.000189   integrators: 0.0331 , 0.00249
[INFO] [1775239905.626765183] [aic_model]: z_offset: 0.107
[INFO] [1775239905.627167746] [aic_model]: pfrac: 1.0 xy_error: -3.52e-05 -0.000192   integrators: 0.033 , 0.0023
[INFO] [1775239905.677273172] [aic_model]: z_offset: 0.1065
[INFO] [1775239905.680111230] [aic_model]: pfrac: 1.0 xy_error: -8.78e-05 -0.000211   integrators: 0.033 , 0.00209
[INFO] [1775239905.728768297] [aic_model]: z_offset: 0.106
[INFO] [1775239905.729136286] [aic_model]: pfrac: 1.0 xy_error: -0.000141 -0.000248   integrators: 0.0328 , 0.00184
[INFO] [1775239905.778777684] [aic_model]: z_offset: 0.1055
[INFO] [1775239905.779148076] [aic_model]: pfrac: 1.0 xy_error: -0.000163 -0.000245   integrators: 0.0327 , 0.0016
[INFO] [1775239905.828763275] [aic_model]: z_offset: 0.105
[INFO] [1775239905.829128519] [aic_model]: pfrac: 1.0 xy_error: -0.000169 -0.000241   integrators: 0.0325 , 0.00136
[INFO] [1775239905.878798931] [aic_model]: z_offset: 0.1045
[INFO] [1775239905.879167090] [aic_model]: pfrac: 1.0 xy_error: -0.000175 -0.000245   integrators: 0.0323 , 0.00111
[INFO] [1775239905.928748526] [aic_model]: z_offset: 0.104
[INFO] [1775239905.929120351] [aic_model]: pfrac: 1.0 xy_error: -0.000204 -0.000265   integrators: 0.0321 , 0.000845
[INFO] [1775239905.978829265] [aic_model]: z_offset: 0.1035
[INFO] [1775239905.979225767] [aic_model]: pfrac: 1.0 xy_error: -0.00021 -0.00028   integrators: 0.0319 , 0.000565
[INFO] [1775239906.028762419] [aic_model]: z_offset: 0.103
[INFO] [1775239906.029140717] [aic_model]: pfrac: 1.0 xy_error: -0.000206 -0.000275   integrators: 0.0317 , 0.00029
[INFO] [1775239906.078752499] [aic_model]: z_offset: 0.1025
[INFO] [1775239906.079128102] [aic_model]: pfrac: 1.0 xy_error: -0.000206 -0.000276   integrators: 0.0315 , 1.33e-05
[INFO] [1775239906.128753600] [aic_model]: z_offset: 0.102
[INFO] [1775239906.129109887] [aic_model]: pfrac: 1.0 xy_error: -0.000206 -0.000277   integrators: 0.0313 , -0.000264
[INFO] [1775239906.178868775] [aic_model]: z_offset: 0.1015
[INFO] [1775239906.179245239] [aic_model]: pfrac: 1.0 xy_error: -0.000207 -0.000277   integrators: 0.0311 , -0.000541
[INFO] [1775239906.228732889] [aic_model]: z_offset: 0.101
[INFO] [1775239906.229104324] [aic_model]: pfrac: 1.0 xy_error: -0.000207 -0.000277   integrators: 0.0309 , -0.000817
[INFO] [1775239906.278740192] [aic_model]: z_offset: 0.1005
[INFO] [1775239906.279097430] [aic_model]: pfrac: 1.0 xy_error: -0.000208 -0.000277   integrators: 0.0307 , -0.00109
[INFO] [1775239906.328733187] [aic_model]: z_offset: 0.1
[INFO] [1775239906.329110874] [aic_model]: pfrac: 1.0 xy_error: -0.000208 -0.000277   integrators: 0.0304 , -0.00137
[INFO] [1775239906.351166085] [aic_model]: insert_cable execute loop
[INFO] [1775239906.378754115] [aic_model]: z_offset: 0.0995
[INFO] [1775239906.379104631] [aic_model]: pfrac: 1.0 xy_error: -0.000208 -0.000277   integrators: 0.0302 , -0.00165
[INFO] [1775239906.428751710] [aic_model]: z_offset: 0.099
[INFO] [1775239906.429112334] [aic_model]: pfrac: 1.0 xy_error: -0.000207 -0.000276   integrators: 0.03 , -0.00192
[INFO] [1775239906.478759343] [aic_model]: z_offset: 0.0985
[INFO] [1775239906.479137961] [aic_model]: pfrac: 1.0 xy_error: -0.000207 -0.000277   integrators: 0.0298 , -0.0022
[INFO] [1775239906.528744744] [aic_model]: z_offset: 0.098
[INFO] [1775239906.529106962] [aic_model]: pfrac: 1.0 xy_error: -0.000207 -0.000277   integrators: 0.0296 , -0.00248
[INFO] [1775239906.578777444] [aic_model]: z_offset: 0.0975
[INFO] [1775239906.579148348] [aic_model]: pfrac: 1.0 xy_error: -0.000208 -0.000277   integrators: 0.0294 , -0.00275
[INFO] [1775239906.628750703] [aic_model]: z_offset: 0.097
[INFO] [1775239906.629119483] [aic_model]: pfrac: 1.0 xy_error: -0.000207 -0.000277   integrators: 0.0292 , -0.00303
[INFO] [1775239906.678774597] [aic_model]: z_offset: 0.0965
[INFO] [1775239906.679140752] [aic_model]: pfrac: 1.0 xy_error: -0.000207 -0.000276   integrators: 0.029 , -0.00331
[INFO] [1775239906.728781939] [aic_model]: z_offset: 0.096
[INFO] [1775239906.729156390] [aic_model]: pfrac: 1.0 xy_error: -0.000207 -0.000276   integrators: 0.0288 , -0.00358
[INFO] [1775239906.778759055] [aic_model]: z_offset: 0.0955
[INFO] [1775239906.779128636] [aic_model]: pfrac: 1.0 xy_error: -0.000207 -0.000276   integrators: 0.0286 , -0.00386
[INFO] [1775239906.828795723] [aic_model]: z_offset: 0.095
[INFO] [1775239906.829169852] [aic_model]: pfrac: 1.0 xy_error: -0.000207 -0.000276   integrators: 0.0284 , -0.00413
[INFO] [1775239906.878781154] [aic_model]: z_offset: 0.0945
[INFO] [1775239906.879155975] [aic_model]: pfrac: 1.0 xy_error: -0.000208 -0.000276   integrators: 0.0282 , -0.00441
[INFO] [1775239906.928759022] [aic_model]: z_offset: 0.094
[INFO] [1775239906.929136287] [aic_model]: pfrac: 1.0 xy_error: -0.000207 -0.000276   integrators: 0.028 , -0.00469
[INFO] [1775239906.978869377] [aic_model]: z_offset: 0.0935
[INFO] [1775239906.979236253] [aic_model]: pfrac: 1.0 xy_error: -0.000206 -0.000276   integrators: 0.0278 , -0.00496
[INFO] [1775239907.028890215] [aic_model]: z_offset: 0.093
[INFO] [1775239907.029392885] [aic_model]: pfrac: 1.0 xy_error: -0.000206 -0.000276   integrators: 0.0275 , -0.00524
[INFO] [1775239907.078953702] [aic_model]: z_offset: 0.0925
[INFO] [1775239907.079331469] [aic_model]: pfrac: 1.0 xy_error: -0.000206 -0.000276   integrators: 0.0273 , -0.00551
[INFO] [1775239907.128845940] [aic_model]: z_offset: 0.092
[INFO] [1775239907.129205212] [aic_model]: pfrac: 1.0 xy_error: -0.000207 -0.000276   integrators: 0.0271 , -0.00579
[INFO] [1775239907.178790545] [aic_model]: z_offset: 0.0915
[INFO] [1775239907.179147112] [aic_model]: pfrac: 1.0 xy_error: -0.000206 -0.000276   integrators: 0.0269 , -0.00607
[INFO] [1775239907.228795242] [aic_model]: z_offset: 0.091
[INFO] [1775239907.229168641] [aic_model]: pfrac: 1.0 xy_error: -0.000206 -0.000276   integrators: 0.0267 , -0.00634
[INFO] [1775239907.278796864] [aic_model]: z_offset: 0.0905
[INFO] [1775239907.279162859] [aic_model]: pfrac: 1.0 xy_error: -0.000207 -0.000276   integrators: 0.0265 , -0.00662
[INFO] [1775239907.328744725] [aic_model]: z_offset: 0.09
[INFO] [1775239907.329127622] [aic_model]: pfrac: 1.0 xy_error: -0.000206 -0.000276   integrators: 0.0263 , -0.0069
[INFO] [1775239907.351105729] [aic_model]: insert_cable execute loop
[INFO] [1775239907.378769491] [aic_model]: z_offset: 0.0895
[INFO] [1775239907.379135435] [aic_model]: pfrac: 1.0 xy_error: -0.000207 -0.000277   integrators: 0.0261 , -0.00717
[INFO] [1775239907.428847656] [aic_model]: z_offset: 0.089
[INFO] [1775239907.429348743] [aic_model]: pfrac: 1.0 xy_error: -0.000206 -0.000277   integrators: 0.0259 , -0.00745
[INFO] [1775239907.478752186] [aic_model]: z_offset: 0.0885
[INFO] [1775239907.479128700] [aic_model]: pfrac: 1.0 xy_error: -0.000207 -0.000277   integrators: 0.0257 , -0.00773
[INFO] [1775239907.528744080] [aic_model]: z_offset: 0.088
[INFO] [1775239907.529120935] [aic_model]: pfrac: 1.0 xy_error: -0.000207 -0.000277   integrators: 0.0255 , -0.008
[INFO] [1775239907.578763244] [aic_model]: z_offset: 0.0875
[INFO] [1775239907.579139809] [aic_model]: pfrac: 1.0 xy_error: -0.000206 -0.000277   integrators: 0.0253 , -0.00828
[INFO] [1775239907.628792037] [aic_model]: z_offset: 0.087
[INFO] [1775239907.629179652] [aic_model]: pfrac: 1.0 xy_error: -0.000207 -0.000277   integrators: 0.0251 , -0.00856
[INFO] [1775239907.678875362] [aic_model]: z_offset: 0.0865
[INFO] [1775239907.679257366] [aic_model]: pfrac: 1.0 xy_error: -0.000206 -0.000277   integrators: 0.0249 , -0.00883
[INFO] [1775239907.728821600] [aic_model]: z_offset: 0.086
[INFO] [1775239907.729199617] [aic_model]: pfrac: 1.0 xy_error: -0.000206 -0.000277   integrators: 0.0247 , -0.00911
[INFO] [1775239907.778836837] [aic_model]: z_offset: 0.0855
[INFO] [1775239907.779210717] [aic_model]: pfrac: 1.0 xy_error: -0.000207 -0.000277   integrators: 0.0245 , -0.00939
[INFO] [1775239907.828864077] [aic_model]: z_offset: 0.085
[INFO] [1775239907.829365495] [aic_model]: pfrac: 1.0 xy_error: -0.000207 -0.000276   integrators: 0.0242 , -0.00966
[INFO] [1775239907.878802401] [aic_model]: z_offset: 0.0845
[INFO] [1775239907.879169046] [aic_model]: pfrac: 1.0 xy_error: -0.000207 -0.000276   integrators: 0.024 , -0.00994
[INFO] [1775239907.928805345] [aic_model]: z_offset: 0.084
[INFO] [1775239907.929172031] [aic_model]: pfrac: 1.0 xy_error: -0.000207 -0.000276   integrators: 0.0238 , -0.0102
[INFO] [1775239907.978788562] [aic_model]: z_offset: 0.0835
[INFO] [1775239907.979161219] [aic_model]: pfrac: 1.0 xy_error: -0.000207 -0.000276   integrators: 0.0236 , -0.0105
[INFO] [1775239908.028761791] [aic_model]: z_offset: 0.083
[INFO] [1775239908.029131102] [aic_model]: pfrac: 1.0 xy_error: -0.000207 -0.000276   integrators: 0.0234 , -0.0108
[INFO] [1775239908.078768362] [aic_model]: z_offset: 0.0825
[INFO] [1775239908.079139136] [aic_model]: pfrac: 1.0 xy_error: -0.000207 -0.000277   integrators: 0.0232 , -0.011
[INFO] [1775239908.128819998] [aic_model]: z_offset: 0.082
[INFO] [1775239908.129185171] [aic_model]: pfrac: 1.0 xy_error: -0.000207 -0.000277   integrators: 0.023 , -0.0113
[INFO] [1775239908.178771496] [aic_model]: z_offset: 0.0815
[INFO] [1775239908.179144163] [aic_model]: pfrac: 1.0 xy_error: -0.000207 -0.000277   integrators: 0.0228 , -0.0116
[INFO] [1775239908.228857997] [aic_model]: z_offset: 0.081
[INFO] [1775239908.229234441] [aic_model]: pfrac: 1.0 xy_error: -0.000207 -0.000277   integrators: 0.0226 , -0.0119
[INFO] [1775239908.278858577] [aic_model]: z_offset: 0.0805
[INFO] [1775239908.279364853] [aic_model]: pfrac: 1.0 xy_error: -0.000207 -0.000276   integrators: 0.0224 , -0.0122
[INFO] [1775239908.328892268] [aic_model]: z_offset: 0.08
[INFO] [1775239908.329262902] [aic_model]: pfrac: 1.0 xy_error: -0.000207 -0.000277   integrators: 0.0222 , -0.0124
[INFO] [1775239908.351258922] [aic_model]: insert_cable execute loop
[INFO] [1775239908.378843115] [aic_model]: z_offset: 0.0795
[INFO] [1775239908.379201746] [aic_model]: pfrac: 1.0 xy_error: -0.000207 -0.000276   integrators: 0.022 , -0.0127
[INFO] [1775239908.428802498] [aic_model]: z_offset: 0.079
[INFO] [1775239908.429164535] [aic_model]: pfrac: 1.0 xy_error: -0.000208 -0.000276   integrators: 0.0218 , -0.013
[INFO] [1775239908.478921560] [aic_model]: z_offset: 0.0785
[INFO] [1775239908.479283457] [aic_model]: pfrac: 1.0 xy_error: -0.000207 -0.000277   integrators: 0.0216 , -0.0133
[INFO] [1775239908.528851658] [aic_model]: z_offset: 0.078
[INFO] [1775239908.529224495] [aic_model]: pfrac: 1.0 xy_error: -0.000207 -0.000277   integrators: 0.0213 , -0.0135
[INFO] [1775239908.578777798] [aic_model]: z_offset: 0.0775
[INFO] [1775239908.579148051] [aic_model]: pfrac: 1.0 xy_error: -0.000208 -0.000277   integrators: 0.0211 , -0.0138
[INFO] [1775239908.628849672] [aic_model]: z_offset: 0.077
[INFO] [1775239908.629214013] [aic_model]: pfrac: 1.0 xy_error: -0.000206 -0.000276   integrators: 0.0209 , -0.0141
[INFO] [1775239908.678876561] [aic_model]: z_offset: 0.0765
[INFO] [1775239908.679243637] [aic_model]: pfrac: 1.0 xy_error: -0.000206 -0.000276   integrators: 0.0207 , -0.0144
[INFO] [1775239908.728810316] [aic_model]: z_offset: 0.076
[INFO] [1775239908.729171582] [aic_model]: pfrac: 1.0 xy_error: -0.000206 -0.000276   integrators: 0.0205 , -0.0146
[INFO] [1775239908.778818310] [aic_model]: z_offset: 0.0755
[INFO] [1775239908.779206446] [aic_model]: pfrac: 1.0 xy_error: -0.000205 -0.000276   integrators: 0.0203 , -0.0149
[INFO] [1775239908.828824640] [aic_model]: z_offset: 0.075
[INFO] [1775239908.829180255] [aic_model]: pfrac: 1.0 xy_error: -0.000206 -0.000276   integrators: 0.0201 , -0.0152
[INFO] [1775239908.878802127] [aic_model]: z_offset: 0.0745
[INFO] [1775239908.879169925] [aic_model]: pfrac: 1.0 xy_error: -0.000206 -0.000276   integrators: 0.0199 , -0.0155
[INFO] [1775239908.928808077] [aic_model]: z_offset: 0.074
[INFO] [1775239908.929166257] [aic_model]: pfrac: 1.0 xy_error: -0.000206 -0.000276   integrators: 0.0197 , -0.0157
[INFO] [1775239908.978924093] [aic_model]: z_offset: 0.0735
[INFO] [1775239908.979429168] [aic_model]: pfrac: 1.0 xy_error: -0.000206 -0.000276   integrators: 0.0195 , -0.016
[INFO] [1775239909.029186943] [aic_model]: z_offset: 0.073
[INFO] [1775239909.029606849] [aic_model]: pfrac: 1.0 xy_error: -0.000206 -0.000276   integrators: 0.0193 , -0.0163
[INFO] [1775239909.078875790] [aic_model]: z_offset: 0.0725
[INFO] [1775239909.079244730] [aic_model]: pfrac: 1.0 xy_error: -0.000207 -0.000276   integrators: 0.0191 , -0.0166
[INFO] [1775239909.128878274] [aic_model]: z_offset: 0.072
[INFO] [1775239909.129245100] [aic_model]: pfrac: 1.0 xy_error: -0.000206 -0.000276   integrators: 0.0189 , -0.0168
[INFO] [1775239909.178772635] [aic_model]: z_offset: 0.0715
[INFO] [1775239909.179131807] [aic_model]: pfrac: 1.0 xy_error: -0.000208 -0.000276   integrators: 0.0187 , -0.0171
[INFO] [1775239909.228825924] [aic_model]: z_offset: 0.071
[INFO] [1775239909.229199743] [aic_model]: pfrac: 1.0 xy_error: -0.000207 -0.000276   integrators: 0.0185 , -0.0174
[INFO] [1775239909.278852011] [aic_model]: z_offset: 0.0705
[INFO] [1775239909.279220110] [aic_model]: pfrac: 1.0 xy_error: -0.000207 -0.000276   integrators: 0.0183 , -0.0177
[INFO] [1775239909.328724652] [aic_model]: z_offset: 0.07
[INFO] [1775239909.329114671] [aic_model]: pfrac: 1.0 xy_error: -0.000207 -0.000276   integrators: 0.018 , -0.018
[INFO] [1775239909.351131281] [aic_model]: insert_cable execute loop
[INFO] [1775239909.378779313] [aic_model]: z_offset: 0.0695
[INFO] [1775239909.379141460] [aic_model]: pfrac: 1.0 xy_error: -0.000207 -0.000276   integrators: 0.0178 , -0.0182
[INFO] [1775239909.429508386] [aic_model]: z_offset: 0.069
[INFO] [1775239909.430863169] [aic_model]: pfrac: 1.0 xy_error: -0.000206 -0.000276   integrators: 0.0176 , -0.0185
[INFO] [1775239909.480986038] [aic_model]: z_offset: 0.0685
[INFO] [1775239909.481355198] [aic_model]: pfrac: 1.0 xy_error: -0.000206 -0.000276   integrators: 0.0174 , -0.0188
[INFO] [1775239909.530869549] [aic_model]: z_offset: 0.068
[INFO] [1775239909.531242296] [aic_model]: pfrac: 1.0 xy_error: -0.000205 -0.000276   integrators: 0.0172 , -0.0191
[INFO] [1775239909.580920323] [aic_model]: z_offset: 0.0675
[INFO] [1775239909.581282771] [aic_model]: pfrac: 1.0 xy_error: -0.000207 -0.000276   integrators: 0.017 , -0.0193
[INFO] [1775239909.630931262] [aic_model]: z_offset: 0.067
[INFO] [1775239909.631300533] [aic_model]: pfrac: 1.0 xy_error: -0.000206 -0.000276   integrators: 0.0168 , -0.0196
[INFO] [1775239909.680813421] [aic_model]: z_offset: 0.0665
[INFO] [1775239909.681170138] [aic_model]: pfrac: 1.0 xy_error: -0.000207 -0.000276   integrators: 0.0166 , -0.0199
[INFO] [1775239909.730848706] [aic_model]: z_offset: 0.066
[INFO] [1775239909.731218798] [aic_model]: pfrac: 1.0 xy_error: -0.000207 -0.000276   integrators: 0.0164 , -0.0202
[INFO] [1775239909.780779535] [aic_model]: z_offset: 0.0655
[INFO] [1775239909.781148635] [aic_model]: pfrac: 1.0 xy_error: -0.000207 -0.000276   integrators: 0.0162 , -0.0204
[INFO] [1775239909.830959430] [aic_model]: z_offset: 0.065
[INFO] [1775239909.831322029] [aic_model]: pfrac: 1.0 xy_error: -0.000207 -0.000276   integrators: 0.016 , -0.0207
[INFO] [1775239909.880838072] [aic_model]: z_offset: 0.0645
[INFO] [1775239909.881204237] [aic_model]: pfrac: 1.0 xy_error: -0.000207 -0.000276   integrators: 0.0158 , -0.021
[INFO] [1775239909.930845455] [aic_model]: z_offset: 0.064
[INFO] [1775239909.931223792] [aic_model]: pfrac: 1.0 xy_error: -0.000207 -0.000277   integrators: 0.0156 , -0.0213
[INFO] [1775239909.980870000] [aic_model]: z_offset: 0.0635
[INFO] [1775239909.981247686] [aic_model]: pfrac: 1.0 xy_error: -0.000206 -0.000276   integrators: 0.0154 , -0.0215
[INFO] [1775239910.030848548] [aic_model]: z_offset: 0.063
[INFO] [1775239910.031218811] [aic_model]: pfrac: 1.0 xy_error: -0.000207 -0.000276   integrators: 0.0152 , -0.0218
[INFO] [1775239910.080772826] [aic_model]: z_offset: 0.0625
[INFO] [1775239910.081212067] [aic_model]: pfrac: 1.0 xy_error: -0.000207 -0.000276   integrators: 0.0149 , -0.0221
[INFO] [1775239910.130789105] [aic_model]: z_offset: 0.062
[INFO] [1775239910.131155711] [aic_model]: pfrac: 1.0 xy_error: -0.000206 -0.000276   integrators: 0.0147 , -0.0224
[INFO] [1775239910.180951447] [aic_model]: z_offset: 0.0615
[INFO] [1775239910.181323083] [aic_model]: pfrac: 1.0 xy_error: -0.000207 -0.000276   integrators: 0.0145 , -0.0226
[INFO] [1775239910.230959832] [aic_model]: z_offset: 0.061
[INFO] [1775239910.231330876] [aic_model]: pfrac: 1.0 xy_error: -0.000207 -0.000276   integrators: 0.0143 , -0.0229
[INFO] [1775239910.280802477] [aic_model]: z_offset: 0.0605
[INFO] [1775239910.281169643] [aic_model]: pfrac: 1.0 xy_error: -0.000207 -0.000276   integrators: 0.0141 , -0.0232
[INFO] [1775239910.330774874] [aic_model]: z_offset: 0.06
[INFO] [1775239910.331139165] [aic_model]: pfrac: 1.0 xy_error: -0.000207 -0.000276   integrators: 0.0139 , -0.0235
[INFO] [1775239910.351234371] [aic_model]: insert_cable execute loop
[INFO] [1775239910.380823173] [aic_model]: z_offset: 0.0595
[INFO] [1775239910.381187454] [aic_model]: pfrac: 1.0 xy_error: -0.000208 -0.000277   integrators: 0.0137 , -0.0238
[INFO] [1775239910.430926235] [aic_model]: z_offset: 0.059
[INFO] [1775239910.431299733] [aic_model]: pfrac: 1.0 xy_error: -0.000208 -0.000277   integrators: 0.0135 , -0.024
[INFO] [1775239910.480995683] [aic_model]: z_offset: 0.0585
[INFO] [1775239910.481356087] [aic_model]: pfrac: 1.0 xy_error: -0.000208 -0.000276   integrators: 0.0133 , -0.0243
[INFO] [1775239910.530797231] [aic_model]: z_offset: 0.058
[INFO] [1775239910.531152806] [aic_model]: pfrac: 1.0 xy_error: -0.000207 -0.000276   integrators: 0.0131 , -0.0246
[INFO] [1775239910.580928175] [aic_model]: z_offset: 0.0575
[INFO] [1775239910.581292777] [aic_model]: pfrac: 1.0 xy_error: -0.000207 -0.000276   integrators: 0.0129 , -0.0249
[INFO] [1775239910.630821484] [aic_model]: z_offset: 0.057
[INFO] [1775239910.631198830] [aic_model]: pfrac: 1.0 xy_error: -0.000206 -0.000276   integrators: 0.0127 , -0.0251
[INFO] [1775239910.681282024] [aic_model]: z_offset: 0.0565
[INFO] [1775239910.682397641] [aic_model]: pfrac: 1.0 xy_error: -0.000206 -0.000276   integrators: 0.0125 , -0.0254
[INFO] [1775239910.730756671] [aic_model]: z_offset: 0.056
[INFO] [1775239910.731130400] [aic_model]: pfrac: 1.0 xy_error: -0.000206 -0.000277   integrators: 0.0123 , -0.0257
[INFO] [1775239910.780826190] [aic_model]: z_offset: 0.0555
[INFO] [1775239910.781208875] [aic_model]: pfrac: 1.0 xy_error: -0.000207 -0.000277   integrators: 0.012 , -0.026
[INFO] [1775239910.830851676] [aic_model]: z_offset: 0.055
[INFO] [1775239910.831229142] [aic_model]: pfrac: 1.0 xy_error: -0.000207 -0.000277   integrators: 0.0118 , -0.0262
[INFO] [1775239910.880965137] [aic_model]: z_offset: 0.0545
[INFO] [1775239910.881346631] [aic_model]: pfrac: 1.0 xy_error: -0.000207 -0.000277   integrators: 0.0116 , -0.0265
[INFO] [1775239910.930839371] [aic_model]: z_offset: 0.054
[INFO] [1775239910.931216807] [aic_model]: pfrac: 1.0 xy_error: -0.000206 -0.000276   integrators: 0.0114 , -0.0268
[INFO] [1775239910.980907196] [aic_model]: z_offset: 0.0535
[INFO] [1775239910.981404537] [aic_model]: pfrac: 1.0 xy_error: -0.000208 -0.000276   integrators: 0.0112 , -0.0271
[INFO] [1775239911.030930669] [aic_model]: z_offset: 0.053
[INFO] [1775239911.031429312] [aic_model]: pfrac: 1.0 xy_error: -0.000208 -0.000277   integrators: 0.011 , -0.0273
[INFO] [1775239911.081277006] [aic_model]: z_offset: 0.0525
[INFO] [1775239911.081923756] [aic_model]: pfrac: 1.0 xy_error: -0.000208 -0.000277   integrators: 0.0108 , -0.0276
[INFO] [1775239911.131027498] [aic_model]: z_offset: 0.052
[INFO] [1775239911.131402920] [aic_model]: pfrac: 1.0 xy_error: -0.000207 -0.000276   integrators: 0.0106 , -0.0279
[INFO] [1775239911.180851007] [aic_model]: z_offset: 0.0515
[INFO] [1775239911.181220137] [aic_model]: pfrac: 1.0 xy_error: -0.000208 -0.000277   integrators: 0.0104 , -0.0282
[INFO] [1775239911.230841448] [aic_model]: z_offset: 0.051
[INFO] [1775239911.231222621] [aic_model]: pfrac: 1.0 xy_error: -0.000208 -0.000277   integrators: 0.0102 , -0.0285
[INFO] [1775239911.280769112] [aic_model]: z_offset: 0.0505
[INFO] [1775239911.281129536] [aic_model]: pfrac: 1.0 xy_error: -0.000207 -0.000276   integrators: 0.00997 , -0.0287
[INFO] [1775239911.330847457] [aic_model]: z_offset: 0.05
[INFO] [1775239911.331212730] [aic_model]: pfrac: 1.0 xy_error: -0.000208 -0.000277   integrators: 0.00976 , -0.029
[INFO] [1775239911.350994960] [aic_model]: insert_cable execute loop
[INFO] [1775239911.380896397] [aic_model]: z_offset: 0.0495
[INFO] [1775239911.381271900] [aic_model]: pfrac: 1.0 xy_error: -0.000207 -0.000277   integrators: 0.00956 , -0.0293
[INFO] [1775239911.431016651] [aic_model]: z_offset: 0.049
[INFO] [1775239911.431524992] [aic_model]: pfrac: 1.0 xy_error: -0.000207 -0.000277   integrators: 0.00935 , -0.0296
[INFO] [1775239911.480826725] [aic_model]: z_offset: 0.0485
[INFO] [1775239911.481194102] [aic_model]: pfrac: 1.0 xy_error: -0.000207 -0.000277   integrators: 0.00914 , -0.0298
[INFO] [1775239911.530993626] [aic_model]: z_offset: 0.048
[INFO] [1775239911.531489363] [aic_model]: pfrac: 1.0 xy_error: -0.000207 -0.000277   integrators: 0.00894 , -0.0301
[INFO] [1775239911.580865495] [aic_model]: z_offset: 0.0475
[INFO] [1775239911.581234465] [aic_model]: pfrac: 1.0 xy_error: -0.000206 -0.000277   integrators: 0.00873 , -0.0304
[INFO] [1775239911.630839876] [aic_model]: z_offset: 0.047
[INFO] [1775239911.631215689] [aic_model]: pfrac: 1.0 xy_error: -0.000206 -0.000277   integrators: 0.00852 , -0.0307
[INFO] [1775239911.680884569] [aic_model]: z_offset: 0.0465
[INFO] [1775239911.681251916] [aic_model]: pfrac: 1.0 xy_error: -0.000206 -0.000278   integrators: 0.00832 , -0.0309
[INFO] [1775239911.730741560] [aic_model]: z_offset: 0.046
[INFO] [1775239911.731094901] [aic_model]: pfrac: 1.0 xy_error: -0.000206 -0.000277   integrators: 0.00811 , -0.0312
[INFO] [1775239911.780743252] [aic_model]: z_offset: 0.0455
[INFO] [1775239911.781120999] [aic_model]: pfrac: 1.0 xy_error: -0.000206 -0.000278   integrators: 0.00791 , -0.0315
[INFO] [1775239911.830980495] [aic_model]: z_offset: 0.045
[INFO] [1775239911.831488755] [aic_model]: pfrac: 1.0 xy_error: -0.000206 -0.000278   integrators: 0.0077 , -0.0318
[INFO] [1775239911.882760403] [aic_model]: z_offset: 0.0445
[INFO] [1775239911.883146785] [aic_model]: pfrac: 1.0 xy_error: -0.000206 -0.000277   integrators: 0.00749 , -0.0321
[INFO] [1775239911.932831134] [aic_model]: z_offset: 0.044
[INFO] [1775239911.933187891] [aic_model]: pfrac: 1.0 xy_error: -0.000207 -0.000278   integrators: 0.00729 , -0.0323
[INFO] [1775239911.982977486] [aic_model]: z_offset: 0.0435
[INFO] [1775239911.983354411] [aic_model]: pfrac: 1.0 xy_error: -0.000207 -0.000277   integrators: 0.00708 , -0.0326
[INFO] [1775239912.032818358] [aic_model]: z_offset: 0.043
[INFO] [1775239912.033198579] [aic_model]: pfrac: 1.0 xy_error: -0.000207 -0.000277   integrators: 0.00687 , -0.0329
[INFO] [1775239912.082821332] [aic_model]: z_offset: 0.0425
[INFO] [1775239912.083199860] [aic_model]: pfrac: 1.0 xy_error: -0.000208 -0.000277   integrators: 0.00667 , -0.0332
[INFO] [1775239912.132833303] [aic_model]: z_offset: 0.042
[INFO] [1775239912.133209757] [aic_model]: pfrac: 1.0 xy_error: -0.000207 -0.000277   integrators: 0.00646 , -0.0334
[INFO] [1775239912.182813976] [aic_model]: z_offset: 0.0415
[INFO] [1775239912.183197053] [aic_model]: pfrac: 1.0 xy_error: -0.000208 -0.000277   integrators: 0.00625 , -0.0337
[INFO] [1775239912.233003710] [aic_model]: z_offset: 0.041
[INFO] [1775239912.233387488] [aic_model]: pfrac: 1.0 xy_error: -0.000207 -0.000277   integrators: 0.00604 , -0.034
[INFO] [1775239912.282765113] [aic_model]: z_offset: 0.0405
[INFO] [1775239912.283149011] [aic_model]: pfrac: 1.0 xy_error: -0.000207 -0.000277   integrators: 0.00584 , -0.0343
[INFO] [1775239912.332773347] [aic_model]: z_offset: 0.04
[INFO] [1775239912.333145653] [aic_model]: pfrac: 1.0 xy_error: -0.000207 -0.000277   integrators: 0.00563 , -0.0346
[INFO] [1775239912.351028110] [aic_model]: insert_cable execute loop
[INFO] [1775239912.382733511] [aic_model]: z_offset: 0.0395
[INFO] [1775239912.383089828] [aic_model]: pfrac: 1.0 xy_error: -0.000207 -0.000277   integrators: 0.00542 , -0.0348
[INFO] [1775239912.432896254] [aic_model]: z_offset: 0.039
[INFO] [1775239912.433402110] [aic_model]: pfrac: 1.0 xy_error: -0.000206 -0.000277   integrators: 0.00522 , -0.0351
[INFO] [1775239912.482907174] [aic_model]: z_offset: 0.0385
[INFO] [1775239912.483286844] [aic_model]: pfrac: 1.0 xy_error: -0.000206 -0.000277   integrators: 0.00501 , -0.0354
[INFO] [1775239912.532796436] [aic_model]: z_offset: 0.038
[INFO] [1775239912.533177588] [aic_model]: pfrac: 1.0 xy_error: -0.000206 -0.000277   integrators: 0.00481 , -0.0357
[INFO] [1775239912.582876725] [aic_model]: z_offset: 0.0375
[INFO] [1775239912.583259400] [aic_model]: pfrac: 1.0 xy_error: -0.000206 -0.000277   integrators: 0.0046 , -0.0359
[INFO] [1775239912.633086316] [aic_model]: z_offset: 0.037
[INFO] [1775239912.633471316] [aic_model]: pfrac: 1.0 xy_error: -0.000206 -0.000277   integrators: 0.00439 , -0.0362
[INFO] [1775239912.682844823] [aic_model]: z_offset: 0.0365
[INFO] [1775239912.683222299] [aic_model]: pfrac: 1.0 xy_error: -0.000206 -0.000278   integrators: 0.00419 , -0.0365
[INFO] [1775239912.732912228] [aic_model]: z_offset: 0.036
[INFO] [1775239912.733406222] [aic_model]: pfrac: 1.0 xy_error: -0.000206 -0.000277   integrators: 0.00398 , -0.0368
[INFO] [1775239912.782884144] [aic_model]: z_offset: 0.0355
[INFO] [1775239912.783256781] [aic_model]: pfrac: 1.0 xy_error: -0.000206 -0.000278   integrators: 0.00378 , -0.037
[INFO] [1775239912.832800196] [aic_model]: z_offset: 0.035
[INFO] [1775239912.833166972] [aic_model]: pfrac: 1.0 xy_error: -0.000206 -0.000277   integrators: 0.00357 , -0.0373
[INFO] [1775239912.882789445] [aic_model]: z_offset: 0.0345
[INFO] [1775239912.883163053] [aic_model]: pfrac: 1.0 xy_error: -0.000206 -0.000278   integrators: 0.00337 , -0.0376
[INFO] [1775239912.932882718] [aic_model]: z_offset: 0.034
[INFO] [1775239912.933249384] [aic_model]: pfrac: 1.0 xy_error: -0.000206 -0.000278   integrators: 0.00316 , -0.0379
[INFO] [1775239912.982769956] [aic_model]: z_offset: 0.0335
[INFO] [1775239912.983136812] [aic_model]: pfrac: 1.0 xy_error: -0.000206 -0.000278   integrators: 0.00295 , -0.0382
[INFO] [1775239913.032844013] [aic_model]: z_offset: 0.033
[INFO] [1775239913.033210799] [aic_model]: pfrac: 1.0 xy_error: -0.000206 -0.000278   integrators: 0.00275 , -0.0384
[INFO] [1775239913.082851005] [aic_model]: z_offset: 0.0325
[INFO] [1775239913.083228842] [aic_model]: pfrac: 1.0 xy_error: -0.000206 -0.000277   integrators: 0.00254 , -0.0387
[INFO] [1775239913.132782005] [aic_model]: z_offset: 0.032
[INFO] [1775239913.133150254] [aic_model]: pfrac: 1.0 xy_error: -0.000207 -0.000278   integrators: 0.00233 , -0.039
[INFO] [1775239913.182865510] [aic_model]: z_offset: 0.0315
[INFO] [1775239913.183241113] [aic_model]: pfrac: 1.0 xy_error: -0.000206 -0.000277   integrators: 0.00213 , -0.0393
[INFO] [1775239913.232946461] [aic_model]: z_offset: 0.031
[INFO] [1775239913.233321733] [aic_model]: pfrac: 1.0 xy_error: -0.000206 -0.000277   integrators: 0.00192 , -0.0395
[INFO] [1775239913.282801508] [aic_model]: z_offset: 0.0305
[INFO] [1775239913.283171100] [aic_model]: pfrac: 1.0 xy_error: -0.000206 -0.000277   integrators: 0.00172 , -0.0398
[INFO] [1775239913.332830311] [aic_model]: z_offset: 0.03
[INFO] [1775239913.333199382] [aic_model]: pfrac: 1.0 xy_error: -0.000206 -0.000277   integrators: 0.00151 , -0.0401
[INFO] [1775239913.351112015] [aic_model]: insert_cable execute loop
[INFO] [1775239913.382764888] [aic_model]: z_offset: 0.0295
[INFO] [1775239913.383121956] [aic_model]: pfrac: 1.0 xy_error: -0.000207 -0.000278   integrators: 0.0013 , -0.0404
[INFO] [1775239913.432830419] [aic_model]: z_offset: 0.029
[INFO] [1775239913.433206062] [aic_model]: pfrac: 1.0 xy_error: -0.000206 -0.000277   integrators: 0.0011 , -0.0407
[INFO] [1775239913.482921028] [aic_model]: z_offset: 0.0285
[INFO] [1775239913.483293264] [aic_model]: pfrac: 1.0 xy_error: -0.000206 -0.000277   integrators: 0.00089 , -0.0409
[INFO] [1775239913.532729809] [aic_model]: z_offset: 0.028
[INFO] [1775239913.533091265] [aic_model]: pfrac: 1.0 xy_error: -0.000206 -0.000277   integrators: 0.000684 , -0.0412
[INFO] [1775239913.583028697] [aic_model]: z_offset: 0.0275
[INFO] [1775239913.583399591] [aic_model]: pfrac: 1.0 xy_error: -0.000207 -0.000278   integrators: 0.000478 , -0.0415
[INFO] [1775239913.635046650] [aic_model]: z_offset: 0.027
[INFO] [1775239913.635417373] [aic_model]: pfrac: 1.0 xy_error: -0.000207 -0.000277   integrators: 0.000271 , -0.0418
[INFO] [1775239913.684834943] [aic_model]: z_offset: 0.0265
[INFO] [1775239913.685199855] [aic_model]: pfrac: 1.0 xy_error: -0.000206 -0.000278   integrators: 6.49e-05 , -0.042
[INFO] [1775239913.736741067] [aic_model]: z_offset: 0.026
[INFO] [1775239913.737128071] [aic_model]: pfrac: 1.0 xy_error: -0.000206 -0.000278   integrators: -0.000141 , -0.0423
[INFO] [1775239913.786797461] [aic_model]: z_offset: 0.0255
[INFO] [1775239913.787162474] [aic_model]: pfrac: 1.0 xy_error: -0.000206 -0.000277   integrators: -0.000348 , -0.0426
[INFO] [1775239913.836877590] [aic_model]: z_offset: 0.025
[INFO] [1775239913.837243825] [aic_model]: pfrac: 1.0 xy_error: -0.000206 -0.000277   integrators: -0.000554 , -0.0429
[INFO] [1775239913.886833336] [aic_model]: z_offset: 0.0245
[INFO] [1775239913.887210812] [aic_model]: pfrac: 1.0 xy_error: -0.000207 -0.000277   integrators: -0.000761 , -0.0431
[INFO] [1775239913.936744990] [aic_model]: z_offset: 0.024
[INFO] [1775239913.937112808] [aic_model]: pfrac: 1.0 xy_error: -0.000206 -0.000277   integrators: -0.000967 , -0.0434
[INFO] [1775239913.988688975] [aic_model]: z_offset: 0.0235
[INFO] [1775239913.989202095] [aic_model]: pfrac: 1.0 xy_error: -0.000206 -0.000278   integrators: -0.00117 , -0.0437
[INFO] [1775239914.038809750] [aic_model]: z_offset: 0.023
[INFO] [1775239914.039175404] [aic_model]: pfrac: 1.0 xy_error: -0.000206 -0.000278   integrators: -0.00138 , -0.044
[INFO] [1775239914.089052222] [aic_model]: z_offset: 0.0225
[INFO] [1775239914.089413788] [aic_model]: pfrac: 1.0 xy_error: -0.000205 -0.000277   integrators: -0.00159 , -0.0443
[INFO] [1775239914.138941875] [aic_model]: z_offset: 0.022
[INFO] [1775239914.139313810] [aic_model]: pfrac: 1.0 xy_error: -0.000204 -0.000277   integrators: -0.00179 , -0.0445
[INFO] [1775239914.188869729] [aic_model]: z_offset: 0.0215
[INFO] [1775239914.189241123] [aic_model]: pfrac: 1.0 xy_error: -0.000204 -0.000277   integrators: -0.00199 , -0.0448
[INFO] [1775239914.238822189] [aic_model]: z_offset: 0.021
[INFO] [1775239914.239192972] [aic_model]: pfrac: 1.0 xy_error: -0.000204 -0.000277   integrators: -0.0022 , -0.0451
[INFO] [1775239914.288815615] [aic_model]: z_offset: 0.0205
[INFO] [1775239914.289181359] [aic_model]: pfrac: 1.0 xy_error: -0.000205 -0.000277   integrators: -0.0024 , -0.0454
[INFO] [1775239914.338922073] [aic_model]: z_offset: 0.02
[INFO] [1775239914.339295742] [aic_model]: pfrac: 1.0 xy_error: -0.000208 -0.000277   integrators: -0.00261 , -0.0456
[INFO] [1775239914.351381076] [aic_model]: insert_cable execute loop
[INFO] [1775239914.388983757] [aic_model]: z_offset: 0.0195
[INFO] [1775239914.389347668] [aic_model]: pfrac: 1.0 xy_error: -0.000209 -0.000277   integrators: -0.00282 , -0.0459
[INFO] [1775239914.438915378] [aic_model]: z_offset: 0.019
[INFO] [1775239914.439296411] [aic_model]: pfrac: 1.0 xy_error: -0.000209 -0.000277   integrators: -0.00303 , -0.0462
[INFO] [1775239914.488922250] [aic_model]: z_offset: 0.0185
[INFO] [1775239914.489314594] [aic_model]: pfrac: 1.0 xy_error: -0.000209 -0.000277   integrators: -0.00324 , -0.0465
[INFO] [1775239914.538883126] [aic_model]: z_offset: 0.018
[INFO] [1775239914.539249120] [aic_model]: pfrac: 1.0 xy_error: -0.00021 -0.000277   integrators: -0.00345 , -0.0468
[INFO] [1775239914.588924693] [aic_model]: z_offset: 0.0175
[INFO] [1775239914.589297269] [aic_model]: pfrac: 1.0 xy_error: -0.000207 -0.000277   integrators: -0.00365 , -0.047
[INFO] [1775239914.638930292] [aic_model]: z_offset: 0.017
[INFO] [1775239914.639306065] [aic_model]: pfrac: 1.0 xy_error: -0.000208 -0.000277   integrators: -0.00386 , -0.0473
[INFO] [1775239914.688901397] [aic_model]: z_offset: 0.0165
[INFO] [1775239914.689272361] [aic_model]: pfrac: 1.0 xy_error: -0.000206 -0.000277   integrators: -0.00407 , -0.0476
[INFO] [1775239914.739064230] [aic_model]: z_offset: 0.016
[INFO] [1775239914.739566630] [aic_model]: pfrac: 1.0 xy_error: -0.000207 -0.000277   integrators: -0.00427 , -0.0479
[INFO] [1775239914.788856070] [aic_model]: z_offset: 0.0155
[INFO] [1775239914.789221834] [aic_model]: pfrac: 1.0 xy_error: -0.000209 -0.000278   integrators: -0.00448 , -0.0481
[INFO] [1775239914.839160648] [aic_model]: z_offset: 0.015
[INFO] [1775239914.839529859] [aic_model]: pfrac: 1.0 xy_error: -0.000208 -0.000277   integrators: -0.00469 , -0.0484
[INFO] [1775239914.888891815] [aic_model]: z_offset: 0.0145
[INFO] [1775239914.889396078] [aic_model]: pfrac: 1.0 xy_error: -0.000207 -0.000277   integrators: -0.0049 , -0.0487
[INFO] [1775239914.938862499] [aic_model]: z_offset: 0.014
[INFO] [1775239914.939224606] [aic_model]: pfrac: 1.0 xy_error: -0.000207 -0.000277   integrators: -0.0051 , -0.049
[INFO] [1775239914.988845596] [aic_model]: z_offset: 0.0135
[INFO] [1775239914.989217522] [aic_model]: pfrac: 1.0 xy_error: -0.000208 -0.000277   integrators: -0.00531 , -0.0492
[INFO] [1775239915.038950832] [aic_model]: z_offset: 0.013
[INFO] [1775239915.039315354] [aic_model]: pfrac: 1.0 xy_error: -0.000208 -0.000277   integrators: -0.00552 , -0.0495
[INFO] [1775239915.088892852] [aic_model]: z_offset: 0.0125
[INFO] [1775239915.089267814] [aic_model]: pfrac: 1.0 xy_error: -0.000206 -0.000277   integrators: -0.00573 , -0.0498
[INFO] [1775239915.138807451] [aic_model]: z_offset: 0.012
[INFO] [1775239915.139173236] [aic_model]: pfrac: 1.0 xy_error: -0.000209 -0.000277   integrators: -0.00593 , -0.05
[INFO] [1775239915.188893722] [aic_model]: z_offset: 0.0115
[INFO] [1775239915.189257863] [aic_model]: pfrac: 1.0 xy_error: -0.000207 -0.000277   integrators: -0.00614 , -0.05
[INFO] [1775239915.238963681] [aic_model]: z_offset: 0.011
[INFO] [1775239915.239319908] [aic_model]: pfrac: 1.0 xy_error: -0.000209 -0.000277   integrators: -0.00635 , -0.05
[INFO] [1775239915.288882889] [aic_model]: z_offset: 0.0105
[INFO] [1775239915.289252841] [aic_model]: pfrac: 1.0 xy_error: -0.000208 -0.000277   integrators: -0.00656 , -0.05
[INFO] [1775239915.338936308] [aic_model]: z_offset: 0.01
[INFO] [1775239915.339307102] [aic_model]: pfrac: 1.0 xy_error: -0.000206 -0.000277   integrators: -0.00676 , -0.05
[INFO] [1775239915.351268324] [aic_model]: insert_cable execute loop
[INFO] [1775239915.388905770] [aic_model]: z_offset: 0.0095
[INFO] [1775239915.389282455] [aic_model]: pfrac: 1.0 xy_error: -0.000207 -0.000277   integrators: -0.00697 , -0.05
[INFO] [1775239915.438872908] [aic_model]: z_offset: 0.009
[INFO] [1775239915.439232089] [aic_model]: pfrac: 1.0 xy_error: -0.000206 -0.000277   integrators: -0.00718 , -0.05
[INFO] [1775239915.488921517] [aic_model]: z_offset: 0.0085
[INFO] [1775239915.489287822] [aic_model]: pfrac: 1.0 xy_error: -0.000208 -0.000277   integrators: -0.00738 , -0.05
[INFO] [1775239915.538906939] [aic_model]: z_offset: 0.008
[INFO] [1775239915.539280347] [aic_model]: pfrac: 1.0 xy_error: -0.000207 -0.000277   integrators: -0.00759 , -0.05
[INFO] [1775239915.588893413] [aic_model]: z_offset: 0.0075
[INFO] [1775239915.589263916] [aic_model]: pfrac: 1.0 xy_error: -0.000208 -0.000277   integrators: -0.0078 , -0.05
[INFO] [1775239915.638889895] [aic_model]: z_offset: 0.007
[INFO] [1775239915.639261811] [aic_model]: pfrac: 1.0 xy_error: -0.000208 -0.000277   integrators: -0.00801 , -0.05
[INFO] [1775239915.689431206] [aic_model]: z_offset: 0.0065
[INFO] [1775239915.691137808] [aic_model]: pfrac: 1.0 xy_error: -0.000207 -0.000277   integrators: -0.00821 , -0.05
[INFO] [1775239915.741222385] [aic_model]: z_offset: 0.006
[INFO] [1775239915.741639846] [aic_model]: pfrac: 1.0 xy_error: -0.000208 -0.000277   integrators: -0.00842 , -0.05
[INFO] [1775239915.790980352] [aic_model]: z_offset: 0.0055
[INFO] [1775239915.791419974] [aic_model]: pfrac: 1.0 xy_error: -0.000207 -0.000277   integrators: -0.00863 , -0.05
[INFO] [1775239915.841047596] [aic_model]: z_offset: 0.005
[INFO] [1775239915.841451802] [aic_model]: pfrac: 1.0 xy_error: -0.000207 -0.000277   integrators: -0.00884 , -0.05
[INFO] [1775239915.891095695] [aic_model]: z_offset: 0.0045
[INFO] [1775239915.891514168] [aic_model]: pfrac: 1.0 xy_error: -0.000206 -0.000277   integrators: -0.00904 , -0.05
[INFO] [1775239915.941077620] [aic_model]: z_offset: 0.004
[INFO] [1775239915.941496955] [aic_model]: pfrac: 1.0 xy_error: -0.000208 -0.000277   integrators: -0.00925 , -0.05
[INFO] [1775239915.991087468] [aic_model]: z_offset: 0.0035
[INFO] [1775239915.991519275] [aic_model]: pfrac: 1.0 xy_error: -0.000207 -0.000277   integrators: -0.00946 , -0.05
[INFO] [1775239916.041330341] [aic_model]: z_offset: 0.003
[INFO] [1775239916.041743273] [aic_model]: pfrac: 1.0 xy_error: -0.000207 -0.000277   integrators: -0.00966 , -0.05
[INFO] [1775239916.091063811] [aic_model]: z_offset: 0.0025
[INFO] [1775239916.091589445] [aic_model]: pfrac: 1.0 xy_error: -0.000207 -0.000277   integrators: -0.00987 , -0.05
[INFO] [1775239916.141237786] [aic_model]: z_offset: 0.002
[INFO] [1775239916.141672058] [aic_model]: pfrac: 1.0 xy_error: -0.000206 -0.000277   integrators: -0.0101 , -0.05
[INFO] [1775239916.191100548] [aic_model]: z_offset: 0.0015
[INFO] [1775239916.191516927] [aic_model]: pfrac: 1.0 xy_error: -0.000207 -0.000277   integrators: -0.0103 , -0.05
[INFO] [1775239916.241189423] [aic_model]: z_offset: 0.001
[INFO] [1775239916.241598298] [aic_model]: pfrac: 1.0 xy_error: -0.000206 -0.000277   integrators: -0.0105 , -0.05
[INFO] [1775239916.290902606] [aic_model]: z_offset: 0.0005
[INFO] [1775239916.291331157] [aic_model]: pfrac: 1.0 xy_error: -0.000207 -0.000277   integrators: -0.0107 , -0.05
[INFO] [1775239916.341088943] [aic_model]: z_offset: -1.6306e-16
[INFO] [1775239916.341617762] [aic_model]: pfrac: 1.0 xy_error: -0.000207 -0.000276   integrators: -0.0109 , -0.05
[INFO] [1775239916.353546163] [aic_model]: insert_cable execute loop
[INFO] [1775239916.391142963] [aic_model]: z_offset: -0.0005
[INFO] [1775239916.391581032] [aic_model]: pfrac: 1.0 xy_error: -0.000207 -0.000277   integrators: -0.0111 , -0.05
[INFO] [1775239916.441241486] [aic_model]: z_offset: -0.001
[INFO] [1775239916.441641715] [aic_model]: pfrac: 1.0 xy_error: -0.000209 -0.000277   integrators: -0.0113 , -0.05
[INFO] [1775239916.490961682] [aic_model]: z_offset: -0.0015
[INFO] [1775239916.491369785] [aic_model]: pfrac: 1.0 xy_error: -0.000206 -0.000277   integrators: -0.0115 , -0.05
[INFO] [1775239916.540949498] [aic_model]: z_offset: -0.002
[INFO] [1775239916.541316364] [aic_model]: pfrac: 1.0 xy_error: -0.000208 -0.000277   integrators: -0.0117 , -0.05
[INFO] [1775239916.591176732] [aic_model]: z_offset: -0.0025
[INFO] [1775239916.591672619] [aic_model]: pfrac: 1.0 xy_error: -0.000208 -0.000278   integrators: -0.0119 , -0.05
[INFO] [1775239916.641003357] [aic_model]: z_offset: -0.003
[INFO] [1775239916.641419715] [aic_model]: pfrac: 1.0 xy_error: -0.000207 -0.000277   integrators: -0.0121 , -0.05
[INFO] [1775239916.691300000] [aic_model]: z_offset: -0.0035
[INFO] [1775239916.691691543] [aic_model]: pfrac: 1.0 xy_error: -0.000206 -0.000277   integrators: -0.0124 , -0.05
[INFO] [1775239916.741092722] [aic_model]: z_offset: -0.004
[INFO] [1775239916.741509782] [aic_model]: pfrac: 1.0 xy_error: -0.000206 -0.000277   integrators: -0.0126 , -0.05
[INFO] [1775239916.791030654] [aic_model]: z_offset: -0.0045
[INFO] [1775239916.791443867] [aic_model]: pfrac: 1.0 xy_error: -0.000207 -0.000277   integrators: -0.0128 , -0.05
[INFO] [1775239916.841230036] [aic_model]: z_offset: -0.005
[INFO] [1775239916.841726705] [aic_model]: pfrac: 1.0 xy_error: -0.000207 -0.000277   integrators: -0.013 , -0.05
[INFO] [1775239916.891497255] [aic_model]: z_offset: -0.0055
[INFO] [1775239916.891881914] [aic_model]: pfrac: 1.0 xy_error: -0.000207 -0.000277   integrators: -0.0132 , -0.05
[INFO] [1775239916.941039387] [aic_model]: z_offset: -0.006
[INFO] [1775239916.941458922] [aic_model]: pfrac: 1.0 xy_error: -0.000206 -0.000277   integrators: -0.0134 , -0.05
[INFO] [1775239916.991189367] [aic_model]: z_offset: -0.0065
[INFO] [1775239916.991604594] [aic_model]: pfrac: 1.0 xy_error: -0.000207 -0.000277   integrators: -0.0136 , -0.05
[INFO] [1775239917.042926204] [aic_model]: z_offset: -0.007
[INFO] [1775239917.043306396] [aic_model]: pfrac: 1.0 xy_error: -0.000206 -0.000277   integrators: -0.0138 , -0.05
[INFO] [1775239917.092954066] [aic_model]: z_offset: -0.0075
[INFO] [1775239917.093325099] [aic_model]: pfrac: 1.0 xy_error: -0.000206 -0.000277   integrators: -0.014 , -0.05
[INFO] [1775239917.143161563] [aic_model]: z_offset: -0.008
[INFO] [1775239917.143547404] [aic_model]: pfrac: 1.0 xy_error: -0.000206 -0.000277   integrators: -0.0142 , -0.05
[INFO] [1775239917.192905072] [aic_model]: z_offset: -0.0085
[INFO] [1775239917.193269233] [aic_model]: pfrac: 1.0 xy_error: -0.000207 -0.000277   integrators: -0.0144 , -0.05
[INFO] [1775239917.242954954] [aic_model]: z_offset: -0.009
[INFO] [1775239917.243321600] [aic_model]: pfrac: 1.0 xy_error: -0.000207 -0.000278   integrators: -0.0146 , -0.05
[INFO] [1775239917.293188400] [aic_model]: z_offset: -0.0095
[INFO] [1775239917.293553402] [aic_model]: pfrac: 1.0 xy_error: -0.000206 -0.000277   integrators: -0.0148 , -0.05
[INFO] [1775239917.343096036] [aic_model]: z_offset: -0.01
[INFO] [1775239917.343455027] [aic_model]: pfrac: 1.0 xy_error: -0.000205 -0.000276   integrators: -0.015 , -0.05
[INFO] [1775239917.353597077] [aic_model]: insert_cable execute loop
[INFO] [1775239917.393045971] [aic_model]: z_offset: -0.0105
[INFO] [1775239917.393412787] [aic_model]: pfrac: 1.0 xy_error: -0.000205 -0.000277   integrators: -0.0152 , -0.05
[INFO] [1775239917.442960700] [aic_model]: z_offset: -0.011
[INFO] [1775239917.443329110] [aic_model]: pfrac: 1.0 xy_error: -0.000206 -0.000277   integrators: -0.0154 , -0.05
[INFO] [1775239917.493039316] [aic_model]: z_offset: -0.0115
[INFO] [1775239917.493411863] [aic_model]: pfrac: 1.0 xy_error: -0.000205 -0.000277   integrators: -0.0157 , -0.05
[INFO] [1775239917.542968623] [aic_model]: z_offset: -0.012
[INFO] [1775239917.543339547] [aic_model]: pfrac: 1.0 xy_error: -0.000207 -0.000277   integrators: -0.0159 , -0.05
[INFO] [1775239917.592959235] [aic_model]: z_offset: -0.0125
[INFO] [1775239917.593327794] [aic_model]: pfrac: 1.0 xy_error: -0.000206 -0.000276   integrators: -0.0161 , -0.05
[INFO] [1775239917.643026950] [aic_model]: z_offset: -0.013
[INFO] [1775239917.643387765] [aic_model]: pfrac: 1.0 xy_error: -0.000206 -0.000277   integrators: -0.0163 , -0.05
[INFO] [1775239917.693040324] [aic_model]: z_offset: -0.0135
[INFO] [1775239917.693404145] [aic_model]: pfrac: 1.0 xy_error: -0.000206 -0.000277   integrators: -0.0165 , -0.05
[INFO] [1775239917.744940177] [aic_model]: z_offset: -0.014
[INFO] [1775239917.745322151] [aic_model]: pfrac: 1.0 xy_error: -0.000207 -0.000277   integrators: -0.0167 , -0.05
[INFO] [1775239917.794998134] [aic_model]: z_offset: -0.0145
[INFO] [1775239917.795513398] [aic_model]: pfrac: 1.0 xy_error: -0.000206 -0.000277   integrators: -0.0169 , -0.05
[INFO] [1775239917.844938071] [aic_model]: z_offset: -0.015
[INFO] [1775239917.845459476] [aic_model]: pfrac: 1.0 xy_error: -0.000205 -0.000276   integrators: -0.0171 , -0.05
[INFO] [1775239917.894906881] [aic_model]: Waiting for connector to stabilize...
[INFO] [1775239918.353636018] [aic_model]: insert_cable execute loop
[INFO] [1775239919.353389998] [aic_model]: insert_cable execute loop
[INFO] [1775239920.353287976] [aic_model]: insert_cable execute loop
[INFO] [1775239921.353740723] [aic_model]: insert_cable execute loop
[INFO] [1775239922.354984408] [aic_model]: insert_cable execute loop
[INFO] [1775239922.894987830] [aic_model]: CheatCode.insert_cable() exiting...
[INFO] [1775239923.355155488] [aic_model]: insert_cable() returned True
[INFO] [1775239923.809015048] [aic_model]: on_deactivate(LifecycleState(label='active', state_id=3))
[INFO] [1775239924.734098787] [aic_model]: on_activate()
[INFO] [1775239927.684028348] [aic_model]: Goal accepted
[INFO] [1775239927.685283496] [aic_model]: Entering insert_cable_execute_callback()
[INFO] [1775239927.686331105] [aic_model]: CheatCode.insert_cable() task: aic_task_interfaces.msg.Task(id='task_1', cable_type='sfp_sc', cable_name='cable_0', plug_type='sfp', plug_name='sfp_tip', port_type='sfp', port_name='sfp_port_0', target_module_name='nic_card_mount_3', time_limit=180)
[INFO] [1775239927.686895822] [aic_model]: insert_cable execute loop
[INFO] [1775239927.687335504] [aic_model]: pfrac: 0.0 xy_error: -0.0806 0.151   integrators: 0.0 , 0.0
[INFO] [1775239927.737717828] [aic_model]: pfrac: 0.01 xy_error: -0.0806 0.151   integrators: 0.0 , 0.0
[INFO] [1775239927.787693441] [aic_model]: pfrac: 0.02 xy_error: -0.0805 0.151   integrators: 0.0 , 0.0
[INFO] [1775239927.837506571] [aic_model]: pfrac: 0.03 xy_error: -0.0805 0.151   integrators: 0.0 , 0.0
[INFO] [1775239927.888144643] [aic_model]: pfrac: 0.04 xy_error: -0.0803 0.151   integrators: 0.0 , 0.0
[INFO] [1775239927.937993049] [aic_model]: pfrac: 0.05 xy_error: -0.0802 0.15   integrators: 0.0 , 0.0
[INFO] [1775239927.987387846] [aic_model]: pfrac: 0.06 xy_error: -0.08 0.15   integrators: 0.0 , 0.0
[INFO] [1775239928.037822699] [aic_model]: pfrac: 0.07 xy_error: -0.0797 0.15   integrators: 0.0 , 0.0
[INFO] [1775239928.088115715] [aic_model]: pfrac: 0.08 xy_error: -0.0794 0.15   integrators: 0.0 , 0.0
[INFO] [1775239928.137170336] [aic_model]: pfrac: 0.09 xy_error: -0.079 0.149   integrators: 0.0 , 0.0
[INFO] [1775239928.187868852] [aic_model]: pfrac: 0.1 xy_error: -0.0786 0.149   integrators: 0.0 , 0.0
[INFO] [1775239928.237383593] [aic_model]: pfrac: 0.11 xy_error: -0.0782 0.148   integrators: 0.0 , 0.0
[INFO] [1775239928.287608944] [aic_model]: pfrac: 0.12 xy_error: -0.0777 0.147   integrators: 0.0 , 0.0
[INFO] [1775239928.338078401] [aic_model]: pfrac: 0.13 xy_error: -0.0772 0.146   integrators: 0.0 , 0.0
[INFO] [1775239928.387399410] [aic_model]: pfrac: 0.14 xy_error: -0.0766 0.145   integrators: 0.0 , 0.0
[INFO] [1775239928.437947404] [aic_model]: pfrac: 0.15 xy_error: -0.0759 0.144   integrators: 0.0 , 0.0
[INFO] [1775239928.487727051] [aic_model]: pfrac: 0.16 xy_error: -0.0753 0.142   integrators: 0.0 , 0.0
[INFO] [1775239928.537174897] [aic_model]: pfrac: 0.17 xy_error: -0.0745 0.141   integrators: 0.0 , 0.0
[INFO] [1775239928.587969873] [aic_model]: pfrac: 0.18 xy_error: -0.0737 0.139   integrators: 0.0 , 0.0
[INFO] [1775239928.637174635] [aic_model]: pfrac: 0.19 xy_error: -0.0729 0.138   integrators: 0.0 , 0.0
[INFO] [1775239928.688325447] [aic_model]: insert_cable execute loop
[INFO] [1775239928.688958400] [aic_model]: pfrac: 0.2 xy_error: -0.072 0.136   integrators: 0.0 , 0.0
[INFO] [1775239928.739495123] [aic_model]: pfrac: 0.21 xy_error: -0.071 0.134   integrators: 0.0 , 0.0
[INFO] [1775239928.789338489] [aic_model]: pfrac: 0.22 xy_error: -0.07 0.132   integrators: 0.0 , 0.0
[INFO] [1775239928.839155166] [aic_model]: pfrac: 0.23 xy_error: -0.069 0.13   integrators: 0.0 , 0.0
[INFO] [1775239928.890020072] [aic_model]: pfrac: 0.24 xy_error: -0.0679 0.128   integrators: 0.0 , 0.0
[INFO] [1775239928.939175502] [aic_model]: pfrac: 0.25 xy_error: -0.0668 0.126   integrators: 0.0 , 0.0
[INFO] [1775239928.990003149] [aic_model]: pfrac: 0.26 xy_error: -0.0656 0.124   integrators: 0.0 , 0.0
[INFO] [1775239929.040079411] [aic_model]: pfrac: 0.27 xy_error: -0.0644 0.122   integrators: 0.0 , 0.0
[INFO] [1775239929.089869868] [aic_model]: pfrac: 0.28 xy_error: -0.0632 0.119   integrators: 0.0 , 0.0
[INFO] [1775239929.139594001] [aic_model]: pfrac: 0.29 xy_error: -0.0619 0.117   integrators: 0.0 , 0.0
[INFO] [1775239929.190029454] [aic_model]: pfrac: 0.3 xy_error: -0.0606 0.114   integrators: 0.0 , 0.0
[INFO] [1775239929.239942751] [aic_model]: pfrac: 0.31 xy_error: -0.0593 0.112   integrators: 0.0 , 0.0
[INFO] [1775239929.289942800] [aic_model]: pfrac: 0.32 xy_error: -0.0579 0.109   integrators: 0.0 , 0.0
[INFO] [1775239929.340009244] [aic_model]: pfrac: 0.33 xy_error: -0.0565 0.107   integrators: 0.0 , 0.0
[INFO] [1775239929.389965782] [aic_model]: pfrac: 0.34 xy_error: -0.0551 0.104   integrators: 0.0 , 0.0
[INFO] [1775239929.439972002] [aic_model]: pfrac: 0.35 xy_error: -0.0536 0.102   integrators: 0.0 , 0.0
[INFO] [1775239929.489953797] [aic_model]: pfrac: 0.36 xy_error: -0.0521 0.0989   integrators: 0.0 , 0.0
[INFO] [1775239929.540050177] [aic_model]: pfrac: 0.37 xy_error: -0.0506 0.0962   integrators: 0.0 , 0.0
[INFO] [1775239929.589902049] [aic_model]: pfrac: 0.38 xy_error: -0.0491 0.0935   integrators: 0.0 , 0.0
[INFO] [1775239929.639817239] [aic_model]: pfrac: 0.39 xy_error: -0.0475 0.0908   integrators: 0.0 , 0.0
[INFO] [1775239929.688007443] [aic_model]: insert_cable execute loop
[INFO] [1775239929.689898340] [aic_model]: pfrac: 0.4 xy_error: -0.046 0.088   integrators: 0.0 , 0.0
[INFO] [1775239929.739705037] [aic_model]: pfrac: 0.41 xy_error: -0.0445 0.0853   integrators: 0.0 , 0.0
[INFO] [1775239929.789920309] [aic_model]: pfrac: 0.42 xy_error: -0.0429 0.0826   integrators: 0.0 , 0.0
[INFO] [1775239929.839661254] [aic_model]: pfrac: 0.43 xy_error: -0.0414 0.08   integrators: 0.0 , 0.0
[INFO] [1775239929.890009544] [aic_model]: pfrac: 0.44 xy_error: -0.0399 0.078   integrators: 0.0 , 0.0
[INFO] [1775239929.939332557] [aic_model]: pfrac: 0.45 xy_error: -0.0383 0.0759   integrators: 0.0 , 0.0
[INFO] [1775239929.989826420] [aic_model]: pfrac: 0.46 xy_error: -0.0367 0.0739   integrators: 0.0 , 0.0
[INFO] [1775239930.040010704] [aic_model]: pfrac: 0.47 xy_error: -0.0351 0.0719   integrators: 0.0 , 0.0
[INFO] [1775239930.089560360] [aic_model]: pfrac: 0.48 xy_error: -0.0335 0.07   integrators: 0.0 , 0.0
[INFO] [1775239930.139609130] [aic_model]: pfrac: 0.49 xy_error: -0.0319 0.0682   integrators: 0.0 , 0.0
[INFO] [1775239930.189211346] [aic_model]: pfrac: 0.5 xy_error: -0.0304 0.0665   integrators: 0.0 , 0.0
[INFO] [1775239930.239158476] [aic_model]: pfrac: 0.51 xy_error: -0.0288 0.0647   integrators: 0.0 , 0.0
[INFO] [1775239930.289205222] [aic_model]: pfrac: 0.52 xy_error: -0.0273 0.063   integrators: 0.0 , 0.0
[INFO] [1775239930.339652167] [aic_model]: pfrac: 0.53 xy_error: -0.0258 0.0614   integrators: 0.0 , 0.0
[INFO] [1775239930.389601251] [aic_model]: pfrac: 0.54 xy_error: -0.0244 0.0599   integrators: 0.0 , 0.0
[INFO] [1775239930.439812475] [aic_model]: pfrac: 0.55 xy_error: -0.0229 0.0584   integrators: 0.0 , 0.0
[INFO] [1775239930.489189169] [aic_model]: pfrac: 0.56 xy_error: -0.0215 0.057   integrators: 0.0 , 0.0
[INFO] [1775239930.539588384] [aic_model]: pfrac: 0.57 xy_error: -0.0202 0.0556   integrators: 0.0 , 0.0
[INFO] [1775239930.589658685] [aic_model]: pfrac: 0.58 xy_error: -0.0188 0.0543   integrators: 0.0 , 0.0
[INFO] [1775239930.639978202] [aic_model]: pfrac: 0.59 xy_error: -0.0176 0.0532   integrators: 0.0 , 0.0
[INFO] [1775239930.688099256] [aic_model]: insert_cable execute loop
[INFO] [1775239930.689272501] [aic_model]: pfrac: 0.6 xy_error: -0.0163 0.0521   integrators: 0.0 , 0.0
[INFO] [1775239930.739363610] [aic_model]: pfrac: 0.61 xy_error: -0.0151 0.051   integrators: 0.0 , 0.0
[INFO] [1775239930.789841954] [aic_model]: pfrac: 0.62 xy_error: -0.014 0.0501   integrators: 0.0 , 0.0
[INFO] [1775239930.839524309] [aic_model]: pfrac: 0.63 xy_error: -0.0128 0.0491   integrators: 0.0 , 0.0
[INFO] [1775239930.889213427] [aic_model]: pfrac: 0.64 xy_error: -0.0118 0.0483   integrators: 0.0 , 0.0
[INFO] [1775239930.939737776] [aic_model]: pfrac: 0.65 xy_error: -0.0108 0.0475   integrators: 0.0 , 0.0
[INFO] [1775239930.989168541] [aic_model]: pfrac: 0.66 xy_error: -0.00982 0.0467   integrators: 0.0 , 0.0
[INFO] [1775239931.040003041] [aic_model]: pfrac: 0.67 xy_error: -0.00891 0.046   integrators: 0.0 , 0.0
[INFO] [1775239931.089927729] [aic_model]: pfrac: 0.68 xy_error: -0.00808 0.0454   integrators: 0.0 , 0.0
[INFO] [1775239931.139153881] [aic_model]: pfrac: 0.69 xy_error: -0.00729 0.0448   integrators: 0.0 , 0.0
[INFO] [1775239931.189254578] [aic_model]: pfrac: 0.7 xy_error: -0.00655 0.0443   integrators: 0.0 , 0.0
[INFO] [1775239931.239149641] [aic_model]: pfrac: 0.71 xy_error: -0.00589 0.0438   integrators: 0.0 , 0.0
[INFO] [1775239931.289206156] [aic_model]: pfrac: 0.72 xy_error: -0.00526 0.0433   integrators: 0.0 , 0.0
[INFO] [1775239931.339251369] [aic_model]: pfrac: 0.73 xy_error: -0.00465 0.0429   integrators: 0.0 , 0.0
[INFO] [1775239931.389198059] [aic_model]: pfrac: 0.74 xy_error: -0.0041 0.0425   integrators: 0.0 , 0.0
[INFO] [1775239931.439440842] [aic_model]: pfrac: 0.75 xy_error: -0.00359 0.0422   integrators: 0.0 , 0.0
[INFO] [1775239931.489620327] [aic_model]: pfrac: 0.76 xy_error: -0.00313 0.0419   integrators: 0.0 , 0.0
[INFO] [1775239931.539792348] [aic_model]: pfrac: 0.77 xy_error: -0.00269 0.0416   integrators: 0.0 , 0.0
[INFO] [1775239931.589848442] [aic_model]: pfrac: 0.78 xy_error: -0.00229 0.0414   integrators: 0.0 , 0.0
[INFO] [1775239931.639197032] [aic_model]: pfrac: 0.79 xy_error: -0.00194 0.0412   integrators: 0.0 , 0.0
[INFO] [1775239931.687995434] [aic_model]: insert_cable execute loop
[INFO] [1775239931.689115439] [aic_model]: pfrac: 0.8 xy_error: -0.00163 0.041   integrators: 0.0 , 0.0
[INFO] [1775239931.739622687] [aic_model]: pfrac: 0.81 xy_error: -0.00136 0.0408   integrators: 0.0 , 0.0
[INFO] [1775239931.789175419] [aic_model]: pfrac: 0.82 xy_error: -0.0011 0.0406   integrators: 0.0 , 0.0
[INFO] [1775239931.839173174] [aic_model]: pfrac: 0.83 xy_error: -0.000886 0.0405   integrators: 0.0 , 0.0
[INFO] [1775239931.889179134] [aic_model]: pfrac: 0.84 xy_error: -0.000679 0.0404   integrators: 0.0 , 0.0
[INFO] [1775239931.940029203] [aic_model]: pfrac: 0.85 xy_error: -0.000484 0.0402   integrators: 0.0 , 0.0
[INFO] [1775239931.990251288] [aic_model]: pfrac: 0.86 xy_error: -0.000315 0.0401   integrators: 0.0 , 0.0
[INFO] [1775239932.039182758] [aic_model]: pfrac: 0.87 xy_error: -0.000179 0.0401   integrators: 0.0 , 0.0
[INFO] [1775239932.089208235] [aic_model]: pfrac: 0.88 xy_error: -5.65e-05 0.04   integrators: 0.0 , 0.0
[INFO] [1775239932.139180542] [aic_model]: pfrac: 0.89 xy_error: 3.98e-05 0.0399   integrators: 0.0 , 0.0
[INFO] [1775239932.189326104] [aic_model]: pfrac: 0.9 xy_error: 0.000156 0.0398   integrators: 0.0 , 0.0
[INFO] [1775239932.240243038] [aic_model]: pfrac: 0.91 xy_error: 0.000255 0.0398   integrators: 0.0 , 0.0
[INFO] [1775239932.289155463] [aic_model]: pfrac: 0.92 xy_error: 0.000351 0.0397   integrators: 0.0 , 0.0
[INFO] [1775239932.339193233] [aic_model]: pfrac: 0.93 xy_error: 0.000433 0.0396   integrators: 0.0 , 0.0
[INFO] [1775239932.389145663] [aic_model]: pfrac: 0.94 xy_error: 0.000507 0.0396   integrators: 0.0 , 0.0
[INFO] [1775239932.440025958] [aic_model]: pfrac: 0.95 xy_error: 0.000569 0.0396   integrators: 0.0 , 0.0
[INFO] [1775239932.489157623] [aic_model]: pfrac: 0.96 xy_error: 0.000616 0.0395   integrators: 0.0 , 0.0
[INFO] [1775239932.539269391] [aic_model]: pfrac: 0.97 xy_error: 0.00067 0.0395   integrators: 0.0 , 0.0
[INFO] [1775239932.589179793] [aic_model]: pfrac: 0.98 xy_error: 0.000705 0.0395   integrators: 0.0 , 0.0
[INFO] [1775239932.639144927] [aic_model]: pfrac: 0.99 xy_error: 0.000727 0.0395   integrators: 0.0 , 0.0
[INFO] [1775239932.687247156] [aic_model]: insert_cable execute loop
[INFO] [1775239932.688943559] [aic_model]: z_offset: 0.1995
[INFO] [1775239932.690038898] [aic_model]: pfrac: 1.0 xy_error: 0.000762 0.0395   integrators: 0.000762 , 0.0395
[INFO] [1775239932.739015813] [aic_model]: z_offset: 0.199
[INFO] [1775239932.740117905] [aic_model]: pfrac: 1.0 xy_error: 0.000818 0.0394   integrators: 0.00158 , 0.05
[INFO] [1775239932.789071787] [aic_model]: z_offset: 0.1985
[INFO] [1775239932.790282301] [aic_model]: pfrac: 1.0 xy_error: 0.00086 0.0392   integrators: 0.00244 , 0.05
[INFO] [1775239932.839005102] [aic_model]: z_offset: 0.198
[INFO] [1775239932.840149602] [aic_model]: pfrac: 1.0 xy_error: 0.000881 0.0391   integrators: 0.00332 , 0.05
[INFO] [1775239932.888997466] [aic_model]: z_offset: 0.1975
[INFO] [1775239932.889803564] [aic_model]: pfrac: 1.0 xy_error: 0.000915 0.0389   integrators: 0.00424 , 0.05
[INFO] [1775239932.938996554] [aic_model]: z_offset: 0.197
[INFO] [1775239932.939404998] [aic_model]: pfrac: 1.0 xy_error: 0.000907 0.0387   integrators: 0.00514 , 0.05
[INFO] [1775239932.988992305] [aic_model]: z_offset: 0.1965
[INFO] [1775239932.990072666] [aic_model]: pfrac: 1.0 xy_error: 0.000906 0.0385   integrators: 0.00605 , 0.05
[INFO] [1775239933.038992585] [aic_model]: z_offset: 0.196
[INFO] [1775239933.040132337] [aic_model]: pfrac: 1.0 xy_error: 0.000915 0.0383   integrators: 0.00696 , 0.05
[INFO] [1775239933.089008353] [aic_model]: z_offset: 0.1955
[INFO] [1775239933.090208007] [aic_model]: pfrac: 1.0 xy_error: 0.000938 0.0381   integrators: 0.0079 , 0.05
[INFO] [1775239933.138990990] [aic_model]: z_offset: 0.195
[INFO] [1775239933.139830280] [aic_model]: pfrac: 1.0 xy_error: 0.000939 0.0379   integrators: 0.00884 , 0.05
[INFO] [1775239933.189014533] [aic_model]: z_offset: 0.1945
[INFO] [1775239933.190228794] [aic_model]: pfrac: 1.0 xy_error: 0.000941 0.0377   integrators: 0.00978 , 0.05
[INFO] [1775239933.238976040] [aic_model]: z_offset: 0.194
[INFO] [1775239933.239812495] [aic_model]: pfrac: 1.0 xy_error: 0.000925 0.0375   integrators: 0.0107 , 0.05
[INFO] [1775239933.288997049] [aic_model]: z_offset: 0.1935
[INFO] [1775239933.289432142] [aic_model]: pfrac: 1.0 xy_error: 0.000923 0.0373   integrators: 0.0116 , 0.05
[INFO] [1775239933.339007858] [aic_model]: z_offset: 0.193
[INFO] [1775239933.339404330] [aic_model]: pfrac: 1.0 xy_error: 0.000905 0.0371   integrators: 0.0125 , 0.05
[INFO] [1775239933.388970918] [aic_model]: z_offset: 0.1925
[INFO] [1775239933.390017325] [aic_model]: pfrac: 1.0 xy_error: 0.000872 0.0369   integrators: 0.0134 , 0.05
[INFO] [1775239933.439000853] [aic_model]: z_offset: 0.192
[INFO] [1775239933.440183555] [aic_model]: pfrac: 1.0 xy_error: 0.000838 0.0368   integrators: 0.0142 , 0.05
[INFO] [1775239933.489008376] [aic_model]: z_offset: 0.1915
[INFO] [1775239933.489397033] [aic_model]: pfrac: 1.0 xy_error: 0.00081 0.0366   integrators: 0.0151 , 0.05
[INFO] [1775239933.539277940] [aic_model]: z_offset: 0.191
[INFO] [1775239933.540477002] [aic_model]: pfrac: 1.0 xy_error: 0.00076 0.0365   integrators: 0.0158 , 0.05
[INFO] [1775239933.589090358] [aic_model]: z_offset: 0.1905
[INFO] [1775239933.589959133] [aic_model]: pfrac: 1.0 xy_error: 0.000704 0.0363   integrators: 0.0165 , 0.05
[INFO] [1775239933.638996742] [aic_model]: z_offset: 0.19
[INFO] [1775239933.639642790] [aic_model]: pfrac: 1.0 xy_error: 0.000616 0.0362   integrators: 0.0171 , 0.05
[INFO] [1775239933.687241708] [aic_model]: insert_cable execute loop
[INFO] [1775239933.688939374] [aic_model]: z_offset: 0.1895
[INFO] [1775239933.689283307] [aic_model]: pfrac: 1.0 xy_error: 0.000551 0.036   integrators: 0.0177 , 0.05
[INFO] [1775239933.738996079] [aic_model]: z_offset: 0.189
[INFO] [1775239933.739386379] [aic_model]: pfrac: 1.0 xy_error: 0.000483 0.0359   integrators: 0.0182 , 0.05
[INFO] [1775239933.789081818] [aic_model]: z_offset: 0.1885
[INFO] [1775239933.789506192] [aic_model]: pfrac: 1.0 xy_error: 0.000392 0.0357   integrators: 0.0186 , 0.05
[INFO] [1775239933.838994184] [aic_model]: z_offset: 0.188
[INFO] [1775239933.840150306] [aic_model]: pfrac: 1.0 xy_error: 0.000301 0.0356   integrators: 0.0189 , 0.05
[INFO] [1775239933.890227880] [aic_model]: z_offset: 0.1875
[INFO] [1775239933.890727104] [aic_model]: pfrac: 1.0 xy_error: 0.000181 0.0354   integrators: 0.019 , 0.05
[INFO] [1775239933.940999442] [aic_model]: z_offset: 0.187
[INFO] [1775239933.941377720] [aic_model]: pfrac: 1.0 xy_error: 5.85e-05 0.0353   integrators: 0.0191 , 0.05
[INFO] [1775239933.991068220] [aic_model]: z_offset: 0.1865
[INFO] [1775239933.991709119] [aic_model]: pfrac: 1.0 xy_error: -3.56e-05 0.0351   integrators: 0.0191 , 0.05
[INFO] [1775239934.041005993] [aic_model]: z_offset: 0.186
[INFO] [1775239934.041819374] [aic_model]: pfrac: 1.0 xy_error: -0.000128 0.0349   integrators: 0.0189 , 0.05
[INFO] [1775239934.090984271] [aic_model]: z_offset: 0.1855
[INFO] [1775239934.091484096] [aic_model]: pfrac: 1.0 xy_error: -0.000199 0.0346   integrators: 0.0187 , 0.05
[INFO] [1775239934.140978961] [aic_model]: z_offset: 0.185
[INFO] [1775239934.141391292] [aic_model]: pfrac: 1.0 xy_error: -0.000245 0.0345   integrators: 0.0185 , 0.05
[INFO] [1775239934.191112049] [aic_model]: z_offset: 0.1845
[INFO] [1775239934.191745854] [aic_model]: pfrac: 1.0 xy_error: -0.000263 0.0343   integrators: 0.0182 , 0.05
[INFO] [1775239934.240994197] [aic_model]: z_offset: 0.184
[INFO] [1775239934.241865888] [aic_model]: pfrac: 1.0 xy_error: -0.000289 0.0342   integrators: 0.0179 , 0.05
[INFO] [1775239934.290995328] [aic_model]: z_offset: 0.1835
[INFO] [1775239934.291807568] [aic_model]: pfrac: 1.0 xy_error: -0.000312 0.034   integrators: 0.0176 , 0.05
[INFO] [1775239934.340979538] [aic_model]: z_offset: 0.183
[INFO] [1775239934.341356964] [aic_model]: pfrac: 1.0 xy_error: -0.000303 0.0338   integrators: 0.0173 , 0.05
[INFO] [1775239934.390988514] [aic_model]: z_offset: 0.1825
[INFO] [1775239934.391381369] [aic_model]: pfrac: 1.0 xy_error: -0.000295 0.0337   integrators: 0.017 , 0.05
[INFO] [1775239934.440986950] [aic_model]: z_offset: 0.182
[INFO] [1775239934.441395224] [aic_model]: pfrac: 1.0 xy_error: -0.000275 0.0335   integrators: 0.0168 , 0.05
[INFO] [1775239934.490977993] [aic_model]: z_offset: 0.1815
[INFO] [1775239934.491368563] [aic_model]: pfrac: 1.0 xy_error: -0.000254 0.0333   integrators: 0.0165 , 0.05
[INFO] [1775239934.541006224] [aic_model]: z_offset: 0.181
[INFO] [1775239934.541827330] [aic_model]: pfrac: 1.0 xy_error: -0.000237 0.0332   integrators: 0.0163 , 0.05
[INFO] [1775239934.591015000] [aic_model]: z_offset: 0.1805
[INFO] [1775239934.591400471] [aic_model]: pfrac: 1.0 xy_error: -0.000204 0.0331   integrators: 0.0161 , 0.05
[INFO] [1775239934.640981957] [aic_model]: z_offset: 0.18
[INFO] [1775239934.641452077] [aic_model]: pfrac: 1.0 xy_error: -0.000187 0.0329   integrators: 0.0159 , 0.05
[INFO] [1775239934.687276816] [aic_model]: insert_cable execute loop
[INFO] [1775239934.690941631] [aic_model]: z_offset: 0.1795
[INFO] [1775239934.691290223] [aic_model]: pfrac: 1.0 xy_error: -0.000159 0.0327   integrators: 0.0157 , 0.05
[INFO] [1775239934.741044332] [aic_model]: z_offset: 0.179
[INFO] [1775239934.741453968] [aic_model]: pfrac: 1.0 xy_error: -0.00014 0.0326   integrators: 0.0156 , 0.05
[INFO] [1775239934.791027069] [aic_model]: z_offset: 0.1785
[INFO] [1775239934.791426346] [aic_model]: pfrac: 1.0 xy_error: -0.000112 0.0324   integrators: 0.0155 , 0.05
[INFO] [1775239934.841005267] [aic_model]: z_offset: 0.178
[INFO] [1775239934.841407530] [aic_model]: pfrac: 1.0 xy_error: -8.43e-05 0.0322   integrators: 0.0154 , 0.05
[INFO] [1775239934.891016958] [aic_model]: z_offset: 0.1775
[INFO] [1775239934.891427687] [aic_model]: pfrac: 1.0 xy_error: -5.97e-05 0.032   integrators: 0.0153 , 0.05
[INFO] [1775239934.940994986] [aic_model]: z_offset: 0.177
[INFO] [1775239934.941393812] [aic_model]: pfrac: 1.0 xy_error: -4.43e-05 0.0318   integrators: 0.0153 , 0.05
[INFO] [1775239934.990999594] [aic_model]: z_offset: 0.1765
[INFO] [1775239934.991403420] [aic_model]: pfrac: 1.0 xy_error: -3.79e-05 0.0317   integrators: 0.0152 , 0.05
[INFO] [1775239935.040995606] [aic_model]: z_offset: 0.176
[INFO] [1775239935.041385936] [aic_model]: pfrac: 1.0 xy_error: -3.08e-05 0.0315   integrators: 0.0152 , 0.05
[INFO] [1775239935.090985065] [aic_model]: z_offset: 0.1755
[INFO] [1775239935.091380966] [aic_model]: pfrac: 1.0 xy_error: -3.44e-05 0.0314   integrators: 0.0152 , 0.05
[INFO] [1775239935.140999061] [aic_model]: z_offset: 0.175
[INFO] [1775239935.141376867] [aic_model]: pfrac: 1.0 xy_error: -4.92e-05 0.0312   integrators: 0.0151 , 0.05
[INFO] [1775239935.191074581] [aic_model]: z_offset: 0.1745
[INFO] [1775239935.191546914] [aic_model]: pfrac: 1.0 xy_error: -4.97e-05 0.031   integrators: 0.0151 , 0.05
[INFO] [1775239935.242436588] [aic_model]: z_offset: 0.174
[INFO] [1775239935.243063560] [aic_model]: pfrac: 1.0 xy_error: -3.96e-05 0.0309   integrators: 0.015 , 0.05
[INFO] [1775239935.293017954] [aic_model]: z_offset: 0.1735
[INFO] [1775239935.293429464] [aic_model]: pfrac: 1.0 xy_error: -4.77e-05 0.0307   integrators: 0.015 , 0.05
[INFO] [1775239935.342985823] [aic_model]: z_offset: 0.173
[INFO] [1775239935.344121918] [aic_model]: pfrac: 1.0 xy_error: -7.77e-05 0.0306   integrators: 0.0149 , 0.05
[INFO] [1775239935.393011390] [aic_model]: z_offset: 0.1725
[INFO] [1775239935.393400859] [aic_model]: pfrac: 1.0 xy_error: -9.5e-05 0.0304   integrators: 0.0148 , 0.05
[INFO] [1775239935.443329054] [aic_model]: z_offset: 0.172
[INFO] [1775239935.444498531] [aic_model]: pfrac: 1.0 xy_error: -8.44e-05 0.0303   integrators: 0.0147 , 0.05
[INFO] [1775239935.493020776] [aic_model]: z_offset: 0.1715
[INFO] [1775239935.493418209] [aic_model]: pfrac: 1.0 xy_error: -6.81e-05 0.0301   integrators: 0.0147 , 0.05
[INFO] [1775239935.542970601] [aic_model]: z_offset: 0.171
[INFO] [1775239935.543354870] [aic_model]: pfrac: 1.0 xy_error: -5.68e-05 0.0299   integrators: 0.0146 , 0.05
[INFO] [1775239935.592978595] [aic_model]: z_offset: 0.1705
[INFO] [1775239935.593368625] [aic_model]: pfrac: 1.0 xy_error: -6.24e-05 0.0297   integrators: 0.0145 , 0.05
[INFO] [1775239935.642981901] [aic_model]: z_offset: 0.17
[INFO] [1775239935.643347464] [aic_model]: pfrac: 1.0 xy_error: -9.46e-05 0.0294   integrators: 0.0144 , 0.05
[INFO] [1775239935.687216286] [aic_model]: insert_cable execute loop
[INFO] [1775239935.692968555] [aic_model]: z_offset: 0.1695
[INFO] [1775239935.693323509] [aic_model]: pfrac: 1.0 xy_error: -0.000129 0.0291   integrators: 0.0143 , 0.05
[INFO] [1775239935.743135206] [aic_model]: z_offset: 0.169
[INFO] [1775239935.743962753] [aic_model]: pfrac: 1.0 xy_error: -0.000127 0.0289   integrators: 0.0142 , 0.05
[INFO] [1775239935.793573635] [aic_model]: z_offset: 0.1685
[INFO] [1775239935.794948056] [aic_model]: pfrac: 1.0 xy_error: -9.46e-05 0.0287   integrators: 0.0141 , 0.05
[INFO] [1775239935.845127611] [aic_model]: z_offset: 0.168
[INFO] [1775239935.845698398] [aic_model]: pfrac: 1.0 xy_error: -6.42e-05 0.0285   integrators: 0.014 , 0.05
[INFO] [1775239935.895013306] [aic_model]: z_offset: 0.1675
[INFO] [1775239935.895417231] [aic_model]: pfrac: 1.0 xy_error: -3.14e-05 0.0284   integrators: 0.014 , 0.05
[INFO] [1775239935.945004078] [aic_model]: z_offset: 0.167
[INFO] [1775239935.945390891] [aic_model]: pfrac: 1.0 xy_error: 1.47e-08 0.0282   integrators: 0.014 , 0.05
[INFO] [1775239935.994983338] [aic_model]: z_offset: 0.1665
[INFO] [1775239935.995371454] [aic_model]: pfrac: 1.0 xy_error: 5.83e-06 0.0281   integrators: 0.014 , 0.05
[INFO] [1775239936.045002723] [aic_model]: z_offset: 0.166
[INFO] [1775239936.045418741] [aic_model]: pfrac: 1.0 xy_error: 1.26e-05 0.028   integrators: 0.014 , 0.05
[INFO] [1775239936.094996581] [aic_model]: z_offset: 0.1655
[INFO] [1775239936.095389386] [aic_model]: pfrac: 1.0 xy_error: -4.07e-06 0.0278   integrators: 0.014 , 0.05
[INFO] [1775239936.144973617] [aic_model]: z_offset: 0.165
[INFO] [1775239936.145345583] [aic_model]: pfrac: 1.0 xy_error: -7.52e-06 0.0277   integrators: 0.014 , 0.05
[INFO] [1775239936.195016537] [aic_model]: z_offset: 0.1645
[INFO] [1775239936.195393682] [aic_model]: pfrac: 1.0 xy_error: -4.99e-06 0.0275   integrators: 0.014 , 0.05
[INFO] [1775239936.245024791] [aic_model]: z_offset: 0.164
[INFO] [1775239936.245427344] [aic_model]: pfrac: 1.0 xy_error: 1.79e-06 0.0273   integrators: 0.014 , 0.05
[INFO] [1775239936.295005845] [aic_model]: z_offset: 0.1635
[INFO] [1775239936.295389793] [aic_model]: pfrac: 1.0 xy_error: 1.53e-06 0.0272   integrators: 0.014 , 0.05
[INFO] [1775239936.345009571] [aic_model]: z_offset: 0.163
[INFO] [1775239936.345483467] [aic_model]: pfrac: 1.0 xy_error: -1.48e-05 0.0271   integrators: 0.014 , 0.05
[INFO] [1775239936.395163578] [aic_model]: z_offset: 0.1625
[INFO] [1775239936.396293231] [aic_model]: pfrac: 1.0 xy_error: -2.56e-05 0.027   integrators: 0.014 , 0.05
[INFO] [1775239936.444996435] [aic_model]: z_offset: 0.162
[INFO] [1775239936.445392606] [aic_model]: pfrac: 1.0 xy_error: -5.49e-05 0.0269   integrators: 0.0139 , 0.05
[INFO] [1775239936.495068539] [aic_model]: z_offset: 0.1615
[INFO] [1775239936.496268123] [aic_model]: pfrac: 1.0 xy_error: -7.99e-05 0.0268   integrators: 0.0138 , 0.05
[INFO] [1775239936.544967178] [aic_model]: z_offset: 0.161
[INFO] [1775239936.545348642] [aic_model]: pfrac: 1.0 xy_error: -0.000112 0.0266   integrators: 0.0137 , 0.05
[INFO] [1775239936.594980452] [aic_model]: z_offset: 0.1605
[INFO] [1775239936.595378387] [aic_model]: pfrac: 1.0 xy_error: -0.000131 0.0264   integrators: 0.0136 , 0.05
[INFO] [1775239936.644981523] [aic_model]: z_offset: 0.16
[INFO] [1775239936.645362376] [aic_model]: pfrac: 1.0 xy_error: -0.00016 0.0263   integrators: 0.0134 , 0.05
[INFO] [1775239936.687215748] [aic_model]: insert_cable execute loop
[INFO] [1775239936.695038099] [aic_model]: z_offset: 0.1595
[INFO] [1775239936.695507306] [aic_model]: pfrac: 1.0 xy_error: -0.000159 0.0262   integrators: 0.0133 , 0.05
[INFO] [1775239936.744995278] [aic_model]: z_offset: 0.159
[INFO] [1775239936.745409983] [aic_model]: pfrac: 1.0 xy_error: -0.000165 0.0261   integrators: 0.0131 , 0.05
[INFO] [1775239936.795022317] [aic_model]: z_offset: 0.1585
[INFO] [1775239936.795407598] [aic_model]: pfrac: 1.0 xy_error: -0.000158 0.0259   integrators: 0.0129 , 0.05
[INFO] [1775239936.845021044] [aic_model]: z_offset: 0.158
[INFO] [1775239936.845422515] [aic_model]: pfrac: 1.0 xy_error: -0.000171 0.0258   integrators: 0.0128 , 0.05
[INFO] [1775239936.894987400] [aic_model]: z_offset: 0.1575
[INFO] [1775239936.895350980] [aic_model]: pfrac: 1.0 xy_error: -0.000179 0.0257   integrators: 0.0126 , 0.05
[INFO] [1775239936.945012536] [aic_model]: z_offset: 0.157
[INFO] [1775239936.945389872] [aic_model]: pfrac: 1.0 xy_error: -0.00019 0.0256   integrators: 0.0124 , 0.05
[INFO] [1775239936.995000984] [aic_model]: z_offset: 0.1565
[INFO] [1775239936.995364233] [aic_model]: pfrac: 1.0 xy_error: -0.000205 0.0254   integrators: 0.0122 , 0.05
[INFO] [1775239937.045003898] [aic_model]: z_offset: 0.156
[INFO] [1775239937.045366407] [aic_model]: pfrac: 1.0 xy_error: -0.000236 0.0253   integrators: 0.012 , 0.05
[INFO] [1775239937.094999910] [aic_model]: z_offset: 0.1555
[INFO] [1775239937.095362759] [aic_model]: pfrac: 1.0 xy_error: -0.000249 0.0252   integrators: 0.0117 , 0.05
[INFO] [1775239937.144997996] [aic_model]: z_offset: 0.155
[INFO] [1775239937.145381683] [aic_model]: pfrac: 1.0 xy_error: -0.000277 0.0251   integrators: 0.0114 , 0.05
[INFO] [1775239937.195574313] [aic_model]: z_offset: 0.1545
[INFO] [1775239937.196850780] [aic_model]: pfrac: 1.0 xy_error: -0.0003 0.025   integrators: 0.0111 , 0.05
[INFO] [1775239937.246989890] [aic_model]: z_offset: 0.154
[INFO] [1775239937.247360052] [aic_model]: pfrac: 1.0 xy_error: -0.000281 0.0249   integrators: 0.0109 , 0.05
[INFO] [1775239937.297035023] [aic_model]: z_offset: 0.1535
[INFO] [1775239937.297398062] [aic_model]: pfrac: 1.0 xy_error: -0.000279 0.0248   integrators: 0.0106 , 0.05
[INFO] [1775239937.347011098] [aic_model]: z_offset: 0.153
[INFO] [1775239937.347383204] [aic_model]: pfrac: 1.0 xy_error: -0.000288 0.0246   integrators: 0.0103 , 0.05
[INFO] [1775239937.397010115] [aic_model]: z_offset: 0.1525
[INFO] [1775239937.397376019] [aic_model]: pfrac: 1.0 xy_error: -0.000298 0.0245   integrators: 0.00999 , 0.05
[INFO] [1775239937.447061500] [aic_model]: z_offset: 0.152
[INFO] [1775239937.447430220] [aic_model]: pfrac: 1.0 xy_error: -0.000282 0.0244   integrators: 0.00971 , 0.05
[INFO] [1775239937.497017096] [aic_model]: z_offset: 0.1515
[INFO] [1775239937.497391306] [aic_model]: pfrac: 1.0 xy_error: -0.000262 0.0243   integrators: 0.00945 , 0.05
[INFO] [1775239937.546986268] [aic_model]: z_offset: 0.151
[INFO] [1775239937.547353595] [aic_model]: pfrac: 1.0 xy_error: -0.000209 0.0242   integrators: 0.00924 , 0.05
[INFO] [1775239937.596994593] [aic_model]: z_offset: 0.1505
[INFO] [1775239937.597367360] [aic_model]: pfrac: 1.0 xy_error: -0.000178 0.0241   integrators: 0.00906 , 0.05
[INFO] [1775239937.647016082] [aic_model]: z_offset: 0.15
[INFO] [1775239937.647393357] [aic_model]: pfrac: 1.0 xy_error: -0.000142 0.024   integrators: 0.00892 , 0.05
[INFO] [1775239937.687229607] [aic_model]: insert_cable execute loop
[INFO] [1775239937.696926283] [aic_model]: z_offset: 0.1495
[INFO] [1775239937.697260679] [aic_model]: pfrac: 1.0 xy_error: -8.51e-05 0.0239   integrators: 0.00883 , 0.05
[INFO] [1775239937.746980163] [aic_model]: z_offset: 0.149
[INFO] [1775239937.747339515] [aic_model]: pfrac: 1.0 xy_error: -4.81e-05 0.0238   integrators: 0.00879 , 0.05
[INFO] [1775239937.796983208] [aic_model]: z_offset: 0.1485
[INFO] [1775239937.797349293] [aic_model]: pfrac: 1.0 xy_error: -7.78e-06 0.0236   integrators: 0.00878 , 0.05
[INFO] [1775239937.847305430] [aic_model]: z_offset: 0.148
[INFO] [1775239937.848216183] [aic_model]: pfrac: 1.0 xy_error: 1.77e-05 0.0235   integrators: 0.0088 , 0.05
[INFO] [1775239937.896998755] [aic_model]: z_offset: 0.1475
[INFO] [1775239937.897368457] [aic_model]: pfrac: 1.0 xy_error: 5.34e-05 0.0234   integrators: 0.00885 , 0.05
[INFO] [1775239937.947102108] [aic_model]: z_offset: 0.147
[INFO] [1775239937.947468974] [aic_model]: pfrac: 1.0 xy_error: 7.5e-05 0.0233   integrators: 0.00892 , 0.05
[INFO] [1775239937.996983996] [aic_model]: z_offset: 0.1465
[INFO] [1775239937.997349229] [aic_model]: pfrac: 1.0 xy_error: 9.56e-05 0.0232   integrators: 0.00902 , 0.05
[INFO] [1775239938.047086276] [aic_model]: z_offset: 0.146
[INFO] [1775239938.047590760] [aic_model]: pfrac: 1.0 xy_error: 0.000104 0.0231   integrators: 0.00912 , 0.05
[INFO] [1775239938.097107395] [aic_model]: z_offset: 0.1455
[INFO] [1775239938.097473310] [aic_model]: pfrac: 1.0 xy_error: 0.000105 0.023   integrators: 0.00923 , 0.05
[INFO] [1775239938.147014120] [aic_model]: z_offset: 0.145
[INFO] [1775239938.147387057] [aic_model]: pfrac: 1.0 xy_error: 0.000112 0.0229   integrators: 0.00934 , 0.05
[INFO] [1775239938.197009300] [aic_model]: z_offset: 0.1445
[INFO] [1775239938.197384041] [aic_model]: pfrac: 1.0 xy_error: 9.8e-05 0.0227   integrators: 0.00944 , 0.05
[INFO] [1775239938.247007295] [aic_model]: z_offset: 0.144
[INFO] [1775239938.247376075] [aic_model]: pfrac: 1.0 xy_error: 0.000118 0.0226   integrators: 0.00955 , 0.05
[INFO] [1775239938.297004078] [aic_model]: z_offset: 0.1435
[INFO] [1775239938.297368961] [aic_model]: pfrac: 1.0 xy_error: 0.000127 0.0225   integrators: 0.00968 , 0.05
[INFO] [1775239938.347072766] [aic_model]: z_offset: 0.143
[INFO] [1775239938.347598259] [aic_model]: pfrac: 1.0 xy_error: 0.000138 0.0224   integrators: 0.00982 , 0.05
[INFO] [1775239938.397008605] [aic_model]: z_offset: 0.1425
[INFO] [1775239938.397374570] [aic_model]: pfrac: 1.0 xy_error: 0.000152 0.0223   integrators: 0.00997 , 0.05
[INFO] [1775239938.447004707] [aic_model]: z_offset: 0.142
[INFO] [1775239938.447362607] [aic_model]: pfrac: 1.0 xy_error: 0.000135 0.0222   integrators: 0.0101 , 0.05
[INFO] [1775239938.496994547] [aic_model]: z_offset: 0.1415
[INFO] [1775239938.497355663] [aic_model]: pfrac: 1.0 xy_error: 0.000119 0.0221   integrators: 0.0102 , 0.05
[INFO] [1775239938.547023040] [aic_model]: z_offset: 0.141
[INFO] [1775239938.547382252] [aic_model]: pfrac: 1.0 xy_error: 0.000103 0.022   integrators: 0.0103 , 0.05
[INFO] [1775239938.597118958] [aic_model]: z_offset: 0.1405
[INFO] [1775239938.597475124] [aic_model]: pfrac: 1.0 xy_error: 8.68e-05 0.0219   integrators: 0.0104 , 0.05
[INFO] [1775239938.647088721] [aic_model]: z_offset: 0.14
[INFO] [1775239938.647594527] [aic_model]: pfrac: 1.0 xy_error: 7.14e-05 0.0218   integrators: 0.0105 , 0.05
[INFO] [1775239938.687220072] [aic_model]: insert_cable execute loop
[INFO] [1775239938.696931556] [aic_model]: z_offset: 0.1395
[INFO] [1775239938.697274448] [aic_model]: pfrac: 1.0 xy_error: 7.5e-05 0.0217   integrators: 0.0106 , 0.05
[INFO] [1775239938.747003670] [aic_model]: z_offset: 0.139
[INFO] [1775239938.747370226] [aic_model]: pfrac: 1.0 xy_error: 6.11e-05 0.0216   integrators: 0.0106 , 0.05
[INFO] [1775239938.796982079] [aic_model]: z_offset: 0.1385
[INFO] [1775239938.797353123] [aic_model]: pfrac: 1.0 xy_error: 5.33e-05 0.0215   integrators: 0.0107 , 0.05
[INFO] [1775239938.849034657] [aic_model]: z_offset: 0.138
[INFO] [1775239938.849408076] [aic_model]: pfrac: 1.0 xy_error: 3.54e-05 0.0214   integrators: 0.0107 , 0.05
[INFO] [1775239938.899025670] [aic_model]: z_offset: 0.1375
[INFO] [1775239938.899392756] [aic_model]: pfrac: 1.0 xy_error: 3.03e-05 0.0214   integrators: 0.0107 , 0.05
[INFO] [1775239938.949026841] [aic_model]: z_offset: 0.137
[INFO] [1775239938.949392104] [aic_model]: pfrac: 1.0 xy_error: 2.54e-05 0.0213   integrators: 0.0108 , 0.05
[INFO] [1775239938.998990091] [aic_model]: z_offset: 0.1365
[INFO] [1775239938.999356867] [aic_model]: pfrac: 1.0 xy_error: 9.84e-06 0.0212   integrators: 0.0108 , 0.05
[INFO] [1775239939.049004858] [aic_model]: z_offset: 0.136
[INFO] [1775239939.049373788] [aic_model]: pfrac: 1.0 xy_error: -3.06e-05 0.021   integrators: 0.0107 , 0.05
[INFO] [1775239939.099066432] [aic_model]: z_offset: 0.1355
[INFO] [1775239939.099427237] [aic_model]: pfrac: 1.0 xy_error: -4.73e-05 0.0209   integrators: 0.0107 , 0.05
[INFO] [1775239939.148987594] [aic_model]: z_offset: 0.135
[INFO] [1775239939.149347808] [aic_model]: pfrac: 1.0 xy_error: -5.25e-05 0.0208   integrators: 0.0106 , 0.05
[INFO] [1775239939.199011729] [aic_model]: z_offset: 0.1345
[INFO] [1775239939.199379396] [aic_model]: pfrac: 1.0 xy_error: -3.02e-05 0.0208   integrators: 0.0106 , 0.05
[INFO] [1775239939.248996770] [aic_model]: z_offset: 0.134
[INFO] [1775239939.249365079] [aic_model]: pfrac: 1.0 xy_error: -2.3e-05 0.0208   integrators: 0.0106 , 0.05
[INFO] [1775239939.298990367] [aic_model]: z_offset: 0.1335
[INFO] [1775239939.299354879] [aic_model]: pfrac: 1.0 xy_error: -1.68e-05 0.0208   integrators: 0.0106 , 0.05
[INFO] [1775239939.348993442] [aic_model]: z_offset: 0.133
[INFO] [1775239939.349372491] [aic_model]: pfrac: 1.0 xy_error: -1.98e-05 0.0209   integrators: 0.0106 , 0.05
[INFO] [1775239939.399040840] [aic_model]: z_offset: 0.1325
[INFO] [1775239939.399452079] [aic_model]: pfrac: 1.0 xy_error: -1.4e-05 0.0209   integrators: 0.0105 , 0.05
[INFO] [1775239939.448999552] [aic_model]: z_offset: 0.132
[INFO] [1775239939.449376757] [aic_model]: pfrac: 1.0 xy_error: -8.24e-06 0.0209   integrators: 0.0105 , 0.05
[INFO] [1775239939.500427512] [aic_model]: z_offset: 0.1315
[INFO] [1775239939.501046930] [aic_model]: pfrac: 1.0 xy_error: -7.13e-06 0.0209   integrators: 0.0105 , 0.05
[INFO] [1775239939.550996134] [aic_model]: z_offset: 0.131
[INFO] [1775239939.551384611] [aic_model]: pfrac: 1.0 xy_error: -7.59e-06 0.0209   integrators: 0.0105 , 0.05
[INFO] [1775239939.601070823] [aic_model]: z_offset: 0.1305
[INFO] [1775239939.601573794] [aic_model]: pfrac: 1.0 xy_error: -1.01e-05 0.0209   integrators: 0.0105 , 0.05
[INFO] [1775239939.651329526] [aic_model]: z_offset: 0.13
[INFO] [1775239939.652315581] [aic_model]: pfrac: 1.0 xy_error: -7.71e-06 0.0209   integrators: 0.0105 , 0.05
[INFO] [1775239939.687210467] [aic_model]: insert_cable execute loop
[INFO] [1775239939.700956858] [aic_model]: z_offset: 0.1295
[INFO] [1775239939.701298317] [aic_model]: pfrac: 1.0 xy_error: -4.29e-06 0.0209   integrators: 0.0105 , 0.05
[INFO] [1775239939.750996001] [aic_model]: z_offset: 0.129
[INFO] [1775239939.751359721] [aic_model]: pfrac: 1.0 xy_error: -4.48e-07 0.0209   integrators: 0.0105 , 0.05
[INFO] [1775239939.801092911] [aic_model]: z_offset: 0.1285
[INFO] [1775239939.801613655] [aic_model]: pfrac: 1.0 xy_error: 2.83e-06 0.0209   integrators: 0.0105 , 0.05
[INFO] [1775239939.851016718] [aic_model]: z_offset: 0.128
[INFO] [1775239939.851398302] [aic_model]: pfrac: 1.0 xy_error: 2.52e-06 0.0209   integrators: 0.0105 , 0.05
[INFO] [1775239939.900998633] [aic_model]: z_offset: 0.1275
[INFO] [1775239939.901360630] [aic_model]: pfrac: 1.0 xy_error: 2.45e-07 0.0209   integrators: 0.0105 , 0.05
[INFO] [1775239939.951142742] [aic_model]: z_offset: 0.127
[INFO] [1775239939.951514517] [aic_model]: pfrac: 1.0 xy_error: 1.61e-06 0.0209   integrators: 0.0105 , 0.05
[INFO] [1775239940.000966902] [aic_model]: z_offset: 0.1265
[INFO] [1775239940.001322527] [aic_model]: pfrac: 1.0 xy_error: 1.61e-06 0.0209   integrators: 0.0105 , 0.05
[INFO] [1775239940.051007918] [aic_model]: z_offset: 0.126
[INFO] [1775239940.051403418] [aic_model]: pfrac: 1.0 xy_error: 4.51e-06 0.021   integrators: 0.0105 , 0.05
[INFO] [1775239940.100993060] [aic_model]: z_offset: 0.1255
[INFO] [1775239940.101385534] [aic_model]: pfrac: 1.0 xy_error: 7.63e-06 0.021   integrators: 0.0105 , 0.05
[INFO] [1775239940.150982138] [aic_model]: z_offset: 0.125
[INFO] [1775239940.151366137] [aic_model]: pfrac: 1.0 xy_error: 9.96e-06 0.021   integrators: 0.0105 , 0.05
[INFO] [1775239940.200996625] [aic_model]: z_offset: 0.1245
[INFO] [1775239940.201368200] [aic_model]: pfrac: 1.0 xy_error: 1.28e-05 0.021   integrators: 0.0105 , 0.05
[INFO] [1775239940.251003146] [aic_model]: z_offset: 0.124
[INFO] [1775239940.251390290] [aic_model]: pfrac: 1.0 xy_error: 1.49e-05 0.021   integrators: 0.0106 , 0.05
[INFO] [1775239940.300999749] [aic_model]: z_offset: 0.1235
[INFO] [1775239940.301363489] [aic_model]: pfrac: 1.0 xy_error: 1.6e-05 0.021   integrators: 0.0106 , 0.05
[INFO] [1775239940.350972156] [aic_model]: z_offset: 0.123
[INFO] [1775239940.351361084] [aic_model]: pfrac: 1.0 xy_error: 1.74e-05 0.021   integrators: 0.0106 , 0.05
[INFO] [1775239940.401041796] [aic_model]: z_offset: 0.1225
[INFO] [1775239940.401428078] [aic_model]: pfrac: 1.0 xy_error: 1.82e-05 0.021   integrators: 0.0106 , 0.05
[INFO] [1775239940.450977715] [aic_model]: z_offset: 0.122
[INFO] [1775239940.451354410] [aic_model]: pfrac: 1.0 xy_error: 1.95e-05 0.021   integrators: 0.0106 , 0.05
[INFO] [1775239940.500977614] [aic_model]: z_offset: 0.1215
[INFO] [1775239940.501344100] [aic_model]: pfrac: 1.0 xy_error: 1.99e-05 0.021   integrators: 0.0106 , 0.05
[INFO] [1775239940.550986300] [aic_model]: z_offset: 0.121
[INFO] [1775239940.551358987] [aic_model]: pfrac: 1.0 xy_error: 1.94e-05 0.021   integrators: 0.0107 , 0.05
[INFO] [1775239940.601002750] [aic_model]: z_offset: 0.1205
[INFO] [1775239940.601370598] [aic_model]: pfrac: 1.0 xy_error: 2.04e-05 0.021   integrators: 0.0107 , 0.05
[INFO] [1775239940.651019700] [aic_model]: z_offset: 0.12
[INFO] [1775239940.651414138] [aic_model]: pfrac: 1.0 xy_error: 2.04e-05 0.021   integrators: 0.0107 , 0.05
[INFO] [1775239940.687224608] [aic_model]: insert_cable execute loop
[INFO] [1775239940.700975647] [aic_model]: z_offset: 0.1195
[INFO] [1775239940.701320603] [aic_model]: pfrac: 1.0 xy_error: 2.05e-05 0.021   integrators: 0.0107 , 0.05
[INFO] [1775239940.751003589] [aic_model]: z_offset: 0.119
[INFO] [1775239940.751387938] [aic_model]: pfrac: 1.0 xy_error: 2e-05 0.021   integrators: 0.0107 , 0.05
[INFO] [1775239940.800986746] [aic_model]: z_offset: 0.1185
[INFO] [1775239940.801373780] [aic_model]: pfrac: 1.0 xy_error: 1.87e-05 0.021   integrators: 0.0108 , 0.05
[INFO] [1775239940.850980364] [aic_model]: z_offset: 0.118
[INFO] [1775239940.851343573] [aic_model]: pfrac: 1.0 xy_error: 1.89e-05 0.021   integrators: 0.0108 , 0.05
[INFO] [1775239940.900993117] [aic_model]: z_offset: 0.1175
[INFO] [1775239940.901386853] [aic_model]: pfrac: 1.0 xy_error: 1.82e-05 0.021   integrators: 0.0108 , 0.05
[INFO] [1775239940.951074358] [aic_model]: z_offset: 0.117
[INFO] [1775239940.951571738] [aic_model]: pfrac: 1.0 xy_error: 1.75e-05 0.021   integrators: 0.0108 , 0.05
[INFO] [1775239941.000997914] [aic_model]: z_offset: 0.1165
[INFO] [1775239941.001368217] [aic_model]: pfrac: 1.0 xy_error: 1.71e-05 0.021   integrators: 0.0108 , 0.05
[INFO] [1775239941.051010557] [aic_model]: z_offset: 0.116
[INFO] [1775239941.051374027] [aic_model]: pfrac: 1.0 xy_error: 1.57e-05 0.021   integrators: 0.0109 , 0.05
[INFO] [1775239941.101000587] [aic_model]: z_offset: 0.1155
[INFO] [1775239941.101377713] [aic_model]: pfrac: 1.0 xy_error: 1.54e-05 0.021   integrators: 0.0109 , 0.05
[INFO] [1775239941.150981832] [aic_model]: z_offset: 0.115
[INFO] [1775239941.151345872] [aic_model]: pfrac: 1.0 xy_error: 1.59e-05 0.021   integrators: 0.0109 , 0.05
[INFO] [1775239941.201026865] [aic_model]: z_offset: 0.1145
[INFO] [1775239941.201398540] [aic_model]: pfrac: 1.0 xy_error: 1.39e-05 0.021   integrators: 0.0109 , 0.05
[INFO] [1775239941.250978544] [aic_model]: z_offset: 0.114
[INFO] [1775239941.251338587] [aic_model]: pfrac: 1.0 xy_error: 1.2e-05 0.021   integrators: 0.0109 , 0.05
[INFO] [1775239941.301003079] [aic_model]: z_offset: 0.1135
[INFO] [1775239941.301369524] [aic_model]: pfrac: 1.0 xy_error: 1.11e-05 0.021   integrators: 0.0109 , 0.05
[INFO] [1775239941.351037733] [aic_model]: z_offset: 0.113
[INFO] [1775239941.351399219] [aic_model]: pfrac: 1.0 xy_error: 9.73e-06 0.021   integrators: 0.0109 , 0.05
[INFO] [1775239941.401087956] [aic_model]: z_offset: 0.1125
[INFO] [1775239941.401591207] [aic_model]: pfrac: 1.0 xy_error: 8.49e-06 0.021   integrators: 0.0109 , 0.05
[INFO] [1775239941.451029806] [aic_model]: z_offset: 0.112
[INFO] [1775239941.451421519] [aic_model]: pfrac: 1.0 xy_error: 7.79e-06 0.021   integrators: 0.0109 , 0.05
[INFO] [1775239941.501018184] [aic_model]: z_offset: 0.1115
[INFO] [1775239941.501393426] [aic_model]: pfrac: 1.0 xy_error: 5.54e-06 0.021   integrators: 0.011 , 0.05
[INFO] [1775239941.550995901] [aic_model]: z_offset: 0.111
[INFO] [1775239941.551358610] [aic_model]: pfrac: 1.0 xy_error: 3.33e-06 0.021   integrators: 0.011 , 0.05
[INFO] [1775239941.601002493] [aic_model]: z_offset: 0.1105
[INFO] [1775239941.601367095] [aic_model]: pfrac: 1.0 xy_error: 1.51e-06 0.021   integrators: 0.011 , 0.05
[INFO] [1775239941.651091960] [aic_model]: z_offset: 0.11
[INFO] [1775239941.651592786] [aic_model]: pfrac: 1.0 xy_error: -1.8e-07 0.021   integrators: 0.011 , 0.05
[INFO] [1775239941.687233198] [aic_model]: insert_cable execute loop
[INFO] [1775239941.701061151] [aic_model]: z_offset: 0.1095
[INFO] [1775239941.701568660] [aic_model]: pfrac: 1.0 xy_error: -1.57e-06 0.021   integrators: 0.011 , 0.05
[INFO] [1775239941.751008542] [aic_model]: z_offset: 0.109
[INFO] [1775239941.751370509] [aic_model]: pfrac: 1.0 xy_error: -3.17e-06 0.021   integrators: 0.011 , 0.05
[INFO] [1775239941.800972464] [aic_model]: z_offset: 0.1085
[INFO] [1775239941.801334691] [aic_model]: pfrac: 1.0 xy_error: -4.68e-06 0.021   integrators: 0.0109 , 0.05
[INFO] [1775239941.851004292] [aic_model]: z_offset: 0.108
[INFO] [1775239941.851363364] [aic_model]: pfrac: 1.0 xy_error: -6.39e-06 0.021   integrators: 0.0109 , 0.05
[INFO] [1775239941.900993151] [aic_model]: z_offset: 0.1075
[INFO] [1775239941.901360508] [aic_model]: pfrac: 1.0 xy_error: -8.62e-06 0.021   integrators: 0.0109 , 0.05
[INFO] [1775239941.950990795] [aic_model]: z_offset: 0.107
[INFO] [1775239941.951352933] [aic_model]: pfrac: 1.0 xy_error: -1.01e-05 0.021   integrators: 0.0109 , 0.05
[INFO] [1775239942.000991165] [aic_model]: z_offset: 0.1065
[INFO] [1775239942.001355276] [aic_model]: pfrac: 1.0 xy_error: -9.95e-06 0.021   integrators: 0.0109 , 0.05
[INFO] [1775239942.051007415] [aic_model]: z_offset: 0.106
[INFO] [1775239942.051370324] [aic_model]: pfrac: 1.0 xy_error: -8.07e-06 0.021   integrators: 0.0109 , 0.05
[INFO] [1775239942.101340317] [aic_model]: z_offset: 0.1055
[INFO] [1775239942.102570848] [aic_model]: pfrac: 1.0 xy_error: -4.08e-06 0.021   integrators: 0.0109 , 0.05
[INFO] [1775239942.150992485] [aic_model]: z_offset: 0.105
[INFO] [1775239942.151370382] [aic_model]: pfrac: 1.0 xy_error: -1.57e-06 0.021   integrators: 0.0109 , 0.05
[INFO] [1775239942.201024965] [aic_model]: z_offset: 0.1045
[INFO] [1775239942.201402201] [aic_model]: pfrac: 1.0 xy_error: 7.49e-06 0.021   integrators: 0.0109 , 0.05
[INFO] [1775239942.251083454] [aic_model]: z_offset: 0.104
[INFO] [1775239942.251566698] [aic_model]: pfrac: 1.0 xy_error: 1.21e-05 0.021   integrators: 0.0109 , 0.05
[INFO] [1775239942.300969069] [aic_model]: z_offset: 0.1035
[INFO] [1775239942.301334352] [aic_model]: pfrac: 1.0 xy_error: 1.6e-05 0.021   integrators: 0.0109 , 0.05
[INFO] [1775239942.350985118] [aic_model]: z_offset: 0.103
[INFO] [1775239942.351351293] [aic_model]: pfrac: 1.0 xy_error: 2.29e-05 0.021   integrators: 0.011 , 0.05
[INFO] [1775239942.400972414] [aic_model]: z_offset: 0.1025
[INFO] [1775239942.401345522] [aic_model]: pfrac: 1.0 xy_error: 2.77e-05 0.021   integrators: 0.011 , 0.05
[INFO] [1775239942.451016766] [aic_model]: z_offset: 0.102
[INFO] [1775239942.451389994] [aic_model]: pfrac: 1.0 xy_error: 3.55e-05 0.021   integrators: 0.011 , 0.05
[INFO] [1775239942.501087568] [aic_model]: z_offset: 0.1015
[INFO] [1775239942.501591631] [aic_model]: pfrac: 1.0 xy_error: 4.49e-05 0.021   integrators: 0.0111 , 0.05
[INFO] [1775239942.550982130] [aic_model]: z_offset: 0.101
[INFO] [1775239942.551352863] [aic_model]: pfrac: 1.0 xy_error: 5.44e-05 0.021   integrators: 0.0111 , 0.05
[INFO] [1775239942.600982169] [aic_model]: z_offset: 0.1005
[INFO] [1775239942.601343885] [aic_model]: pfrac: 1.0 xy_error: 6.86e-05 0.021   integrators: 0.0112 , 0.05
[INFO] [1775239942.650991005] [aic_model]: z_offset: 0.1
[INFO] [1775239942.651355707] [aic_model]: pfrac: 1.0 xy_error: 8.65e-05 0.021   integrators: 0.0113 , 0.05
[INFO] [1775239942.687299676] [aic_model]: insert_cable execute loop
[INFO] [1775239942.701078838] [aic_model]: z_offset: 0.0995
[INFO] [1775239942.701426989] [aic_model]: pfrac: 1.0 xy_error: 0.000108 0.021   integrators: 0.0114 , 0.05
[INFO] [1775239942.750985863] [aic_model]: z_offset: 0.099
[INFO] [1775239942.751361546] [aic_model]: pfrac: 1.0 xy_error: 0.000131 0.021   integrators: 0.0115 , 0.05
[INFO] [1775239942.801044592] [aic_model]: z_offset: 0.0985
[INFO] [1775239942.801407451] [aic_model]: pfrac: 1.0 xy_error: 0.000153 0.021   integrators: 0.0117 , 0.05
[INFO] [1775239942.851002673] [aic_model]: z_offset: 0.098
[INFO] [1775239942.851370892] [aic_model]: pfrac: 1.0 xy_error: 0.000178 0.021   integrators: 0.0118 , 0.05
[INFO] [1775239942.903042578] [aic_model]: z_offset: 0.0975
[INFO] [1775239942.903459909] [aic_model]: pfrac: 1.0 xy_error: 0.000214 0.021   integrators: 0.0121 , 0.05
[INFO] [1775239942.953167180] [aic_model]: z_offset: 0.097
[INFO] [1775239942.953670732] [aic_model]: pfrac: 1.0 xy_error: 0.000249 0.021   integrators: 0.0123 , 0.05
[INFO] [1775239943.003240116] [aic_model]: z_offset: 0.0965
[INFO] [1775239943.003625326] [aic_model]: pfrac: 1.0 xy_error: 0.000276 0.021   integrators: 0.0126 , 0.05
[INFO] [1775239943.053242229] [aic_model]: z_offset: 0.096
[INFO] [1775239943.053624143] [aic_model]: pfrac: 1.0 xy_error: 0.000301 0.021   integrators: 0.0129 , 0.05
[INFO] [1775239943.103196533] [aic_model]: z_offset: 0.0955
[INFO] [1775239943.103589387] [aic_model]: pfrac: 1.0 xy_error: 0.00032 0.021   integrators: 0.0132 , 0.05
[INFO] [1775239943.153249621] [aic_model]: z_offset: 0.095
[INFO] [1775239943.153649389] [aic_model]: pfrac: 1.0 xy_error: 0.000353 0.021   integrators: 0.0136 , 0.05
[INFO] [1775239943.203147740] [aic_model]: z_offset: 0.0945
[INFO] [1775239943.203561183] [aic_model]: pfrac: 1.0 xy_error: 0.000383 0.021   integrators: 0.0139 , 0.05
[INFO] [1775239943.253103817] [aic_model]: z_offset: 0.094
[INFO] [1775239943.253486733] [aic_model]: pfrac: 1.0 xy_error: 0.000392 0.0209   integrators: 0.0143 , 0.05
[INFO] [1775239943.303136407] [aic_model]: z_offset: 0.0935
[INFO] [1775239943.303522108] [aic_model]: pfrac: 1.0 xy_error: 0.000415 0.021   integrators: 0.0147 , 0.05
[INFO] [1775239943.353173115] [aic_model]: z_offset: 0.093
[INFO] [1775239943.353599833] [aic_model]: pfrac: 1.0 xy_error: 0.000442 0.021   integrators: 0.0152 , 0.05
[INFO] [1775239943.403102462] [aic_model]: z_offset: 0.0925
[INFO] [1775239943.403535442] [aic_model]: pfrac: 1.0 xy_error: 0.000461 0.0209   integrators: 0.0157 , 0.05
[INFO] [1775239943.453129582] [aic_model]: z_offset: 0.092
[INFO] [1775239943.453552062] [aic_model]: pfrac: 1.0 xy_error: 0.000493 0.0209   integrators: 0.0161 , 0.05
[INFO] [1775239943.503219740] [aic_model]: z_offset: 0.0915
[INFO] [1775239943.503608547] [aic_model]: pfrac: 1.0 xy_error: 0.000522 0.0209   integrators: 0.0167 , 0.05
[INFO] [1775239943.553037057] [aic_model]: z_offset: 0.091
[INFO] [1775239943.554320578] [aic_model]: pfrac: 1.0 xy_error: 0.000325 0.0212   integrators: 0.017 , 0.05
[INFO] [1775239943.603258360] [aic_model]: z_offset: 0.0905
[INFO] [1775239943.604547381] [aic_model]: pfrac: 1.0 xy_error: 0.000148 0.021   integrators: 0.0171 , 0.05
[INFO] [1775239943.653161879] [aic_model]: z_offset: 0.09
[INFO] [1775239943.654422848] [aic_model]: pfrac: 1.0 xy_error: 0.000156 0.0211   integrators: 0.0173 , 0.05
[INFO] [1775239943.687325288] [aic_model]: insert_cable execute loop
[INFO] [1775239943.703124649] [aic_model]: z_offset: 0.0895
[INFO] [1775239943.703506313] [aic_model]: pfrac: 1.0 xy_error: 0.000236 0.0211   integrators: 0.0175 , 0.05
[INFO] [1775239943.753163240] [aic_model]: z_offset: 0.089
[INFO] [1775239943.754513115] [aic_model]: pfrac: 1.0 xy_error: 0.000339 0.0211   integrators: 0.0179 , 0.05
[INFO] [1775239943.803109088] [aic_model]: z_offset: 0.0885
[INFO] [1775239943.803784912] [aic_model]: pfrac: 1.0 xy_error: 0.000409 0.0211   integrators: 0.0183 , 0.05
[INFO] [1775239943.853149763] [aic_model]: z_offset: 0.088
[INFO] [1775239943.853551875] [aic_model]: pfrac: 1.0 xy_error: 0.000452 0.021   integrators: 0.0187 , 0.05
[INFO] [1775239943.903124115] [aic_model]: z_offset: 0.0875
[INFO] [1775239943.904260170] [aic_model]: pfrac: 1.0 xy_error: 0.000484 0.021   integrators: 0.0192 , 0.05
[INFO] [1775239943.953115548] [aic_model]: z_offset: 0.087
[INFO] [1775239943.954347943] [aic_model]: pfrac: 1.0 xy_error: 0.000506 0.021   integrators: 0.0197 , 0.05
[INFO] [1775239944.003081022] [aic_model]: z_offset: 0.0865
[INFO] [1775239944.003468096] [aic_model]: pfrac: 1.0 xy_error: 0.000511 0.021   integrators: 0.0202 , 0.05
[INFO] [1775239944.054483996] [aic_model]: z_offset: 0.086
[INFO] [1775239944.055157946] [aic_model]: pfrac: 1.0 xy_error: 0.000514 0.021   integrators: 0.0208 , 0.05
[INFO] [1775239944.105048471] [aic_model]: z_offset: 0.0855
[INFO] [1775239944.105468396] [aic_model]: pfrac: 1.0 xy_error: 0.00052 0.021   integrators: 0.0213 , 0.05
[INFO] [1775239944.155122128] [aic_model]: z_offset: 0.085
[INFO] [1775239944.156597858] [aic_model]: pfrac: 1.0 xy_error: 0.000526 0.021   integrators: 0.0218 , 0.05
[INFO] [1775239944.205011580] [aic_model]: z_offset: 0.0845
[INFO] [1775239944.205430344] [aic_model]: pfrac: 1.0 xy_error: 0.000533 0.021   integrators: 0.0223 , 0.05
[INFO] [1775239944.255028050] [aic_model]: z_offset: 0.084
[INFO] [1775239944.255645625] [aic_model]: pfrac: 1.0 xy_error: 0.000541 0.021   integrators: 0.0229 , 0.05
[INFO] [1775239944.305059929] [aic_model]: z_offset: 0.0835
[INFO] [1775239944.305848083] [aic_model]: pfrac: 1.0 xy_error: 0.000549 0.021   integrators: 0.0234 , 0.05
[INFO] [1775239944.355039580] [aic_model]: z_offset: 0.083
[INFO] [1775239944.355484943] [aic_model]: pfrac: 1.0 xy_error: 0.000558 0.021   integrators: 0.024 , 0.05
[INFO] [1775239944.405029931] [aic_model]: z_offset: 0.0825
[INFO] [1775239944.405457010] [aic_model]: pfrac: 1.0 xy_error: 0.000568 0.021   integrators: 0.0245 , 0.05
[INFO] [1775239944.455109109] [aic_model]: z_offset: 0.082
[INFO] [1775239944.455559972] [aic_model]: pfrac: 1.0 xy_error: 0.000577 0.021   integrators: 0.0251 , 0.05
[INFO] [1775239944.505065126] [aic_model]: z_offset: 0.0815
[INFO] [1775239944.505504588] [aic_model]: pfrac: 1.0 xy_error: 0.000577 0.021   integrators: 0.0257 , 0.05
[INFO] [1775239944.555185831] [aic_model]: z_offset: 0.081
[INFO] [1775239944.555652333] [aic_model]: pfrac: 1.0 xy_error: 0.000585 0.021   integrators: 0.0263 , 0.05
[INFO] [1775239944.605043504] [aic_model]: z_offset: 0.0805
[INFO] [1775239944.605482234] [aic_model]: pfrac: 1.0 xy_error: 0.000596 0.021   integrators: 0.0269 , 0.05
[INFO] [1775239944.655212960] [aic_model]: z_offset: 0.08
[INFO] [1775239944.655645168] [aic_model]: pfrac: 1.0 xy_error: 0.000606 0.021   integrators: 0.0275 , 0.05
[INFO] [1775239944.687257506] [aic_model]: insert_cable execute loop
[INFO] [1775239944.705001283] [aic_model]: z_offset: 0.0795
[INFO] [1775239944.705372588] [aic_model]: pfrac: 1.0 xy_error: 0.000612 0.021   integrators: 0.0281 , 0.05
[INFO] [1775239944.755182622] [aic_model]: z_offset: 0.079
[INFO] [1775239944.755575016] [aic_model]: pfrac: 1.0 xy_error: 0.000613 0.021   integrators: 0.0287 , 0.05
[INFO] [1775239944.805071172] [aic_model]: z_offset: 0.0785
[INFO] [1775239944.805467193] [aic_model]: pfrac: 1.0 xy_error: 0.000619 0.021   integrators: 0.0293 , 0.05
[INFO] [1775239944.855271336] [aic_model]: z_offset: 0.078
[INFO] [1775239944.855679139] [aic_model]: pfrac: 1.0 xy_error: 0.000625 0.021   integrators: 0.03 , 0.05
[INFO] [1775239944.905397511] [aic_model]: z_offset: 0.0775
[INFO] [1775239944.905862491] [aic_model]: pfrac: 1.0 xy_error: 0.000629 0.021   integrators: 0.0306 , 0.05
[INFO] [1775239944.955162050] [aic_model]: z_offset: 0.077
[INFO] [1775239944.955624064] [aic_model]: pfrac: 1.0 xy_error: 0.000633 0.021   integrators: 0.0312 , 0.05
[INFO] [1775239945.005131582] [aic_model]: z_offset: 0.0765
[INFO] [1775239945.005579230] [aic_model]: pfrac: 1.0 xy_error: 0.000639 0.021   integrators: 0.0319 , 0.05
[INFO] [1775239945.055158923] [aic_model]: z_offset: 0.076
[INFO] [1775239945.055625505] [aic_model]: pfrac: 1.0 xy_error: 0.00064 0.021   integrators: 0.0325 , 0.05
[INFO] [1775239945.106201522] [aic_model]: z_offset: 0.0755
[INFO] [1775239945.107925046] [aic_model]: pfrac: 1.0 xy_error: 0.000639 0.021   integrators: 0.0331 , 0.05
[INFO] [1775239945.157575601] [aic_model]: z_offset: 0.075
[INFO] [1775239945.158936597] [aic_model]: pfrac: 1.0 xy_error: 0.000636 0.021   integrators: 0.0338 , 0.05
[INFO] [1775239945.209244462] [aic_model]: z_offset: 0.0745
[INFO] [1775239945.209722456] [aic_model]: pfrac: 1.0 xy_error: 0.000635 0.021   integrators: 0.0344 , 0.05
[INFO] [1775239945.259375466] [aic_model]: z_offset: 0.074
[INFO] [1775239945.259906920] [aic_model]: pfrac: 1.0 xy_error: 0.000634 0.021   integrators: 0.035 , 0.05
[INFO] [1775239945.309230765] [aic_model]: z_offset: 0.0735
[INFO] [1775239945.309867556] [aic_model]: pfrac: 1.0 xy_error: 0.000632 0.021   integrators: 0.0357 , 0.05
[INFO] [1775239945.359145645] [aic_model]: z_offset: 0.073
[INFO] [1775239945.359611356] [aic_model]: pfrac: 1.0 xy_error: 0.000631 0.021   integrators: 0.0363 , 0.05
[INFO] [1775239945.409338515] [aic_model]: z_offset: 0.0725
[INFO] [1775239945.409833601] [aic_model]: pfrac: 1.0 xy_error: 0.000631 0.021   integrators: 0.0369 , 0.05
[INFO] [1775239945.459156914] [aic_model]: z_offset: 0.072
[INFO] [1775239945.459553176] [aic_model]: pfrac: 1.0 xy_error: 0.00063 0.021   integrators: 0.0376 , 0.05
[INFO] [1775239945.510172012] [aic_model]: z_offset: 0.0715
[INFO] [1775239945.511268894] [aic_model]: pfrac: 1.0 xy_error: 0.000631 0.021   integrators: 0.0382 , 0.05
[INFO] [1775239945.561353231] [aic_model]: z_offset: 0.071
[INFO] [1775239945.561802491] [aic_model]: pfrac: 1.0 xy_error: 0.000632 0.021   integrators: 0.0388 , 0.05
[INFO] [1775239945.611519341] [aic_model]: z_offset: 0.0705
[INFO] [1775239945.611962860] [aic_model]: pfrac: 1.0 xy_error: 0.000631 0.021   integrators: 0.0395 , 0.05
[INFO] [1775239945.661148136] [aic_model]: z_offset: 0.07
[INFO] [1775239945.661561429] [aic_model]: pfrac: 1.0 xy_error: 0.000631 0.021   integrators: 0.0401 , 0.05
[INFO] [1775239945.687210322] [aic_model]: insert_cable execute loop
[INFO] [1775239945.711607624] [aic_model]: z_offset: 0.0695
[INFO] [1775239945.712061283] [aic_model]: pfrac: 1.0 xy_error: 0.000631 0.021   integrators: 0.0407 , 0.05
[INFO] [1775239945.761247831] [aic_model]: z_offset: 0.069
[INFO] [1775239945.761660332] [aic_model]: pfrac: 1.0 xy_error: 0.000632 0.021   integrators: 0.0414 , 0.05
[INFO] [1775239945.811181325] [aic_model]: z_offset: 0.0685
[INFO] [1775239945.811579981] [aic_model]: pfrac: 1.0 xy_error: 0.000632 0.021   integrators: 0.042 , 0.05
[INFO] [1775239945.861225477] [aic_model]: z_offset: 0.068
[INFO] [1775239945.861602513] [aic_model]: pfrac: 1.0 xy_error: 0.000633 0.021   integrators: 0.0426 , 0.05
[INFO] [1775239945.911177857] [aic_model]: z_offset: 0.0675
[INFO] [1775239945.911582374] [aic_model]: pfrac: 1.0 xy_error: 0.000633 0.021   integrators: 0.0432 , 0.05
[INFO] [1775239945.961320323] [aic_model]: z_offset: 0.067
[INFO] [1775239945.961699202] [aic_model]: pfrac: 1.0 xy_error: 0.000634 0.021   integrators: 0.0439 , 0.05
[INFO] [1775239946.011216658] [aic_model]: z_offset: 0.0665
[INFO] [1775239946.011741310] [aic_model]: pfrac: 1.0 xy_error: 0.000634 0.021   integrators: 0.0445 , 0.05
[INFO] [1775239946.061232778] [aic_model]: z_offset: 0.066
[INFO] [1775239946.061676468] [aic_model]: pfrac: 1.0 xy_error: 0.000635 0.021   integrators: 0.0452 , 0.05
[INFO] [1775239946.111795890] [aic_model]: z_offset: 0.0655
[INFO] [1775239946.112303920] [aic_model]: pfrac: 1.0 xy_error: 0.000635 0.021   integrators: 0.0458 , 0.05
[INFO] [1775239946.161617486] [aic_model]: z_offset: 0.065
[INFO] [1775239946.162419736] [aic_model]: pfrac: 1.0 xy_error: 0.000635 0.021   integrators: 0.0464 , 0.05
[INFO] [1775239946.211115226] [aic_model]: z_offset: 0.0645
[INFO] [1775239946.211507650] [aic_model]: pfrac: 1.0 xy_error: 0.000635 0.021   integrators: 0.0471 , 0.05
[INFO] [1775239946.261287908] [aic_model]: z_offset: 0.064
[INFO] [1775239946.261840572] [aic_model]: pfrac: 1.0 xy_error: 0.000635 0.021   integrators: 0.0477 , 0.05
[INFO] [1775239946.311175106] [aic_model]: z_offset: 0.0635
[INFO] [1775239946.311603868] [aic_model]: pfrac: 1.0 xy_error: 0.000636 0.021   integrators: 0.0483 , 0.05
[INFO] [1775239946.361318223] [aic_model]: z_offset: 0.063
[INFO] [1775239946.362670913] [aic_model]: pfrac: 1.0 xy_error: 0.000636 0.021   integrators: 0.049 , 0.05
[INFO] [1775239946.411131403] [aic_model]: z_offset: 0.0625
[INFO] [1775239946.411550837] [aic_model]: pfrac: 1.0 xy_error: 0.000633 0.021   integrators: 0.0496 , 0.05
[INFO] [1775239946.461129739] [aic_model]: z_offset: 0.062
[INFO] [1775239946.461519248] [aic_model]: pfrac: 1.0 xy_error: 0.000633 0.021   integrators: 0.05 , 0.05
[INFO] [1775239946.511258449] [aic_model]: z_offset: 0.0615
[INFO] [1775239946.511664689] [aic_model]: pfrac: 1.0 xy_error: 0.000633 0.021   integrators: 0.05 , 0.05
[INFO] [1775239946.561273747] [aic_model]: z_offset: 0.061
[INFO] [1775239946.562588055] [aic_model]: pfrac: 1.0 xy_error: 0.000633 0.021   integrators: 0.05 , 0.05
[INFO] [1775239946.611354868] [aic_model]: z_offset: 0.0605
[INFO] [1775239946.612541417] [aic_model]: pfrac: 1.0 xy_error: 0.000633 0.021   integrators: 0.05 , 0.05
[INFO] [1775239946.663185140] [aic_model]: z_offset: 0.06
[INFO] [1775239946.663594005] [aic_model]: pfrac: 1.0 xy_error: 0.000633 0.021   integrators: 0.05 , 0.05
[INFO] [1775239946.687220446] [aic_model]: insert_cable execute loop
[INFO] [1775239946.713258908] [aic_model]: z_offset: 0.0595
[INFO] [1775239946.713695023] [aic_model]: pfrac: 1.0 xy_error: 0.000632 0.021   integrators: 0.05 , 0.05
[INFO] [1775239946.763047251] [aic_model]: z_offset: 0.059
[INFO] [1775239946.763425468] [aic_model]: pfrac: 1.0 xy_error: 0.00063 0.021   integrators: 0.05 , 0.05
[INFO] [1775239946.813075192] [aic_model]: z_offset: 0.0585
[INFO] [1775239946.813463779] [aic_model]: pfrac: 1.0 xy_error: 0.000629 0.021   integrators: 0.05 , 0.05
[INFO] [1775239946.863071014] [aic_model]: z_offset: 0.058
[INFO] [1775239946.863466233] [aic_model]: pfrac: 1.0 xy_error: 0.000629 0.021   integrators: 0.05 , 0.05
[INFO] [1775239946.913314909] [aic_model]: z_offset: 0.0575
[INFO] [1775239946.913706081] [aic_model]: pfrac: 1.0 xy_error: 0.000628 0.021   integrators: 0.05 , 0.05
[INFO] [1775239946.963257080] [aic_model]: z_offset: 0.057
[INFO] [1775239946.963666326] [aic_model]: pfrac: 1.0 xy_error: 0.000625 0.021   integrators: 0.05 , 0.05
[INFO] [1775239947.012981083] [aic_model]: z_offset: 0.0565
[INFO] [1775239947.013356175] [aic_model]: pfrac: 1.0 xy_error: 0.000626 0.021   integrators: 0.05 , 0.05
[INFO] [1775239947.063015096] [aic_model]: z_offset: 0.056
[INFO] [1775239947.063396429] [aic_model]: pfrac: 1.0 xy_error: 0.000623 0.021   integrators: 0.05 , 0.05
[INFO] [1775239947.113195784] [aic_model]: z_offset: 0.0555
[INFO] [1775239947.113623884] [aic_model]: pfrac: 1.0 xy_error: 0.000623 0.021   integrators: 0.05 , 0.05
[INFO] [1775239947.163325195] [aic_model]: z_offset: 0.055
[INFO] [1775239947.163791567] [aic_model]: pfrac: 1.0 xy_error: 0.00062 0.021   integrators: 0.05 , 0.05
[INFO] [1775239947.213928753] [aic_model]: z_offset: 0.0545
[INFO] [1775239947.214941788] [aic_model]: pfrac: 1.0 xy_error: 0.000619 0.021   integrators: 0.05 , 0.05
[INFO] [1775239947.263308672] [aic_model]: z_offset: 0.054
[INFO] [1775239947.264761670] [aic_model]: pfrac: 1.0 xy_error: 0.00062 0.021   integrators: 0.05 , 0.05
[INFO] [1775239947.315173650] [aic_model]: z_offset: 0.0535
[INFO] [1775239947.315570362] [aic_model]: pfrac: 1.0 xy_error: 0.000621 0.021   integrators: 0.05 , 0.05
[INFO] [1775239947.365233962] [aic_model]: z_offset: 0.053
[INFO] [1775239947.365730771] [aic_model]: pfrac: 1.0 xy_error: 0.000619 0.021   integrators: 0.05 , 0.05
[INFO] [1775239947.415762460] [aic_model]: z_offset: 0.0525
[INFO] [1775239947.417164191] [aic_model]: pfrac: 1.0 xy_error: 0.000619 0.021   integrators: 0.05 , 0.05
[INFO] [1775239947.467051510] [aic_model]: z_offset: 0.052
[INFO] [1775239947.467432783] [aic_model]: pfrac: 1.0 xy_error: 0.00062 0.021   integrators: 0.05 , 0.05
[INFO] [1775239947.517016384] [aic_model]: z_offset: 0.0515
[INFO] [1775239947.517397466] [aic_model]: pfrac: 1.0 xy_error: 0.000618 0.021   integrators: 0.05 , 0.05
[INFO] [1775239947.567072438] [aic_model]: z_offset: 0.051
[INFO] [1775239947.567480090] [aic_model]: pfrac: 1.0 xy_error: 0.000618 0.021   integrators: 0.05 , 0.05
[INFO] [1775239947.621565410] [aic_model]: z_offset: 0.0505
[INFO] [1775239947.623012136] [aic_model]: pfrac: 1.0 xy_error: 0.000618 0.021   integrators: 0.05 , 0.05
[INFO] [1775239947.673160303] [aic_model]: z_offset: 0.05
[INFO] [1775239947.673549771] [aic_model]: pfrac: 1.0 xy_error: 0.000618 0.021   integrators: 0.05 , 0.05
[INFO] [1775239947.687168263] [aic_model]: insert_cable execute loop
[INFO] [1775239947.724923500] [aic_model]: z_offset: 0.0495
[INFO] [1775239947.725306967] [aic_model]: pfrac: 1.0 xy_error: 0.000625 0.021   integrators: 0.05 , 0.05
[INFO] [1775239947.775002457] [aic_model]: z_offset: 0.049
[INFO] [1775239947.775374843] [aic_model]: pfrac: 1.0 xy_error: 0.000633 0.021   integrators: 0.05 , 0.05
[INFO] [1775239947.825038273] [aic_model]: z_offset: 0.0485
[INFO] [1775239947.825409297] [aic_model]: pfrac: 1.0 xy_error: 0.000633 0.021   integrators: 0.05 , 0.05
[INFO] [1775239947.875190447] [aic_model]: z_offset: 0.048
[INFO] [1775239947.875571700] [aic_model]: pfrac: 1.0 xy_error: 0.000633 0.021   integrators: 0.05 , 0.05
[INFO] [1775239947.925090629] [aic_model]: z_offset: 0.0475
[INFO] [1775239947.925460441] [aic_model]: pfrac: 1.0 xy_error: 0.000635 0.021   integrators: 0.05 , 0.05
[INFO] [1775239947.979400670] [aic_model]: z_offset: 0.047
[INFO] [1775239947.980618348] [aic_model]: pfrac: 1.0 xy_error: 0.000642 0.021   integrators: 0.05 , 0.05
[INFO] [1775239948.031057799] [aic_model]: z_offset: 0.0465
[INFO] [1775239948.031442899] [aic_model]: pfrac: 1.0 xy_error: 0.000647 0.021   integrators: 0.05 , 0.05
[INFO] [1775239948.083047440] [aic_model]: z_offset: 0.046
[INFO] [1775239948.083421259] [aic_model]: pfrac: 1.0 xy_error: 0.000653 0.021   integrators: 0.05 , 0.05
[INFO] [1775239948.133044072] [aic_model]: z_offset: 0.0455
[INFO] [1775239948.133413664] [aic_model]: pfrac: 1.0 xy_error: 0.000658 0.021   integrators: 0.05 , 0.05
[INFO] [1775239948.183013334] [aic_model]: z_offset: 0.045
[INFO] [1775239948.183384438] [aic_model]: pfrac: 1.0 xy_error: 0.000664 0.021   integrators: 0.05 , 0.05
[INFO] [1775239948.232972146] [aic_model]: z_offset: 0.0445
[INFO] [1775239948.233334174] [aic_model]: pfrac: 1.0 xy_error: 0.000672 0.021   integrators: 0.05 , 0.05
[INFO] [1775239948.284815844] [aic_model]: z_offset: 0.044
[INFO] [1775239948.285186818] [aic_model]: pfrac: 1.0 xy_error: 0.000671 0.021   integrators: 0.05 , 0.05
[INFO] [1775239948.335092411] [aic_model]: z_offset: 0.0435
[INFO] [1775239948.335601212] [aic_model]: pfrac: 1.0 xy_error: 0.000671 0.021   integrators: 0.05 , 0.05
[INFO] [1775239948.385006549] [aic_model]: z_offset: 0.043
[INFO] [1775239948.385384486] [aic_model]: pfrac: 1.0 xy_error: 0.000671 0.021   integrators: 0.05 , 0.05
[INFO] [1775239948.435024322] [aic_model]: z_offset: 0.0425
[INFO] [1775239948.435409262] [aic_model]: pfrac: 1.0 xy_error: 0.000668 0.021   integrators: 0.05 , 0.05
[INFO] [1775239948.484996459] [aic_model]: z_offset: 0.042
[INFO] [1775239948.485363135] [aic_model]: pfrac: 1.0 xy_error: 0.000667 0.021   integrators: 0.05 , 0.05
[INFO] [1775239948.536953088] [aic_model]: z_offset: 0.0415
[INFO] [1775239948.537471247] [aic_model]: pfrac: 1.0 xy_error: 0.000667 0.021   integrators: 0.05 , 0.05
[INFO] [1775239948.587103779] [aic_model]: z_offset: 0.041
[INFO] [1775239948.587625515] [aic_model]: pfrac: 1.0 xy_error: 0.000667 0.021   integrators: 0.05 , 0.05
[INFO] [1775239948.637027085] [aic_model]: z_offset: 0.0405
[INFO] [1775239948.637397377] [aic_model]: pfrac: 1.0 xy_error: 0.000669 0.021   integrators: 0.05 , 0.05
[INFO] [1775239948.687505158] [aic_model]: z_offset: 0.04
[INFO] [1775239948.688326394] [aic_model]: pfrac: 1.0 xy_error: 0.000664 0.021   integrators: 0.05 , 0.05
[INFO] [1775239948.688866575] [aic_model]: insert_cable execute loop
[INFO] [1775239948.737335420] [aic_model]: z_offset: 0.0395
[INFO] [1775239948.738703970] [aic_model]: pfrac: 1.0 xy_error: 0.000663 0.021   integrators: 0.05 , 0.05
[INFO] [1775239948.789035179] [aic_model]: z_offset: 0.039
[INFO] [1775239948.789402676] [aic_model]: pfrac: 1.0 xy_error: 0.000663 0.021   integrators: 0.05 , 0.05
[INFO] [1775239948.839048152] [aic_model]: z_offset: 0.0385
[INFO] [1775239948.839419998] [aic_model]: pfrac: 1.0 xy_error: 0.000662 0.021   integrators: 0.05 , 0.05
[INFO] [1775239948.888984122] [aic_model]: z_offset: 0.038
[INFO] [1775239948.889351879] [aic_model]: pfrac: 1.0 xy_error: 0.000661 0.021   integrators: 0.05 , 0.05
[INFO] [1775239948.938995823] [aic_model]: z_offset: 0.0375
[INFO] [1775239948.939394859] [aic_model]: pfrac: 1.0 xy_error: 0.000661 0.021   integrators: 0.05 , 0.05
[INFO] [1775239948.988997916] [aic_model]: z_offset: 0.037
[INFO] [1775239948.989362137] [aic_model]: pfrac: 1.0 xy_error: 0.000661 0.021   integrators: 0.05 , 0.05
[INFO] [1775239949.038975684] [aic_model]: z_offset: 0.0365
[INFO] [1775239949.039338783] [aic_model]: pfrac: 1.0 xy_error: 0.00066 0.021   integrators: 0.05 , 0.05
[INFO] [1775239949.088969201] [aic_model]: z_offset: 0.036
[INFO] [1775239949.089328262] [aic_model]: pfrac: 1.0 xy_error: 0.00066 0.021   integrators: 0.05 , 0.05
[INFO] [1775239949.138976975] [aic_model]: z_offset: 0.0355
[INFO] [1775239949.139338611] [aic_model]: pfrac: 1.0 xy_error: 0.000659 0.021   integrators: 0.05 , 0.05
[INFO] [1775239949.189003584] [aic_model]: z_offset: 0.035
[INFO] [1775239949.189368116] [aic_model]: pfrac: 1.0 xy_error: 0.00066 0.021   integrators: 0.05 , 0.05
[INFO] [1775239949.239006809] [aic_model]: z_offset: 0.0345
[INFO] [1775239949.239375178] [aic_model]: pfrac: 1.0 xy_error: 0.00066 0.021   integrators: 0.05 , 0.05
[INFO] [1775239949.288971352] [aic_model]: z_offset: 0.034
[INFO] [1775239949.289336154] [aic_model]: pfrac: 1.0 xy_error: 0.00066 0.021   integrators: 0.05 , 0.05
[INFO] [1775239949.338996769] [aic_model]: z_offset: 0.0335
[INFO] [1775239949.339364206] [aic_model]: pfrac: 1.0 xy_error: 0.00066 0.021   integrators: 0.05 , 0.05
[INFO] [1775239949.388999563] [aic_model]: z_offset: 0.033
[INFO] [1775239949.389356661] [aic_model]: pfrac: 1.0 xy_error: 0.00066 0.021   integrators: 0.05 , 0.05
[INFO] [1775239949.439065235] [aic_model]: z_offset: 0.0325
[INFO] [1775239949.439572704] [aic_model]: pfrac: 1.0 xy_error: 0.00066 0.021   integrators: 0.05 , 0.05
[INFO] [1775239949.489075574] [aic_model]: z_offset: 0.032
[INFO] [1775239949.489588002] [aic_model]: pfrac: 1.0 xy_error: 0.000659 0.021   integrators: 0.05 , 0.05
[INFO] [1775239949.539111510] [aic_model]: z_offset: 0.0315
[INFO] [1775239949.539479619] [aic_model]: pfrac: 1.0 xy_error: 0.000659 0.021   integrators: 0.05 , 0.05
[INFO] [1775239949.589006954] [aic_model]: z_offset: 0.031
[INFO] [1775239949.589372818] [aic_model]: pfrac: 1.0 xy_error: 0.000658 0.021   integrators: 0.05 , 0.05
[INFO] [1775239949.639012754] [aic_model]: z_offset: 0.0305
[INFO] [1775239949.639378999] [aic_model]: pfrac: 1.0 xy_error: 0.000656 0.021   integrators: 0.05 , 0.05
[INFO] [1775239949.687220491] [aic_model]: insert_cable execute loop
[INFO] [1775239949.688924579] [aic_model]: z_offset: 0.03
[INFO] [1775239949.689261699] [aic_model]: pfrac: 1.0 xy_error: 0.000657 0.021   integrators: 0.05 , 0.05
[INFO] [1775239949.739039323] [aic_model]: z_offset: 0.0295
[INFO] [1775239949.739410697] [aic_model]: pfrac: 1.0 xy_error: 0.000657 0.021   integrators: 0.05 , 0.05
[INFO] [1775239949.789032469] [aic_model]: z_offset: 0.029
[INFO] [1775239949.789405507] [aic_model]: pfrac: 1.0 xy_error: 0.000657 0.021   integrators: 0.05 , 0.05
[INFO] [1775239949.838981393] [aic_model]: z_offset: 0.0285
[INFO] [1775239949.839343821] [aic_model]: pfrac: 1.0 xy_error: 0.000657 0.021   integrators: 0.05 , 0.05
[INFO] [1775239949.889084174] [aic_model]: z_offset: 0.028
[INFO] [1775239949.889446783] [aic_model]: pfrac: 1.0 xy_error: 0.000656 0.021   integrators: 0.05 , 0.05
[INFO] [1775239949.938975150] [aic_model]: z_offset: 0.0275
[INFO] [1775239949.939342026] [aic_model]: pfrac: 1.0 xy_error: 0.000655 0.021   integrators: 0.05 , 0.05
[INFO] [1775239949.988990508] [aic_model]: z_offset: 0.027
[INFO] [1775239949.989347485] [aic_model]: pfrac: 1.0 xy_error: 0.000655 0.021   integrators: 0.05 , 0.05
[INFO] [1775239950.038975419] [aic_model]: z_offset: 0.0265
[INFO] [1775239950.039339029] [aic_model]: pfrac: 1.0 xy_error: 0.000652 0.021   integrators: 0.05 , 0.05
[INFO] [1775239950.090644420] [aic_model]: z_offset: 0.026
[INFO] [1775239950.091177036] [aic_model]: pfrac: 1.0 xy_error: 0.000652 0.021   integrators: 0.05 , 0.05
[INFO] [1775239950.140989925] [aic_model]: z_offset: 0.0255
[INFO] [1775239950.141349007] [aic_model]: pfrac: 1.0 xy_error: 0.000653 0.021   integrators: 0.05 , 0.05
[INFO] [1775239950.190994543] [aic_model]: z_offset: 0.025
[INFO] [1775239950.191361399] [aic_model]: pfrac: 1.0 xy_error: 0.000652 0.021   integrators: 0.05 , 0.05
[INFO] [1775239950.240997748] [aic_model]: z_offset: 0.0245
[INFO] [1775239950.241360306] [aic_model]: pfrac: 1.0 xy_error: 0.000651 0.021   integrators: 0.05 , 0.05
[INFO] [1775239950.291063410] [aic_model]: z_offset: 0.024
[INFO] [1775239950.291435536] [aic_model]: pfrac: 1.0 xy_error: 0.00065 0.021   integrators: 0.05 , 0.05
[INFO] [1775239950.340999550] [aic_model]: z_offset: 0.0235
[INFO] [1775239950.341374251] [aic_model]: pfrac: 1.0 xy_error: 0.00065 0.021   integrators: 0.05 , 0.05
[INFO] [1775239950.390992607] [aic_model]: z_offset: 0.023
[INFO] [1775239950.391366586] [aic_model]: pfrac: 1.0 xy_error: 0.000646 0.021   integrators: 0.05 , 0.05
[INFO] [1775239950.441003637] [aic_model]: z_offset: 0.0225
[INFO] [1775239950.441368589] [aic_model]: pfrac: 1.0 xy_error: 0.000647 0.021   integrators: 0.05 , 0.05
[INFO] [1775239950.490959874] [aic_model]: z_offset: 0.022
[INFO] [1775239950.491323694] [aic_model]: pfrac: 1.0 xy_error: 0.000646 0.021   integrators: 0.05 , 0.05
[INFO] [1775239950.540982105] [aic_model]: z_offset: 0.0215
[INFO] [1775239950.541348220] [aic_model]: pfrac: 1.0 xy_error: 0.000643 0.021   integrators: 0.05 , 0.05
[INFO] [1775239950.591012030] [aic_model]: z_offset: 0.021
[INFO] [1775239950.591381020] [aic_model]: pfrac: 1.0 xy_error: 0.00064 0.021   integrators: 0.05 , 0.05
[INFO] [1775239950.641018181] [aic_model]: z_offset: 0.0205
[INFO] [1775239950.641381029] [aic_model]: pfrac: 1.0 xy_error: 0.00064 0.021   integrators: 0.05 , 0.05
[INFO] [1775239950.687203255] [aic_model]: insert_cable execute loop
[INFO] [1775239950.690915959] [aic_model]: z_offset: 0.02
[INFO] [1775239950.691246437] [aic_model]: pfrac: 1.0 xy_error: 0.000639 0.021   integrators: 0.05 , 0.05
[INFO] [1775239950.741042575] [aic_model]: z_offset: 0.0195
[INFO] [1775239950.741403430] [aic_model]: pfrac: 1.0 xy_error: 0.000638 0.021   integrators: 0.05 , 0.05
[INFO] [1775239950.791015183] [aic_model]: z_offset: 0.019
[INFO] [1775239950.791384273] [aic_model]: pfrac: 1.0 xy_error: 0.000638 0.021   integrators: 0.05 , 0.05
[INFO] [1775239950.842886402] [aic_model]: z_offset: 0.0185
[INFO] [1775239950.843256545] [aic_model]: pfrac: 1.0 xy_error: 0.000638 0.021   integrators: 0.05 , 0.05
[INFO] [1775239950.893026554] [aic_model]: z_offset: 0.018
[INFO] [1775239950.893393941] [aic_model]: pfrac: 1.0 xy_error: 0.000638 0.021   integrators: 0.05 , 0.05
[INFO] [1775239950.942991007] [aic_model]: z_offset: 0.0175
[INFO] [1775239950.943349347] [aic_model]: pfrac: 1.0 xy_error: 0.000637 0.021   integrators: 0.05 , 0.05
[INFO] [1775239950.992991457] [aic_model]: z_offset: 0.017
[INFO] [1775239950.993358353] [aic_model]: pfrac: 1.0 xy_error: 0.000636 0.021   integrators: 0.05 , 0.05
[INFO] [1775239951.043046849] [aic_model]: z_offset: 0.0165
[INFO] [1775239951.043411181] [aic_model]: pfrac: 1.0 xy_error: 0.000635 0.021   integrators: 0.05 , 0.05
[INFO] [1775239951.093095881] [aic_model]: z_offset: 0.016
[INFO] [1775239951.093604662] [aic_model]: pfrac: 1.0 xy_error: 0.000635 0.021   integrators: 0.05 , 0.05
[INFO] [1775239951.142983319] [aic_model]: z_offset: 0.0155
[INFO] [1775239951.143358992] [aic_model]: pfrac: 1.0 xy_error: 0.000634 0.021   integrators: 0.05 , 0.05
[INFO] [1775239951.192983810] [aic_model]: z_offset: 0.015
[INFO] [1775239951.193365173] [aic_model]: pfrac: 1.0 xy_error: 0.000633 0.021   integrators: 0.05 , 0.05
[INFO] [1775239951.243033812] [aic_model]: z_offset: 0.0145
[INFO] [1775239951.243403474] [aic_model]: pfrac: 1.0 xy_error: 0.000632 0.021   integrators: 0.05 , 0.05
[INFO] [1775239951.292970473] [aic_model]: z_offset: 0.014
[INFO] [1775239951.293342549] [aic_model]: pfrac: 1.0 xy_error: 0.000632 0.021   integrators: 0.05 , 0.05
[INFO] [1775239951.343026718] [aic_model]: z_offset: 0.0135
[INFO] [1775239951.343402521] [aic_model]: pfrac: 1.0 xy_error: 0.00063 0.021   integrators: 0.05 , 0.05
[INFO] [1775239951.393018592] [aic_model]: z_offset: 0.013
[INFO] [1775239951.393407980] [aic_model]: pfrac: 1.0 xy_error: 0.000628 0.021   integrators: 0.05 , 0.05
[INFO] [1775239951.443016507] [aic_model]: z_offset: 0.0125
[INFO] [1775239951.443381740] [aic_model]: pfrac: 1.0 xy_error: 0.000627 0.021   integrators: 0.05 , 0.05
[INFO] [1775239951.493017328] [aic_model]: z_offset: 0.012
[INFO] [1775239951.493381128] [aic_model]: pfrac: 1.0 xy_error: 0.000626 0.021   integrators: 0.05 , 0.05
[INFO] [1775239951.543029801] [aic_model]: z_offset: 0.0115
[INFO] [1775239951.543398460] [aic_model]: pfrac: 1.0 xy_error: 0.000623 0.021   integrators: 0.05 , 0.05
[INFO] [1775239951.592995275] [aic_model]: z_offset: 0.011
[INFO] [1775239951.593349638] [aic_model]: pfrac: 1.0 xy_error: 0.000622 0.021   integrators: 0.05 , 0.05
[INFO] [1775239951.643005814] [aic_model]: z_offset: 0.0105
[INFO] [1775239951.643371398] [aic_model]: pfrac: 1.0 xy_error: 0.00062 0.021   integrators: 0.05 , 0.05
[INFO] [1775239951.687221645] [aic_model]: insert_cable execute loop
[INFO] [1775239951.694437141] [aic_model]: z_offset: 0.01
[INFO] [1775239951.695043445] [aic_model]: pfrac: 1.0 xy_error: 0.000621 0.021   integrators: 0.05 , 0.05
[INFO] [1775239951.744986728] [aic_model]: z_offset: 0.0095
[INFO] [1775239951.745355187] [aic_model]: pfrac: 1.0 xy_error: 0.000618 0.021   integrators: 0.05 , 0.05
[INFO] [1775239951.794999882] [aic_model]: z_offset: 0.009
[INFO] [1775239951.795364003] [aic_model]: pfrac: 1.0 xy_error: 0.000615 0.021   integrators: 0.05 , 0.05
[INFO] [1775239951.845097644] [aic_model]: z_offset: 0.0085
[INFO] [1775239951.845609832] [aic_model]: pfrac: 1.0 xy_error: 0.00062 0.021   integrators: 0.05 , 0.05
[INFO] [1775239951.894977188] [aic_model]: z_offset: 0.008
[INFO] [1775239951.895342802] [aic_model]: pfrac: 1.0 xy_error: 0.000634 0.021   integrators: 0.05 , 0.05
[INFO] [1775239951.945009908] [aic_model]: z_offset: 0.0075
[INFO] [1775239951.945399958] [aic_model]: pfrac: 1.0 xy_error: 0.000643 0.021   integrators: 0.05 , 0.05
[INFO] [1775239951.995002233] [aic_model]: z_offset: 0.007
[INFO] [1775239951.995389788] [aic_model]: pfrac: 1.0 xy_error: 0.000644 0.021   integrators: 0.05 , 0.05
[INFO] [1775239952.045019605] [aic_model]: z_offset: 0.0065
[INFO] [1775239952.045405086] [aic_model]: pfrac: 1.0 xy_error: 0.000643 0.021   integrators: 0.05 , 0.05
[INFO] [1775239952.095036506] [aic_model]: z_offset: 0.006
[INFO] [1775239952.095415475] [aic_model]: pfrac: 1.0 xy_error: 0.00063 0.021   integrators: 0.05 , 0.05
[INFO] [1775239952.145084245] [aic_model]: z_offset: 0.0055
[INFO] [1775239952.145465428] [aic_model]: pfrac: 1.0 xy_error: 0.000631 0.021   integrators: 0.05 , 0.05
[INFO] [1775239952.194998343] [aic_model]: z_offset: 0.005
[INFO] [1775239952.195379025] [aic_model]: pfrac: 1.0 xy_error: 0.000636 0.0211   integrators: 0.05 , 0.05
[INFO] [1775239952.244978826] [aic_model]: z_offset: 0.0045
[INFO] [1775239952.245363816] [aic_model]: pfrac: 1.0 xy_error: 0.000649 0.0211   integrators: 0.05 , 0.05
[INFO] [1775239952.295083291] [aic_model]: z_offset: 0.004
[INFO] [1775239952.295596791] [aic_model]: pfrac: 1.0 xy_error: 0.000655 0.0211   integrators: 0.05 , 0.05
[INFO] [1775239952.344975999] [aic_model]: z_offset: 0.0035
[INFO] [1775239952.345348927] [aic_model]: pfrac: 1.0 xy_error: 0.000664 0.0211   integrators: 0.05 , 0.05
[INFO] [1775239952.394992159] [aic_model]: z_offset: 0.003
[INFO] [1775239952.395353545] [aic_model]: pfrac: 1.0 xy_error: 0.000667 0.0211   integrators: 0.05 , 0.05
[INFO] [1775239952.445082858] [aic_model]: z_offset: 0.0025
[INFO] [1775239952.445452569] [aic_model]: pfrac: 1.0 xy_error: 0.000663 0.0211   integrators: 0.05 , 0.05
[INFO] [1775239952.495017144] [aic_model]: z_offset: 0.002
[INFO] [1775239952.495384922] [aic_model]: pfrac: 1.0 xy_error: 0.000666 0.0211   integrators: 0.05 , 0.05
[INFO] [1775239952.544990474] [aic_model]: z_offset: 0.0015
[INFO] [1775239952.545361919] [aic_model]: pfrac: 1.0 xy_error: 0.000668 0.0211   integrators: 0.05 , 0.05
[INFO] [1775239952.595039084] [aic_model]: z_offset: 0.001
[INFO] [1775239952.595406010] [aic_model]: pfrac: 1.0 xy_error: 0.000658 0.0211   integrators: 0.05 , 0.05
[INFO] [1775239952.644992416] [aic_model]: z_offset: 0.0005
[INFO] [1775239952.645365844] [aic_model]: pfrac: 1.0 xy_error: 0.000669 0.0211   integrators: 0.05 , 0.05
[INFO] [1775239952.687227953] [aic_model]: insert_cable execute loop
[INFO] [1775239952.694939096] [aic_model]: z_offset: -1.6306e-16
[INFO] [1775239952.695283921] [aic_model]: pfrac: 1.0 xy_error: 0.000677 0.0211   integrators: 0.05 , 0.05
[INFO] [1775239952.744993967] [aic_model]: z_offset: -0.0005
[INFO] [1775239952.745360864] [aic_model]: pfrac: 1.0 xy_error: 0.000681 0.0211   integrators: 0.05 , 0.05
[INFO] [1775239952.795017952] [aic_model]: z_offset: -0.001
[INFO] [1775239952.795404425] [aic_model]: pfrac: 1.0 xy_error: 0.000681 0.0211   integrators: 0.05 , 0.05
[INFO] [1775239952.846910120] [aic_model]: z_offset: -0.0015
[INFO] [1775239952.847292465] [aic_model]: pfrac: 1.0 xy_error: 0.000682 0.0211   integrators: 0.05 , 0.05
[INFO] [1775239952.897010377] [aic_model]: z_offset: -0.002
[INFO] [1775239952.897380189] [aic_model]: pfrac: 1.0 xy_error: 0.000686 0.0211   integrators: 0.05 , 0.05
[INFO] [1775239952.946996701] [aic_model]: z_offset: -0.0025
[INFO] [1775239952.947364298] [aic_model]: pfrac: 1.0 xy_error: 0.00069 0.0211   integrators: 0.05 , 0.05
[INFO] [1775239952.997006418] [aic_model]: z_offset: -0.003
[INFO] [1775239952.997371972] [aic_model]: pfrac: 1.0 xy_error: 0.000685 0.0211   integrators: 0.05 , 0.05
[INFO] [1775239953.046999985] [aic_model]: z_offset: -0.0035
[INFO] [1775239953.047368244] [aic_model]: pfrac: 1.0 xy_error: 0.000691 0.0211   integrators: 0.05 , 0.05
[INFO] [1775239953.097043656] [aic_model]: z_offset: -0.004
[INFO] [1775239953.097417756] [aic_model]: pfrac: 1.0 xy_error: 0.000678 0.0211   integrators: 0.05 , 0.05
[INFO] [1775239953.147034859] [aic_model]: z_offset: -0.0045
[INFO] [1775239953.147405102] [aic_model]: pfrac: 1.0 xy_error: 0.000683 0.0211   integrators: 0.05 , 0.05
[INFO] [1775239953.196970388] [aic_model]: z_offset: -0.005
[INFO] [1775239953.197336012] [aic_model]: pfrac: 1.0 xy_error: 0.000692 0.0211   integrators: 0.05 , 0.05
[INFO] [1775239953.247002648] [aic_model]: z_offset: -0.0055
[INFO] [1775239953.247377839] [aic_model]: pfrac: 1.0 xy_error: 0.000703 0.0211   integrators: 0.05 , 0.05
[INFO] [1775239953.297024327] [aic_model]: z_offset: -0.006
[INFO] [1775239953.297395412] [aic_model]: pfrac: 1.0 xy_error: 0.000705 0.0211   integrators: 0.05 , 0.05
[INFO] [1775239953.347044695] [aic_model]: z_offset: -0.0065
[INFO] [1775239953.347416831] [aic_model]: pfrac: 1.0 xy_error: 0.000709 0.0211   integrators: 0.05 , 0.05
[INFO] [1775239953.397046678] [aic_model]: z_offset: -0.007
[INFO] [1775239953.397404727] [aic_model]: pfrac: 1.0 xy_error: 0.000699 0.0211   integrators: 0.05 , 0.05
[INFO] [1775239953.447009868] [aic_model]: z_offset: -0.0075
[INFO] [1775239953.447370403] [aic_model]: pfrac: 1.0 xy_error: 0.000702 0.0211   integrators: 0.05 , 0.05
[INFO] [1775239953.497004458] [aic_model]: z_offset: -0.008
[INFO] [1775239953.497369931] [aic_model]: pfrac: 1.0 xy_error: 0.000693 0.0211   integrators: 0.05 , 0.05
[INFO] [1775239953.546982927] [aic_model]: z_offset: -0.0085
[INFO] [1775239953.547339293] [aic_model]: pfrac: 1.0 xy_error: 0.000701 0.0211   integrators: 0.05 , 0.05
[INFO] [1775239953.596983868] [aic_model]: z_offset: -0.009
[INFO] [1775239953.597352477] [aic_model]: pfrac: 1.0 xy_error: 0.00071 0.0211   integrators: 0.05 , 0.05
[INFO] [1775239953.646981392] [aic_model]: z_offset: -0.0095
[INFO] [1775239953.647343930] [aic_model]: pfrac: 1.0 xy_error: 0.000723 0.0211   integrators: 0.05 , 0.05
[INFO] [1775239953.687356720] [aic_model]: insert_cable execute loop
[INFO] [1775239953.696992563] [aic_model]: z_offset: -0.01
[INFO] [1775239953.697342647] [aic_model]: pfrac: 1.0 xy_error: 0.000731 0.0211   integrators: 0.05 , 0.05
[INFO] [1775239953.747002360] [aic_model]: z_offset: -0.0105
[INFO] [1775239953.747359859] [aic_model]: pfrac: 1.0 xy_error: 0.000734 0.0211   integrators: 0.05 , 0.05
[INFO] [1775239953.796990487] [aic_model]: z_offset: -0.011
[INFO] [1775239953.797356853] [aic_model]: pfrac: 1.0 xy_error: 0.000731 0.0211   integrators: 0.05 , 0.05
[INFO] [1775239953.847007138] [aic_model]: z_offset: -0.0115
[INFO] [1775239953.847368223] [aic_model]: pfrac: 1.0 xy_error: 0.000722 0.0211   integrators: 0.05 , 0.05
[INFO] [1775239953.897027856] [aic_model]: z_offset: -0.012
[INFO] [1775239953.897396084] [aic_model]: pfrac: 1.0 xy_error: 0.000725 0.0211   integrators: 0.05 , 0.05
[INFO] [1775239953.948306447] [aic_model]: z_offset: -0.0125
[INFO] [1775239953.949122293] [aic_model]: pfrac: 1.0 xy_error: 0.000714 0.0211   integrators: 0.05 , 0.05
[INFO] [1775239953.998981779] [aic_model]: z_offset: -0.013
[INFO] [1775239953.999366388] [aic_model]: pfrac: 1.0 xy_error: 0.00072 0.0211   integrators: 0.05 , 0.05
[INFO] [1775239954.048969696] [aic_model]: z_offset: -0.0135
[INFO] [1775239954.049344196] [aic_model]: pfrac: 1.0 xy_error: 0.000729 0.0211   integrators: 0.05 , 0.05
[INFO] [1775239954.099010802] [aic_model]: z_offset: -0.014
[INFO] [1775239954.099397165] [aic_model]: pfrac: 1.0 xy_error: 0.000741 0.0211   integrators: 0.05 , 0.05
[INFO] [1775239954.150893412] [aic_model]: z_offset: -0.0145
[INFO] [1775239954.151401453] [aic_model]: pfrac: 1.0 xy_error: 0.000745 0.0211   integrators: 0.05 , 0.05
[INFO] [1775239954.201141546] [aic_model]: z_offset: -0.015
[INFO] [1775239954.201653163] [aic_model]: pfrac: 1.0 xy_error: 0.000744 0.0212   integrators: 0.05 , 0.05
[INFO] [1775239954.250990092] [aic_model]: Waiting for connector to stabilize...
[INFO] [1775239954.687181038] [aic_model]: insert_cable execute loop
[INFO] [1775239955.687285990] [aic_model]: insert_cable execute loop
[INFO] [1775239956.687228309] [aic_model]: insert_cable execute loop
[INFO] [1775239957.687338092] [aic_model]: insert_cable execute loop
[INFO] [1775239958.687241108] [aic_model]: insert_cable execute loop
[INFO] [1775239959.251047935] [aic_model]: CheatCode.insert_cable() exiting...
[INFO] [1775239959.687313981] [aic_model]: insert_cable() returned True
[INFO] [1775239960.461320624] [aic_model]: on_deactivate(LifecycleState(label='active', state_id=3))
[INFO] [1775239961.247361996] [aic_model]: on_activate()
[INFO] [1775239964.072202534] [aic_model]: Goal accepted
[INFO] [1775239964.073139697] [aic_model]: Entering insert_cable_execute_callback()
[INFO] [1775239964.074264911] [aic_model]: insert_cable execute loop
[INFO] [1775239964.074544895] [aic_model]: CheatCode.insert_cable() task: aic_task_interfaces.msg.Task(id='task_1', cable_type='sfp_sc', cable_name='cable_1', plug_type='sc', plug_name='sc_tip', port_type='sc', port_name='sc_port_base', target_module_name='sc_port_0', time_limit=180)
[INFO] [1775239964.075444277] [aic_model]: pfrac: 0.0 xy_error: -0.052 0.323   integrators: 0.0 , 0.0
[INFO] [1775239964.126098681] [aic_model]: pfrac: 0.01 xy_error: -0.052 0.322   integrators: 0.0 , 0.0
[INFO] [1775239964.175803969] [aic_model]: pfrac: 0.02 xy_error: -0.0519 0.322   integrators: 0.0 , 0.0
[INFO] [1775239964.225650982] [aic_model]: pfrac: 0.03 xy_error: -0.0518 0.322   integrators: 0.0 , 0.0
[INFO] [1775239964.275669927] [aic_model]: pfrac: 0.04 xy_error: -0.0518 0.322   integrators: 0.0 , 0.0
[INFO] [1775239964.325507092] [aic_model]: pfrac: 0.05 xy_error: -0.0517 0.322   integrators: 0.0 , 0.0
[INFO] [1775239964.375263846] [aic_model]: pfrac: 0.06 xy_error: -0.0516 0.321   integrators: 0.0 , 0.0
[INFO] [1775239964.425227157] [aic_model]: pfrac: 0.07 xy_error: -0.0515 0.32   integrators: 0.0 , 0.0
[INFO] [1775239964.476154271] [aic_model]: pfrac: 0.08 xy_error: -0.0513 0.319   integrators: 0.0 , 0.0
[INFO] [1775239964.525802031] [aic_model]: pfrac: 0.09 xy_error: -0.0512 0.317   integrators: 0.0 , 0.0
[INFO] [1775239964.575207258] [aic_model]: pfrac: 0.1 xy_error: -0.0511 0.316   integrators: 0.0 , 0.0
[INFO] [1775239964.625339194] [aic_model]: pfrac: 0.11 xy_error: -0.0509 0.314   integrators: 0.0 , 0.0
[INFO] [1775239964.675887339] [aic_model]: pfrac: 0.12 xy_error: -0.0507 0.311   integrators: 0.0 , 0.0
[INFO] [1775239964.725929818] [aic_model]: pfrac: 0.13 xy_error: -0.0505 0.309   integrators: 0.0 , 0.0
[INFO] [1775239964.775314617] [aic_model]: pfrac: 0.14 xy_error: -0.0502 0.306   integrators: 0.0 , 0.0
[INFO] [1775239964.826236440] [aic_model]: pfrac: 0.15 xy_error: -0.05 0.303   integrators: 0.0 , 0.0
[INFO] [1775239964.875440381] [aic_model]: pfrac: 0.16 xy_error: -0.0497 0.3   integrators: 0.0 , 0.0
[INFO] [1775239964.926008092] [aic_model]: pfrac: 0.17 xy_error: -0.0493 0.297   integrators: 0.0 , 0.0
[INFO] [1775239964.975339280] [aic_model]: pfrac: 0.18 xy_error: -0.049 0.293   integrators: 0.0 , 0.0
[INFO] [1775239965.025326596] [aic_model]: pfrac: 0.19 xy_error: -0.0486 0.289   integrators: 0.0 , 0.0
[INFO] [1775239965.074116592] [aic_model]: insert_cable execute loop
[INFO] [1775239965.075178989] [aic_model]: pfrac: 0.2 xy_error: -0.0481 0.285   integrators: 0.0 , 0.0
[INFO] [1775239965.126038467] [aic_model]: pfrac: 0.21 xy_error: -0.0477 0.281   integrators: 0.0 , 0.0
[INFO] [1775239965.176124337] [aic_model]: pfrac: 0.22 xy_error: -0.0472 0.276   integrators: 0.0 , 0.0
[INFO] [1775239965.225918270] [aic_model]: pfrac: 0.23 xy_error: -0.0466 0.272   integrators: 0.0 , 0.0
[INFO] [1775239965.275692798] [aic_model]: pfrac: 0.24 xy_error: -0.046 0.267   integrators: 0.0 , 0.0
[INFO] [1775239965.326107002] [aic_model]: pfrac: 0.25 xy_error: -0.0455 0.262   integrators: 0.0 , 0.0
[INFO] [1775239965.375245230] [aic_model]: pfrac: 0.26 xy_error: -0.0449 0.257   integrators: 0.0 , 0.0
[INFO] [1775239965.426470541] [aic_model]: pfrac: 0.27 xy_error: -0.0442 0.252   integrators: 0.0 , 0.0
[INFO] [1775239965.476032852] [aic_model]: pfrac: 0.28 xy_error: -0.0436 0.247   integrators: 0.0 , 0.0
[INFO] [1775239965.525705589] [aic_model]: pfrac: 0.29 xy_error: -0.0429 0.241   integrators: 0.0 , 0.0
[INFO] [1775239965.575849197] [aic_model]: pfrac: 0.3 xy_error: -0.0422 0.236   integrators: 0.0 , 0.0
[INFO] [1775239965.625546601] [aic_model]: pfrac: 0.31 xy_error: -0.0412 0.231   integrators: 0.0 , 0.0
[INFO] [1775239965.675619356] [aic_model]: pfrac: 0.32 xy_error: -0.0402 0.225   integrators: 0.0 , 0.0
[INFO] [1775239965.726562350] [aic_model]: pfrac: 0.33 xy_error: -0.039 0.221   integrators: 0.0 , 0.0
[INFO] [1775239965.775272637] [aic_model]: pfrac: 0.34 xy_error: -0.0377 0.216   integrators: 0.0 , 0.0
[INFO] [1775239965.825244483] [aic_model]: pfrac: 0.35 xy_error: -0.0363 0.211   integrators: 0.0 , 0.0
[INFO] [1775239965.876428658] [aic_model]: pfrac: 0.36 xy_error: -0.0348 0.206   integrators: 0.0 , 0.0
[INFO] [1775239965.925937268] [aic_model]: pfrac: 0.37 xy_error: -0.0333 0.202   integrators: 0.0 , 0.0
[INFO] [1775239965.976053365] [aic_model]: pfrac: 0.38 xy_error: -0.0317 0.198   integrators: 0.0 , 0.0
[INFO] [1775239966.026020693] [aic_model]: pfrac: 0.39 xy_error: -0.03 0.194   integrators: 0.0 , 0.0
[INFO] [1775239966.074242056] [aic_model]: insert_cable execute loop
[INFO] [1775239966.075202242] [aic_model]: pfrac: 0.4 xy_error: -0.0282 0.19   integrators: 0.0 , 0.0
[INFO] [1775239966.125298361] [aic_model]: pfrac: 0.41 xy_error: -0.0263 0.186   integrators: 0.0 , 0.0
[INFO] [1775239966.175599564] [aic_model]: pfrac: 0.42 xy_error: -0.0244 0.183   integrators: 0.0 , 0.0
[INFO] [1775239966.226085181] [aic_model]: pfrac: 0.43 xy_error: -0.0225 0.18   integrators: 0.0 , 0.0
[INFO] [1775239966.275899674] [aic_model]: pfrac: 0.44 xy_error: -0.0205 0.178   integrators: 0.0 , 0.0
[INFO] [1775239966.325879896] [aic_model]: pfrac: 0.45 xy_error: -0.0186 0.176   integrators: 0.0 , 0.0
[INFO] [1775239966.375959014] [aic_model]: pfrac: 0.46 xy_error: -0.0167 0.174   integrators: 0.0 , 0.0
[INFO] [1775239966.425274242] [aic_model]: pfrac: 0.47 xy_error: -0.0148 0.172   integrators: 0.0 , 0.0
[INFO] [1775239966.477001843] [aic_model]: pfrac: 0.48 xy_error: -0.0131 0.171   integrators: 0.0 , 0.0
[INFO] [1775239966.527850169] [aic_model]: pfrac: 0.49 xy_error: -0.0114 0.17   integrators: 0.0 , 0.0
[INFO] [1775239966.577971596] [aic_model]: pfrac: 0.5 xy_error: -0.00985 0.169   integrators: 0.0 , 0.0
[INFO] [1775239966.627922944] [aic_model]: pfrac: 0.51 xy_error: -0.00843 0.168   integrators: 0.0 , 0.0
[INFO] [1775239966.677335275] [aic_model]: pfrac: 0.52 xy_error: -0.00826 0.168   integrators: 0.0 , 0.0
[INFO] [1775239966.727216662] [aic_model]: pfrac: 0.53 xy_error: -0.00822 0.168   integrators: 0.0 , 0.0
[INFO] [1775239966.777204018] [aic_model]: pfrac: 0.54 xy_error: -0.00817 0.168   integrators: 0.0 , 0.0
[INFO] [1775239966.827219947] [aic_model]: pfrac: 0.55 xy_error: -0.00812 0.168   integrators: 0.0 , 0.0
[INFO] [1775239966.877940424] [aic_model]: pfrac: 0.56 xy_error: -0.00806 0.169   integrators: 0.0 , 0.0
[INFO] [1775239966.927454745] [aic_model]: pfrac: 0.57 xy_error: -0.00784 0.169   integrators: 0.0 , 0.0
[INFO] [1775239966.977334109] [aic_model]: pfrac: 0.58 xy_error: -0.00757 0.169   integrators: 0.0 , 0.0
[INFO] [1775239967.027220937] [aic_model]: pfrac: 0.59 xy_error: -0.00723 0.169   integrators: 0.0 , 0.0
[INFO] [1775239967.074012615] [aic_model]: insert_cable execute loop
[INFO] [1775239967.077187694] [aic_model]: pfrac: 0.6 xy_error: -0.00684 0.169   integrators: 0.0 , 0.0
[INFO] [1775239967.127853669] [aic_model]: pfrac: 0.61 xy_error: -0.00643 0.17   integrators: 0.0 , 0.0
[INFO] [1775239967.177625291] [aic_model]: pfrac: 0.62 xy_error: -0.00598 0.17   integrators: 0.0 , 0.0
[INFO] [1775239967.227223399] [aic_model]: pfrac: 0.63 xy_error: -0.00553 0.17   integrators: 0.0 , 0.0
[INFO] [1775239967.277477604] [aic_model]: pfrac: 0.64 xy_error: -0.00507 0.17   integrators: 0.0 , 0.0
[INFO] [1775239967.327221665] [aic_model]: pfrac: 0.65 xy_error: -0.00461 0.17   integrators: 0.0 , 0.0
[INFO] [1775239967.377239297] [aic_model]: pfrac: 0.66 xy_error: -0.00416 0.17   integrators: 0.0 , 0.0
[INFO] [1775239967.428358791] [aic_model]: pfrac: 0.67 xy_error: -0.00373 0.17   integrators: 0.0 , 0.0
[INFO] [1775239967.477242222] [aic_model]: pfrac: 0.68 xy_error: -0.00335 0.17   integrators: 0.0 , 0.0
[INFO] [1775239967.527926651] [aic_model]: pfrac: 0.69 xy_error: -0.003 0.17   integrators: 0.0 , 0.0
[INFO] [1775239967.577246789] [aic_model]: pfrac: 0.7 xy_error: -0.0028 0.171   integrators: 0.0 , 0.0
[INFO] [1775239967.627224577] [aic_model]: pfrac: 0.71 xy_error: -0.00257 0.171   integrators: 0.0 , 0.0
[INFO] [1775239967.677242550] [aic_model]: pfrac: 0.72 xy_error: -0.00235 0.171   integrators: 0.0 , 0.0
[INFO] [1775239967.727258750] [aic_model]: pfrac: 0.73 xy_error: -0.00213 0.171   integrators: 0.0 , 0.0
[INFO] [1775239967.778015675] [aic_model]: pfrac: 0.74 xy_error: -0.00192 0.171   integrators: 0.0 , 0.0
[INFO] [1775239967.827241797] [aic_model]: pfrac: 0.75 xy_error: -0.00175 0.171   integrators: 0.0 , 0.0
[INFO] [1775239967.877298362] [aic_model]: pfrac: 0.76 xy_error: -0.00162 0.171   integrators: 0.0 , 0.0
[INFO] [1775239967.927327466] [aic_model]: pfrac: 0.77 xy_error: -0.00151 0.171   integrators: 0.0 , 0.0
[INFO] [1775239967.977232207] [aic_model]: pfrac: 0.78 xy_error: -0.00145 0.171   integrators: 0.0 , 0.0
[INFO] [1775239968.027351710] [aic_model]: pfrac: 0.79 xy_error: -0.00146 0.171   integrators: 0.0 , 0.0
[INFO] [1775239968.073312234] [aic_model]: insert_cable execute loop
[INFO] [1775239968.077261511] [aic_model]: pfrac: 0.8 xy_error: -0.00146 0.171   integrators: 0.0 , 0.0
[INFO] [1775239968.127238828] [aic_model]: pfrac: 0.81 xy_error: -0.00145 0.171   integrators: 0.0 , 0.0
[INFO] [1775239968.177352340] [aic_model]: pfrac: 0.82 xy_error: -0.00145 0.171   integrators: 0.0 , 0.0
[INFO] [1775239968.228530443] [aic_model]: pfrac: 0.83 xy_error: -0.00145 0.171   integrators: 0.0 , 0.0
[INFO] [1775239968.277302325] [aic_model]: pfrac: 0.84 xy_error: -0.00145 0.171   integrators: 0.0 , 0.0
[INFO] [1775239968.327249756] [aic_model]: pfrac: 0.85 xy_error: -0.00148 0.171   integrators: 0.0 , 0.0
[INFO] [1775239968.377242733] [aic_model]: pfrac: 0.86 xy_error: -0.00151 0.171   integrators: 0.0 , 0.0
[INFO] [1775239968.427239566] [aic_model]: pfrac: 0.87 xy_error: -0.0015 0.172   integrators: 0.0 , 0.0
[INFO] [1775239968.477227533] [aic_model]: pfrac: 0.88 xy_error: -0.00145 0.172   integrators: 0.0 , 0.0
[INFO] [1775239968.527258451] [aic_model]: pfrac: 0.89 xy_error: -0.00138 0.172   integrators: 0.0 , 0.0
[INFO] [1775239968.577580051] [aic_model]: pfrac: 0.9 xy_error: -0.00128 0.172   integrators: 0.0 , 0.0
[INFO] [1775239968.627253691] [aic_model]: pfrac: 0.91 xy_error: -0.00128 0.172   integrators: 0.0 , 0.0
[INFO] [1775239968.677256315] [aic_model]: pfrac: 0.92 xy_error: -0.00128 0.172   integrators: 0.0 , 0.0
[INFO] [1775239968.727220227] [aic_model]: pfrac: 0.93 xy_error: -0.00128 0.172   integrators: 0.0 , 0.0
[INFO] [1775239968.778417856] [aic_model]: pfrac: 0.94 xy_error: -0.00128 0.172   integrators: 0.0 , 0.0
[INFO] [1775239968.827207883] [aic_model]: pfrac: 0.95 xy_error: -0.00128 0.172   integrators: 0.0 , 0.0
[INFO] [1775239968.878072990] [aic_model]: pfrac: 0.96 xy_error: -0.00128 0.172   integrators: 0.0 , 0.0
[INFO] [1775239968.927224783] [aic_model]: pfrac: 0.97 xy_error: -0.00131 0.172   integrators: 0.0 , 0.0
[INFO] [1775239968.977255079] [aic_model]: pfrac: 0.98 xy_error: -0.00127 0.172   integrators: 0.0 , 0.0
[INFO] [1775239969.027227016] [aic_model]: pfrac: 0.99 xy_error: -0.00119 0.172   integrators: 0.0 , 0.0
[INFO] [1775239969.073423342] [aic_model]: insert_cable execute loop
[INFO] [1775239969.077023996] [aic_model]: z_offset: 0.1995
[INFO] [1775239969.077649276] [aic_model]: pfrac: 1.0 xy_error: -0.00119 0.172   integrators: -0.00119 , 0.05
[INFO] [1775239969.127044744] [aic_model]: z_offset: 0.199
[INFO] [1775239969.127657410] [aic_model]: pfrac: 1.0 xy_error: -0.00117 0.172   integrators: -0.00236 , 0.05
[INFO] [1775239969.177190036] [aic_model]: z_offset: 0.1985
[INFO] [1775239969.177636210] [aic_model]: pfrac: 1.0 xy_error: -0.00114 0.172   integrators: -0.0035 , 0.05
[INFO] [1775239969.227061404] [aic_model]: z_offset: 0.198
[INFO] [1775239969.228284101] [aic_model]: pfrac: 1.0 xy_error: -0.00109 0.172   integrators: -0.00459 , 0.05
[INFO] [1775239969.277110566] [aic_model]: z_offset: 0.1975
[INFO] [1775239969.278314959] [aic_model]: pfrac: 1.0 xy_error: -0.000996 0.172   integrators: -0.00559 , 0.05
[INFO] [1775239969.327168784] [aic_model]: z_offset: 0.197
[INFO] [1775239969.328427929] [aic_model]: pfrac: 1.0 xy_error: -0.000875 0.172   integrators: -0.00646 , 0.05
[INFO] [1775239969.377060421] [aic_model]: z_offset: 0.1965
[INFO] [1775239969.378264864] [aic_model]: pfrac: 1.0 xy_error: -0.00073 0.172   integrators: -0.00719 , 0.05
[INFO] [1775239969.427038550] [aic_model]: z_offset: 0.196
[INFO] [1775239969.428293827] [aic_model]: pfrac: 1.0 xy_error: -0.000585 0.172   integrators: -0.00778 , 0.05
[INFO] [1775239969.477050431] [aic_model]: z_offset: 0.1955
[INFO] [1775239969.478182108] [aic_model]: pfrac: 1.0 xy_error: -0.000444 0.172   integrators: -0.00822 , 0.05
[INFO] [1775239969.527050721] [aic_model]: z_offset: 0.195
[INFO] [1775239969.528240577] [aic_model]: pfrac: 1.0 xy_error: -0.000282 0.172   integrators: -0.00851 , 0.05
[INFO] [1775239969.577042666] [aic_model]: z_offset: 0.1945
[INFO] [1775239969.578246227] [aic_model]: pfrac: 1.0 xy_error: -0.000131 0.172   integrators: -0.00864 , 0.05
[INFO] [1775239969.627041102] [aic_model]: z_offset: 0.194
[INFO] [1775239969.628200020] [aic_model]: pfrac: 1.0 xy_error: 8e-06 0.172   integrators: -0.00863 , 0.05
[INFO] [1775239969.677050539] [aic_model]: z_offset: 0.1935
[INFO] [1775239969.678339991] [aic_model]: pfrac: 1.0 xy_error: 0.000129 0.172   integrators: -0.0085 , 0.05
[INFO] [1775239969.727081367] [aic_model]: z_offset: 0.193
[INFO] [1775239969.727719129] [aic_model]: pfrac: 1.0 xy_error: 0.000261 0.172   integrators: -0.00824 , 0.05
[INFO] [1775239969.777061208] [aic_model]: z_offset: 0.1925
[INFO] [1775239969.778350971] [aic_model]: pfrac: 1.0 xy_error: 0.000369 0.172   integrators: -0.00787 , 0.05
[INFO] [1775239969.827067069] [aic_model]: z_offset: 0.192
[INFO] [1775239969.828272103] [aic_model]: pfrac: 1.0 xy_error: 0.000458 0.172   integrators: -0.00741 , 0.05
[INFO] [1775239969.877083289] [aic_model]: z_offset: 0.1915
[INFO] [1775239969.878316375] [aic_model]: pfrac: 1.0 xy_error: 0.000527 0.172   integrators: -0.00689 , 0.05
[INFO] [1775239969.927083959] [aic_model]: z_offset: 0.191
[INFO] [1775239969.928440557] [aic_model]: pfrac: 1.0 xy_error: 0.000584 0.172   integrators: -0.0063 , 0.05
[INFO] [1775239969.978254398] [aic_model]: z_offset: 0.1905
[INFO] [1775239969.978771335] [aic_model]: pfrac: 1.0 xy_error: 0.000616 0.172   integrators: -0.00568 , 0.05
[INFO] [1775239970.029230764] [aic_model]: z_offset: 0.19
[INFO] [1775239970.030435136] [aic_model]: pfrac: 1.0 xy_error: 0.000625 0.172   integrators: -0.00506 , 0.05
[INFO] [1775239970.073294360] [aic_model]: insert_cable execute loop
[INFO] [1775239970.079030609] [aic_model]: z_offset: 0.1895
[INFO] [1775239970.079638836] [aic_model]: pfrac: 1.0 xy_error: 0.000649 0.172   integrators: -0.00441 , 0.05
[INFO] [1775239970.129062338] [aic_model]: z_offset: 0.189
[INFO] [1775239970.129453289] [aic_model]: pfrac: 1.0 xy_error: 0.00067 0.172   integrators: -0.00374 , 0.05
[INFO] [1775239970.179060453] [aic_model]: z_offset: 0.1885
[INFO] [1775239970.180306233] [aic_model]: pfrac: 1.0 xy_error: 0.000705 0.172   integrators: -0.00303 , 0.05
[INFO] [1775239970.229012483] [aic_model]: z_offset: 0.188
[INFO] [1775239970.230182692] [aic_model]: pfrac: 1.0 xy_error: 0.000738 0.172   integrators: -0.0023 , 0.05
[INFO] [1775239970.279028703] [aic_model]: z_offset: 0.1875
[INFO] [1775239970.280218228] [aic_model]: pfrac: 1.0 xy_error: 0.000759 0.172   integrators: -0.00154 , 0.05
[INFO] [1775239970.329134019] [aic_model]: z_offset: 0.187
[INFO] [1775239970.329765070] [aic_model]: pfrac: 1.0 xy_error: 0.000772 0.172   integrators: -0.000765 , 0.05
[INFO] [1775239970.379049591] [aic_model]: z_offset: 0.1865
[INFO] [1775239970.380283489] [aic_model]: pfrac: 1.0 xy_error: 0.00078 0.172   integrators: 1.51e-05 , 0.05
[INFO] [1775239970.429017881] [aic_model]: z_offset: 0.186
[INFO] [1775239970.430261046] [aic_model]: pfrac: 1.0 xy_error: 0.000792 0.172   integrators: 0.000807 , 0.05
[INFO] [1775239970.479151981] [aic_model]: z_offset: 0.1855
[INFO] [1775239970.480123308] [aic_model]: pfrac: 1.0 xy_error: 0.000853 0.172   integrators: 0.00166 , 0.05
[INFO] [1775239970.529025434] [aic_model]: z_offset: 0.185
[INFO] [1775239970.530090506] [aic_model]: pfrac: 1.0 xy_error: 0.00103 0.172   integrators: 0.0027 , 0.05
[INFO] [1775239970.579065739] [aic_model]: z_offset: 0.1845
[INFO] [1775239970.580288206] [aic_model]: pfrac: 1.0 xy_error: 0.00132 0.172   integrators: 0.00401 , 0.05
[INFO] [1775239970.630239584] [aic_model]: z_offset: 0.184
[INFO] [1775239970.630764386] [aic_model]: pfrac: 1.0 xy_error: 0.00157 0.172   integrators: 0.00558 , 0.05
[INFO] [1775239970.681177378] [aic_model]: z_offset: 0.1835
[INFO] [1775239970.682389545] [aic_model]: pfrac: 1.0 xy_error: 0.00172 0.172   integrators: 0.00731 , 0.05
[INFO] [1775239970.731141801] [aic_model]: z_offset: 0.183
[INFO] [1775239970.731675880] [aic_model]: pfrac: 1.0 xy_error: 0.00183 0.172   integrators: 0.00914 , 0.05
[INFO] [1775239970.781044839] [aic_model]: z_offset: 0.1825
[INFO] [1775239970.781519476] [aic_model]: pfrac: 1.0 xy_error: 0.00188 0.172   integrators: 0.011 , 0.05
[INFO] [1775239970.831134426] [aic_model]: z_offset: 0.182
[INFO] [1775239970.832314924] [aic_model]: pfrac: 1.0 xy_error: 0.00192 0.172   integrators: 0.0129 , 0.05
[INFO] [1775239970.881042243] [aic_model]: z_offset: 0.1815
[INFO] [1775239970.882196692] [aic_model]: pfrac: 1.0 xy_error: 0.00195 0.172   integrators: 0.0149 , 0.05
[INFO] [1775239970.931049616] [aic_model]: z_offset: 0.181
[INFO] [1775239970.932223672] [aic_model]: pfrac: 1.0 xy_error: 0.00197 0.172   integrators: 0.0169 , 0.05
[INFO] [1775239970.981026883] [aic_model]: z_offset: 0.1805
[INFO] [1775239970.982174770] [aic_model]: pfrac: 1.0 xy_error: 0.00197 0.172   integrators: 0.0188 , 0.05
[INFO] [1775239971.031861694] [aic_model]: z_offset: 0.18
[INFO] [1775239971.032571061] [aic_model]: pfrac: 1.0 xy_error: 0.00197 0.172   integrators: 0.0208 , 0.05
[INFO] [1775239971.076578993] [aic_model]: insert_cable execute loop
[INFO] [1775239971.081025590] [aic_model]: z_offset: 0.1795
[INFO] [1775239971.082207180] [aic_model]: pfrac: 1.0 xy_error: 0.00197 0.172   integrators: 0.0228 , 0.05
[INFO] [1775239971.131072507] [aic_model]: z_offset: 0.179
[INFO] [1775239971.132260509] [aic_model]: pfrac: 1.0 xy_error: 0.00198 0.172   integrators: 0.0248 , 0.05
[INFO] [1775239971.181047540] [aic_model]: z_offset: 0.1785
[INFO] [1775239971.181525363] [aic_model]: pfrac: 1.0 xy_error: 0.00198 0.172   integrators: 0.0267 , 0.05
[INFO] [1775239971.231059221] [aic_model]: z_offset: 0.178
[INFO] [1775239971.232169979] [aic_model]: pfrac: 1.0 xy_error: 0.00198 0.172   integrators: 0.0287 , 0.05
[INFO] [1775239971.281106729] [aic_model]: z_offset: 0.1775
[INFO] [1775239971.282269154] [aic_model]: pfrac: 1.0 xy_error: 0.00198 0.172   integrators: 0.0307 , 0.05
[INFO] [1775239971.331068928] [aic_model]: z_offset: 0.177
[INFO] [1775239971.332288219] [aic_model]: pfrac: 1.0 xy_error: 0.00198 0.172   integrators: 0.0327 , 0.05
[INFO] [1775239971.381170608] [aic_model]: z_offset: 0.1765
[INFO] [1775239971.382397282] [aic_model]: pfrac: 1.0 xy_error: 0.00198 0.172   integrators: 0.0347 , 0.05
[INFO] [1775239971.432411328] [aic_model]: z_offset: 0.176
[INFO] [1775239971.433025587] [aic_model]: pfrac: 1.0 xy_error: 0.00198 0.172   integrators: 0.0366 , 0.05
[INFO] [1775239971.484076031] [aic_model]: z_offset: 0.1755
[INFO] [1775239971.484555999] [aic_model]: pfrac: 1.0 xy_error: 0.00199 0.172   integrators: 0.0386 , 0.05
[INFO] [1775239971.533168142] [aic_model]: z_offset: 0.175
[INFO] [1775239971.534381402] [aic_model]: pfrac: 1.0 xy_error: 0.00199 0.172   integrators: 0.0406 , 0.05
[INFO] [1775239971.583049440] [aic_model]: z_offset: 0.1745
[INFO] [1775239971.583851781] [aic_model]: pfrac: 1.0 xy_error: 0.002 0.172   integrators: 0.0426 , 0.05
[INFO] [1775239971.633025465] [aic_model]: z_offset: 0.174
[INFO] [1775239971.634202987] [aic_model]: pfrac: 1.0 xy_error: 0.00201 0.172   integrators: 0.0446 , 0.05
[INFO] [1775239971.683082170] [aic_model]: z_offset: 0.1735
[INFO] [1775239971.684221932] [aic_model]: pfrac: 1.0 xy_error: 0.00202 0.172   integrators: 0.0466 , 0.05
[INFO] [1775239971.733013441] [aic_model]: z_offset: 0.173
[INFO] [1775239971.734241258] [aic_model]: pfrac: 1.0 xy_error: 0.00202 0.172   integrators: 0.0487 , 0.05
[INFO] [1775239971.783036544] [aic_model]: z_offset: 0.1725
[INFO] [1775239971.784225317] [aic_model]: pfrac: 1.0 xy_error: 0.00201 0.172   integrators: 0.05 , 0.05
[INFO] [1775239971.833049848] [aic_model]: z_offset: 0.172
[INFO] [1775239971.834289968] [aic_model]: pfrac: 1.0 xy_error: 0.00201 0.172   integrators: 0.05 , 0.05
[INFO] [1775239971.883036202] [aic_model]: z_offset: 0.1715
[INFO] [1775239971.884231217] [aic_model]: pfrac: 1.0 xy_error: 0.00201 0.172   integrators: 0.05 , 0.05
[INFO] [1775239971.933151567] [aic_model]: z_offset: 0.171
[INFO] [1775239971.934460235] [aic_model]: pfrac: 1.0 xy_error: 0.00201 0.172   integrators: 0.05 , 0.05
[INFO] [1775239971.983049496] [aic_model]: z_offset: 0.1705
[INFO] [1775239971.984217631] [aic_model]: pfrac: 1.0 xy_error: 0.00201 0.172   integrators: 0.05 , 0.05
[INFO] [1775239972.033067459] [aic_model]: z_offset: 0.17
[INFO] [1775239972.034234832] [aic_model]: pfrac: 1.0 xy_error: 0.00203 0.172   integrators: 0.05 , 0.05
[INFO] [1775239972.075295312] [aic_model]: insert_cable execute loop
[INFO] [1775239972.083101512] [aic_model]: z_offset: 0.1695
[INFO] [1775239972.083603932] [aic_model]: pfrac: 1.0 xy_error: 0.00204 0.172   integrators: 0.05 , 0.05
[INFO] [1775239972.133062619] [aic_model]: z_offset: 0.169
[INFO] [1775239972.133871101] [aic_model]: pfrac: 1.0 xy_error: 0.00204 0.172   integrators: 0.05 , 0.05
[INFO] [1775239972.183139432] [aic_model]: z_offset: 0.1685
[INFO] [1775239972.184316423] [aic_model]: pfrac: 1.0 xy_error: 0.00204 0.172   integrators: 0.05 , 0.05
[INFO] [1775239972.233055294] [aic_model]: z_offset: 0.168
[INFO] [1775239972.234221325] [aic_model]: pfrac: 1.0 xy_error: 0.00205 0.172   integrators: 0.05 , 0.05
[INFO] [1775239972.283091201] [aic_model]: z_offset: 0.1675
[INFO] [1775239972.284260458] [aic_model]: pfrac: 1.0 xy_error: 0.00205 0.172   integrators: 0.05 , 0.05
[INFO] [1775239972.333034064] [aic_model]: z_offset: 0.167
[INFO] [1775239972.334251721] [aic_model]: pfrac: 1.0 xy_error: 0.00205 0.172   integrators: 0.05 , 0.05
[INFO] [1775239972.383038081] [aic_model]: z_offset: 0.1665
[INFO] [1775239972.383803542] [aic_model]: pfrac: 1.0 xy_error: 0.00205 0.172   integrators: 0.05 , 0.05
[INFO] [1775239972.433095948] [aic_model]: z_offset: 0.166
[INFO] [1775239972.434239587] [aic_model]: pfrac: 1.0 xy_error: 0.00205 0.172   integrators: 0.05 , 0.05
[INFO] [1775239972.483062836] [aic_model]: z_offset: 0.1655
[INFO] [1775239972.484255547] [aic_model]: pfrac: 1.0 xy_error: 0.00205 0.172   integrators: 0.05 , 0.05
[INFO] [1775239972.533048999] [aic_model]: z_offset: 0.165
[INFO] [1775239972.534276235] [aic_model]: pfrac: 1.0 xy_error: 0.00206 0.172   integrators: 0.05 , 0.05
[INFO] [1775239972.583168022] [aic_model]: z_offset: 0.1645
[INFO] [1775239972.583901303] [aic_model]: pfrac: 1.0 xy_error: 0.00206 0.172   integrators: 0.05 , 0.05
[INFO] [1775239972.633052645] [aic_model]: z_offset: 0.164
[INFO] [1775239972.633881235] [aic_model]: pfrac: 1.0 xy_error: 0.00206 0.172   integrators: 0.05 , 0.05
[INFO] [1775239972.683124449] [aic_model]: z_offset: 0.1635
[INFO] [1775239972.684279029] [aic_model]: pfrac: 1.0 xy_error: 0.00208 0.172   integrators: 0.05 , 0.05
[INFO] [1775239972.733107086] [aic_model]: z_offset: 0.163
[INFO] [1775239972.733803459] [aic_model]: pfrac: 1.0 xy_error: 0.0021 0.172   integrators: 0.05 , 0.05
[INFO] [1775239972.783049027] [aic_model]: z_offset: 0.1625
[INFO] [1775239972.784236678] [aic_model]: pfrac: 1.0 xy_error: 0.00211 0.172   integrators: 0.05 , 0.05
[INFO] [1775239972.833052493] [aic_model]: z_offset: 0.162
[INFO] [1775239972.834192235] [aic_model]: pfrac: 1.0 xy_error: 0.0021 0.172   integrators: 0.05 , 0.05
[INFO] [1775239972.883063603] [aic_model]: z_offset: 0.1615
[INFO] [1775239972.884288164] [aic_model]: pfrac: 1.0 xy_error: 0.0021 0.172   integrators: 0.05 , 0.05
[INFO] [1775239972.933056960] [aic_model]: z_offset: 0.161
[INFO] [1775239972.934228291] [aic_model]: pfrac: 1.0 xy_error: 0.0021 0.172   integrators: 0.05 , 0.05
[INFO] [1775239972.983049346] [aic_model]: z_offset: 0.1605
[INFO] [1775239972.984311086] [aic_model]: pfrac: 1.0 xy_error: 0.0021 0.172   integrators: 0.05 , 0.05
[INFO] [1775239973.034408337] [aic_model]: z_offset: 0.16
[INFO] [1775239973.035020422] [aic_model]: pfrac: 1.0 xy_error: 0.0021 0.172   integrators: 0.05 , 0.05
[INFO] [1775239973.075357368] [aic_model]: insert_cable execute loop
[INFO] [1775239973.085018628] [aic_model]: z_offset: 0.1595
[INFO] [1775239973.085394491] [aic_model]: pfrac: 1.0 xy_error: 0.0021 0.172   integrators: 0.05 , 0.05
[INFO] [1775239973.135058402] [aic_model]: z_offset: 0.159
[INFO] [1775239973.136090653] [aic_model]: pfrac: 1.0 xy_error: 0.00209 0.172   integrators: 0.05 , 0.05
[INFO] [1775239973.185025540] [aic_model]: z_offset: 0.1585
[INFO] [1775239973.185415960] [aic_model]: pfrac: 1.0 xy_error: 0.00209 0.172   integrators: 0.05 , 0.05
[INFO] [1775239973.236551434] [aic_model]: z_offset: 0.158
[INFO] [1775239973.237371347] [aic_model]: pfrac: 1.0 xy_error: 0.00209 0.172   integrators: 0.05 , 0.05
[INFO] [1775239973.287068931] [aic_model]: z_offset: 0.1575
[INFO] [1775239973.287473558] [aic_model]: pfrac: 1.0 xy_error: 0.00209 0.172   integrators: 0.05 , 0.05
[INFO] [1775239973.337093857] [aic_model]: z_offset: 0.157
[INFO] [1775239973.337905014] [aic_model]: pfrac: 1.0 xy_error: 0.00209 0.172   integrators: 0.05 , 0.05
[INFO] [1775239973.387030428] [aic_model]: z_offset: 0.1565
[INFO] [1775239973.387417572] [aic_model]: pfrac: 1.0 xy_error: 0.00208 0.172   integrators: 0.05 , 0.05
[INFO] [1775239973.437060413] [aic_model]: z_offset: 0.156
[INFO] [1775239973.438304751] [aic_model]: pfrac: 1.0 xy_error: 0.00208 0.172   integrators: 0.05 , 0.05
[INFO] [1775239973.487061856] [aic_model]: z_offset: 0.1555
[INFO] [1775239973.487455672] [aic_model]: pfrac: 1.0 xy_error: 0.00207 0.172   integrators: 0.05 , 0.05
[INFO] [1775239973.537048069] [aic_model]: z_offset: 0.155
[INFO] [1775239973.537445563] [aic_model]: pfrac: 1.0 xy_error: 0.00207 0.172   integrators: 0.05 , 0.05
[INFO] [1775239973.587044091] [aic_model]: z_offset: 0.1545
[INFO] [1775239973.587660184] [aic_model]: pfrac: 1.0 xy_error: 0.00207 0.172   integrators: 0.05 , 0.05
[INFO] [1775239973.637074528] [aic_model]: z_offset: 0.154
[INFO] [1775239973.637508490] [aic_model]: pfrac: 1.0 xy_error: 0.00206 0.172   integrators: 0.05 , 0.05
[INFO] [1775239973.687134409] [aic_model]: z_offset: 0.1535
[INFO] [1775239973.688039923] [aic_model]: pfrac: 1.0 xy_error: 0.00206 0.172   integrators: 0.05 , 0.05
[INFO] [1775239973.737057475] [aic_model]: z_offset: 0.153
[INFO] [1775239973.737578429] [aic_model]: pfrac: 1.0 xy_error: 0.00206 0.172   integrators: 0.05 , 0.05
[INFO] [1775239973.787169133] [aic_model]: z_offset: 0.1525
[INFO] [1775239973.788046464] [aic_model]: pfrac: 1.0 xy_error: 0.00205 0.172   integrators: 0.05 , 0.05
[INFO] [1775239973.837034842] [aic_model]: z_offset: 0.152
[INFO] [1775239973.838191896] [aic_model]: pfrac: 1.0 xy_error: 0.00205 0.172   integrators: 0.05 , 0.05
[INFO] [1775239973.887077150] [aic_model]: z_offset: 0.1515
[INFO] [1775239973.887477439] [aic_model]: pfrac: 1.0 xy_error: 0.00205 0.172   integrators: 0.05 , 0.05
[INFO] [1775239973.937042826] [aic_model]: z_offset: 0.151
[INFO] [1775239973.937448374] [aic_model]: pfrac: 1.0 xy_error: 0.00205 0.172   integrators: 0.05 , 0.05
[INFO] [1775239973.987076618] [aic_model]: z_offset: 0.1505
[INFO] [1775239973.987588796] [aic_model]: pfrac: 1.0 xy_error: 0.00204 0.172   integrators: 0.05 , 0.05
[INFO] [1775239974.037076688] [aic_model]: z_offset: 0.15
[INFO] [1775239974.037703240] [aic_model]: pfrac: 1.0 xy_error: 0.00202 0.172   integrators: 0.05 , 0.05
[INFO] [1775239974.075283099] [aic_model]: insert_cable execute loop
[INFO] [1775239974.087008330] [aic_model]: z_offset: 0.1495
[INFO] [1775239974.087640783] [aic_model]: pfrac: 1.0 xy_error: 0.00202 0.172   integrators: 0.05 , 0.05
[INFO] [1775239974.137135407] [aic_model]: z_offset: 0.149
[INFO] [1775239974.138324431] [aic_model]: pfrac: 1.0 xy_error: 0.00202 0.172   integrators: 0.05 , 0.05
[INFO] [1775239974.187038675] [aic_model]: z_offset: 0.1485
[INFO] [1775239974.188100051] [aic_model]: pfrac: 1.0 xy_error: 0.002 0.172   integrators: 0.05 , 0.05
[INFO] [1775239974.237179839] [aic_model]: z_offset: 0.148
[INFO] [1775239974.238344778] [aic_model]: pfrac: 1.0 xy_error: 0.0019 0.171   integrators: 0.05 , 0.05
[INFO] [1775239974.287228109] [aic_model]: z_offset: 0.1475
[INFO] [1775239974.287864519] [aic_model]: pfrac: 1.0 xy_error: 0.00155 0.17   integrators: 0.05 , 0.05
[INFO] [1775239974.338271149] [aic_model]: z_offset: 0.147
[INFO] [1775239974.338914593] [aic_model]: pfrac: 1.0 xy_error: 0.000875 0.168   integrators: 0.05 , 0.05
[INFO] [1775239974.390237767] [aic_model]: z_offset: 0.1465
[INFO] [1775239974.390631433] [aic_model]: pfrac: 1.0 xy_error: 1.01e-05 0.165   integrators: 0.05 , 0.05
[INFO] [1775239974.439066185] [aic_model]: z_offset: 0.146
[INFO] [1775239974.440183615] [aic_model]: pfrac: 1.0 xy_error: -0.00124 0.16   integrators: 0.0488 , 0.05
[INFO] [1775239974.489066776] [aic_model]: z_offset: 0.1455
[INFO] [1775239974.490231865] [aic_model]: pfrac: 1.0 xy_error: -0.00227 0.155   integrators: 0.0465 , 0.05
[INFO] [1775239974.539098455] [aic_model]: z_offset: 0.145
[INFO] [1775239974.540289152] [aic_model]: pfrac: 1.0 xy_error: -0.00292 0.151   integrators: 0.0436 , 0.05
[INFO] [1775239974.589048130] [aic_model]: z_offset: 0.1445
[INFO] [1775239974.590226244] [aic_model]: pfrac: 1.0 xy_error: -0.00369 0.146   integrators: 0.0399 , 0.05
[INFO] [1775239974.639079999] [aic_model]: z_offset: 0.144
[INFO] [1775239974.640401992] [aic_model]: pfrac: 1.0 xy_error: -0.00468 0.141   integrators: 0.0352 , 0.05
[INFO] [1775239974.689058949] [aic_model]: z_offset: 0.1435
[INFO] [1775239974.690260146] [aic_model]: pfrac: 1.0 xy_error: -0.00455 0.14   integrators: 0.0307 , 0.05
[INFO] [1775239974.739065691] [aic_model]: z_offset: 0.143
[INFO] [1775239974.740265235] [aic_model]: pfrac: 1.0 xy_error: -0.00417 0.139   integrators: 0.0265 , 0.05
[INFO] [1775239974.789116847] [aic_model]: z_offset: 0.1425
[INFO] [1775239974.790329194] [aic_model]: pfrac: 1.0 xy_error: -0.0038 0.138   integrators: 0.0227 , 0.05
[INFO] [1775239974.839053267] [aic_model]: z_offset: 0.142
[INFO] [1775239974.840248653] [aic_model]: pfrac: 1.0 xy_error: -0.00347 0.138   integrators: 0.0192 , 0.05
[INFO] [1775239974.889080838] [aic_model]: z_offset: 0.1415
[INFO] [1775239974.890250727] [aic_model]: pfrac: 1.0 xy_error: -0.00314 0.137   integrators: 0.0161 , 0.05
[INFO] [1775239974.939048928] [aic_model]: z_offset: 0.141
[INFO] [1775239974.940236990] [aic_model]: pfrac: 1.0 xy_error: -0.00277 0.137   integrators: 0.0133 , 0.05
[INFO] [1775239974.990102929] [aic_model]: z_offset: 0.1405
[INFO] [1775239974.990475807] [aic_model]: pfrac: 1.0 xy_error: -0.0024 0.137   integrators: 0.0109 , 0.05
[INFO] [1775239975.039038027] [aic_model]: z_offset: 0.14
[INFO] [1775239975.040234916] [aic_model]: pfrac: 1.0 xy_error: -0.00208 0.137   integrators: 0.00883 , 0.05
[INFO] [1775239975.075552794] [aic_model]: insert_cable execute loop
[INFO] [1775239975.089029530] [aic_model]: z_offset: 0.1395
[INFO] [1775239975.090118137] [aic_model]: pfrac: 1.0 xy_error: -0.00176 0.137   integrators: 0.00707 , 0.05
[INFO] [1775239975.139069094] [aic_model]: z_offset: 0.139
[INFO] [1775239975.140271202] [aic_model]: pfrac: 1.0 xy_error: -0.00146 0.137   integrators: 0.00561 , 0.05
[INFO] [1775239975.189123305] [aic_model]: z_offset: 0.1385
[INFO] [1775239975.190341403] [aic_model]: pfrac: 1.0 xy_error: -0.00117 0.137   integrators: 0.00444 , 0.05
[INFO] [1775239975.239182495] [aic_model]: z_offset: 0.138
[INFO] [1775239975.240334410] [aic_model]: pfrac: 1.0 xy_error: -0.000928 0.137   integrators: 0.00351 , 0.05
[INFO] [1775239975.289132251] [aic_model]: z_offset: 0.1375
[INFO] [1775239975.290369244] [aic_model]: pfrac: 1.0 xy_error: -0.000687 0.137   integrators: 0.00282 , 0.05
[INFO] [1775239975.339040729] [aic_model]: z_offset: 0.137
[INFO] [1775239975.340229623] [aic_model]: pfrac: 1.0 xy_error: -0.000479 0.137   integrators: 0.00235 , 0.05
[INFO] [1775239975.390112784] [aic_model]: z_offset: 0.1365
[INFO] [1775239975.390730930] [aic_model]: pfrac: 1.0 xy_error: -0.000284 0.137   integrators: 0.00206 , 0.05
[INFO] [1775239975.442191842] [aic_model]: z_offset: 0.136
[INFO] [1775239975.442588634] [aic_model]: pfrac: 1.0 xy_error: -0.000147 0.137   integrators: 0.00191 , 0.05
[INFO] [1775239975.491067288] [aic_model]: z_offset: 0.1355
[INFO] [1775239975.492306776] [aic_model]: pfrac: 1.0 xy_error: -2.53e-05 0.137   integrators: 0.00189 , 0.05
[INFO] [1775239975.541028976] [aic_model]: z_offset: 0.135
[INFO] [1775239975.542300785] [aic_model]: pfrac: 1.0 xy_error: 3.51e-05 0.137   integrators: 0.00192 , 0.05
[INFO] [1775239975.591112011] [aic_model]: z_offset: 0.1345
[INFO] [1775239975.591539430] [aic_model]: pfrac: 1.0 xy_error: -0.000304 0.134   integrators: 0.00162 , 0.05
[INFO] [1775239975.641051257] [aic_model]: z_offset: 0.134
[INFO] [1775239975.642104066] [aic_model]: pfrac: 1.0 xy_error: -0.000921 0.129   integrators: 0.000699 , 0.05
[INFO] [1775239975.691085881] [aic_model]: z_offset: 0.1335
[INFO] [1775239975.692298539] [aic_model]: pfrac: 1.0 xy_error: -0.00163 0.124   integrators: -0.000928 , 0.05
[INFO] [1775239975.741118982] [aic_model]: z_offset: 0.133
[INFO] [1775239975.742301254] [aic_model]: pfrac: 1.0 xy_error: -0.00142 0.123   integrators: -0.00235 , 0.05
[INFO] [1775239975.791067405] [aic_model]: z_offset: 0.1325
[INFO] [1775239975.792337732] [aic_model]: pfrac: 1.0 xy_error: -0.000948 0.122   integrators: -0.0033 , 0.05
[INFO] [1775239975.841135552] [aic_model]: z_offset: 0.132
[INFO] [1775239975.842320479] [aic_model]: pfrac: 1.0 xy_error: -0.000638 0.121   integrators: -0.00393 , 0.05
[INFO] [1775239975.891065842] [aic_model]: z_offset: 0.1315
[INFO] [1775239975.892375952] [aic_model]: pfrac: 1.0 xy_error: -0.000392 0.12   integrators: -0.00433 , 0.05
[INFO] [1775239975.941043589] [aic_model]: z_offset: 0.131
[INFO] [1775239975.942257240] [aic_model]: pfrac: 1.0 xy_error: -0.000136 0.12   integrators: -0.00446 , 0.05
[INFO] [1775239975.991074928] [aic_model]: z_offset: 0.1305
[INFO] [1775239975.992285021] [aic_model]: pfrac: 1.0 xy_error: -8.81e-06 0.119   integrators: -0.00447 , 0.05
[INFO] [1775239976.041052796] [aic_model]: z_offset: 0.13
[INFO] [1775239976.042221812] [aic_model]: pfrac: 1.0 xy_error: 0.000182 0.118   integrators: -0.00429 , 0.05
[INFO] [1775239976.075266318] [aic_model]: insert_cable execute loop
[INFO] [1775239976.091136542] [aic_model]: z_offset: 0.1295
[INFO] [1775239976.092223906] [aic_model]: pfrac: 1.0 xy_error: 0.00027 0.118   integrators: -0.00402 , 0.05
[INFO] [1775239976.141158292] [aic_model]: z_offset: 0.129
[INFO] [1775239976.141610268] [aic_model]: pfrac: 1.0 xy_error: 0.000593 0.118   integrators: -0.00343 , 0.05
[INFO] [1775239976.191138465] [aic_model]: z_offset: 0.1285
[INFO] [1775239976.192131712] [aic_model]: pfrac: 1.0 xy_error: 0.000762 0.118   integrators: -0.00266 , 0.05
[INFO] [1775239976.241176816] [aic_model]: z_offset: 0.128
[INFO] [1775239976.241582094] [aic_model]: pfrac: 1.0 xy_error: 0.00105 0.118   integrators: -0.00161 , 0.05
[INFO] [1775239976.291186804] [aic_model]: z_offset: 0.1275
[INFO] [1775239976.291682431] [aic_model]: pfrac: 1.0 xy_error: 0.00135 0.118   integrators: -0.000259 , 0.05
[INFO] [1775239976.341024570] [aic_model]: z_offset: 0.127
[INFO] [1775239976.341430269] [aic_model]: pfrac: 1.0 xy_error: 0.00146 0.118   integrators: 0.0012 , 0.05
[INFO] [1775239976.391040960] [aic_model]: z_offset: 0.1265
[INFO] [1775239976.391439035] [aic_model]: pfrac: 1.0 xy_error: 0.00146 0.118   integrators: 0.00266 , 0.05
[INFO] [1775239976.441140636] [aic_model]: z_offset: 0.126
[INFO] [1775239976.441619332] [aic_model]: pfrac: 1.0 xy_error: 0.00137 0.118   integrators: 0.00403 , 0.05
[INFO] [1775239976.491039827] [aic_model]: z_offset: 0.1255
[INFO] [1775239976.492029138] [aic_model]: pfrac: 1.0 xy_error: 0.00122 0.118   integrators: 0.00525 , 0.05
[INFO] [1775239976.541028285] [aic_model]: z_offset: 0.125
[INFO] [1775239976.541423504] [aic_model]: pfrac: 1.0 xy_error: 0.00112 0.118   integrators: 0.00638 , 0.05
[INFO] [1775239976.591035198] [aic_model]: z_offset: 0.1245
[INFO] [1775239976.591423023] [aic_model]: pfrac: 1.0 xy_error: 0.00101 0.118   integrators: 0.00738 , 0.05
[INFO] [1775239976.641129864] [aic_model]: z_offset: 0.124
[INFO] [1775239976.641608810] [aic_model]: pfrac: 1.0 xy_error: 0.000857 0.118   integrators: 0.00824 , 0.05
[INFO] [1775239976.691055605] [aic_model]: z_offset: 0.1235
[INFO] [1775239976.691446747] [aic_model]: pfrac: 1.0 xy_error: 0.000773 0.118   integrators: 0.00901 , 0.05
[INFO] [1775239976.741024246] [aic_model]: z_offset: 0.123
[INFO] [1775239976.741401241] [aic_model]: pfrac: 1.0 xy_error: 0.000728 0.118   integrators: 0.00974 , 0.05
[INFO] [1775239976.791021120] [aic_model]: z_offset: 0.1225
[INFO] [1775239976.791422250] [aic_model]: pfrac: 1.0 xy_error: 0.000616 0.118   integrators: 0.0104 , 0.05
[INFO] [1775239976.841119453] [aic_model]: z_offset: 0.122
[INFO] [1775239976.841606674] [aic_model]: pfrac: 1.0 xy_error: 0.000482 0.118   integrators: 0.0108 , 0.05
[INFO] [1775239976.891074959] [aic_model]: z_offset: 0.1215
[INFO] [1775239976.891474407] [aic_model]: pfrac: 1.0 xy_error: 0.000344 0.118   integrators: 0.0112 , 0.05
[INFO] [1775239976.941095337] [aic_model]: z_offset: 0.121
[INFO] [1775239976.941485657] [aic_model]: pfrac: 1.0 xy_error: 0.000187 0.118   integrators: 0.0114 , 0.05
[INFO] [1775239976.991091199] [aic_model]: z_offset: 0.1205
[INFO] [1775239976.991487240] [aic_model]: pfrac: 1.0 xy_error: 4.63e-05 0.118   integrators: 0.0114 , 0.05
[INFO] [1775239977.041053708] [aic_model]: z_offset: 0.12
[INFO] [1775239977.041451071] [aic_model]: pfrac: 1.0 xy_error: -8.85e-05 0.118   integrators: 0.0113 , 0.05
[INFO] [1775239977.075330750] [aic_model]: insert_cable execute loop
[INFO] [1775239977.091100034] [aic_model]: z_offset: 0.1195
[INFO] [1775239977.091465829] [aic_model]: pfrac: 1.0 xy_error: -0.000212 0.118   integrators: 0.0111 , 0.05
[INFO] [1775239977.141094824] [aic_model]: z_offset: 0.119
[INFO] [1775239977.141546399] [aic_model]: pfrac: 1.0 xy_error: -0.000315 0.118   integrators: 0.0108 , 0.05
[INFO] [1775239977.191049118] [aic_model]: z_offset: 0.1185
[INFO] [1775239977.191414933] [aic_model]: pfrac: 1.0 xy_error: -0.000412 0.118   integrators: 0.0104 , 0.05
[INFO] [1775239977.242105584] [aic_model]: z_offset: 0.118
[INFO] [1775239977.242951606] [aic_model]: pfrac: 1.0 xy_error: -0.000415 0.118   integrators: 0.00997 , 0.05
[INFO] [1775239977.293245315] [aic_model]: z_offset: 0.1175
[INFO] [1775239977.293643500] [aic_model]: pfrac: 1.0 xy_error: -0.000428 0.118   integrators: 0.00954 , 0.05
[INFO] [1775239977.343162199] [aic_model]: z_offset: 0.117
[INFO] [1775239977.343547009] [aic_model]: pfrac: 1.0 xy_error: -0.000427 0.118   integrators: 0.00912 , 0.05
[INFO] [1775239977.393093170] [aic_model]: z_offset: 0.1165
[INFO] [1775239977.393480694] [aic_model]: pfrac: 1.0 xy_error: -0.000426 0.118   integrators: 0.00869 , 0.05
[INFO] [1775239977.443082639] [aic_model]: z_offset: 0.116
[INFO] [1775239977.443483609] [aic_model]: pfrac: 1.0 xy_error: -0.000424 0.118   integrators: 0.00827 , 0.05
[INFO] [1775239977.493065828] [aic_model]: z_offset: 0.1155
[INFO] [1775239977.493433585] [aic_model]: pfrac: 1.0 xy_error: -0.000422 0.118   integrators: 0.00785 , 0.05
[INFO] [1775239977.543058143] [aic_model]: z_offset: 0.115
[INFO] [1775239977.543440829] [aic_model]: pfrac: 1.0 xy_error: -0.000419 0.118   integrators: 0.00743 , 0.05
[INFO] [1775239977.593045529] [aic_model]: z_offset: 0.1145
[INFO] [1775239977.593433274] [aic_model]: pfrac: 1.0 xy_error: -0.000419 0.118   integrators: 0.00701 , 0.05
[INFO] [1775239977.643136308] [aic_model]: z_offset: 0.114
[INFO] [1775239977.643626104] [aic_model]: pfrac: 1.0 xy_error: -0.000417 0.118   integrators: 0.00659 , 0.05
[INFO] [1775239977.693088418] [aic_model]: z_offset: 0.1135
[INFO] [1775239977.693524424] [aic_model]: pfrac: 1.0 xy_error: -0.000416 0.118   integrators: 0.00617 , 0.05
[INFO] [1775239977.743050837] [aic_model]: z_offset: 0.113
[INFO] [1775239977.743444764] [aic_model]: pfrac: 1.0 xy_error: -0.000415 0.118   integrators: 0.00576 , 0.05
[INFO] [1775239977.793068410] [aic_model]: z_offset: 0.1125
[INFO] [1775239977.793467777] [aic_model]: pfrac: 1.0 xy_error: -0.000416 0.118   integrators: 0.00534 , 0.05
[INFO] [1775239977.843057829] [aic_model]: z_offset: 0.112
[INFO] [1775239977.843430827] [aic_model]: pfrac: 1.0 xy_error: -0.000413 0.118   integrators: 0.00493 , 0.05
[INFO] [1775239977.893126147] [aic_model]: z_offset: 0.1115
[INFO] [1775239977.893530763] [aic_model]: pfrac: 1.0 xy_error: -0.00041 0.118   integrators: 0.00452 , 0.05
[INFO] [1775239977.943053100] [aic_model]: z_offset: 0.111
[INFO] [1775239977.943442428] [aic_model]: pfrac: 1.0 xy_error: -0.000408 0.118   integrators: 0.00411 , 0.05
[INFO] [1775239977.993487261] [aic_model]: z_offset: 0.1105
[INFO] [1775239977.995079970] [aic_model]: pfrac: 1.0 xy_error: -0.000406 0.118   integrators: 0.00371 , 0.05
[INFO] [1775239978.045143849] [aic_model]: z_offset: 0.11
[INFO] [1775239978.045538177] [aic_model]: pfrac: 1.0 xy_error: -0.000405 0.118   integrators: 0.0033 , 0.05
[INFO] [1775239978.075398077] [aic_model]: insert_cable execute loop
[INFO] [1775239978.095105928] [aic_model]: z_offset: 0.1095
[INFO] [1775239978.095460892] [aic_model]: pfrac: 1.0 xy_error: -0.000405 0.118   integrators: 0.0029 , 0.05
[INFO] [1775239978.145189103] [aic_model]: z_offset: 0.109
[INFO] [1775239978.145616342] [aic_model]: pfrac: 1.0 xy_error: -0.000404 0.118   integrators: 0.00249 , 0.05
[INFO] [1775239978.195215702] [aic_model]: z_offset: 0.1085
[INFO] [1775239978.195724734] [aic_model]: pfrac: 1.0 xy_error: -0.000402 0.118   integrators: 0.00209 , 0.05
[INFO] [1775239978.245202778] [aic_model]: z_offset: 0.108
[INFO] [1775239978.245653741] [aic_model]: pfrac: 1.0 xy_error: -0.0004 0.118   integrators: 0.00169 , 0.05
[INFO] [1775239978.295213968] [aic_model]: z_offset: 0.1075
[INFO] [1775239978.296062325] [aic_model]: pfrac: 1.0 xy_error: -0.000394 0.118   integrators: 0.0013 , 0.05
[INFO] [1775239978.345125843] [aic_model]: z_offset: 0.107
[INFO] [1775239978.345532724] [aic_model]: pfrac: 1.0 xy_error: -0.000392 0.118   integrators: 0.000905 , 0.05
[INFO] [1775239978.395276625] [aic_model]: z_offset: 0.1065
[INFO] [1775239978.396023722] [aic_model]: pfrac: 1.0 xy_error: -0.000392 0.118   integrators: 0.000514 , 0.05
[INFO] [1775239978.445157952] [aic_model]: z_offset: 0.106
[INFO] [1775239978.445933373] [aic_model]: pfrac: 1.0 xy_error: -0.000391 0.118   integrators: 0.000123 , 0.05
[INFO] [1775239978.495277095] [aic_model]: z_offset: 0.1055
[INFO] [1775239978.496556488] [aic_model]: pfrac: 1.0 xy_error: -0.00039 0.118   integrators: -0.000267 , 0.05
[INFO] [1775239978.545208856] [aic_model]: z_offset: 0.105
[INFO] [1775239978.545698272] [aic_model]: pfrac: 1.0 xy_error: -0.000389 0.118   integrators: -0.000656 , 0.05
[INFO] [1775239978.595231228] [aic_model]: z_offset: 0.1045
[INFO] [1775239978.595686419] [aic_model]: pfrac: 1.0 xy_error: -0.000386 0.118   integrators: -0.00104 , 0.05
[INFO] [1775239978.645186985] [aic_model]: z_offset: 0.104
[INFO] [1775239978.645603724] [aic_model]: pfrac: 1.0 xy_error: -0.000385 0.118   integrators: -0.00143 , 0.05
[INFO] [1775239978.695202844] [aic_model]: z_offset: 0.1035
[INFO] [1775239978.695701507] [aic_model]: pfrac: 1.0 xy_error: -0.000384 0.118   integrators: -0.00181 , 0.05
[INFO] [1775239978.745146518] [aic_model]: z_offset: 0.103
[INFO] [1775239978.745548189] [aic_model]: pfrac: 1.0 xy_error: -0.000383 0.118   integrators: -0.0022 , 0.05
[INFO] [1775239978.795150986] [aic_model]: z_offset: 0.1025
[INFO] [1775239978.795665759] [aic_model]: pfrac: 1.0 xy_error: -0.00038 0.118   integrators: -0.00257 , 0.05
[INFO] [1775239978.845212861] [aic_model]: z_offset: 0.102
[INFO] [1775239978.845716824] [aic_model]: pfrac: 1.0 xy_error: -0.000376 0.118   integrators: -0.00295 , 0.05
[INFO] [1775239978.895145034] [aic_model]: z_offset: 0.1015
[INFO] [1775239978.895569969] [aic_model]: pfrac: 1.0 xy_error: -0.000373 0.118   integrators: -0.00332 , 0.05
[INFO] [1775239978.945282010] [aic_model]: z_offset: 0.101
[INFO] [1775239978.946716994] [aic_model]: pfrac: 1.0 xy_error: -0.000372 0.118   integrators: -0.0037 , 0.05
[INFO] [1775239978.995266260] [aic_model]: z_offset: 0.1005
[INFO] [1775239978.996560571] [aic_model]: pfrac: 1.0 xy_error: -0.000371 0.118   integrators: -0.00407 , 0.05
[INFO] [1775239979.045201589] [aic_model]: z_offset: 0.1
[INFO] [1775239979.045629228] [aic_model]: pfrac: 1.0 xy_error: -0.00037 0.118   integrators: -0.00444 , 0.05
[INFO] [1775239979.075264187] [aic_model]: insert_cable execute loop
[INFO] [1775239979.095156343] [aic_model]: z_offset: 0.0995
[INFO] [1775239979.095523550] [aic_model]: pfrac: 1.0 xy_error: -0.000368 0.118   integrators: -0.00481 , 0.05
[INFO] [1775239979.145142207] [aic_model]: z_offset: 0.099
[INFO] [1775239979.145542195] [aic_model]: pfrac: 1.0 xy_error: -0.000367 0.118   integrators: -0.00517 , 0.05
[INFO] [1775239979.195138008] [aic_model]: z_offset: 0.0985
[INFO] [1775239979.195501949] [aic_model]: pfrac: 1.0 xy_error: -0.000365 0.118   integrators: -0.00554 , 0.05
[INFO] [1775239979.245200555] [aic_model]: z_offset: 0.098
[INFO] [1775239979.245605312] [aic_model]: pfrac: 1.0 xy_error: -0.000363 0.118   integrators: -0.0059 , 0.05
[INFO] [1775239979.295248354] [aic_model]: z_offset: 0.0975
[INFO] [1775239979.295705689] [aic_model]: pfrac: 1.0 xy_error: -0.000362 0.118   integrators: -0.00626 , 0.05
[INFO] [1775239979.345126075] [aic_model]: z_offset: 0.097
[INFO] [1775239979.345502038] [aic_model]: pfrac: 1.0 xy_error: -0.000369 0.118   integrators: -0.00663 , 0.05
[INFO] [1775239979.395152484] [aic_model]: z_offset: 0.0965
[INFO] [1775239979.395521053] [aic_model]: pfrac: 1.0 xy_error: -0.000374 0.118   integrators: -0.00701 , 0.05
[INFO] [1775239979.445211584] [aic_model]: z_offset: 0.096
[INFO] [1775239979.446278940] [aic_model]: pfrac: 1.0 xy_error: -0.000378 0.118   integrators: -0.00739 , 0.05
[INFO] [1775239979.495250416] [aic_model]: z_offset: 0.0955
[INFO] [1775239979.496092581] [aic_model]: pfrac: 1.0 xy_error: -0.000379 0.118   integrators: -0.00776 , 0.05
[INFO] [1775239979.545203227] [aic_model]: z_offset: 0.095
[INFO] [1775239979.546088072] [aic_model]: pfrac: 1.0 xy_error: -0.000379 0.118   integrators: -0.00814 , 0.05
[INFO] [1775239979.595154766] [aic_model]: z_offset: 0.0945
[INFO] [1775239979.595563721] [aic_model]: pfrac: 1.0 xy_error: -0.000381 0.118   integrators: -0.00852 , 0.05
[INFO] [1775239979.645185132] [aic_model]: z_offset: 0.094
[INFO] [1775239979.645689586] [aic_model]: pfrac: 1.0 xy_error: -0.000435 0.118   integrators: -0.00896 , 0.05
[INFO] [1775239979.695175574] [aic_model]: z_offset: 0.0935
[INFO] [1775239979.695568179] [aic_model]: pfrac: 1.0 xy_error: -0.000505 0.118   integrators: -0.00946 , 0.05
[INFO] [1775239979.745197365] [aic_model]: z_offset: 0.093
[INFO] [1775239979.747003232] [aic_model]: pfrac: 1.0 xy_error: -0.000556 0.118   integrators: -0.01 , 0.05
[INFO] [1775239979.797095905] [aic_model]: z_offset: 0.0925
[INFO] [1775239979.797526541] [aic_model]: pfrac: 1.0 xy_error: -0.000541 0.118   integrators: -0.0106 , 0.05
[INFO] [1775239979.847105733] [aic_model]: z_offset: 0.092
[INFO] [1775239979.847493819] [aic_model]: pfrac: 1.0 xy_error: -0.000511 0.118   integrators: -0.0111 , 0.05
[INFO] [1775239979.897041382] [aic_model]: z_offset: 0.0915
[INFO] [1775239979.897424088] [aic_model]: pfrac: 1.0 xy_error: -0.000504 0.118   integrators: -0.0116 , 0.05
[INFO] [1775239979.947056540] [aic_model]: z_offset: 0.091
[INFO] [1775239979.947441741] [aic_model]: pfrac: 1.0 xy_error: -0.000504 0.118   integrators: -0.0121 , 0.05
[INFO] [1775239979.997189398] [aic_model]: z_offset: 0.0905
[INFO] [1775239979.997583445] [aic_model]: pfrac: 1.0 xy_error: -0.000502 0.118   integrators: -0.0126 , 0.05
[INFO] [1775239980.047050508] [aic_model]: z_offset: 0.09
[INFO] [1775239980.047412836] [aic_model]: pfrac: 1.0 xy_error: -0.0005 0.118   integrators: -0.0131 , 0.05
[INFO] [1775239980.075340762] [aic_model]: insert_cable execute loop
[INFO] [1775239980.097081215] [aic_model]: z_offset: 0.0895
[INFO] [1775239980.097455796] [aic_model]: pfrac: 1.0 xy_error: -0.000499 0.118   integrators: -0.0136 , 0.05
[INFO] [1775239980.147060065] [aic_model]: z_offset: 0.089
[INFO] [1775239980.147454272] [aic_model]: pfrac: 1.0 xy_error: -0.000497 0.118   integrators: -0.0141 , 0.05
[INFO] [1775239980.197086484] [aic_model]: z_offset: 0.0885
[INFO] [1775239980.197490800] [aic_model]: pfrac: 1.0 xy_error: -0.000494 0.118   integrators: -0.0146 , 0.05
[INFO] [1775239980.247065244] [aic_model]: z_offset: 0.088
[INFO] [1775239980.247475241] [aic_model]: pfrac: 1.0 xy_error: -0.000492 0.118   integrators: -0.0151 , 0.05
[INFO] [1775239980.297078458] [aic_model]: z_offset: 0.0875
[INFO] [1775239980.297486982] [aic_model]: pfrac: 1.0 xy_error: -0.000485 0.118   integrators: -0.0156 , 0.05
[INFO] [1775239980.347057348] [aic_model]: z_offset: 0.087
[INFO] [1775239980.347437409] [aic_model]: pfrac: 1.0 xy_error: -0.000488 0.118   integrators: -0.016 , 0.05
[INFO] [1775239980.397354464] [aic_model]: z_offset: 0.0865
[INFO] [1775239980.398914572] [aic_model]: pfrac: 1.0 xy_error: -0.000484 0.118   integrators: -0.0165 , 0.05
[INFO] [1775239980.447061706] [aic_model]: z_offset: 0.086
[INFO] [1775239980.447443369] [aic_model]: pfrac: 1.0 xy_error: -0.000482 0.118   integrators: -0.017 , 0.05
[INFO] [1775239980.497184144] [aic_model]: z_offset: 0.0855
[INFO] [1775239980.497595333] [aic_model]: pfrac: 1.0 xy_error: -0.000476 0.118   integrators: -0.0175 , 0.05
[INFO] [1775239980.547088054] [aic_model]: z_offset: 0.085
[INFO] [1775239980.547488032] [aic_model]: pfrac: 1.0 xy_error: -0.000474 0.118   integrators: -0.018 , 0.05
[INFO] [1775239980.597247622] [aic_model]: z_offset: 0.0845
[INFO] [1775239980.598904902] [aic_model]: pfrac: 1.0 xy_error: -0.00047 0.118   integrators: -0.0184 , 0.05
[INFO] [1775239980.647144048] [aic_model]: z_offset: 0.084
[INFO] [1775239980.647887438] [aic_model]: pfrac: 1.0 xy_error: -0.000472 0.118   integrators: -0.0189 , 0.05
[INFO] [1775239980.697077483] [aic_model]: z_offset: 0.0835
[INFO] [1775239980.697458335] [aic_model]: pfrac: 1.0 xy_error: -0.000462 0.118   integrators: -0.0194 , 0.05
[INFO] [1775239980.747138477] [aic_model]: z_offset: 0.083
[INFO] [1775239980.747543654] [aic_model]: pfrac: 1.0 xy_error: -0.000456 0.118   integrators: -0.0198 , 0.05
[INFO] [1775239980.797163192] [aic_model]: z_offset: 0.0825
[INFO] [1775239980.797561427] [aic_model]: pfrac: 1.0 xy_error: -0.00046 0.118   integrators: -0.0203 , 0.05
[INFO] [1775239980.847178130] [aic_model]: z_offset: 0.082
[INFO] [1775239980.847705917] [aic_model]: pfrac: 1.0 xy_error: -0.000457 0.118   integrators: -0.0207 , 0.05
[INFO] [1775239980.897060600] [aic_model]: z_offset: 0.0815
[INFO] [1775239980.897458093] [aic_model]: pfrac: 1.0 xy_error: -0.000449 0.118   integrators: -0.0212 , 0.05
[INFO] [1775239980.947030032] [aic_model]: z_offset: 0.081
[INFO] [1775239980.947412187] [aic_model]: pfrac: 1.0 xy_error: -0.00045 0.118   integrators: -0.0216 , 0.05
[INFO] [1775239980.997181295] [aic_model]: z_offset: 0.0805
[INFO] [1775239980.997556116] [aic_model]: pfrac: 1.0 xy_error: -0.000445 0.118   integrators: -0.0221 , 0.05
[INFO] [1775239981.047126852] [aic_model]: z_offset: 0.08
[INFO] [1775239981.047513626] [aic_model]: pfrac: 1.0 xy_error: -0.000447 0.118   integrators: -0.0225 , 0.05
[INFO] [1775239981.075316909] [aic_model]: insert_cable execute loop
[INFO] [1775239981.097019070] [aic_model]: z_offset: 0.0795
[INFO] [1775239981.097367482] [aic_model]: pfrac: 1.0 xy_error: -0.000447 0.118   integrators: -0.023 , 0.05
[INFO] [1775239981.147067751] [aic_model]: z_offset: 0.079
[INFO] [1775239981.147462289] [aic_model]: pfrac: 1.0 xy_error: -0.000441 0.118   integrators: -0.0234 , 0.05
[INFO] [1775239981.197293603] [aic_model]: z_offset: 0.0785
[INFO] [1775239981.197673303] [aic_model]: pfrac: 1.0 xy_error: -0.000437 0.118   integrators: -0.0238 , 0.05
[INFO] [1775239981.247088028] [aic_model]: z_offset: 0.078
[INFO] [1775239981.247462859] [aic_model]: pfrac: 1.0 xy_error: -0.00044 0.118   integrators: -0.0243 , 0.05
[INFO] [1775239981.298848751] [aic_model]: z_offset: 0.0775
[INFO] [1775239981.299312649] [aic_model]: pfrac: 1.0 xy_error: -0.000437 0.118   integrators: -0.0247 , 0.05
[INFO] [1775239981.347075393] [aic_model]: z_offset: 0.077
[INFO] [1775239981.347464391] [aic_model]: pfrac: 1.0 xy_error: -0.000426 0.118   integrators: -0.0252 , 0.05
[INFO] [1775239981.397049234] [aic_model]: z_offset: 0.0765
[INFO] [1775239981.397438612] [aic_model]: pfrac: 1.0 xy_error: -0.000419 0.118   integrators: -0.0256 , 0.05
[INFO] [1775239981.447087515] [aic_model]: z_offset: 0.076
[INFO] [1775239981.447496270] [aic_model]: pfrac: 1.0 xy_error: -0.000419 0.118   integrators: -0.026 , 0.05
[INFO] [1775239981.497137849] [aic_model]: z_offset: 0.0755
[INFO] [1775239981.497538338] [aic_model]: pfrac: 1.0 xy_error: -0.000416 0.118   integrators: -0.0264 , 0.05
[INFO] [1775239981.547211537] [aic_model]: z_offset: 0.075
[INFO] [1775239981.547622916] [aic_model]: pfrac: 1.0 xy_error: -0.000416 0.118   integrators: -0.0268 , 0.05
[INFO] [1775239981.597099927] [aic_model]: z_offset: 0.0745
[INFO] [1775239981.597484016] [aic_model]: pfrac: 1.0 xy_error: -0.000407 0.118   integrators: -0.0272 , 0.05
[INFO] [1775239981.647052929] [aic_model]: z_offset: 0.074
[INFO] [1775239981.647429674] [aic_model]: pfrac: 1.0 xy_error: -0.000408 0.118   integrators: -0.0276 , 0.05
[INFO] [1775239981.697073327] [aic_model]: z_offset: 0.0735
[INFO] [1775239981.697465340] [aic_model]: pfrac: 1.0 xy_error: -0.000404 0.118   integrators: -0.028 , 0.05
[INFO] [1775239981.747064710] [aic_model]: z_offset: 0.073
[INFO] [1775239981.747469968] [aic_model]: pfrac: 1.0 xy_error: -0.000399 0.118   integrators: -0.0284 , 0.05
[INFO] [1775239981.797073116] [aic_model]: z_offset: 0.0725
[INFO] [1775239981.797464047] [aic_model]: pfrac: 1.0 xy_error: -0.000397 0.118   integrators: -0.0288 , 0.05
[INFO] [1775239981.847082563] [aic_model]: z_offset: 0.072
[INFO] [1775239981.847457945] [aic_model]: pfrac: 1.0 xy_error: -0.000396 0.118   integrators: -0.0292 , 0.05
[INFO] [1775239981.897138677] [aic_model]: z_offset: 0.0715
[INFO] [1775239981.897648371] [aic_model]: pfrac: 1.0 xy_error: -0.000392 0.118   integrators: -0.0296 , 0.05
[INFO] [1775239981.947029924] [aic_model]: z_offset: 0.071
[INFO] [1775239981.947399956] [aic_model]: pfrac: 1.0 xy_error: -0.000389 0.118   integrators: -0.03 , 0.05
[INFO] [1775239981.997138646] [aic_model]: z_offset: 0.0705
[INFO] [1775239981.998057515] [aic_model]: pfrac: 1.0 xy_error: -0.000385 0.118   integrators: -0.0304 , 0.05
[INFO] [1775239982.047061512] [aic_model]: z_offset: 0.07
[INFO] [1775239982.047453766] [aic_model]: pfrac: 1.0 xy_error: -0.00038 0.118   integrators: -0.0308 , 0.05
[INFO] [1775239982.075326057] [aic_model]: insert_cable execute loop
[INFO] [1775239982.097005967] [aic_model]: z_offset: 0.0695
[INFO] [1775239982.097357114] [aic_model]: pfrac: 1.0 xy_error: -0.000382 0.118   integrators: -0.0312 , 0.05
[INFO] [1775239982.147196023] [aic_model]: z_offset: 0.069
[INFO] [1775239982.147617831] [aic_model]: pfrac: 1.0 xy_error: -0.000377 0.118   integrators: -0.0315 , 0.05
[INFO] [1775239982.197223444] [aic_model]: z_offset: 0.0685
[INFO] [1775239982.197614174] [aic_model]: pfrac: 1.0 xy_error: -0.000373 0.118   integrators: -0.0319 , 0.05
[INFO] [1775239982.247054507] [aic_model]: z_offset: 0.068
[INFO] [1775239982.247428827] [aic_model]: pfrac: 1.0 xy_error: -0.000368 0.118   integrators: -0.0323 , 0.05
[INFO] [1775239982.297068453] [aic_model]: z_offset: 0.0675
[INFO] [1775239982.297454655] [aic_model]: pfrac: 1.0 xy_error: -0.000367 0.118   integrators: -0.0326 , 0.05
[INFO] [1775239982.347075776] [aic_model]: z_offset: 0.067
[INFO] [1775239982.347465234] [aic_model]: pfrac: 1.0 xy_error: -0.000362 0.118   integrators: -0.033 , 0.05
[INFO] [1775239982.397094180] [aic_model]: z_offset: 0.0665
[INFO] [1775239982.397522642] [aic_model]: pfrac: 1.0 xy_error: -0.000361 0.118   integrators: -0.0334 , 0.05
[INFO] [1775239982.447075114] [aic_model]: z_offset: 0.066
[INFO] [1775239982.447449184] [aic_model]: pfrac: 1.0 xy_error: -0.000356 0.118   integrators: -0.0337 , 0.05
[INFO] [1775239982.497081115] [aic_model]: z_offset: 0.0655
[INFO] [1775239982.497460244] [aic_model]: pfrac: 1.0 xy_error: -0.000348 0.118   integrators: -0.0341 , 0.05
[INFO] [1775239982.547059083] [aic_model]: z_offset: 0.065
[INFO] [1775239982.547422022] [aic_model]: pfrac: 1.0 xy_error: -0.00035 0.118   integrators: -0.0344 , 0.05
[INFO] [1775239982.597078920] [aic_model]: z_offset: 0.0645
[INFO] [1775239982.597448511] [aic_model]: pfrac: 1.0 xy_error: -0.000348 0.118   integrators: -0.0348 , 0.05
[INFO] [1775239982.647082226] [aic_model]: z_offset: 0.064
[INFO] [1775239982.647464511] [aic_model]: pfrac: 1.0 xy_error: -0.000346 0.118   integrators: -0.0351 , 0.05
[INFO] [1775239982.697091342] [aic_model]: z_offset: 0.0635
[INFO] [1775239982.697475931] [aic_model]: pfrac: 1.0 xy_error: -0.000343 0.118   integrators: -0.0355 , 0.05
[INFO] [1775239982.747214172] [aic_model]: z_offset: 0.063
[INFO] [1775239982.747652712] [aic_model]: pfrac: 1.0 xy_error: -0.000339 0.118   integrators: -0.0358 , 0.05
[INFO] [1775239982.797153227] [aic_model]: z_offset: 0.0625
[INFO] [1775239982.797575497] [aic_model]: pfrac: 1.0 xy_error: -0.00034 0.118   integrators: -0.0361 , 0.05
[INFO] [1775239982.847072406] [aic_model]: z_offset: 0.062
[INFO] [1775239982.847438791] [aic_model]: pfrac: 1.0 xy_error: -0.000341 0.118   integrators: -0.0365 , 0.05
[INFO] [1775239982.897119724] [aic_model]: z_offset: 0.0615
[INFO] [1775239982.897564055] [aic_model]: pfrac: 1.0 xy_error: -0.00033 0.118   integrators: -0.0368 , 0.05
[INFO] [1775239982.947077765] [aic_model]: z_offset: 0.061
[INFO] [1775239982.947460080] [aic_model]: pfrac: 1.0 xy_error: -0.000334 0.118   integrators: -0.0371 , 0.05
[INFO] [1775239982.997029284] [aic_model]: z_offset: 0.0605
[INFO] [1775239982.997413923] [aic_model]: pfrac: 1.0 xy_error: -0.000336 0.118   integrators: -0.0375 , 0.05
[INFO] [1775239983.047133759] [aic_model]: z_offset: 0.06
[INFO] [1775239983.047636379] [aic_model]: pfrac: 1.0 xy_error: -0.000327 0.118   integrators: -0.0378 , 0.05
[INFO] [1775239983.076957511] [aic_model]: insert_cable execute loop
[INFO] [1775239983.097102570] [aic_model]: z_offset: 0.0595
[INFO] [1775239983.097450180] [aic_model]: pfrac: 1.0 xy_error: -0.00032 0.118   integrators: -0.0381 , 0.05
[INFO] [1775239983.147070730] [aic_model]: z_offset: 0.059
[INFO] [1775239983.147439480] [aic_model]: pfrac: 1.0 xy_error: -0.000319 0.118   integrators: -0.0384 , 0.05
[INFO] [1775239983.197223906] [aic_model]: z_offset: 0.0585
[INFO] [1775239983.197645244] [aic_model]: pfrac: 1.0 xy_error: -0.000317 0.118   integrators: -0.0388 , 0.05
[INFO] [1775239983.247150138] [aic_model]: z_offset: 0.058
[INFO] [1775239983.247668728] [aic_model]: pfrac: 1.0 xy_error: -0.000314 0.118   integrators: -0.0391 , 0.05
[INFO] [1775239983.297071460] [aic_model]: z_offset: 0.0575
[INFO] [1775239983.297441422] [aic_model]: pfrac: 1.0 xy_error: -0.000319 0.118   integrators: -0.0394 , 0.05
[INFO] [1775239983.347080116] [aic_model]: z_offset: 0.057
[INFO] [1775239983.347463293] [aic_model]: pfrac: 1.0 xy_error: -0.000308 0.118   integrators: -0.0397 , 0.05
[INFO] [1775239983.398485444] [aic_model]: z_offset: 0.0565
[INFO] [1775239983.399160347] [aic_model]: pfrac: 1.0 xy_error: -0.000305 0.118   integrators: -0.04 , 0.05
[INFO] [1775239983.449053306] [aic_model]: z_offset: 0.056
[INFO] [1775239983.449436222] [aic_model]: pfrac: 1.0 xy_error: -0.000303 0.118   integrators: -0.0403 , 0.05
[INFO] [1775239983.499059497] [aic_model]: z_offset: 0.0555
[INFO] [1775239983.499424149] [aic_model]: pfrac: 1.0 xy_error: -0.000303 0.118   integrators: -0.0406 , 0.05
[INFO] [1775239983.549065197] [aic_model]: z_offset: 0.055
[INFO] [1775239983.549455748] [aic_model]: pfrac: 1.0 xy_error: -0.000297 0.118   integrators: -0.0409 , 0.05
[INFO] [1775239983.601031585] [aic_model]: z_offset: 0.0545
[INFO] [1775239983.601573308] [aic_model]: pfrac: 1.0 xy_error: -0.000295 0.118   integrators: -0.0412 , 0.05
[INFO] [1775239983.651093741] [aic_model]: z_offset: 0.054
[INFO] [1775239983.651475244] [aic_model]: pfrac: 1.0 xy_error: -0.000291 0.118   integrators: -0.0415 , 0.05
[INFO] [1775239983.701057142] [aic_model]: z_offset: 0.0535
[INFO] [1775239983.701456990] [aic_model]: pfrac: 1.0 xy_error: -0.00029 0.118   integrators: -0.0418 , 0.05
[INFO] [1775239983.751096565] [aic_model]: z_offset: 0.053
[INFO] [1775239983.751478890] [aic_model]: pfrac: 1.0 xy_error: -0.000266 0.118   integrators: -0.042 , 0.05
[INFO] [1775239983.801067190] [aic_model]: z_offset: 0.0525
[INFO] [1775239983.801493417] [aic_model]: pfrac: 1.0 xy_error: -0.00025 0.118   integrators: -0.0423 , 0.05
[INFO] [1775239983.851325002] [aic_model]: z_offset: 0.052
[INFO] [1775239983.851812403] [aic_model]: pfrac: 1.0 xy_error: -0.00028 0.118   integrators: -0.0426 , 0.05
[INFO] [1775239983.901128063] [aic_model]: z_offset: 0.0515
[INFO] [1775239983.901499107] [aic_model]: pfrac: 1.0 xy_error: -0.000265 0.118   integrators: -0.0428 , 0.05
[INFO] [1775239983.951166234] [aic_model]: z_offset: 0.051
[INFO] [1775239983.951578765] [aic_model]: pfrac: 1.0 xy_error: -0.000236 0.118   integrators: -0.0431 , 0.05
[INFO] [1775239984.001258326] [aic_model]: z_offset: 0.0505
[INFO] [1775239984.001770394] [aic_model]: pfrac: 1.0 xy_error: -0.000258 0.118   integrators: -0.0433 , 0.05
[INFO] [1775239984.051108796] [aic_model]: z_offset: 0.05
[INFO] [1775239984.051479459] [aic_model]: pfrac: 1.0 xy_error: -0.000258 0.118   integrators: -0.0436 , 0.05
[INFO] [1775239984.077263044] [aic_model]: insert_cable execute loop
[INFO] [1775239984.101140945] [aic_model]: z_offset: 0.0495
[INFO] [1775239984.101505457] [aic_model]: pfrac: 1.0 xy_error: -0.000262 0.118   integrators: -0.0439 , 0.05
[INFO] [1775239984.151057870] [aic_model]: z_offset: 0.049
[INFO] [1775239984.151437400] [aic_model]: pfrac: 1.0 xy_error: -0.000237 0.118   integrators: -0.0441 , 0.05
[INFO] [1775239984.202283021] [aic_model]: z_offset: 0.0485
[INFO] [1775239984.202676517] [aic_model]: pfrac: 1.0 xy_error: -0.000258 0.118   integrators: -0.0444 , 0.05
[INFO] [1775239984.251142357] [aic_model]: z_offset: 0.048
[INFO] [1775239984.251633947] [aic_model]: pfrac: 1.0 xy_error: -0.000257 0.118   integrators: -0.0446 , 0.05
[INFO] [1775239984.303063810] [aic_model]: z_offset: 0.0475
[INFO] [1775239984.303540051] [aic_model]: pfrac: 1.0 xy_error: -0.000253 0.118   integrators: -0.0449 , 0.05
[INFO] [1775239984.353091081] [aic_model]: z_offset: 0.047
[INFO] [1775239984.353465351] [aic_model]: pfrac: 1.0 xy_error: -0.000246 0.118   integrators: -0.0451 , 0.05
[INFO] [1775239984.404655707] [aic_model]: z_offset: 0.0465
[INFO] [1775239984.405201478] [aic_model]: pfrac: 1.0 xy_error: -0.000248 0.118   integrators: -0.0454 , 0.05
[INFO] [1775239984.455073188] [aic_model]: z_offset: 0.046
[INFO] [1775239984.455448700] [aic_model]: pfrac: 1.0 xy_error: -0.000235 0.118   integrators: -0.0456 , 0.05
[INFO] [1775239984.505192981] [aic_model]: z_offset: 0.0455
[INFO] [1775239984.505715649] [aic_model]: pfrac: 1.0 xy_error: -0.000242 0.118   integrators: -0.0458 , 0.05
[INFO] [1775239984.555063599] [aic_model]: z_offset: 0.045
[INFO] [1775239984.555437729] [aic_model]: pfrac: 1.0 xy_error: -0.00022 0.118   integrators: -0.0461 , 0.05
[INFO] [1775239984.605054592] [aic_model]: z_offset: 0.0445
[INFO] [1775239984.605447066] [aic_model]: pfrac: 1.0 xy_error: -0.000231 0.118   integrators: -0.0463 , 0.05
[INFO] [1775239984.655072234] [aic_model]: z_offset: 0.044
[INFO] [1775239984.655449290] [aic_model]: pfrac: 1.0 xy_error: -0.00023 0.118   integrators: -0.0465 , 0.05
[INFO] [1775239984.705059440] [aic_model]: z_offset: 0.0435
[INFO] [1775239984.705440513] [aic_model]: pfrac: 1.0 xy_error: -0.000227 0.118   integrators: -0.0467 , 0.05
[INFO] [1775239984.755057276] [aic_model]: z_offset: 0.043
[INFO] [1775239984.755445582] [aic_model]: pfrac: 1.0 xy_error: -0.000223 0.118   integrators: -0.047 , 0.05
[INFO] [1775239984.805041947] [aic_model]: z_offset: 0.0425
[INFO] [1775239984.805402481] [aic_model]: pfrac: 1.0 xy_error: -0.000226 0.118   integrators: -0.0472 , 0.05
[INFO] [1775239984.855084466] [aic_model]: z_offset: 0.042
[INFO] [1775239984.855470788] [aic_model]: pfrac: 1.0 xy_error: -0.000222 0.118   integrators: -0.0474 , 0.05
[INFO] [1775239984.905062684] [aic_model]: z_offset: 0.0415
[INFO] [1775239984.905451181] [aic_model]: pfrac: 1.0 xy_error: -0.000219 0.118   integrators: -0.0476 , 0.05
[INFO] [1775239984.955060350] [aic_model]: z_offset: 0.041
[INFO] [1775239984.955480085] [aic_model]: pfrac: 1.0 xy_error: -0.000222 0.118   integrators: -0.0479 , 0.05
[INFO] [1775239985.005923424] [aic_model]: z_offset: 0.0405
[INFO] [1775239985.007567809] [aic_model]: pfrac: 1.0 xy_error: -0.000219 0.118   integrators: -0.0481 , 0.05
[INFO] [1775239985.057344181] [aic_model]: z_offset: 0.04
[INFO] [1775239985.058589520] [aic_model]: pfrac: 1.0 xy_error: -0.000206 0.118   integrators: -0.0483 , 0.05
[INFO] [1775239985.077271863] [aic_model]: insert_cable execute loop
[INFO] [1775239985.107051553] [aic_model]: z_offset: 0.0395
[INFO] [1775239985.107429079] [aic_model]: pfrac: 1.0 xy_error: -0.00015 0.118   integrators: -0.0484 , 0.05
[INFO] [1775239985.157098130] [aic_model]: z_offset: 0.039
[INFO] [1775239985.157490413] [aic_model]: pfrac: 1.0 xy_error: -0.000177 0.118   integrators: -0.0486 , 0.05
[INFO] [1775239985.207150858] [aic_model]: z_offset: 0.0385
[INFO] [1775239985.207549103] [aic_model]: pfrac: 1.0 xy_error: -0.000206 0.118   integrators: -0.0488 , 0.05
[INFO] [1775239985.257310747] [aic_model]: z_offset: 0.038
[INFO] [1775239985.259010947] [aic_model]: pfrac: 1.0 xy_error: -0.000186 0.118   integrators: -0.049 , 0.05
[INFO] [1775239985.309061561] [aic_model]: z_offset: 0.0375
[INFO] [1775239985.309467891] [aic_model]: pfrac: 1.0 xy_error: -0.000142 0.118   integrators: -0.0491 , 0.05
[INFO] [1775239985.359058425] [aic_model]: z_offset: 0.037
[INFO] [1775239985.359439197] [aic_model]: pfrac: 1.0 xy_error: -0.000179 0.118   integrators: -0.0493 , 0.05
[INFO] [1775239985.409057573] [aic_model]: z_offset: 0.0365
[INFO] [1775239985.409481906] [aic_model]: pfrac: 1.0 xy_error: -0.000162 0.118   integrators: -0.0495 , 0.05
[INFO] [1775239985.459089873] [aic_model]: z_offset: 0.036
[INFO] [1775239985.459509267] [aic_model]: pfrac: 1.0 xy_error: -0.000118 0.118   integrators: -0.0496 , 0.05
[INFO] [1775239985.509182395] [aic_model]: z_offset: 0.0355
[INFO] [1775239985.510549022] [aic_model]: pfrac: 1.0 xy_error: -0.000111 0.118   integrators: -0.0497 , 0.05
[INFO] [1775239985.559085574] [aic_model]: z_offset: 0.035
[INFO] [1775239985.559478459] [aic_model]: pfrac: 1.0 xy_error: -8.1e-05 0.118   integrators: -0.0498 , 0.05
[INFO] [1775239985.609084602] [aic_model]: z_offset: 0.0345
[INFO] [1775239985.609509907] [aic_model]: pfrac: 1.0 xy_error: -0.000105 0.118   integrators: -0.0499 , 0.05
[INFO] [1775239985.659181312] [aic_model]: z_offset: 0.034
[INFO] [1775239985.659651792] [aic_model]: pfrac: 1.0 xy_error: -0.000146 0.118   integrators: -0.05 , 0.05
[INFO] [1775239985.709194707] [aic_model]: z_offset: 0.0335
[INFO] [1775239985.709682860] [aic_model]: pfrac: 1.0 xy_error: -0.000171 0.118   integrators: -0.05 , 0.05
[INFO] [1775239985.759088959] [aic_model]: z_offset: 0.033
[INFO] [1775239985.759632846] [aic_model]: pfrac: 1.0 xy_error: -0.000145 0.118   integrators: -0.05 , 0.05
[INFO] [1775239985.809133993] [aic_model]: z_offset: 0.0325
[INFO] [1775239985.809611395] [aic_model]: pfrac: 1.0 xy_error: -0.000164 0.118   integrators: -0.05 , 0.05
[INFO] [1775239985.859359254] [aic_model]: z_offset: 0.032
[INFO] [1775239985.859765924] [aic_model]: pfrac: 1.0 xy_error: -0.000161 0.118   integrators: -0.05 , 0.05
[INFO] [1775239985.909121509] [aic_model]: z_offset: 0.0315
[INFO] [1775239985.909712474] [aic_model]: pfrac: 1.0 xy_error: -0.00016 0.118   integrators: -0.05 , 0.05
[INFO] [1775239985.959080882] [aic_model]: z_offset: 0.031
[INFO] [1775239985.959459090] [aic_model]: pfrac: 1.0 xy_error: -0.000159 0.118   integrators: -0.05 , 0.05
[INFO] [1775239986.009201668] [aic_model]: z_offset: 0.0305
[INFO] [1775239986.010505677] [aic_model]: pfrac: 1.0 xy_error: -0.000159 0.118   integrators: -0.05 , 0.05
[INFO] [1775239986.059102171] [aic_model]: z_offset: 0.03
[INFO] [1775239986.059548937] [aic_model]: pfrac: 1.0 xy_error: -0.000156 0.118   integrators: -0.05 , 0.05
[INFO] [1775239986.077297884] [aic_model]: insert_cable execute loop
[INFO] [1775239986.109043882] [aic_model]: z_offset: 0.0295
[INFO] [1775239986.109449230] [aic_model]: pfrac: 1.0 xy_error: -0.00015 0.118   integrators: -0.05 , 0.05
[INFO] [1775239986.159238536] [aic_model]: z_offset: 0.029
[INFO] [1775239986.160840712] [aic_model]: pfrac: 1.0 xy_error: -0.000146 0.118   integrators: -0.05 , 0.05
[INFO] [1775239986.209072364] [aic_model]: z_offset: 0.0285
[INFO] [1775239986.209504994] [aic_model]: pfrac: 1.0 xy_error: -0.000129 0.118   integrators: -0.05 , 0.05
[INFO] [1775239986.259113912] [aic_model]: z_offset: 0.028
[INFO] [1775239986.259551089] [aic_model]: pfrac: 1.0 xy_error: -0.000148 0.118   integrators: -0.05 , 0.05
[INFO] [1775239986.309830742] [aic_model]: z_offset: 0.0275
[INFO] [1775239986.311476581] [aic_model]: pfrac: 1.0 xy_error: -0.000143 0.118   integrators: -0.05 , 0.05
[INFO] [1775239986.359075008] [aic_model]: z_offset: 0.027
[INFO] [1775239986.359461671] [aic_model]: pfrac: 1.0 xy_error: -0.00014 0.118   integrators: -0.05 , 0.05
[INFO] [1775239986.409088703] [aic_model]: z_offset: 0.0265
[INFO] [1775239986.409559223] [aic_model]: pfrac: 1.0 xy_error: -0.000138 0.118   integrators: -0.05 , 0.05
[INFO] [1775239986.459081840] [aic_model]: z_offset: 0.026
[INFO] [1775239986.459471058] [aic_model]: pfrac: 1.0 xy_error: -0.000138 0.118   integrators: -0.05 , 0.05
[INFO] [1775239986.509074616] [aic_model]: z_offset: 0.0255
[INFO] [1775239986.509476137] [aic_model]: pfrac: 1.0 xy_error: -0.000122 0.118   integrators: -0.05 , 0.05
[INFO] [1775239986.559103891] [aic_model]: z_offset: 0.025
[INFO] [1775239986.559505833] [aic_model]: pfrac: 1.0 xy_error: -0.000131 0.118   integrators: -0.05 , 0.05
[INFO] [1775239986.609050461] [aic_model]: z_offset: 0.0245
[INFO] [1775239986.609419972] [aic_model]: pfrac: 1.0 xy_error: -0.000135 0.118   integrators: -0.05 , 0.05
[INFO] [1775239986.659388893] [aic_model]: z_offset: 0.024
[INFO] [1775239986.660910229] [aic_model]: pfrac: 1.0 xy_error: -0.000137 0.118   integrators: -0.05 , 0.05
[INFO] [1775239986.711059397] [aic_model]: z_offset: 0.0235
[INFO] [1775239986.711435731] [aic_model]: pfrac: 1.0 xy_error: -0.000123 0.118   integrators: -0.05 , 0.05
[INFO] [1775239986.761575332] [aic_model]: z_offset: 0.023
[INFO] [1775239986.763180274] [aic_model]: pfrac: 1.0 xy_error: -9.32e-05 0.118   integrators: -0.05 , 0.05
[INFO] [1775239986.815989197] [aic_model]: z_offset: 0.0225
[INFO] [1775239986.816373796] [aic_model]: pfrac: 1.0 xy_error: -8.01e-05 0.118   integrators: -0.05 , 0.05
[INFO] [1775239986.865147192] [aic_model]: z_offset: 0.022
[INFO] [1775239986.865620417] [aic_model]: pfrac: 1.0 xy_error: -7.76e-05 0.118   integrators: -0.05 , 0.05
[INFO] [1775239986.915551157] [aic_model]: z_offset: 0.0215
[INFO] [1775239986.916903136] [aic_model]: pfrac: 1.0 xy_error: -4.78e-05 0.118   integrators: -0.05 , 0.05
[INFO] [1775239986.967073394] [aic_model]: z_offset: 0.021
[INFO] [1775239986.967468032] [aic_model]: pfrac: 1.0 xy_error: -3.56e-06 0.118   integrators: -0.05 , 0.05
[INFO] [1775239987.017154666] [aic_model]: z_offset: 0.0205
[INFO] [1775239987.017522985] [aic_model]: pfrac: 1.0 xy_error: -2.48e-06 0.118   integrators: -0.05 , 0.05
[INFO] [1775239987.067287754] [aic_model]: z_offset: 0.02
[INFO] [1775239987.068430271] [aic_model]: pfrac: 1.0 xy_error: 8.98e-06 0.118   integrators: -0.05 , 0.05
[INFO] [1775239987.077438390] [aic_model]: insert_cable execute loop
[INFO] [1775239987.117076739] [aic_model]: z_offset: 0.0195
[INFO] [1775239987.117448364] [aic_model]: pfrac: 1.0 xy_error: 2.66e-05 0.118   integrators: -0.05 , 0.05
[INFO] [1775239987.167329071] [aic_model]: z_offset: 0.019
[INFO] [1775239987.168860205] [aic_model]: pfrac: 1.0 xy_error: 6.06e-06 0.118   integrators: -0.05 , 0.05
[INFO] [1775239987.223483191] [aic_model]: z_offset: 0.0185
[INFO] [1775239987.224803190] [aic_model]: pfrac: 1.0 xy_error: 2.98e-06 0.118   integrators: -0.05 , 0.05
[INFO] [1775239987.273572227] [aic_model]: z_offset: 0.018
[INFO] [1775239987.275104122] [aic_model]: pfrac: 1.0 xy_error: 7.39e-06 0.118   integrators: -0.0499 , 0.05
[INFO] [1775239987.325083193] [aic_model]: z_offset: 0.0175
[INFO] [1775239987.325488020] [aic_model]: pfrac: 1.0 xy_error: 7.1e-05 0.118   integrators: -0.0499 , 0.05
[INFO] [1775239987.375048057] [aic_model]: z_offset: 0.017
[INFO] [1775239987.375421976] [aic_model]: pfrac: 1.0 xy_error: 0.000103 0.118   integrators: -0.0498 , 0.05
[INFO] [1775239987.425048457] [aic_model]: z_offset: 0.0165
[INFO] [1775239987.425414352] [aic_model]: pfrac: 1.0 xy_error: 0.00013 0.118   integrators: -0.0496 , 0.05
[INFO] [1775239987.475053526] [aic_model]: z_offset: 0.016
[INFO] [1775239987.475415383] [aic_model]: pfrac: 1.0 xy_error: 0.000136 0.118   integrators: -0.0495 , 0.05
[INFO] [1775239987.525004715] [aic_model]: z_offset: 0.0155
[INFO] [1775239987.525402138] [aic_model]: pfrac: 1.0 xy_error: 0.00014 0.118   integrators: -0.0494 , 0.05
[INFO] [1775239987.575053696] [aic_model]: z_offset: 0.015
[INFO] [1775239987.575418869] [aic_model]: pfrac: 1.0 xy_error: 0.000154 0.118   integrators: -0.0492 , 0.05
[INFO] [1775239987.625036714] [aic_model]: z_offset: 0.0145
[INFO] [1775239987.625399933] [aic_model]: pfrac: 1.0 xy_error: 0.00014 0.118   integrators: -0.0491 , 0.05
[INFO] [1775239987.675055158] [aic_model]: z_offset: 0.014
[INFO] [1775239987.675412536] [aic_model]: pfrac: 1.0 xy_error: 0.000132 0.118   integrators: -0.0489 , 0.05
[INFO] [1775239987.725061920] [aic_model]: z_offset: 0.0135
[INFO] [1775239987.725461107] [aic_model]: pfrac: 1.0 xy_error: 0.000158 0.118   integrators: -0.0488 , 0.05
[INFO] [1775239987.775069394] [aic_model]: z_offset: 0.013
[INFO] [1775239987.775470514] [aic_model]: pfrac: 1.0 xy_error: 0.00017 0.118   integrators: -0.0486 , 0.05
[INFO] [1775239987.825080364] [aic_model]: z_offset: 0.0125
[INFO] [1775239987.825455476] [aic_model]: pfrac: 1.0 xy_error: 0.000179 0.118   integrators: -0.0484 , 0.05
[INFO] [1775239987.875056559] [aic_model]: z_offset: 0.012
[INFO] [1775239987.875428835] [aic_model]: pfrac: 1.0 xy_error: 0.000195 0.118   integrators: -0.0482 , 0.05
[INFO] [1775239987.925309893] [aic_model]: z_offset: 0.0115
[INFO] [1775239987.925697127] [aic_model]: pfrac: 1.0 xy_error: 0.000206 0.118   integrators: -0.048 , 0.05
[INFO] [1775239987.975051269] [aic_model]: z_offset: 0.011
[INFO] [1775239987.975433163] [aic_model]: pfrac: 1.0 xy_error: 0.000311 0.118   integrators: -0.0477 , 0.05
[INFO] [1775239988.025023997] [aic_model]: z_offset: 0.0105
[INFO] [1775239988.025387116] [aic_model]: pfrac: 1.0 xy_error: 0.000305 0.118   integrators: -0.0474 , 0.05
[INFO] [1775239988.075074521] [aic_model]: z_offset: 0.01
[INFO] [1775239988.075469911] [aic_model]: pfrac: 1.0 xy_error: 0.00027 0.118   integrators: -0.0471 , 0.05
[INFO] [1775239988.077280377] [aic_model]: insert_cable execute loop
[INFO] [1775239988.125049735] [aic_model]: z_offset: 0.0095
[INFO] [1775239988.125446978] [aic_model]: pfrac: 1.0 xy_error: 0.000375 0.118   integrators: -0.0468 , 0.05
[INFO] [1775239988.175054102] [aic_model]: z_offset: 0.009
[INFO] [1775239988.175485980] [aic_model]: pfrac: 1.0 xy_error: 0.000358 0.118   integrators: -0.0464 , 0.05
[INFO] [1775239988.225066626] [aic_model]: z_offset: 0.0085
[INFO] [1775239988.225455212] [aic_model]: pfrac: 1.0 xy_error: 0.000365 0.118   integrators: -0.046 , 0.05
[INFO] [1775239988.275145312] [aic_model]: z_offset: 0.008
[INFO] [1775239988.275652000] [aic_model]: pfrac: 1.0 xy_error: 0.000366 0.118   integrators: -0.0457 , 0.05
[INFO] [1775239988.325077575] [aic_model]: z_offset: 0.0075
[INFO] [1775239988.325452787] [aic_model]: pfrac: 1.0 xy_error: 0.00036 0.118   integrators: -0.0453 , 0.05
[INFO] [1775239988.375069139] [aic_model]: z_offset: 0.007
[INFO] [1775239988.375444882] [aic_model]: pfrac: 1.0 xy_error: 0.000346 0.118   integrators: -0.045 , 0.05
[INFO] [1775239988.425076593] [aic_model]: z_offset: 0.0065
[INFO] [1775239988.425444280] [aic_model]: pfrac: 1.0 xy_error: 0.000286 0.118   integrators: -0.0447 , 0.05
[INFO] [1775239988.476540110] [aic_model]: z_offset: 0.006
[INFO] [1775239988.477058870] [aic_model]: pfrac: 1.0 xy_error: 0.000217 0.118   integrators: -0.0445 , 0.05
[INFO] [1775239988.527071393] [aic_model]: z_offset: 0.0055
[INFO] [1775239988.527483875] [aic_model]: pfrac: 1.0 xy_error: 0.00014 0.118   integrators: -0.0443 , 0.05
[INFO] [1775239988.577041246] [aic_model]: z_offset: 0.005
[INFO] [1775239988.577409906] [aic_model]: pfrac: 1.0 xy_error: 6.13e-05 0.118   integrators: -0.0443 , 0.05
[INFO] [1775239988.627329245] [aic_model]: z_offset: 0.0045
[INFO] [1775239988.628542033] [aic_model]: pfrac: 1.0 xy_error: -6.77e-06 0.118   integrators: -0.0443 , 0.05
[INFO] [1775239988.677083946] [aic_model]: z_offset: 0.004
[INFO] [1775239988.677462714] [aic_model]: pfrac: 1.0 xy_error: -3.27e-05 0.118   integrators: -0.0443 , 0.05
[INFO] [1775239988.727051965] [aic_model]: z_offset: 0.0035
[INFO] [1775239988.727432527] [aic_model]: pfrac: 1.0 xy_error: -3.54e-05 0.118   integrators: -0.0443 , 0.05
[INFO] [1775239988.777146291] [aic_model]: z_offset: 0.003
[INFO] [1775239988.777531793] [aic_model]: pfrac: 1.0 xy_error: -4.04e-05 0.118   integrators: -0.0444 , 0.05
[INFO] [1775239988.827145269] [aic_model]: z_offset: 0.0025
[INFO] [1775239988.827527734] [aic_model]: pfrac: 1.0 xy_error: -4.65e-05 0.118   integrators: -0.0444 , 0.05
[INFO] [1775239988.877089124] [aic_model]: z_offset: 0.002
[INFO] [1775239988.877474715] [aic_model]: pfrac: 1.0 xy_error: -5.18e-05 0.118   integrators: -0.0445 , 0.05
[INFO] [1775239988.927059608] [aic_model]: z_offset: 0.0015
[INFO] [1775239988.927427627] [aic_model]: pfrac: 1.0 xy_error: -5.26e-05 0.118   integrators: -0.0445 , 0.05
[INFO] [1775239988.977061061] [aic_model]: z_offset: 0.001
[INFO] [1775239988.977425773] [aic_model]: pfrac: 1.0 xy_error: -4.29e-05 0.118   integrators: -0.0446 , 0.05
[INFO] [1775239989.027046744] [aic_model]: z_offset: 0.0005
[INFO] [1775239989.027546258] [aic_model]: pfrac: 1.0 xy_error: -3.84e-05 0.118   integrators: -0.0446 , 0.05
[INFO] [1775239989.077884891] [aic_model]: z_offset: -1.6306e-16
[INFO] [1775239989.078145779] [aic_model]: insert_cable execute loop
[INFO] [1775239989.079074786] [aic_model]: pfrac: 1.0 xy_error: -4.15e-05 0.118   integrators: -0.0447 , 0.05
[INFO] [1775239989.129077050] [aic_model]: z_offset: -0.0005
[INFO] [1775239989.129461379] [aic_model]: pfrac: 1.0 xy_error: -4.35e-05 0.118   integrators: -0.0447 , 0.05
[INFO] [1775239989.179109721] [aic_model]: z_offset: -0.001
[INFO] [1775239989.179513496] [aic_model]: pfrac: 1.0 xy_error: -4.74e-05 0.118   integrators: -0.0448 , 0.05
[INFO] [1775239989.229032216] [aic_model]: z_offset: -0.0015
[INFO] [1775239989.229402468] [aic_model]: pfrac: 1.0 xy_error: -4.37e-05 0.118   integrators: -0.0448 , 0.05
[INFO] [1775239989.279067361] [aic_model]: z_offset: -0.002
[INFO] [1775239989.279481015] [aic_model]: pfrac: 1.0 xy_error: -4.02e-05 0.118   integrators: -0.0448 , 0.05
[INFO] [1775239989.329078842] [aic_model]: z_offset: -0.0025
[INFO] [1775239989.329503146] [aic_model]: pfrac: 1.0 xy_error: -4e-05 0.118   integrators: -0.0449 , 0.05
[INFO] [1775239989.379139886] [aic_model]: z_offset: -0.003
[INFO] [1775239989.379642055] [aic_model]: pfrac: 1.0 xy_error: -4.06e-05 0.118   integrators: -0.0449 , 0.05
[INFO] [1775239989.429031293] [aic_model]: z_offset: -0.0035
[INFO] [1775239989.429398429] [aic_model]: pfrac: 1.0 xy_error: -3.81e-05 0.118   integrators: -0.045 , 0.05
[INFO] [1775239989.479032144] [aic_model]: z_offset: -0.004
[INFO] [1775239989.479430068] [aic_model]: pfrac: 1.0 xy_error: -3.03e-05 0.118   integrators: -0.045 , 0.05
[INFO] [1775239989.529053634] [aic_model]: z_offset: -0.0045
[INFO] [1775239989.529424988] [aic_model]: pfrac: 1.0 xy_error: -2.1e-05 0.118   integrators: -0.045 , 0.05
[INFO] [1775239989.580510538] [aic_model]: z_offset: -0.005
[INFO] [1775239989.581264769] [aic_model]: pfrac: 1.0 xy_error: -2.48e-05 0.118   integrators: -0.045 , 0.05
[INFO] [1775239989.631026483] [aic_model]: z_offset: -0.0055
[INFO] [1775239989.631408678] [aic_model]: pfrac: 1.0 xy_error: -2.48e-05 0.118   integrators: -0.0451 , 0.05
[INFO] [1775239989.681034868] [aic_model]: z_offset: -0.006
[INFO] [1775239989.681407325] [aic_model]: pfrac: 1.0 xy_error: -2.43e-05 0.118   integrators: -0.0451 , 0.05
[INFO] [1775239989.732383541] [aic_model]: z_offset: -0.0065
[INFO] [1775239989.732912570] [aic_model]: pfrac: 1.0 xy_error: -2.36e-05 0.118   integrators: -0.0451 , 0.05
[INFO] [1775239989.783072148] [aic_model]: z_offset: -0.007
[INFO] [1775239989.783448472] [aic_model]: pfrac: 1.0 xy_error: -2.68e-05 0.118   integrators: -0.0451 , 0.05
[INFO] [1775239989.833042042] [aic_model]: z_offset: -0.0075
[INFO] [1775239989.833411382] [aic_model]: pfrac: 1.0 xy_error: -1.86e-05 0.118   integrators: -0.0451 , 0.05
[INFO] [1775239989.883060536] [aic_model]: z_offset: -0.008
[INFO] [1775239989.883435928] [aic_model]: pfrac: 1.0 xy_error: -1.73e-05 0.118   integrators: -0.0452 , 0.05
[INFO] [1775239989.933038635] [aic_model]: z_offset: -0.0085
[INFO] [1775239989.933406933] [aic_model]: pfrac: 1.0 xy_error: -1.88e-05 0.118   integrators: -0.0452 , 0.05
[INFO] [1775239989.983052610] [aic_model]: z_offset: -0.009
[INFO] [1775239989.983419507] [aic_model]: pfrac: 1.0 xy_error: -1.92e-05 0.118   integrators: -0.0452 , 0.05
[INFO] [1775239990.033042952] [aic_model]: z_offset: -0.0095
[INFO] [1775239990.033399679] [aic_model]: pfrac: 1.0 xy_error: -6.26e-06 0.118   integrators: -0.0452 , 0.05
[INFO] [1775239990.077365292] [aic_model]: insert_cable execute loop
[INFO] [1775239990.084014950] [aic_model]: z_offset: -0.01
[INFO] [1775239990.084936453] [aic_model]: pfrac: 1.0 xy_error: -1.64e-05 0.118   integrators: -0.0452 , 0.05
[INFO] [1775239990.135126608] [aic_model]: z_offset: -0.0105
[INFO] [1775239990.135635941] [aic_model]: pfrac: 1.0 xy_error: -1.62e-05 0.118   integrators: -0.0452 , 0.05
[INFO] [1775239990.185555480] [aic_model]: z_offset: -0.011
[INFO] [1775239990.186276379] [aic_model]: pfrac: 1.0 xy_error: -1.37e-05 0.118   integrators: -0.0453 , 0.05
[INFO] [1775239990.235096892] [aic_model]: z_offset: -0.0115
[INFO] [1775239990.235534972] [aic_model]: pfrac: 1.0 xy_error: -1.44e-05 0.118   integrators: -0.0453 , 0.05
[INFO] [1775239990.285070713] [aic_model]: z_offset: -0.012
[INFO] [1775239990.285448209] [aic_model]: pfrac: 1.0 xy_error: -1.77e-05 0.118   integrators: -0.0453 , 0.05
[INFO] [1775239990.335064892] [aic_model]: z_offset: -0.0125
[INFO] [1775239990.335429624] [aic_model]: pfrac: 1.0 xy_error: -1.9e-05 0.118   integrators: -0.0453 , 0.05
[INFO] [1775239990.385057137] [aic_model]: z_offset: -0.013
[INFO] [1775239990.385431838] [aic_model]: pfrac: 1.0 xy_error: -1.77e-05 0.118   integrators: -0.0453 , 0.05
[INFO] [1775239990.435061835] [aic_model]: z_offset: -0.0135
[INFO] [1775239990.435426678] [aic_model]: pfrac: 1.0 xy_error: -1.58e-05 0.118   integrators: -0.0453 , 0.05
[INFO] [1775239990.485043932] [aic_model]: z_offset: -0.014
[INFO] [1775239990.485412671] [aic_model]: pfrac: 1.0 xy_error: -7.75e-06 0.118   integrators: -0.0453 , 0.05
[INFO] [1775239990.535012803] [aic_model]: z_offset: -0.0145
[INFO] [1775239990.535381763] [aic_model]: pfrac: 1.0 xy_error: 3.16e-05 0.118   integrators: -0.0453 , 0.05
[INFO] [1775239990.585043089] [aic_model]: z_offset: -0.015
[INFO] [1775239990.585413652] [aic_model]: pfrac: 1.0 xy_error: 0.000103 0.118   integrators: -0.0452 , 0.05
[INFO] [1775239990.635063828] [aic_model]: Waiting for connector to stabilize...
[INFO] [1775239991.077312857] [aic_model]: insert_cable execute loop
[INFO] [1775239992.077354759] [aic_model]: insert_cable execute loop
[INFO] [1775239993.077281887] [aic_model]: insert_cable execute loop
[INFO] [1775239994.077322356] [aic_model]: insert_cable execute loop
[INFO] [1775239995.077307813] [aic_model]: insert_cable execute loop
[INFO] [1775239995.635179744] [aic_model]: CheatCode.insert_cable() exiting...
[INFO] [1775239996.077333696] [aic_model]: insert_cable() returned True
[INFO] [1775239997.175619033] [aic_model]: on_deactivate(LifecycleState(label='active', state_id=3))
[INFO] [1775239997.577889948] [aic_model]: on_cleanup(LifecycleState(label='inactive', state_id=2))
[INFO] [1775239997.578419188] [aic_model]: on_shutdown(LifecycleState(label='unconfigured', state_id=1))
[ros2run]: Received signal:  Terminated
[ros2run]: Received signal:  Terminated
Traceback (most recent call last):
Exception in thread Thread-1 (run_func):
  File "/home/weed/ws_aic/src/aic/.pixi/envs/default/lib/aic_model/aic_model", line 33, in <module>
Traceback (most recent call last):
  File "/home/weed/ws_aic/src/aic/.pixi/envs/default/lib/python3.12/threading.py", line 1075, in _bootstrap_inner
    sys.exit(load_entry_point('aic_model==0.0.1', 'console_scripts', 'aic_model')())
             ^^^^^^^^^^^^^^^^^^^^^^^^^^^^^^^^^^^^^^^^^^^^^^^^^^^^^^^^^^^^^^^^^^^^^^
  File "/home/weed/ws_aic/src/aic/.pixi/envs/default/lib/python3.12/site-packages/aic_model/aic_model.py", line 329, in main
    executor.spin()
  File "/home/weed/ws_aic/src/aic/.pixi/envs/default/lib/python3.12/site-packages/rclpy/executors.py", line 374, in spin
    self.run()
  File "/home/weed/ws_aic/src/aic/.pixi/envs/default/lib/python3.12/threading.py", line 1012, in run
    self.spin_once()
  File "/home/weed/ws_aic/src/aic/.pixi/envs/default/lib/python3.12/site-packages/rclpy/executors.py", line 1047, in spin_once
    self._target(*self._args, **self._kwargs)
  File "/home/weed/ws_aic/src/aic/.pixi/envs/default/lib/python3.12/site-packages/tf2_ros/transform_listener.py", line 115, in run_func
    self._spin_once_impl(timeout_sec)
    self.executor.spin()
  File "/home/weed/ws_aic/src/aic/.pixi/envs/default/lib/python3.12/site-packages/rclpy/executors.py", line 1026, in _spin_once_impl
  File "/home/weed/ws_aic/src/aic/.pixi/envs/default/lib/python3.12/site-packages/rclpy/executors.py", line 374, in spin
    handler, entity, node = self.wait_for_ready_callbacks(
                            ^^^^^^^^^^^^^^^^^^^^^^^^^^^^^^
  File "/home/weed/ws_aic/src/aic/.pixi/envs/default/lib/python3.12/site-packages/rclpy/executors.py", line 921, in wait_for_ready_callbacks
    self.spin_once()
  File "/home/weed/ws_aic/src/aic/.pixi/envs/default/lib/python3.12/site-packages/rclpy/executors.py", line 968, in spin_once
    return next(self._cb_iter)
    self._spin_once_impl(timeout_sec)
           ^^^^^^^^^^^^^^^^^^^
  File "/home/weed/ws_aic/src/aic/.pixi/envs/default/lib/python3.12/site-packages/rclpy/executors.py", line 951, in _spin_once_impl
  File "/home/weed/ws_aic/src/aic/.pixi/envs/default/lib/python3.12/site-packages/rclpy/executors.py", line 799, in _wait_for_ready_callbacks
    wait_set = _rclpy.WaitSet(
    handler, entity, node = self.wait_for_ready_callbacks(
               ^^^^^^^^^^^^^^^
                            ^^^^^^^^^^^^^^^^^^^^^^^^^^^^^^
rclpy._rclpy_pybind11.RCLError: failed to initialize wait set: the given context is not valid, either rcl_init() was not called or rcl_shutdown() was called., at /home/runner/conda-bld/bld/rattler-build_ros-kilted-rcl_1769484624/work/ros-kilted-rcl/src/work/src/rcl/wait.c:105
  File "/home/weed/ws_aic/src/aic/.pixi/envs/default/lib/python3.12/site-packages/rclpy/executors.py", line 921, in wait_for_ready_callbacks
    return next(self._cb_iter)
           ^^^^^^^^^^^^^^^^^^^
  File "/home/weed/ws_aic/src/aic/.pixi/envs/default/lib/python3.12/site-packages/rclpy/executors.py", line 827, in _wait_for_ready_callbacks
    raise ExternalShutdownException()
rclpy.executors.ExternalShutdownException
[ros2run]: Process exited with failure 1
