ZENOH_CONFIG_OVERRIDE_ROUTER=mode="router";listen/endpoints=["tcp/[::]:7447"];connect/endpoints=[];routing/router/peers_failover_brokering=true;transport/shared_memory/enabled=false
ZENOH_CONFIG_OVERRIDE_PEER=;transport/shared_memory/enabled=false
[2m2026-04-03T18:15:57.127196Z[0m [32m INFO[0m ThreadId(02) [2mzenoh::net::runtime[0m[2m:[0m Using ZID: 599e910a7fbcf698c05c6fb5fa04d9dc
[2m2026-04-03T18:15:57.127223Z[0m [33m WARN[0m ThreadId(02) [2mzenoh::net::routing::interceptor::authorization[0m[2m:[0m Rule 'deny_rule' flows list is not set. Setting it to both Ingress and Egress
[2m2026-04-03T18:15:57.127582Z[0m [32m INFO[0m ThreadId(02) [2mzenoh::net::runtime::orchestrator[0m[2m:[0m Zenoh can be reached at: tcp/[fd7a:115c:a1e0::ef01:8616]:7447
[2m2026-04-03T18:15:57.127585Z[0m [32m INFO[0m ThreadId(02) [2mzenoh::net::runtime::orchestrator[0m[2m:[0m Zenoh can be reached at: tcp/100.72.134.15:7447
[2m2026-04-03T18:15:57.127586Z[0m [32m INFO[0m ThreadId(02) [2mzenoh::net::runtime::orchestrator[0m[2m:[0m Zenoh can be reached at: tcp/[fe80::9df:42b2:b8a7:2ac4]:7447
[2m2026-04-03T18:15:57.127586Z[0m [32m INFO[0m ThreadId(02) [2mzenoh::net::runtime::orchestrator[0m[2m:[0m Zenoh can be reached at: tcp/172.30.1.38:7447
[INFO] [launch]: All log files can be found below /home/weed/.ros/log/2026-04-04-03-15-57-155903-aic_eval.weed-System-Product-Name-1287306
[INFO] [launch]: Default logging verbosity is set to INFO
[2m2026-04-03T18:15:57.368180Z[0m [32m INFO[0m acc-0 ThreadId(04) [2mzenoh::net::routing::interceptor::access_control[0m[2m:[0m eaddb9ff6cfedae22b53997b0771fbd6 did not match any configured ACL subject. Default permission `Allow` will be applied on all messages
[INFO] [robot_state_publisher-1]: process started with pid [1287403]
[INFO] [aic_adapter-2]: process started with pid [1287404]
[INFO] [component_container-3]: process started with pid [1287405]
[INFO] [gz-4]: process started with pid [1287406]
[INFO] [create-5]: process started with pid [1287407]
[INFO] [relay-6]: process started with pid [1287408]
[INFO] [static_transform_publisher-7]: process started with pid [1287409]
[2m2026-04-03T18:15:57.466322Z[0m [32m INFO[0m acc-0 ThreadId(04) [2mzenoh::net::routing::interceptor::access_control[0m[2m:[0m b34be2642c158daadaa8871a897c67ab did not match any configured ACL subject. Default permission `Allow` will be applied on all messages
[2m2026-04-03T18:15:57.466657Z[0m [32m INFO[0m acc-0 ThreadId(04) [2mzenoh::net::routing::interceptor::access_control[0m[2m:[0m 2788a29934213b6e0c0697579f1b6c94 did not match any configured ACL subject. Default permission `Allow` will be applied on all messages
[2m2026-04-03T18:15:57.466704Z[0m [32m INFO[0m acc-0 ThreadId(04) [2mzenoh::net::routing::interceptor::access_control[0m[2m:[0m caa50d1464d15f69251c98433f26ebd7 did not match any configured ACL subject. Default permission `Allow` will be applied on all messages
[2m2026-04-03T18:15:57.466733Z[0m [32m INFO[0m acc-0 ThreadId(04) [2mzenoh::net::routing::interceptor::access_control[0m[2m:[0m 9e7134ccd2dec4c3a14dcf9619accd79 did not match any configured ACL subject. Default permission `Allow` will be applied on all messages
[2m2026-04-03T18:15:57.466824Z[0m [32m INFO[0m acc-0 ThreadId(04) [2mzenoh::net::routing::interceptor::access_control[0m[2m:[0m 9168f80bf6fbd8ce7e0a0795e0fd5f32 did not match any configured ACL subject. Default permission `Allow` will be applied on all messages
[2m2026-04-03T18:15:57.471667Z[0m [32m INFO[0m acc-0 ThreadId(04) [2mzenoh::net::routing::interceptor::access_control[0m[2m:[0m c6594a61e56707395cd6e66ba964d7e5 did not match any configured ACL subject. Default permission `Allow` will be applied on all messages
[static_transform_publisher-7] [INFO] [1775240157.471611257] [ground_truth_static_tf_publisher]: Spinning until stopped - publishing transform
[static_transform_publisher-7] translation: ('0.000000', '0.000000', '0.000000')
[static_transform_publisher-7] rotation: ('0.000000', '0.000000', '0.000000', '1.000000')
[static_transform_publisher-7] from 'world' to 'aic_world'
[aic_adapter-2] [INFO] [1775240157.473505540] [aic_adapter_node]: Adapter node initialization complete.
[robot_state_publisher-1] [INFO] [1775240157.475963718] [robot_state_publisher]: Robot initialized
[create-5] [INFO] [1775240157.477287984] [ros_gz_sim]: Requesting list of world names.
[gz-4] qt.qpa.xcb: could not connect to display 
[gz-4] qt.qpa.plugin: Could not load the Qt platform plugin "xcb" in "" even though it was found.
[gz-4] This application failed to start because no Qt platform plugin could be initialized. Reinstalling the application may fix this problem.
[gz-4] 
[gz-4] Available platform plugins are: eglfs, linuxfb, minimal, minimalegl, offscreen, vnc, wayland-egl, wayland, wayland-xcomposite-egl, wayland-xcomposite-glx, xcb.
[gz-4] 
[gz-4] Stack trace (most recent call last):
[gz-4] #29   Object "[0xffffffffffffffff]", at 0xffffffffffffffff, in 
[gz-4] #28   Object "gz sim -g", at 0x6401269121d4, in _start
[gz-4] #27   Object "/lib/x86_64-linux-gnu/libc.so.6", at 0x796ede14328a, in __libc_start_main
[gz-4] #26   Object "/lib/x86_64-linux-gnu/libc.so.6", at 0x796ede1431c9, in 
[gz-4] #25   Object "gz sim -g", at 0x640126912186, in 
[gz-4] #24   Object "/lib/x86_64-linux-gnu/libruby-3.2.so.3.2", at 0x796ede5a9152, in ruby_run_node
[gz-4] #23   Object "/lib/x86_64-linux-gnu/libruby-3.2.so.3.2", at 0x796ede5a4e2b, in 
[gz-4] #22   Object "/lib/x86_64-linux-gnu/libruby-3.2.so.3.2", at 0x796ede747b49, in rb_vm_exec
[gz-4] #21   Object "/lib/x86_64-linux-gnu/libruby-3.2.so.3.2", at 0x796ede74462b, in 
[gz-4] #20   Object "/lib/x86_64-linux-gnu/libruby-3.2.so.3.2", at 0x796ede74013e, in 
[gz-4] #19   Object "/lib/x86_64-linux-gnu/libruby-3.2.so.3.2", at 0x796ede73d92f, in 
[gz-4] #18   Object "/usr/lib/x86_64-linux-gnu/ruby/3.2.0/fiddle.so", at 0x796edd807b13, in 
[gz-4] #17   Object "/lib/x86_64-linux-gnu/libruby-3.2.so.3.2", at 0x796ede70637b, in rb_nogvl
[gz-4] #16   Object "/usr/lib/x86_64-linux-gnu/ruby/3.2.0/fiddle.so", at 0x796edd80743b, in 
[gz-4] #15   Object "/lib/x86_64-linux-gnu/libffi.so.8", at 0x796ed92fb0bd, in ffi_call
[gz-4] #14   Object "/lib/x86_64-linux-gnu/libffi.so.8", at 0x796ed92f83ee, in 
[gz-4] #13   Object "/lib/x86_64-linux-gnu/libffi.so.8", at 0x796ed92fbb15, in 
[gz-4] #12   Object "/ws_aic/install/lib/libgz-sim9-gz.so.9.5.0", at 0x796ed87f3a65, in runGui
[gz-4] #11   Object "/ws_aic/install/lib/libgz-sim9-gui.so.9", at 0x796ed8626c8c, in gz::sim::v9::gui::runGui(int&, char**, char const*, char const*, int, char const*, char const*)
[gz-4] #10   Object "/ws_aic/install/lib/libgz-sim9-gui.so.9", at 0x796ed8623970, in gz::sim::v9::gui::createGui(int&, char**, char const*, char const*, bool, char const*, int, char const*, char const*)
[gz-4] #9    Object "/ws_aic/install/lib/libgz-gui9.so.9", at 0x796ed71f866b, in gz::gui::Application::Application(int&, char**, gz::gui::WindowType, char const*)
[gz-4] #8    Object "/lib/x86_64-linux-gnu/libQt5Widgets.so.5", at 0x796ed627b5b4, in QApplicationPrivate::init()
[gz-4] #7    Object "/lib/x86_64-linux-gnu/libQt5Gui.so.5", at 0x796ed5b51b9e, in QGuiApplicationPrivate::init()
[gz-4] #6    Object "/lib/x86_64-linux-gnu/libQt5Core.so.5", at 0x796ed7558ff4, in QCoreApplicationPrivate::init()
[gz-4] #5    Object "/lib/x86_64-linux-gnu/libQt5Gui.so.5", at 0x796ed5b4ec1f, in QGuiApplicationPrivate::createEventDispatcher()
[gz-4] #4    Object "/lib/x86_64-linux-gnu/libQt5Gui.so.5", at 0x796ed5b4e6dc, in QGuiApplicationPrivate::createPlatformIntegration()
[gz-4] #3    Object "/lib/x86_64-linux-gnu/libQt5Core.so.5", at 0x796ed730b103, in QMessageLogger::fatal(char const*, ...) const
[gz-4] #2    Object "/lib/x86_64-linux-gnu/libc.so.6", at 0x796ede1418fe, in abort
[gz-4] #1    Object "/lib/x86_64-linux-gnu/libc.so.6", at 0x796ede15e27d, in gsignal
[gz-4] #0    Object "/lib/x86_64-linux-gnu/libc.so.6", at 0x796ede1b7b2c, in pthread_kill
[gz-4] Aborted (Signal sent by tkill() 1287406 0)
[component_container-3] [INFO] [1775240157.628031769] [ros_gz_container]: Load Library: /ws_aic/install/lib/libgzserver_component.so
Started Zenoh router with id 599e910a7fbcf698c05c6fb5fa04d9dc
[component_container-3] [INFO] [1775240157.643840528] [ros_gz_container]: Found class: rclcpp_components::NodeFactoryTemplate<ros_gz_sim::GzServer>
[component_container-3] [INFO] [1775240157.643875473] [ros_gz_container]: Instantiate class: rclcpp_components::NodeFactoryTemplate<ros_gz_sim::GzServer>
[ERROR] [gz-4]: process has died [pid 1287406, exit code -6, cmd 'gz sim -g'].
[INFO] [launch_ros.actions.load_composable_nodes]: Loaded node '/gz_server' in container '/ros_gz_container'
[component_container-3] [INFO] [1775240157.645075517] [ros_gz_container]: Load Library: /ws_aic/install/lib/libros_gz_bridge.so
[component_container-3] [INFO] [1775240157.660031411] [ros_gz_container]: Found class: rclcpp_components::NodeFactoryTemplate<ros_gz_bridge::RosGzBridge>
[component_container-3] [INFO] [1775240157.660042332] [ros_gz_container]: Instantiate class: rclcpp_components::NodeFactoryTemplate<ros_gz_bridge::RosGzBridge>
[INFO] [launch_ros.actions.load_composable_nodes]: Loaded node '/ros_gz_bridge' in container 'ros_gz_container'
[component_container-3] (2026-04-04 03:15:57.683) [info] [ServerPrivate.cc:664] Loading SDF world file[/ws_aic/install/share/aic_description/world/aic.sdf].
[2m2026-04-03T18:15:58.077327Z[0m [32m INFO[0m acc-0 ThreadId(04) [2mzenoh::net::routing::interceptor::access_control[0m[2m:[0m 37fdafe7d83a2c9456637adda379d21f did not match any configured ACL subject. Default permission `Allow` will be applied on all messages
[2m2026-04-03T18:15:58.077387Z[0m [32m INFO[0m acc-0 ThreadId(04) [2mzenoh::net::routing::interceptor::access_control[0m[2m:[0m 3590225cfa4455f88849cfc8c741f1ed did not match any configured ACL subject. Default permission `Allow` will be applied on all messages
[2m2026-04-03T18:15:58.078476Z[0m [32m INFO[0m acc-0 ThreadId(04) [2mzenoh::net::routing::interceptor::access_control[0m[2m:[0m 30efd4450f30c3ec893c039463e21a66 did not match any configured ACL subject. Default permission `Allow` will be applied on all messages
[2m2026-04-03T18:15:58.079452Z[0m [32m INFO[0m acc-0 ThreadId(04) [2mzenoh::net::routing::interceptor::access_control[0m[2m:[0m 4fbe757f1ba9f503fa947f0fa6eb3bde did not match any configured ACL subject. Default permission `Allow` will be applied on all messages
[2m2026-04-03T18:15:58.079644Z[0m [32m INFO[0m acc-0 ThreadId(04) [2mzenoh::net::routing::interceptor::access_control[0m[2m:[0m d540a1e176999ba73ccbc7825b14df0d did not match any configured ACL subject. Default permission `Allow` will be applied on all messages
[2m2026-04-03T18:15:58.080746Z[0m [32m INFO[0m acc-0 ThreadId(04) [2mzenoh::net::routing::interceptor::access_control[0m[2m:[0m d1405f495974fa755b67e99c41a0dd25 did not match any configured ACL subject. Default permission `Allow` will be applied on all messages
[2m2026-04-03T18:15:58.082913Z[0m [32m INFO[0m acc-0 ThreadId(04) [2mzenoh::net::routing::interceptor::access_control[0m[2m:[0m b07c7ef2cb95281443c6112a2d7541e5 did not match any configured ACL subject. Default permission `Allow` will be applied on all messages
[2m2026-04-03T18:15:58.086169Z[0m [32m INFO[0m acc-0 ThreadId(04) [2mzenoh::net::routing::interceptor::access_control[0m[2m:[0m 3bd9d907b427f1aabcce4811eed14488 did not match any configured ACL subject. Default permission `Allow` will be applied on all messages
[component_container-3] [INFO] [1775240158.671426203] [ros_gz_bridge]: Creating GZ->ROS Bridge: [/clock (gz.msgs.Clock) -> /clock (rosgraph_msgs/msg/Clock)] (Lazy 0)
[component_container-3] [INFO] [1775240158.672342217] [ros_gz_bridge]: Creating GZ->ROS Bridge: [/left_camera/image (gz.msgs.Image) -> /left_camera/image (sensor_msgs/msg/Image)] (Lazy 1)
[component_container-3] [INFO] [1775240158.673148054] [ros_gz_bridge]: Creating GZ->ROS Bridge: [/center_camera/image (gz.msgs.Image) -> /center_camera/image (sensor_msgs/msg/Image)] (Lazy 1)
[component_container-3] [INFO] [1775240158.673365881] [ros_gz_bridge]: Creating GZ->ROS Bridge: [/right_camera/image (gz.msgs.Image) -> /right_camera/image (sensor_msgs/msg/Image)] (Lazy 1)
[component_container-3] [INFO] [1775240158.673555957] [ros_gz_bridge]: Creating GZ->ROS Bridge: [/left_camera/camera_info (gz.msgs.CameraInfo) -> /left_camera/camera_info (sensor_msgs/msg/CameraInfo)] (Lazy 1)
[component_container-3] [INFO] [1775240158.673797749] [ros_gz_bridge]: Creating GZ->ROS Bridge: [/center_camera/camera_info (gz.msgs.CameraInfo) -> /center_camera/camera_info (sensor_msgs/msg/CameraInfo)] (Lazy 1)
[component_container-3] [INFO] [1775240158.673948992] [ros_gz_bridge]: Creating GZ->ROS Bridge: [/right_camera/camera_info (gz.msgs.CameraInfo) -> /right_camera/camera_info (sensor_msgs/msg/CameraInfo)] (Lazy 1)
[component_container-3] [INFO] [1775240158.674103952] [ros_gz_bridge]: Creating GZ->ROS Bridge: [/aic/gazebo/contacts/off_limit (gz.msgs.Contacts) -> /aic/gazebo/contacts/off_limit (ros_gz_interfaces/msg/Contacts)] (Lazy 1)
[component_container-3] [INFO] [1775240158.674732648] [ros_gz_bridge]: Creating GZ->ROS Bridge: [/cable_0/pose (gz.msgs.Pose_V) -> /scoring/tf (tf2_msgs/msg/TFMessage)] (Lazy 1)
[component_container-3] [INFO] [1775240158.675289239] [ros_gz_bridge]: Creating GZ->ROS Bridge: [/cable_1/pose (gz.msgs.Pose_V) -> /scoring/tf (tf2_msgs/msg/TFMessage)] (Lazy 1)
[component_container-3] [INFO] [1775240158.675482681] [ros_gz_bridge]: Creating GZ->ROS Bridge: [/cable_2/pose (gz.msgs.Pose_V) -> /scoring/tf (tf2_msgs/msg/TFMessage)] (Lazy 1)
[component_container-3] [INFO] [1775240158.675622202] [ros_gz_bridge]: Creating GZ->ROS Bridge: [/cable_3/pose (gz.msgs.Pose_V) -> /scoring/tf (tf2_msgs/msg/TFMessage)] (Lazy 1)
[component_container-3] [INFO] [1775240158.675747837] [ros_gz_bridge]: Creating GZ->ROS Bridge: [/cable_4/pose (gz.msgs.Pose_V) -> /scoring/tf (tf2_msgs/msg/TFMessage)] (Lazy 1)
[component_container-3] [INFO] [1775240158.675863774] [ros_gz_bridge]: Creating GZ->ROS Bridge: [/task_board/pose_static (gz.msgs.Pose_V) -> /scoring/tf (tf2_msgs/msg/TFMessage)] (Lazy 1)
[component_container-3] [INFO] [1775240158.675977867] [ros_gz_bridge]: Creating GZ->ROS Bridge: [/cable_0/insertion_event (gz.msgs.StringMsg) -> /scoring/insertion_event (std_msgs/msg/String)] (Lazy 1)
[component_container-3] [INFO] [1775240158.676235679] [ros_gz_bridge]: Creating GZ->ROS Bridge: [/cable_1/insertion_event (gz.msgs.StringMsg) -> /scoring/insertion_event (std_msgs/msg/String)] (Lazy 1)
[component_container-3] (2026-04-04 03:15:59.661) [info] [SystemManager.cc:54] Serving entity system service on [/entity/system/add]
[component_container-3] (2026-04-04 03:15:59.664) [info] [UserCommands.cc:752] Create service on [/world/aic_world/create_multiple] (async)
[component_container-3] (2026-04-04 03:15:59.664) [info] [UserCommands.cc:754] Create service on [/world/aic_world/create_multiple/blocking] (blocking)
[component_container-3] (2026-04-04 03:15:59.664) [info] [UserCommands.cc:752] Remove service on [/world/aic_world/remove] (async)
[component_container-3] (2026-04-04 03:15:59.664) [info] [UserCommands.cc:754] Remove service on [/world/aic_world/remove/blocking] (blocking)
[component_container-3] (2026-04-04 03:15:59.664) [info] [UserCommands.cc:752] Pose service on [/world/aic_world/set_pose] (async)
[component_container-3] (2026-04-04 03:15:59.664) [info] [UserCommands.cc:754] Pose service on [/world/aic_world/set_pose/blocking] (blocking)
[component_container-3] (2026-04-04 03:15:59.664) [info] [UserCommands.cc:752] Pose service on [/world/aic_world/set_pose_vector] (async)
[component_container-3] (2026-04-04 03:15:59.664) [info] [UserCommands.cc:754] Pose service on [/world/aic_world/set_pose_vector/blocking] (blocking)
[component_container-3] (2026-04-04 03:15:59.664) [info] [UserCommands.cc:752] Light configuration service on [/world/aic_world/light_config] (async)
[component_container-3] (2026-04-04 03:15:59.664) [info] [UserCommands.cc:754] Light configuration service on [/world/aic_world/light_config/blocking] (blocking)
[component_container-3] (2026-04-04 03:15:59.665) [info] [UserCommands.cc:752] Physics service on [/world/aic_world/set_physics] (async)
[component_container-3] (2026-04-04 03:15:59.665) [info] [UserCommands.cc:754] Physics service on [/world/aic_world/set_physics/blocking] (blocking)
[component_container-3] (2026-04-04 03:15:59.665) [info] [UserCommands.cc:752] SphericalCoordinates service on [/world/aic_world/set_spherical_coordinates] (async)
[component_container-3] (2026-04-04 03:15:59.665) [info] [UserCommands.cc:754] SphericalCoordinates service on [/world/aic_world/set_spherical_coordinates/blocking] (blocking)
[component_container-3] (2026-04-04 03:15:59.665) [info] [UserCommands.cc:752] Enable collision service on [/world/aic_world/enable_collision] (async)
[component_container-3] (2026-04-04 03:15:59.665) [info] [UserCommands.cc:754] Enable collision service on [/world/aic_world/enable_collision/blocking] (blocking)
[component_container-3] (2026-04-04 03:15:59.665) [info] [UserCommands.cc:752] Disable collision service on [/world/aic_world/disable_collision] (async)
[component_container-3] (2026-04-04 03:15:59.665) [info] [UserCommands.cc:754] Disable collision service on [/world/aic_world/disable_collision/blocking] (blocking)
[component_container-3] (2026-04-04 03:15:59.665) [info] [UserCommands.cc:752] Material service on [/world/aic_world/visual_config] (async)
[component_container-3] (2026-04-04 03:15:59.665) [info] [UserCommands.cc:754] Material service on [/world/aic_world/visual_config/blocking] (blocking)
[component_container-3] (2026-04-04 03:15:59.665) [info] [UserCommands.cc:752] Material service on [/world/aic_world/wheel_slip] (async)
[component_container-3] (2026-04-04 03:15:59.665) [info] [UserCommands.cc:754] Material service on [/world/aic_world/wheel_slip/blocking] (blocking)
[component_container-3] (2026-04-04 03:15:59.665) [debug] [SystemManager.cc:80] Loaded system [gz::sim::systems::UserCommands] for entity [1]
[component_container-3] (2026-04-04 03:15:59.684) [debug] [Physics.cc:967] Loaded [gz::physics::bullet_featherstone::Plugin] from library [/ws_aic/install/lib/gz-physics-8/engine-plugins/libgz-physics-bullet-featherstone-plugin.so]
[component_container-3] (2026-04-04 03:15:59.684) [debug] [SystemManager.cc:80] Loaded system [gz::sim::systems::Physics] for entity [1]
[component_container-3] (2026-04-04 03:15:59.688) [debug] [Sensors.cc:697] Configuring Sensors system
[component_container-3] (2026-04-04 03:15:59.688) [debug] [Sensors.cc:557] SensorsPrivate::Run
[component_container-3] (2026-04-04 03:15:59.688) [debug] [SystemManager.cc:80] Loaded system [gz::sim::systems::Sensors] for entity [1]
[component_container-3] (2026-04-04 03:15:59.688) [debug] [Sensors.cc:532] SensorsPrivate::RenderThread started
[component_container-3] (2026-04-04 03:15:59.688) [debug] [Sensors.cc:337] Waiting for init
[component_container-3] (2026-04-04 03:15:59.689) [debug] [ScoringPlugin.cc:45] aic_gazebo::ScoringPlugin::Configure on entity: 1
[component_container-3] (2026-04-04 03:15:59.689) [debug] [SystemManager.cc:80] Loaded system [aic_gazebo::ScoringPlugin] for entity [1]
[component_container-3] (2026-04-04 03:15:59.690) [debug] [WorldSdfGeneratorPlugin.cc:47] aic_gazebo::WorldSdfGeneratorPlugin::Configure
[component_container-3] (2026-04-04 03:15:59.690) [debug] [SystemManager.cc:80] Loaded system [aic_gazebo::WorldSdfGeneratorPlugin] for entity [1]
[component_container-3] (2026-04-04 03:15:59.691) [debug] [SystemManager.cc:80] Loaded system [gz::sim::systems::Contact] for entity [1]
[component_container-3] (2026-04-04 03:15:59.691) [info] [LevelManager.cc:646] Loaded level [default]
[component_container-3] (2026-04-04 03:15:59.691) [debug] [ServerConfig.cc:1025] Loading (3) plugins from file [/home/weed/.gz/sim/9/server.config]
[component_container-3] (2026-04-04 03:15:59.691) [debug] [SimulationRunner.cc:1696] Additional plugins to load:
[component_container-3] (2026-04-04 03:15:59.691) [debug] [SimulationRunner.cc:1699] gz::sim::systems::SceneBroadcaster gz-sim-scene-broadcaster-system
[component_container-3] (2026-04-04 03:15:59.692) [debug] [SystemManager.cc:80] Loaded system [gz::sim::systems::SceneBroadcaster] for entity [1]
[component_container-3] (2026-04-04 03:15:59.692) [info] [SimulationRunner.cc:275] Serving world controls on [/world/aic_world/control], [/world/aic_world/control/state] and [/world/aic_world/playback/control]
[component_container-3] (2026-04-04 03:15:59.693) [info] [SimulationRunner.cc:301] Serving GUI information on [/world/aic_world/gui/info]
[component_container-3] (2026-04-04 03:15:59.693) [info] [SimulationRunner.cc:304] World [aic_world] initialized with [2ms] physics profile.
[component_container-3] (2026-04-04 03:15:59.693) [info] [SimulationRunner.cc:311] Serving world SDF generation service on [/world/aic_world/generate_world_sdf]
[component_container-3] (2026-04-04 03:15:59.693) [info] [ServerPrivate.cc:344] Serving world names on [/gazebo/worlds]
[component_container-3] (2026-04-04 03:15:59.693) [info] [ServerPrivate.cc:357] Resource path add service on [/gazebo/resource_paths/add].
[component_container-3] (2026-04-04 03:15:59.693) [info] [ServerPrivate.cc:370] Resource path get service on [/gazebo/resource_paths/get].
[component_container-3] (2026-04-04 03:15:59.693) [info] [ServerPrivate.cc:385] Resource path resolve service on [/gazebo/resource_paths/resolve].
[component_container-3] (2026-04-04 03:15:59.693) [info] [ServerPrivate.cc:399] Resource paths published on [/gazebo/resource_paths].
[component_container-3] (2026-04-04 03:15:59.693) [info] [ServerPrivate.cc:412] Server control service on [/server_control].
[component_container-3] (2026-04-04 03:15:59.793) [info] [SimulationRunner.cc:769] Found no publishers on /stats, adding root stats topic
[component_container-3] (2026-04-04 03:15:59.793) [info] [SimulationRunner.cc:803] Found no publishers on /clock, adding root clock topic
[component_container-3] (2026-04-04 03:15:59.793) [debug] [SimulationRunner.cc:573] Creating PostUpdate worker threads: 5
[component_container-3] (2026-04-04 03:15:59.793) [debug] [SimulationRunner.cc:584] Creating postupdate worker thread (0)
[component_container-3] (2026-04-04 03:15:59.793) [debug] [SimulationRunner.cc:584] Creating postupdate worker thread (1)
[component_container-3] (2026-04-04 03:15:59.793) [debug] [SimulationRunner.cc:584] Creating postupdate worker thread (2)
[component_container-3] (2026-04-04 03:15:59.794) [debug] [SimulationRunner.cc:584] Creating postupdate worker thread (3)
[create-5] [INFO] [1775240159.794094986] [ros_gz_sim]: Entity creation successful.
[INFO] [create-5]: process has finished cleanly [pid 1287407]
[INFO] [spawner-8]: process started with pid [1287667]
[INFO] [spawner-9]: process started with pid [1287668]
[component_container-3] [1;33mWarning [Utils.cc:119][0m [/sdf/model[@name="ur"]/link[@name="center_camera/sensor_link"]/sensor[@name="center_camera"]/camera[@name="center_camera"]/optical_frame_id]: SDF Element[optical_frame_id] is deprecated
[component_container-3] [1;33mWarning [Utils.cc:119][0m [/sdf/model[@name="ur"]/link[@name="left_camera/sensor_link"]/sensor[@name="left_camera"]/camera[@name="left_camera"]/optical_frame_id]: SDF Element[optical_frame_id] is deprecated
[component_container-3] [1;33mWarning [Utils.cc:119][0m [/sdf/model[@name="ur"]/link[@name="right_camera/sensor_link"]/sensor[@name="right_camera"]/camera[@name="right_camera"]/optical_frame_id]: SDF Element[optical_frame_id] is deprecated
[component_container-3] [WARN] [1775240159.872844160] [rcl.logging_rosout]: Publisher already registered for node name: 'ros_gz_container'. If this is due to multiple nodes with the same name then all logs for the logger named 'ros_gz_container' will go out over the existing publisher. As soon as any node with that name is destructed it will unregister the publisher, preventing any further logs for that name from being published on the rosout topic.
[component_container-3] [INFO] [1775240159.874158819] [ros_gz_container]: [gz_ros2_control] Fixed joint [tabletop_joint] (Entity=101)] is skipped
[component_container-3] [INFO] [1775240159.874185389] [ros_gz_container]: [gz_ros2_control] Fixed joint [center_camera/attach_sensor_link] (Entity=108)] is skipped
[component_container-3] [INFO] [1775240159.874205536] [ros_gz_container]: [gz_ros2_control] Fixed joint [center_camera/attach_optical] (Entity=109)] is skipped
[component_container-3] [INFO] [1775240159.874227087] [ros_gz_container]: [gz_ros2_control] Fixed joint [ati/attach_joint] (Entity=110)] is skipped
[component_container-3] [INFO] [1775240159.874230944] [ros_gz_container]: [gz_ros2_control] Fixed joint [left_camera/attach_sensor_link] (Entity=114)] is skipped
[component_container-3] [INFO] [1775240159.874233609] [ros_gz_container]: [gz_ros2_control] Fixed joint [left_camera/attach_optical] (Entity=115)] is skipped
[component_container-3] [INFO] [1775240159.874235883] [ros_gz_container]: [gz_ros2_control] Fixed joint [right_camera/attach_sensor_link] (Entity=116)] is skipped
[component_container-3] [INFO] [1775240159.874238057] [ros_gz_container]: [gz_ros2_control] Fixed joint [right_camera/attach_optical] (Entity=117)] is skipped
[component_container-3] [INFO] [1775240159.874870220] [ros_gz_container]: Loading controller_manager
[component_container-3] [INFO] [1775240159.879081997] [controller_manager]: Using ROS clock for triggering controller manager cycles.
[component_container-3] [INFO] [1775240159.880251344] [controller_manager]: Subscribing to '/robot_description' topic for robot description.
[component_container-3] [INFO] [1775240159.881557988] [controller_manager]: Enforcing command limits is enabled...
[component_container-3] [WARN] [1775240159.881582434] [ros_gz_container]: Waiting RM to load and initialize hardware...
[component_container-3] [INFO] [1775240159.881660560] [controller_manager]: Received robot description from topic.
[component_container-3] [INFO] [1775240159.883304786] [ros_gz_container]: Using JointLimiter for joint 'gripper/left_finger_joint' in hardware 'gripper' : '  has position limits: true [0, 0.025]
[component_container-3]   has velocity limits: true [0.05]
[component_container-3]   has acceleration limits: false [nan]
[component_container-3]   has deceleration limits: false [nan]
[component_container-3]   has jerk limits: false [nan]
[component_container-3]   has effort limits: true [20]
[component_container-3]   angle wraparound: false'
[component_container-3] [INFO] [1775240159.883324492] [ros_gz_container]: Creating JointSaturationLimiter for joint 'gripper/left_finger_joint' in hardware 'gripper'
[component_container-3] [INFO] [1775240159.883340252] [ros_gz_container]: Using JointLimiter for joint 'wrist_3_joint' in hardware 'ControlSystem' : '  has position limits: true [-6.28319, 6.28319]
[component_container-3]   has velocity limits: true [3.14159]
[component_container-3]   has acceleration limits: false [nan]
[component_container-3]   has deceleration limits: false [nan]
[component_container-3]   has jerk limits: false [nan]
[component_container-3]   has effort limits: true [28]
[component_container-3]   angle wraparound: false'
[component_container-3] [INFO] [1775240159.883343759] [ros_gz_container]: Creating JointSaturationLimiter for joint 'wrist_3_joint' in hardware 'ControlSystem'
[component_container-3] [INFO] [1775240159.883348407] [ros_gz_container]: Using JointLimiter for joint 'wrist_2_joint' in hardware 'ControlSystem' : '  has position limits: true [-6.28319, 6.28319]
[component_container-3]   has velocity limits: true [3.14159]
[component_container-3]   has acceleration limits: false [nan]
[component_container-3]   has deceleration limits: false [nan]
[component_container-3]   has jerk limits: false [nan]
[component_container-3]   has effort limits: true [28]
[component_container-3]   angle wraparound: false'
[component_container-3] [INFO] [1775240159.883350952] [ros_gz_container]: Creating JointSaturationLimiter for joint 'wrist_2_joint' in hardware 'ControlSystem'
[component_container-3] [INFO] [1775240159.883354789] [ros_gz_container]: Using JointLimiter for joint 'wrist_1_joint' in hardware 'ControlSystem' : '  has position limits: true [-6.28319, 6.28319]
[component_container-3]   has velocity limits: true [3.14159]
[component_container-3]   has acceleration limits: false [nan]
[component_container-3]   has deceleration limits: false [nan]
[component_container-3]   has jerk limits: false [nan]
[component_container-3]   has effort limits: true [28]
[component_container-3]   angle wraparound: false'
[component_container-3] [INFO] [1775240159.883357164] [ros_gz_container]: Creating JointSaturationLimiter for joint 'wrist_1_joint' in hardware 'ControlSystem'
[component_container-3] [INFO] [1775240159.883360881] [ros_gz_container]: Using JointLimiter for joint 'elbow_joint' in hardware 'ControlSystem' : '  has position limits: true [-3.14159, 3.14159]
[component_container-3]   has velocity limits: true [3.14159]
[component_container-3]   has acceleration limits: false [nan]
[component_container-3]   has deceleration limits: false [nan]
[component_container-3]   has jerk limits: false [nan]
[component_container-3]   has effort limits: true [150]
[component_container-3]   angle wraparound: false'
[component_container-3] [INFO] [1775240159.883363095] [ros_gz_container]: Creating JointSaturationLimiter for joint 'elbow_joint' in hardware 'ControlSystem'
[component_container-3] [INFO] [1775240159.883367162] [ros_gz_container]: Using JointLimiter for joint 'shoulder_lift_joint' in hardware 'ControlSystem' : '  has position limits: true [-6.28319, 6.28319]
[component_container-3]   has velocity limits: true [3.14159]
[component_container-3]   has acceleration limits: false [nan]
[component_container-3]   has deceleration limits: false [nan]
[component_container-3]   has jerk limits: false [nan]
[component_container-3]   has effort limits: true [150]
[component_container-3]   angle wraparound: false'
[component_container-3] [INFO] [1775240159.883378764] [ros_gz_container]: Creating JointSaturationLimiter for joint 'shoulder_lift_joint' in hardware 'ControlSystem'
[component_container-3] [INFO] [1775240159.883382992] [ros_gz_container]: Using JointLimiter for joint 'shoulder_pan_joint' in hardware 'ControlSystem' : '  has position limits: true [-6.28319, 6.28319]
[component_container-3]   has velocity limits: true [3.14159]
[component_container-3]   has acceleration limits: false [nan]
[component_container-3]   has deceleration limits: false [nan]
[component_container-3]   has jerk limits: false [nan]
[component_container-3]   has effort limits: true [150]
[component_container-3]   angle wraparound: false'
[component_container-3] [INFO] [1775240159.883385436] [ros_gz_container]: Creating JointSaturationLimiter for joint 'shoulder_pan_joint' in hardware 'ControlSystem'
[component_container-3] [INFO] [1775240159.885421986] [ros_gz_container]: The position_proportional_gain has been set to: 0.1
[component_container-3] [INFO] [1775240159.885453745] [ros_gz_container]: Loading joint: gripper/left_finger_joint
[component_container-3] [INFO] [1775240159.885457222] [ros_gz_container]: 	State:
[component_container-3] [INFO] [1775240159.885461380] [ros_gz_container]: 		 position
[component_container-3] [INFO] [1775240159.885469344] [ros_gz_container]: 			 found initial value: 0.007300
[component_container-3] [INFO] [1775240159.885472380] [ros_gz_container]: 		 velocity
[component_container-3] [INFO] [1775240159.885478321] [ros_gz_container]: 			 found initial value: 0.000000
[component_container-3] [INFO] [1775240159.885480896] [ros_gz_container]: 		 effort
[component_container-3] [INFO] [1775240159.885484914] [ros_gz_container]: 			 found initial value: 0.000000
[component_container-3] [INFO] [1775240159.885487288] [ros_gz_container]: 	Command:
[component_container-3] [INFO] [1775240159.885489412] [ros_gz_container]: 		 position
[component_container-3] [INFO] [1775240159.885496104] [ros_gz_container]: 		 effort
[component_container-3] [INFO] [1775240159.885550216] [ros_gz_container]: Loading sensor: AtiForceTorqueSensor
[component_container-3] [INFO] [1775240159.885553812] [ros_gz_container]: 	State:
[component_container-3] [INFO] [1775240159.885603646] [ros_gz_container]: Initialize hardware 'gripper' 
[component_container-3] [WARN] [1775240159.885684216] [rcl.logging_rosout]: Publisher already registered for node name: 'ros_gz_container'. If this is due to multiple nodes with the same name then all logs for the logger named 'ros_gz_container' will go out over the existing publisher. As soon as any node with that name is destructed it will unregister the publisher, preventing any further logs for that name from being published on the rosout topic.
[component_container-3] [INFO] [1775240159.886373385] [ros_gz_container.hardware_component.system.gripper]: `status_publish_rate` is set to 0.0, hardware status publisher will not be created.
[component_container-3] [INFO] [1775240159.886438587] [ros_gz_container]: Successful initialization of hardware 'gripper'
[component_container-3] [INFO] [1775240159.886599759] [ros_gz_container]: The position_proportional_gain has been set to: 0.1
[component_container-3] [INFO] [1775240159.886616750] [ros_gz_container]: Loading joint: shoulder_pan_joint
[component_container-3] [INFO] [1775240159.886619365] [ros_gz_container]: 	State:
[component_container-3] [INFO] [1775240159.886621740] [ros_gz_container]: 		 position
[component_container-3] [INFO] [1775240159.886628262] [ros_gz_container]: 			 found initial value: -0.159700
[component_container-3] [INFO] [1775240159.886632239] [ros_gz_container]: 		 velocity
[component_container-3] [INFO] [1775240159.886635576] [ros_gz_container]: 			 found initial value: 0.000000
[component_container-3] [INFO] [1775240159.886638331] [ros_gz_container]: 		 effort
[component_container-3] [INFO] [1775240159.886641116] [ros_gz_container]: 			 found initial value: 0.000000
[component_container-3] [INFO] [1775240159.886643390] [ros_gz_container]: 	Command:
[component_container-3] [INFO] [1775240159.886645334] [ros_gz_container]: 		 position
[component_container-3] [INFO] [1775240159.886651636] [ros_gz_container]: 		 velocity
[component_container-3] [INFO] [1775240159.886656174] [ros_gz_container]: 		 effort
[component_container-3] [INFO] [1775240159.886663518] [ros_gz_container]: Loading joint: shoulder_lift_joint
[component_container-3] [INFO] [1775240159.886665421] [ros_gz_container]: 	State:
[component_container-3] [INFO] [1775240159.886667335] [ros_gz_container]: 		 position
[component_container-3] [INFO] [1775240159.886670000] [ros_gz_container]: 			 found initial value: -1.354200
[component_container-3] [INFO] [1775240159.886672124] [ros_gz_container]: 		 velocity
[component_container-3] [INFO] [1775240159.886676713] [ros_gz_container]: 			 found initial value: 0.000000
[component_container-3] [INFO] [1775240159.886679428] [ros_gz_container]: 		 effort
[component_container-3] [INFO] [1775240159.886688685] [ros_gz_container]: 			 found initial value: 0.000000
[component_container-3] [INFO] [1775240159.886690689] [ros_gz_container]: 	Command:
[component_container-3] [INFO] [1775240159.886692432] [ros_gz_container]: 		 position
[component_container-3] [INFO] [1775240159.886695448] [ros_gz_container]: 		 velocity
[component_container-3] [INFO] [1775240159.886698173] [ros_gz_container]: 		 effort
[component_container-3] [INFO] [1775240159.886703994] [ros_gz_container]: Loading joint: elbow_joint
[component_container-3] [INFO] [1775240159.886705917] [ros_gz_container]: 	State:
[component_container-3] [INFO] [1775240159.886708622] [ros_gz_container]: 		 position
[component_container-3] [INFO] [1775240159.886711528] [ros_gz_container]: 			 found initial value: -1.664800
[component_container-3] [INFO] [1775240159.886714153] [ros_gz_container]: 		 velocity
[component_container-3] [INFO] [1775240159.886717138] [ros_gz_container]: 			 found initial value: 0.000000
[component_container-3] [INFO] [1775240159.886719142] [ros_gz_container]: 		 effort
[component_container-3] [INFO] [1775240159.886722328] [ros_gz_container]: 			 found initial value: 0.000000
[component_container-3] [INFO] [1775240159.886725364] [ros_gz_container]: 	Command:
[component_container-3] [INFO] [1775240159.886727157] [ros_gz_container]: 		 position
[component_container-3] [INFO] [1775240159.886731405] [ros_gz_container]: 		 velocity
[component_container-3] [INFO] [1775240159.886733759] [ros_gz_container]: 		 effort
[component_container-3] [INFO] [1775240159.886740302] [ros_gz_container]: Loading joint: wrist_1_joint
[component_container-3] [INFO] [1775240159.886742856] [ros_gz_container]: 	State:
[component_container-3] [INFO] [1775240159.886745742] [ros_gz_container]: 		 position
[component_container-3] [INFO] [1775240159.886748797] [ros_gz_container]: 			 found initial value: -1.693300
[component_container-3] [INFO] [1775240159.886751733] [ros_gz_container]: 		 velocity
[component_container-3] [INFO] [1775240159.886754598] [ros_gz_container]: 			 found initial value: 0.000000
[component_container-3] [INFO] [1775240159.886757534] [ros_gz_container]: 		 effort
[component_container-3] [INFO] [1775240159.886760539] [ros_gz_container]: 			 found initial value: 0.000000
[component_container-3] [INFO] [1775240159.886763274] [ros_gz_container]: 	Command:
[component_container-3] [INFO] [1775240159.886765899] [ros_gz_container]: 		 position
[component_container-3] [INFO] [1775240159.886769236] [ros_gz_container]: 		 velocity
[component_container-3] [INFO] [1775240159.886772522] [ros_gz_container]: 		 effort
[component_container-3] [INFO] [1775240159.886777782] [ros_gz_container]: Loading joint: wrist_2_joint
[component_container-3] [INFO] [1775240159.886779625] [ros_gz_container]: 	State:
[component_container-3] [INFO] [1775240159.886781418] [ros_gz_container]: 		 position
[component_container-3] [INFO] [1775240159.886786398] [ros_gz_container]: 			 found initial value: 1.571000
[component_container-3] [INFO] [1775240159.886788572] [ros_gz_container]: 		 velocity
[component_container-3] [INFO] [1775240159.886790485] [ros_gz_container]: 			 found initial value: 0.000000
[component_container-3] [INFO] [1775240159.886793100] [ros_gz_container]: 		 effort
[component_container-3] [INFO] [1775240159.886795004] [ros_gz_container]: 			 found initial value: 0.000000
[component_container-3] [INFO] [1775240159.886797018] [ros_gz_container]: 	Command:
[component_container-3] [INFO] [1775240159.886798691] [ros_gz_container]: 		 position
[component_container-3] [INFO] [1775240159.886801286] [ros_gz_container]: 		 velocity
[component_container-3] [INFO] [1775240159.886803490] [ros_gz_container]: 		 effort
[component_container-3] [INFO] [1775240159.886806956] [ros_gz_container]: Loading joint: wrist_3_joint
[component_container-3] [INFO] [1775240159.886808750] [ros_gz_container]: 	State:
[component_container-3] [INFO] [1775240159.886810463] [ros_gz_container]: 		 position
[component_container-3] [INFO] [1775240159.886812477] [ros_gz_container]: 			 found initial value: 1.411000
[component_container-3] [INFO] [1775240159.886814470] [ros_gz_container]: 		 velocity
[component_container-3] [INFO] [1775240159.886817306] [ros_gz_container]: 			 found initial value: 0.000000
[component_container-3] [INFO] [1775240159.886819329] [ros_gz_container]: 		 effort
[component_container-3] [INFO] [1775240159.886821223] [ros_gz_container]: 			 found initial value: 0.000000
[component_container-3] [INFO] [1775240159.886823157] [ros_gz_container]: 	Command:
[component_container-3] [INFO] [1775240159.886824890] [ros_gz_container]: 		 position
[component_container-3] [INFO] [1775240159.886828887] [ros_gz_container]: 		 velocity
[component_container-3] [INFO] [1775240159.886833446] [ros_gz_container]: 		 effort
[component_container-3] [INFO] [1775240159.886845188] [ros_gz_container]: Loading sensor: AtiForceTorqueSensor
[component_container-3] [INFO] [1775240159.886848564] [ros_gz_container]: 	State:
[component_container-3] [INFO] [1775240159.886853513] [ros_gz_container]: 		 force.x
[component_container-3] [INFO] [1775240159.886856028] [ros_gz_container]: 		 force.y
[component_container-3] [INFO] [1775240159.886857881] [ros_gz_container]: 		 force.z
[component_container-3] [INFO] [1775240159.886859875] [ros_gz_container]: 		 torque.x
[component_container-3] [INFO] [1775240159.886861739] [ros_gz_container]: 		 torque.y
[component_container-3] [INFO] [1775240159.886867990] [ros_gz_container]: 		 torque.z
[component_container-3] [INFO] [1775240159.886905621] [ros_gz_container]: Initialize hardware 'ControlSystem' 
[component_container-3] [WARN] [1775240159.887013042] [rcl.logging_rosout]: Publisher already registered for node name: 'ros_gz_container'. If this is due to multiple nodes with the same name then all logs for the logger named 'ros_gz_container' will go out over the existing publisher. As soon as any node with that name is destructed it will unregister the publisher, preventing any further logs for that name from being published on the rosout topic.
[component_container-3] [INFO] [1775240159.887946097] [ros_gz_container.hardware_component.system.ControlSystem]: `status_publish_rate` is set to 0.0, hardware status publisher will not be created.
[component_container-3] [INFO] [1775240159.888018102] [ros_gz_container]: Successful initialization of hardware 'ControlSystem'
[component_container-3] [INFO] [1775240159.888178712] [resource_manager]: 'configure' hardware 'ControlSystem' 
[component_container-3] [INFO] [1775240159.888184493] [ros_gz_container]: System Successfully configured!
[component_container-3] [INFO] [1775240159.888189402] [resource_manager]: Successful 'configure' of hardware 'ControlSystem'
[component_container-3] [INFO] [1775240159.888196665] [resource_manager]: 'activate' hardware 'ControlSystem' 
[component_container-3] [INFO] [1775240159.888203178] [resource_manager]: Successful 'activate' of hardware 'ControlSystem'
[component_container-3] [INFO] [1775240159.888234596] [resource_manager]: 'configure' hardware 'gripper' 
[component_container-3] [INFO] [1775240159.888235648] [ros_gz_container]: System Successfully configured!
[component_container-3] [INFO] [1775240159.888238263] [resource_manager]: Successful 'configure' of hardware 'gripper'
[component_container-3] [INFO] [1775240159.888239756] [resource_manager]: 'activate' hardware 'gripper' 
[component_container-3] [INFO] [1775240159.888240918] [resource_manager]: Successful 'activate' of hardware 'gripper'
[component_container-3] [WARN] [1775240159.888248643] [controller_manager]: Component 'ControlSystem' does not have read or write statistics initialized, skipping registration.
[component_container-3] [WARN] [1775240159.888254413] [controller_manager]: Component 'gripper' does not have read or write statistics initialized, skipping registration.
[component_container-3] [INFO] [1775240159.888259012] [controller_manager]: Resource Manager has been successfully initialized. Starting Controller Manager services...
[2m2026-04-03T18:15:59.950054Z[0m [32m INFO[0m acc-0 ThreadId(04) [2mzenoh::net::routing::interceptor::access_control[0m[2m:[0m d886ddef16f71f100a3d5e2c08667785 did not match any configured ACL subject. Default permission `Allow` will be applied on all messages
[component_container-3] [INFO] [1775240159.971752670] [controller_manager]: Loading controller : 'joint_state_broadcaster' of type 'joint_state_broadcaster/JointStateBroadcaster'
[component_container-3] [INFO] [1775240159.971782997] [controller_manager]: Loading controller 'joint_state_broadcaster'
[component_container-3] [INFO] [1775240159.972581320] [controller_manager]: Controller 'joint_state_broadcaster' node arguments: --ros-args --params-file /ws_aic/install/share/aic_bringup/config/aic_ros2_controllers.yaml -p use_sim_time:=true --param use_sim_time:=true 
[2m2026-04-03T18:15:59.976267Z[0m [32m INFO[0m acc-0 ThreadId(04) [2mzenoh::net::routing::interceptor::access_control[0m[2m:[0m 2e6b7afad670b496a9a5e85941f4798f did not match any configured ACL subject. Default permission `Allow` will be applied on all messages
[spawner-8] [INFO] [1775240159.981704194] [spawner_joint_state_broadcaster]: Loaded joint_state_broadcaster
[component_container-3] [INFO] [1775240159.982005758] [controller_manager]: Configuring controller: 'joint_state_broadcaster'
[component_container-3] [INFO] [1775240159.982101998] [joint_state_broadcaster]: 'joints' or 'interfaces' parameter is empty. All available state interfaces will be published
[component_container-3] [INFO] [1775240159.984625829] [controller_manager]: Activating controllers: [ joint_state_broadcaster ]
[component_container-3] [INFO] [1775240159.984688837] [controller_manager]: Requested controller switch from non-realtime loop
[component_container-3] [INFO] [1775240159.984772483] [controller_manager]: Successfully switched controllers!
[component_container-3] (2026-04-04 03:16:01.881) [debug] [SystemManager.cc:80] Loaded system [gz_ros2_control::GazeboSimROS2ControlPlugin] for entity [31]
[component_container-3] (2026-04-04 03:16:01.882) [debug] [SystemManager.cc:80] Loaded system [gz::sim::systems::ForceTorque] for entity [31]
[component_container-3] (2026-04-04 03:16:01.882) [debug] [OffLimitContactsPlugin.cc:41] aic_gazebo::OffLimitContactsPlugin::Configure on entity: 31
[component_container-3] (2026-04-04 03:16:01.883) [debug] [OffLimitContactsPlugin.cc:165] Enabled collision [34]
[component_container-3] (2026-04-04 03:16:01.883) [debug] [OffLimitContactsPlugin.cc:165] Enabled collision [37]
[component_container-3] (2026-04-04 03:16:01.883) [debug] [OffLimitContactsPlugin.cc:165] Enabled collision [40]
[component_container-3] (2026-04-04 03:16:01.883) [debug] [OffLimitContactsPlugin.cc:165] Enabled collision [43]
[component_container-3] (2026-04-04 03:16:01.883) [debug] [OffLimitContactsPlugin.cc:165] Enabled collision [46]
[component_container-3] (2026-04-04 03:16:01.883) [debug] [OffLimitContactsPlugin.cc:165] Enabled collision [49]
[component_container-3] (2026-04-04 03:16:01.883) [debug] [OffLimitContactsPlugin.cc:165] Enabled collision [57]
[component_container-3] (2026-04-04 03:16:01.883) [debug] [OffLimitContactsPlugin.cc:165] Enabled collision [58]
[component_container-3] (2026-04-04 03:16:01.883) [debug] [OffLimitContactsPlugin.cc:165] Enabled collision [59]
[component_container-3] (2026-04-04 03:16:01.883) [debug] [OffLimitContactsPlugin.cc:165] Enabled collision [60]
[component_container-3] (2026-04-04 03:16:01.883) [debug] [OffLimitContactsPlugin.cc:165] Enabled collision [61]
[component_container-3] (2026-04-04 03:16:01.883) [debug] [OffLimitContactsPlugin.cc:165] Enabled collision [62]
[component_container-3] (2026-04-04 03:16:01.883) [debug] [OffLimitContactsPlugin.cc:165] Enabled collision [63]
[component_container-3] (2026-04-04 03:16:01.883) [debug] [OffLimitContactsPlugin.cc:165] Enabled collision [64]
[component_container-3] (2026-04-04 03:16:01.883) [debug] [OffLimitContactsPlugin.cc:165] Enabled collision [65]
[component_container-3] (2026-04-04 03:16:01.883) [debug] [OffLimitContactsPlugin.cc:165] Enabled collision [66]
[component_container-3] (2026-04-04 03:16:01.883) [debug] [OffLimitContactsPlugin.cc:165] Enabled collision [67]
[component_container-3] (2026-04-04 03:16:01.883) [debug] [OffLimitContactsPlugin.cc:165] Enabled collision [68]
[component_container-3] (2026-04-04 03:16:01.883) [debug] [OffLimitContactsPlugin.cc:165] Enabled collision [69]
[component_container-3] (2026-04-04 03:16:01.883) [debug] [OffLimitContactsPlugin.cc:165] Enabled collision [70]
[component_container-3] (2026-04-04 03:16:01.883) [debug] [OffLimitContactsPlugin.cc:165] Enabled collision [71]
[component_container-3] (2026-04-04 03:16:01.883) [debug] [OffLimitContactsPlugin.cc:165] Enabled collision [72]
[component_container-3] (2026-04-04 03:16:01.883) [debug] [OffLimitContactsPlugin.cc:165] Enabled collision [73]
[component_container-3] (2026-04-04 03:16:01.883) [debug] [OffLimitContactsPlugin.cc:165] Enabled collision [74]
[component_container-3] (2026-04-04 03:16:01.883) [debug] [OffLimitContactsPlugin.cc:165] Enabled collision [75]
[component_container-3] (2026-04-04 03:16:01.883) [debug] [OffLimitContactsPlugin.cc:165] Enabled collision [81]
[component_container-3] (2026-04-04 03:16:01.883) [debug] [OffLimitContactsPlugin.cc:165] Enabled collision [82]
[component_container-3] (2026-04-04 03:16:01.883) [debug] [OffLimitContactsPlugin.cc:165] Enabled collision [85]
[component_container-3] (2026-04-04 03:16:01.883) [debug] [OffLimitContactsPlugin.cc:165] Enabled collision [86]
[component_container-3] (2026-04-04 03:16:01.883) [debug] [OffLimitContactsPlugin.cc:165] Enabled collision [87]
[component_container-3] (2026-04-04 03:16:01.883) [debug] [OffLimitContactsPlugin.cc:165] Enabled collision [88]
[component_container-3] (2026-04-04 03:16:01.883) [debug] [OffLimitContactsPlugin.cc:165] Enabled collision [91]
[component_container-3] (2026-04-04 03:16:01.883) [debug] [OffLimitContactsPlugin.cc:165] Enabled collision [92]
[component_container-3] (2026-04-04 03:16:01.883) [debug] [OffLimitContactsPlugin.cc:165] Enabled collision [93]
[component_container-3] (2026-04-04 03:16:01.883) [debug] [OffLimitContactsPlugin.cc:165] Enabled collision [94]
[component_container-3] (2026-04-04 03:16:01.883) [debug] [SystemManager.cc:80] Loaded system [aic_gazebo::OffLimitContactsPlugin] for entity [31]
[component_container-3] (2026-04-04 03:16:01.883) [debug] [ResetJointsPlugin.cc:40] aic_gazebo::ResetJointsPlugin::Configure on entity: 31
[component_container-3] [WARN] [1775240161.884156048] [rcl.logging_rosout]: Publisher already registered for node name: 'ros_gz_container'. If this is due to multiple nodes with the same name then all logs for the logger named 'ros_gz_container' will go out over the existing publisher. As soon as any node with that name is destructed it will unregister the publisher, preventing any further logs for that name from being published on the rosout topic.
[component_container-3] (2026-04-04 03:16:01.885) [info] [ResetJointsPlugin.cc:117] Initialized ResetJointsPlugin!
[component_container-3] (2026-04-04 03:16:01.885) [debug] [SystemManager.cc:80] Loaded system [aic_gazebo::ResetJointsPlugin] for entity [31]
[component_container-3] (2026-04-04 03:16:01.885) [debug] [UserCommands.cc:1108] Created entity [31] named [ur5e]
[component_container-3] (2026-04-04 03:16:01.889) [debug] [Physics.cc:1171] Attempting to set physics options, but the physics engine doesn't support feature [CollisionPairMaxContacts]. Options will be ignored.
[component_container-3] (2026-04-04 03:16:01.894) [debug] [Sensors.cc:953] Initialization needed
[component_container-3] (2026-04-04 03:16:01.894) [debug] [Sensors.cc:349] Initializing render context
[component_container-3] (2026-04-04 03:16:01.894) [info] [RenderEngineManager.cc:514] Loading plugin [gz-rendering-ogre2]
[component_container-3] (2026-04-04 03:16:01.895) [info] [SceneBroadcaster.cc:634] Serving scene information on [/world/aic_world/scene/info]
[component_container-3] (2026-04-04 03:16:01.895) [info] [SceneBroadcaster.cc:643] Serving graph information on [/world/aic_world/scene/graph]
[component_container-3] (2026-04-04 03:16:01.895) [info] [SceneBroadcaster.cc:654] Serving full state on [/world/aic_world/state]
[component_container-3] (2026-04-04 03:16:01.895) [info] [SceneBroadcaster.cc:663] Serving full state (async) on [/world/aic_world/state_async]
[component_container-3] (2026-04-04 03:16:01.895) [info] [SceneBroadcaster.cc:671] Publishing scene information on [/world/aic_world/scene/info]
[component_container-3] (2026-04-04 03:16:01.895) [info] [SceneBroadcaster.cc:680] Publishing entity deletions on [/world/aic_world/scene/deletion]
[component_container-3] (2026-04-04 03:16:01.895) [info] [SceneBroadcaster.cc:689] Publishing state changes on [/world/aic_world/state]
[component_container-3] (2026-04-04 03:16:01.895) [info] [SceneBroadcaster.cc:700] Publishing pose messages on [/world/aic_world/pose/info]
[component_container-3] (2026-04-04 03:16:01.895) [info] [SceneBroadcaster.cc:711] Publishing dynamic pose messages on [/world/aic_world/dynamic_pose/info]
[component_container-3] (2026-04-04 03:16:01.899) [debug] [SimulationRunner.cc:600] Exiting postupdate worker thread (3)
[component_container-3] (2026-04-04 03:16:01.899) [debug] [SimulationRunner.cc:600] Exiting postupdate worker thread (0)
[component_container-3] (2026-04-04 03:16:01.899) [debug] [SimulationRunner.cc:600] Exiting postupdate worker thread (1)
[component_container-3] (2026-04-04 03:16:01.899) [debug] [SimulationRunner.cc:600] Exiting postupdate worker thread (2)
[component_container-3] (2026-04-04 03:16:01.899) [debug] [SimulationRunner.cc:573] Creating PostUpdate worker threads: 6
[component_container-3] (2026-04-04 03:16:01.899) [debug] [SimulationRunner.cc:584] Creating postupdate worker thread (0)
[component_container-3] (2026-04-04 03:16:01.899) [debug] [SimulationRunner.cc:584] Creating postupdate worker thread (1)
[component_container-3] (2026-04-04 03:16:01.899) [debug] [SimulationRunner.cc:584] Creating postupdate worker thread (2)
[component_container-3] (2026-04-04 03:16:01.899) [debug] [SimulationRunner.cc:584] Creating postupdate worker thread (3)
[component_container-3] (2026-04-04 03:16:01.899) [debug] [SimulationRunner.cc:584] Creating postupdate worker thread (4)
[component_container-3] (2026-04-04 03:16:01.900) [warning] [Ogre2RenderEngine.cc:556] Unable to open display: . Trying to run in headless mode.
[component_container-3] (2026-04-04 03:16:01.900) [debug] [EntityComponentManager.cc:1676] Updated state thread iterators: 16 threads processing around 8 entities each.
[spawner-8] [INFO] [1775240161.901770695] [spawner_joint_state_broadcaster]: Configured and activated joint_state_broadcaster
[component_container-3] [1;33mWarning [Utils.cc:119][0m [/sdf/model[@name="ur"]/link[@name="center_camera/sensor_link"]/sensor[@name="center_camera"]/camera[@name="center_camera"]/optical_frame_id]: SDF Element[optical_frame_id] is deprecated
[component_container-3] [1;33mWarning [Utils.cc:119][0m [/sdf/model[@name="ur"]/link[@name="left_camera/sensor_link"]/sensor[@name="left_camera"]/camera[@name="left_camera"]/optical_frame_id]: SDF Element[optical_frame_id] is deprecated
[component_container-3] [1;33mWarning [Utils.cc:119][0m [/sdf/model[@name="ur"]/link[@name="right_camera/sensor_link"]/sensor[@name="right_camera"]/camera[@name="right_camera"]/optical_frame_id]: SDF Element[optical_frame_id] is deprecated
[INFO] [spawner-8]: process has finished cleanly [pid 1287667]
[INFO] [spawner-10]: process started with pid [1288021]
[component_container-3] [INFO] [1775240161.975806924] [gz_server]: InitializeCanonicalLinks
[component_container-3] [INFO] [1775240161.976226388] [gz_server]: Creating services on gz_server
[component_container-3] [INFO] [1775240161.977165986] [gz_server]: Created service /gz_server/delete_entity
[component_container-3] [INFO] [1775240161.980900371] [gz_server]: Created service /gz_server/get_entities
[component_container-3] [INFO] [1775240161.981321218] [gz_server]: Created service /gz_server/get_entity_info
[component_container-3] [INFO] [1775240161.981876216] [gz_server]: Created service /gz_server/get_entity_state
[component_container-3] [INFO] [1775240161.982045563] [gz_server]: Created service /gz_server/get_entities_states
[component_container-3] [INFO] [1775240161.982180555] [gz_server]: Created service /gz_server/get_simulation_state
[component_container-3] [INFO] [1775240161.982301351] [gz_server]: Created service /gz_server/get_simulator_features
[component_container-3] [INFO] [1775240161.982426104] [gz_server]: Created service /gz_server/reset_simulation
[component_container-3] [INFO] [1775240161.982598587] [gz_server]: Created service /gz_server/set_entity_state
[component_container-3] [INFO] [1775240161.982749068] [gz_server]: Created service /gz_server/set_simulation_state
[component_container-3] [INFO] [1775240161.982881476] [gz_server]: Created service /gz_server/spawn_entity
[component_container-3] [INFO] [1775240161.983003745] [gz_server]: Created service /gz_server/step_simulation
[component_container-3] [INFO] [1775240161.983800315] [gz_server]: Created action /gz_server/simulate_steps
[component_container-3] [INFO] [1775240161.989116909] [controller_manager]: Loading controller : 'fts_broadcaster' of type 'force_torque_sensor_broadcaster/ForceTorqueSensorBroadcaster'
[component_container-3] [INFO] [1775240161.989136886] [controller_manager]: Loading controller 'fts_broadcaster'
[component_container-3] [INFO] [1775240161.989762897] [controller_manager]: Controller 'fts_broadcaster' node arguments: --ros-args --params-file /ws_aic/install/share/aic_bringup/config/aic_ros2_controllers.yaml -p use_sim_time:=true --param use_sim_time:=true 
[component_container-3] libEGL warning: pci id for fd 98: 10de:2c02, driver (null)
[component_container-3] 
[component_container-3] pci id for fd 100: 10de:2c02, driver (null)
[component_container-3] pci id for fd 101: 10de:2c02, driver (null)
[component_container-3] libEGL warning: egl: failed to create dri2 screen
[component_container-3] libEGL warning: pci id for fd 98: 10de:2c02, driver (null)
[component_container-3] 
[component_container-3] pci id for fd 100: 10de:2c02, driver (null)
[component_container-3] pci id for fd 101: 10de:2c02, driver (null)
[component_container-3] libEGL warning: egl: failed to create dri2 screen
[component_container-3] libEGL warning: pci id for fd 98: 10de:2c02, driver (null)
[component_container-3] 
[component_container-3] (2026-04-04 03:16:02.073) [debug] [RenderUtil.cc:2646] Create scene [scene]
[2m2026-04-03T18:16:02.104700Z[0m [32m INFO[0m acc-0 ThreadId(04) [2mzenoh::net::routing::interceptor::access_control[0m[2m:[0m 9e6b76311098f946c8186e451452fcb4 did not match any configured ACL subject. Default permission `Allow` will be applied on all messages
[2m2026-04-03T18:16:02.253342Z[0m [32m INFO[0m acc-0 ThreadId(04) [2mzenoh::net::routing::interceptor::access_control[0m[2m:[0m 5391d25ac61b9ea1b20d139929075344 did not match any configured ACL subject. Default permission `Allow` will be applied on all messages
[component_container-3] (2026-04-04 03:16:02.285) [debug] [Sensors.cc:391] Rendering Thread initialized
[component_container-3] (2026-04-04 03:16:02.285) [debug] [Sensors.cc:953] Initialization needed
[component_container-3] (2026-04-04 03:16:02.286) [debug] [ForceTorque.cc:162] Adding JointTransmittedWrench to: 110
[component_container-3] [INFO] [1775240162.286584699] [ros_gz_container]: ForceTorque AtiForceTorqueSensor has a topic name: /axia80_m20/wrench
[component_container-3] [INFO] [1775240162.286717597] [ros_gz_container]: ForceTorque AtiForceTorqueSensor has a topic name: /axia80_m20/wrench
[spawner-9] [INFO] [1775240162.294593839] [spawner_fts_broadcaster]: Loaded fts_broadcaster
[component_container-3] [INFO] [1775240162.295090328] [controller_manager]: Configuring controller: 'fts_broadcaster'
[component_container-3] [INFO] [1775240162.296288459] [fts_broadcaster]: configure successful
[2m2026-04-03T18:16:02.359742Z[0m [32m INFO[0m acc-0 ThreadId(04) [2mzenoh::net::routing::interceptor::access_control[0m[2m:[0m 130886904967b60d619599e24a47221a did not match any configured ACL subject. Default permission `Allow` will be applied on all messages
[component_container-3] (2026-04-04 03:16:02.619) [debug] [CameraSensor.cc:342] Camera images for [ur5e::center_camera/sensor_link::center_camera] advertised on [/center_camera/image]
[component_container-3] (2026-04-04 03:16:02.619) [debug] [CameraSensor.cc:632] Camera info for [ur5e::center_camera/sensor_link::center_camera] advertised on [/center_camera/camera_info]
[component_container-3] (2026-04-04 03:16:02.619) [warning] [Ogre2Camera.cc:423] Ogre2Camera::SetVisibilityMask: Mask bits c0000000 are set but will be ignored as they conflict with the reserved bits used internally by the ogre2 backend.
[component_container-3] (2026-04-04 03:16:02.619) [debug] [CameraSensor.cc:342] Camera images for [ur5e::left_camera/sensor_link::left_camera] advertised on [/left_camera/image]
[component_container-3] (2026-04-04 03:16:02.619) [debug] [CameraSensor.cc:632] Camera info for [ur5e::left_camera/sensor_link::left_camera] advertised on [/left_camera/camera_info]
[component_container-3] (2026-04-04 03:16:02.619) [warning] [Ogre2Camera.cc:423] Ogre2Camera::SetVisibilityMask: Mask bits c0000000 are set but will be ignored as they conflict with the reserved bits used internally by the ogre2 backend.
[component_container-3] (2026-04-04 03:16:02.620) [debug] [CameraSensor.cc:342] Camera images for [ur5e::right_camera/sensor_link::right_camera] advertised on [/right_camera/image]
[component_container-3] (2026-04-04 03:16:02.620) [debug] [CameraSensor.cc:632] Camera info for [ur5e::right_camera/sensor_link::right_camera] advertised on [/right_camera/camera_info]
[component_container-3] (2026-04-04 03:16:02.620) [warning] [Ogre2Camera.cc:423] Ogre2Camera::SetVisibilityMask: Mask bits c0000000 are set but will be ignored as they conflict with the reserved bits used internally by the ogre2 backend.
[component_container-3] (2026-04-04 03:16:02.962) [debug] [CameraSensor.cc:441] Enabling camera sensor: 'ur5e::center_camera/sensor_link::center_camera' data generation.
[component_container-3] (2026-04-04 03:16:02.981) [debug] [CameraSensor.cc:441] Enabling camera sensor: 'ur5e::left_camera/sensor_link::left_camera' data generation.
[component_container-3] (2026-04-04 03:16:02.987) [debug] [CameraSensor.cc:441] Enabling camera sensor: 'ur5e::right_camera/sensor_link::right_camera' data generation.
[component_container-3] [INFO] [1775240162.994170051] [controller_manager]: Activating controllers: [ fts_broadcaster ]
[component_container-3] [INFO] [1775240162.994227127] [controller_manager]: Requested controller switch from non-realtime loop
[component_container-3] [INFO] [1775240162.994265619] [controller_manager]: Successfully switched controllers!
[spawner-9] [INFO] [1775240162.995314872] [spawner_fts_broadcaster]: Configured and activated fts_broadcaster
[INFO] [spawner-9]: process has finished cleanly [pid 1287668]
[component_container-3] [INFO] [1775240163.032502478] [controller_manager]: Loading controller : 'aic_controller' of type 'aic/Controller'
[component_container-3] [INFO] [1775240163.032533777] [controller_manager]: Loading controller 'aic_controller'
[component_container-3] [INFO] [1775240163.034209742] [controller_manager]: Controller 'aic_controller' node arguments: --ros-args --params-file /ws_aic/install/share/aic_bringup/config/aic_ros2_controllers.yaml -p use_sim_time:=true --param use_sim_time:=true 
[spawner-10] [INFO] [1775240163.046366540] [spawner_aic_controller]: Loaded aic_controller
[component_container-3] [INFO] [1775240163.046875773] [controller_manager]: Configuring controller: 'aic_controller'
[component_container-3] [INFO] [1775240163.046940814] [aic_controller]: Control mode set to impedance
[component_container-3] [INFO] [1775240163.046946555] [aic_controller]: Target mode set to Cartesian. Accepting MotionUpdate targets.
[component_container-3] [INFO] [1775240163.053190524] [controller_manager]: Activating controllers: [ aic_controller ]
[component_container-3] [INFO] [1775240163.053265244] [controller_manager]: Requested controller switch from non-realtime loop
[component_container-3] [INFO] [1775240163.053329143] [controller_manager]: Successfully switched controllers!
[component_container-3] (2026-04-04 03:16:03.054) [warning] [Component.hh:144] Trying to serialize component with data type [St6vectorIdSaIdEE], which doesn't have `operator<<`. Component will not be serialized.
[component_container-3] (2026-04-04 03:16:03.054) [warning] [Component.hh:189] Trying to deserialize component with data type [St6vectorIdSaIdEE], which doesn't have `operator>>`. Component will not be deserialized.
[spawner-10] [INFO] [1775240163.055083985] [spawner_aic_controller]: Configured and activated all the parsed controllers list : ['aic_controller']!
[INFO] [spawner-10]: process has finished cleanly [pid 1288021]
[INFO] [rviz2-11]: process started with pid [1288182]
[rviz2-11] qt.qpa.xcb: could not connect to display 
[rviz2-11] qt.qpa.plugin: Could not load the Qt platform plugin "xcb" in "" even though it was found.
[rviz2-11] This application failed to start because no Qt platform plugin could be initialized. Reinstalling the application may fix this problem.
[rviz2-11] 
[rviz2-11] Available platform plugins are: eglfs, linuxfb, minimal, minimalegl, offscreen, vnc, wayland-egl, wayland, wayland-xcomposite-egl, wayland-xcomposite-glx, xcb.
[rviz2-11] 
[ERROR] [rviz2-11]: process has died [pid 1288182, exit code -6, cmd '/opt/ros/kilted/lib/rviz2/rviz2 -d /ws_aic/install/share/aic_bringup/rviz/aic.rviz --ros-args -r __node:=rviz2 --params-file /tmp/launch_params_sa94gda9'].
[component_container-3] (2026-04-04 03:16:03.219) [debug] [WorldSdfGeneratorPlugin.cc:79] Saving world: aic_world to: /tmp/aic.sdf
[component_container-3] (2026-04-04 03:16:03.220) [info] [WorldSdfGeneratorPlugin.cc:86] File: /tmp/aic.sdf could not be opened for saving. Please check that the directory containg the file exists and the correct permissions are set.
[2m2026-04-03T18:16:06.150466Z[0m [32m INFO[0m acc-0 ThreadId(04) [2mzenoh::net::routing::interceptor::access_control[0m[2m:[0m 651696ab61ab2557d04e8bae8a3ac744 did not match any configured ACL subject. Default permission `Allow` will be applied on all messages
[2m2026-04-03T18:16:15.920929Z[0m [32m INFO[0m acc-0 ThreadId(04) [2mzenoh::net::routing::interceptor::access_control[0m[2m:[0m f1330d5b1ab7262668d2c82560fa0bf6 did not match any configured ACL subject. Default permission `Allow` will be applied on all messages
[component_container-3] (2026-04-04 03:16:17.026) [debug] [SdfEntityCreator.cc:547] Link has auto-inertial enabled: sc_port_0::sc_port_link
[component_container-3] (2026-04-04 03:16:17.026) [debug] [SdfEntityCreator.cc:549]   pose: 1.88554e-19 -0.00100271 0.000137321 0 0 0
[component_container-3] (2026-04-04 03:16:17.026) [debug] [SdfEntityCreator.cc:550]   mass: 0.04
[component_container-3] (2026-04-04 03:16:17.026) [debug] [SdfEntityCreator.cc:551]   ixx iyy izz: 1.86262e-06 5.50332e-06 6.55187e-06
[component_container-3] (2026-04-04 03:16:17.026) [debug] [SdfEntityCreator.cc:553]   ixy ixz iyz: -7.41324e-15 4.19415e-23 -5.5077e-09
[component_container-3] (2026-04-04 03:16:17.027) [debug] [SystemManager.cc:80] Loaded system [gz::sim::systems::PosePublisher] for entity [118]
[component_container-3] (2026-04-04 03:16:17.028) [debug] [SystemManager.cc:80] Loaded system [gz::sim::systems::TouchPlugin] for entity [164]
[component_container-3] (2026-04-04 03:16:17.028) [debug] [UserCommands.cc:1108] Created entity [118] named [task_board]
[component_container-3] (2026-04-04 03:16:17.031) [info] [Contact.cc:125] Contact system publishing on world/aic_world/model/task_board/model/sc_port_0/link/sc_port_link/sensor/sc_port_sensor/contact
[component_container-3] [INFO] [1775240177.031488610] [aic_controller]: Received service request to tare force torque sensor!
[component_container-3] [INFO] [1775240177.031520770] [aic_controller]: Successfully tared force torque sensor.
[component_container-3] [INFO] [1775240177.032461339] [gz_server]: InitializeCanonicalLinks
[component_container-3] (2026-04-04 03:16:17.032) [warning] [Component.hh:127] Trying to serialize component with data type [St10shared_ptrIN3sdf3v157ElementEE], which doesn't have `operator<<`. Component will not be serialized.
[component_container-3] (2026-04-04 03:16:17.033) [debug] [SimulationRunner.cc:600] Exiting postupdate worker thread (3)
[component_container-3] (2026-04-04 03:16:17.033) [debug] [SimulationRunner.cc:600] Exiting postupdate worker thread (0)
[component_container-3] (2026-04-04 03:16:17.033) [debug] [SimulationRunner.cc:600] Exiting postupdate worker thread (2)
[component_container-3] (2026-04-04 03:16:17.033) [debug] [SimulationRunner.cc:600] Exiting postupdate worker thread (4)
[component_container-3] (2026-04-04 03:16:17.033) [debug] [SimulationRunner.cc:600] Exiting postupdate worker thread (1)
[component_container-3] (2026-04-04 03:16:17.033) [debug] [SimulationRunner.cc:573] Creating PostUpdate worker threads: 8
[component_container-3] (2026-04-04 03:16:17.033) [debug] [SimulationRunner.cc:584] Creating postupdate worker thread (0)
[component_container-3] (2026-04-04 03:16:17.033) [debug] [SimulationRunner.cc:584] Creating postupdate worker thread (1)
[component_container-3] (2026-04-04 03:16:17.033) [debug] [SimulationRunner.cc:584] Creating postupdate worker thread (2)
[component_container-3] (2026-04-04 03:16:17.033) [debug] [SimulationRunner.cc:584] Creating postupdate worker thread (3)
[component_container-3] (2026-04-04 03:16:17.033) [debug] [SimulationRunner.cc:584] Creating postupdate worker thread (4)
[component_container-3] (2026-04-04 03:16:17.033) [debug] [SimulationRunner.cc:584] Creating postupdate worker thread (5)
[component_container-3] (2026-04-04 03:16:17.033) [debug] [SimulationRunner.cc:584] Creating postupdate worker thread (6)
[component_container-3] (2026-04-04 03:16:17.033) [debug] [TouchPlugin.cc:267] Started touch plugin [sc_port_0/sc_port_base]
[component_container-3] (2026-04-04 03:16:17.057) [warning] [Component.hh:172] Trying to deserialize component with data type [St10shared_ptrIN3sdf3v157ElementEE], which doesn't have `operator>>`. Component will not be deserialized.
[component_container-3] (2026-04-04 03:16:18.253) [debug] [SdfEntityCreator.cc:547] Link has auto-inertial enabled: cable_1::sc_plug_link
[component_container-3] (2026-04-04 03:16:18.253) [debug] [SdfEntityCreator.cc:549]   pose: -0.00907511 4.9566e-05 8.71699e-06 0 0 0
[component_container-3] (2026-04-04 03:16:18.253) [debug] [SdfEntityCreator.cc:550]   mass: 0.04
[component_container-3] (2026-04-04 03:16:18.253) [debug] [SdfEntityCreator.cc:551]   ixx iyy izz: 2.12257e-06 7.17318e-06 8.85404e-06
[component_container-3] (2026-04-04 03:16:18.253) [debug] [SdfEntityCreator.cc:553]   ixy ixz iyz: 1.24369e-08 -3.73363e-09 1.72827e-11
[component_container-3] (2026-04-04 03:16:18.253) [debug] [SdfEntityCreator.cc:547] Link has auto-inertial enabled: cable_1::lc_plug_link
[component_container-3] (2026-04-04 03:16:18.253) [debug] [SdfEntityCreator.cc:549]   pose: 0 -0.00428702 8.58528e-05 0 0 0
[component_container-3] (2026-04-04 03:16:18.253) [debug] [SdfEntityCreator.cc:550]   mass: 0.01
[component_container-3] (2026-04-04 03:16:18.253) [debug] [SdfEntityCreator.cc:551]   ixx iyy izz: 1.73585e-06 1.30886e-07 1.82579e-06
[component_container-3] (2026-04-04 03:16:18.253) [debug] [SdfEntityCreator.cc:553]   ixy ixz iyz: -3.13192e-14 3.63653e-15 -5.82954e-09
[component_container-3] (2026-04-04 03:16:18.253) [debug] [SdfEntityCreator.cc:547] Link has auto-inertial enabled: cable_1::sfp_module_link
[component_container-3] (2026-04-04 03:16:18.253) [debug] [SdfEntityCreator.cc:549]   pose: 0.000140388 0.0140944 0.000755794 0 0 0
[component_container-3] (2026-04-04 03:16:18.253) [debug] [SdfEntityCreator.cc:550]   mass: 0.02
[component_container-3] (2026-04-04 03:16:18.253) [debug] [SdfEntityCreator.cc:551]   ixx iyy izz: 3.52972e-06 5.95336e-07 3.76244e-06
[component_container-3] (2026-04-04 03:16:18.253) [debug] [SdfEntityCreator.cc:553]   ixy ixz iyz: 3.87677e-08 3.1005e-09 9.04204e-09
[component_container-3] (2026-04-04 03:16:18.255) [debug] [CablePlugin.cc:86] aic_gazebo::CablePlugin::Configure on entity: 187
[component_container-3] (2026-04-04 03:16:18.255) [info] [CablePlugin.cc:150] Cable transitioning to HARNESS state.
[component_container-3] (2026-04-04 03:16:18.255) [debug] [SystemManager.cc:80] Loaded system [aic_gazebo::CablePlugin] for entity [187]
[component_container-3] (2026-04-04 03:16:18.256) [debug] [SystemManager.cc:80] Loaded system [gz::sim::systems::PosePublisher] for entity [187]
[component_container-3] (2026-04-04 03:16:18.256) [debug] [UserCommands.cc:1108] Created entity [187] named [cable_1]
[component_container-3] [INFO] [1775240178.262290830] [gz_server]: InitializeCanonicalLinks
[component_container-3] (2026-04-04 03:16:18.264) [debug] [SimulationRunner.cc:600] Exiting postupdate worker thread (1)
[component_container-3] (2026-04-04 03:16:18.264) [debug] [SimulationRunner.cc:600] Exiting postupdate worker thread (3)
[component_container-3] (2026-04-04 03:16:18.264) [debug] [SimulationRunner.cc:600] Exiting postupdate worker thread (2)
[component_container-3] (2026-04-04 03:16:18.264) [debug] [SimulationRunner.cc:600] Exiting postupdate worker thread (6)
[component_container-3] (2026-04-04 03:16:18.264) [debug] [SimulationRunner.cc:600] Exiting postupdate worker thread (0)
[component_container-3] (2026-04-04 03:16:18.264) [debug] [SimulationRunner.cc:600] Exiting postupdate worker thread (5)
[component_container-3] (2026-04-04 03:16:18.264) [debug] [SimulationRunner.cc:600] Exiting postupdate worker thread (4)
[component_container-3] (2026-04-04 03:16:18.264) [debug] [SimulationRunner.cc:573] Creating PostUpdate worker threads: 10
[component_container-3] (2026-04-04 03:16:18.264) [debug] [SimulationRunner.cc:584] Creating postupdate worker thread (0)
[component_container-3] (2026-04-04 03:16:18.264) [debug] [SimulationRunner.cc:584] Creating postupdate worker thread (1)
[component_container-3] (2026-04-04 03:16:18.264) [debug] [SimulationRunner.cc:584] Creating postupdate worker thread (2)
[component_container-3] (2026-04-04 03:16:18.264) [debug] [SimulationRunner.cc:584] Creating postupdate worker thread (3)
[component_container-3] (2026-04-04 03:16:18.264) [debug] [SimulationRunner.cc:584] Creating postupdate worker thread (4)
[component_container-3] (2026-04-04 03:16:18.264) [debug] [SimulationRunner.cc:584] Creating postupdate worker thread (5)
[component_container-3] (2026-04-04 03:16:18.264) [debug] [SimulationRunner.cc:584] Creating postupdate worker thread (6)
[component_container-3] (2026-04-04 03:16:18.264) [debug] [SimulationRunner.cc:584] Creating postupdate worker thread (7)
[component_container-3] (2026-04-04 03:16:18.264) [debug] [SimulationRunner.cc:584] Creating postupdate worker thread (8)
[component_container-3] (2026-04-04 03:16:18.268) [info] [CablePlugin.cc:201] Cable transitioning to WAITING state.
[component_container-3] (2026-04-04 03:16:18.268) [info] [CablePlugin.cc:213] Cable transitioning to CREATE_CONNECTIONS state.
[component_container-3] (2026-04-04 03:16:18.268) [debug] [Physics.cc:2015] Creating detachable joint [385]
[component_container-3] (2026-04-04 03:16:18.268) [debug] [Physics.cc:2015] Creating detachable joint [388]
[component_container-3] (2026-04-04 03:16:18.268) [debug] [Physics.cc:2136] Detaching joint [385]
[component_container-3] (2026-04-04 03:16:18.268) [debug] [Physics.cc:2136] Detaching joint [388]
[component_container-3] (2026-04-04 03:16:18.269) [info] [CablePlugin.cc:247] Cable transitioning to CABLE_ATTACHED_TO_GRIPPER state.
[component_container-3] (2026-04-04 03:16:18.269) [debug] [Physics.cc:2015] Creating detachable joint [389]
[component_container-3] [INFO] [1775240178.298665526] [gz_server]: InitializeCanonicalLinks
[component_container-3] [INFO] [1775240184.257509573] [aic_controller]: Controller is already in Cartesian target mode.
[component_container-3] (2026-04-04 03:16:45.502) [debug] [TouchPlugin.cc:352] Model [sc_port_0] started touching [sc_plug] at 38.232 s
[component_container-3] (2026-04-04 03:16:46.504) [debug] [TouchPlugin.cc:366] Model [sc_port_0] touched [sc_plug] exclusively for 1 s
[component_container-3] (2026-04-04 03:16:46.504) [debug] [TouchPlugin.cc:273] Stopped touch plugin [sc_port_0/sc_port_base]
[component_container-3] (2026-04-04 03:16:46.504) [debug] [CablePlugin.cc:271] Cable connection 0 touched: 1. Topic: /sc_port_0/sc_port_base/touched
[component_container-3] (2026-04-04 03:16:46.505) [info] [CablePlugin.cc:281] Cable transitioning to ATTACH_CABLE_TO_PORT state.
[component_container-3] (2026-04-04 03:16:46.506) [debug] [Physics.cc:2136] Detaching joint [389]
[component_container-3] (2026-04-04 03:16:46.507) [info] [CablePlugin.cc:326] Cable transitioning to COMPLETED state.
[component_container-3] (2026-04-04 03:16:46.507) [debug] [Physics.cc:2015] Creating detachable joint [390]
[component_container-3] (2026-04-04 03:16:46.507) [debug] [Physics.cc:2015] Creating detachable joint [391]
[component_container-3] (2026-04-04 03:16:46.507) [debug] [Physics.cc:2015] Creating detachable joint [394]
[component_container-3] [INFO] [1775240206.509315937] [gz_server]: InitializeCanonicalLinks
[component_container-3] (2026-04-04 03:16:56.717) [debug] [UserCommands.cc:1158] Requesting removal of entity [118]
[component_container-3] (2026-04-04 03:16:56.725) [debug] [SimulationRunner.cc:600] Exiting postupdate worker thread (6)
[component_container-3] (2026-04-04 03:16:56.725) [debug] [SimulationRunner.cc:600] Exiting postupdate worker thread (8)
[component_container-3] (2026-04-04 03:16:56.725) [debug] [SimulationRunner.cc:600] Exiting postupdate worker thread (4)
[component_container-3] (2026-04-04 03:16:56.725) [debug] [SimulationRunner.cc:600] Exiting postupdate worker thread (2)
[component_container-3] (2026-04-04 03:16:56.725) [debug] [SimulationRunner.cc:600] Exiting postupdate worker thread (5)
[component_container-3] (2026-04-04 03:16:56.725) [debug] [SimulationRunner.cc:600] Exiting postupdate worker thread (1)
[component_container-3] (2026-04-04 03:16:56.725) [debug] [SimulationRunner.cc:600] Exiting postupdate worker thread (7)
[component_container-3] (2026-04-04 03:16:56.725) [debug] [SimulationRunner.cc:600] Exiting postupdate worker thread (0)
[component_container-3] (2026-04-04 03:16:56.725) [debug] [SimulationRunner.cc:600] Exiting postupdate worker thread (3)
[component_container-3] (2026-04-04 03:16:56.726) [debug] [SimulationRunner.cc:573] Creating PostUpdate worker threads: 8
[component_container-3] (2026-04-04 03:16:56.726) [debug] [SimulationRunner.cc:584] Creating postupdate worker thread (0)
[component_container-3] (2026-04-04 03:16:56.726) [debug] [SimulationRunner.cc:584] Creating postupdate worker thread (1)
[component_container-3] (2026-04-04 03:16:56.726) [debug] [SimulationRunner.cc:584] Creating postupdate worker thread (2)
[component_container-3] (2026-04-04 03:16:56.726) [debug] [SimulationRunner.cc:584] Creating postupdate worker thread (3)
[component_container-3] (2026-04-04 03:16:56.726) [debug] [SimulationRunner.cc:584] Creating postupdate worker thread (4)
[component_container-3] (2026-04-04 03:16:56.726) [debug] [SimulationRunner.cc:584] Creating postupdate worker thread (5)
[component_container-3] (2026-04-04 03:16:56.726) [debug] [SimulationRunner.cc:584] Creating postupdate worker thread (6)
[component_container-3] (2026-04-04 03:16:56.726) [debug] [UserCommands.cc:1158] Requesting removal of entity [187]
[component_container-3] (2026-04-04 03:16:56.727) [info] [CablePlugin.cc:162] Cable transitioning to CABLE_REMOVED state.
[component_container-3] [INFO] [1775240216.727195669] [controller_manager]: Deactivating controllers: [ aic_controller ]
[component_container-3] [INFO] [1775240216.727263115] [controller_manager]: Switch controller timeout is set to 0, using default 1s!
[component_container-3] [INFO] [1775240216.727266602] [controller_manager]: Requested controller switch from non-realtime loop
[component_container-3] [INFO] [1775240216.727337514] [controller_manager]: Deactivated controllers: [ aic_controller ]
[component_container-3] [INFO] [1775240216.727341171] [controller_manager]: Successfully switched controllers!
[component_container-3] (2026-04-04 03:16:56.727) [debug] [Physics.cc:2136] Detaching joint [390]
[component_container-3] (2026-04-04 03:16:56.727) [debug] [Physics.cc:2136] Detaching joint [391]
[component_container-3] (2026-04-04 03:16:56.727) [debug] [Physics.cc:2136] Detaching joint [394]
[component_container-3] (2026-04-04 03:16:56.730) [info] [ResetJointsPlugin.cc:105] Received reset request for joint: shoulder_pan_joint
[component_container-3] (2026-04-04 03:16:56.730) [info] [ResetJointsPlugin.cc:105] Received reset request for joint: shoulder_lift_joint
[component_container-3] (2026-04-04 03:16:56.730) [info] [ResetJointsPlugin.cc:105] Received reset request for joint: elbow_joint
[component_container-3] (2026-04-04 03:16:56.730) [info] [ResetJointsPlugin.cc:105] Received reset request for joint: wrist_1_joint
[component_container-3] (2026-04-04 03:16:56.730) [info] [ResetJointsPlugin.cc:105] Received reset request for joint: wrist_2_joint
[component_container-3] (2026-04-04 03:16:56.730) [info] [ResetJointsPlugin.cc:105] Received reset request for joint: wrist_3_joint
[component_container-3] (2026-04-04 03:16:56.751) [debug] [SimulationRunner.cc:600] Exiting postupdate worker thread (4)
[component_container-3] (2026-04-04 03:16:56.751) [debug] [SimulationRunner.cc:600] Exiting postupdate worker thread (1)
[component_container-3] (2026-04-04 03:16:56.751) [debug] [SimulationRunner.cc:600] Exiting postupdate worker thread (0)
[component_container-3] (2026-04-04 03:16:56.751) [debug] [SimulationRunner.cc:600] Exiting postupdate worker thread (2)
[component_container-3] (2026-04-04 03:16:56.751) [debug] [SimulationRunner.cc:600] Exiting postupdate worker thread (5)
[component_container-3] (2026-04-04 03:16:56.751) [debug] [SimulationRunner.cc:600] Exiting postupdate worker thread (6)
[component_container-3] (2026-04-04 03:16:56.751) [debug] [SimulationRunner.cc:600] Exiting postupdate worker thread (3)
[component_container-3] (2026-04-04 03:16:56.751) [debug] [SimulationRunner.cc:573] Creating PostUpdate worker threads: 6
[component_container-3] (2026-04-04 03:16:56.751) [debug] [SimulationRunner.cc:584] Creating postupdate worker thread (0)
[component_container-3] (2026-04-04 03:16:56.751) [debug] [SimulationRunner.cc:584] Creating postupdate worker thread (1)
[component_container-3] (2026-04-04 03:16:56.751) [debug] [SimulationRunner.cc:584] Creating postupdate worker thread (2)
[component_container-3] (2026-04-04 03:16:56.751) [debug] [SimulationRunner.cc:584] Creating postupdate worker thread (3)
[component_container-3] (2026-04-04 03:16:56.751) [debug] [SimulationRunner.cc:584] Creating postupdate worker thread (4)
[component_container-3] (2026-04-04 03:16:57.301) [info] [ResetJointsPlugin.cc:149] Joint wrist_3_joint reset to initial position: 1.411
[component_container-3] (2026-04-04 03:16:57.301) [info] [ResetJointsPlugin.cc:149] Joint wrist_2_joint reset to initial position: 1.571
[component_container-3] (2026-04-04 03:16:57.301) [info] [ResetJointsPlugin.cc:149] Joint wrist_1_joint reset to initial position: -1.6933
[component_container-3] (2026-04-04 03:16:57.301) [info] [ResetJointsPlugin.cc:149] Joint elbow_joint reset to initial position: -1.6648
[component_container-3] (2026-04-04 03:16:57.301) [info] [ResetJointsPlugin.cc:149] Joint shoulder_lift_joint reset to initial position: -1.3542
[component_container-3] (2026-04-04 03:16:57.301) [info] [ResetJointsPlugin.cc:149] Joint shoulder_pan_joint reset to initial position: -0.1597
[component_container-3] (2026-04-04 03:16:57.301) [warning] [Physics.cc:2467] Found both JointVelocityReset and JointVelocityCmd components for Joint [shoulder_pan_joint(Entity=102]). Ignoring JointVelocityCmd component.
[component_container-3] (2026-04-04 03:16:57.301) [warning] [Physics.cc:2467] Found both JointVelocityReset and JointVelocityCmd components for Joint [shoulder_lift_joint(Entity=103]). Ignoring JointVelocityCmd component.
[component_container-3] (2026-04-04 03:16:57.301) [warning] [Physics.cc:2467] Found both JointVelocityReset and JointVelocityCmd components for Joint [elbow_joint(Entity=104]). Ignoring JointVelocityCmd component.
[component_container-3] (2026-04-04 03:16:57.301) [warning] [Physics.cc:2467] Found both JointVelocityReset and JointVelocityCmd components for Joint [wrist_1_joint(Entity=105]). Ignoring JointVelocityCmd component.
[component_container-3] (2026-04-04 03:16:57.301) [warning] [Physics.cc:2467] Found both JointVelocityReset and JointVelocityCmd components for Joint [wrist_2_joint(Entity=106]). Ignoring JointVelocityCmd component.
[component_container-3] (2026-04-04 03:16:57.301) [warning] [Physics.cc:2467] Found both JointVelocityReset and JointVelocityCmd components for Joint [wrist_3_joint(Entity=107]). Ignoring JointVelocityCmd component.
[component_container-3] [INFO] [1775240217.301844348] [controller_manager]: Activating controllers: [ aic_controller ]
[component_container-3] [INFO] [1775240217.301948713] [controller_manager]: Requested controller switch from non-realtime loop
[component_container-3] [INFO] [1775240217.302011019] [controller_manager]: Activated controllers: [ aic_controller ]
[component_container-3] [INFO] [1775240217.302013534] [controller_manager]: Successfully switched controllers!
[component_container-3] (2026-04-04 03:16:57.383) [debug] [SdfEntityCreator.cc:547] Link has auto-inertial enabled: sc_port_1::sc_port_link
[component_container-3] (2026-04-04 03:16:57.383) [debug] [SdfEntityCreator.cc:549]   pose: 1.88554e-19 -0.00100271 0.000137321 0 0 0
[component_container-3] (2026-04-04 03:16:57.383) [debug] [SdfEntityCreator.cc:550]   mass: 0.04
[component_container-3] (2026-04-04 03:16:57.383) [debug] [SdfEntityCreator.cc:551]   ixx iyy izz: 1.86262e-06 5.50332e-06 6.55187e-06
[component_container-3] (2026-04-04 03:16:57.383) [debug] [SdfEntityCreator.cc:553]   ixy ixz iyz: -7.41324e-15 4.19415e-23 -5.5077e-09
[component_container-3] (2026-04-04 03:16:57.384) [debug] [SystemManager.cc:80] Loaded system [gz::sim::systems::PosePublisher] for entity [395]
[component_container-3] (2026-04-04 03:16:57.384) [debug] [SystemManager.cc:80] Loaded system [gz::sim::systems::TouchPlugin] for entity [441]
[component_container-3] (2026-04-04 03:16:57.384) [debug] [UserCommands.cc:1108] Created entity [395] named [task_board]
[component_container-3] (2026-04-04 03:16:57.387) [info] [Contact.cc:125] Contact system publishing on world/aic_world/model/task_board/model/sc_port_1/link/sc_port_link/sensor/sc_port_sensor/contact
[component_container-3] [INFO] [1775240217.388210950] [aic_controller]: Received service request to tare force torque sensor!
[component_container-3] [INFO] [1775240217.388233693] [aic_controller]: Successfully tared force torque sensor.
[component_container-3] [INFO] [1775240217.389080697] [gz_server]: InitializeCanonicalLinks
[component_container-3] (2026-04-04 03:16:57.389) [warning] [Component.hh:127] Trying to serialize component with data type [St10shared_ptrIN3sdf3v157ElementEE], which doesn't have `operator<<`. Component will not be serialized.
[component_container-3] (2026-04-04 03:16:57.389) [debug] [SimulationRunner.cc:600] Exiting postupdate worker thread (3)
[component_container-3] (2026-04-04 03:16:57.389) [debug] [SimulationRunner.cc:600] Exiting postupdate worker thread (0)
[component_container-3] (2026-04-04 03:16:57.389) [debug] [SimulationRunner.cc:600] Exiting postupdate worker thread (4)
[component_container-3] (2026-04-04 03:16:57.389) [debug] [SimulationRunner.cc:600] Exiting postupdate worker thread (1)
[component_container-3] (2026-04-04 03:16:57.389) [debug] [SimulationRunner.cc:600] Exiting postupdate worker thread (2)
[component_container-3] (2026-04-04 03:16:57.389) [debug] [SimulationRunner.cc:573] Creating PostUpdate worker threads: 8
[component_container-3] (2026-04-04 03:16:57.389) [debug] [SimulationRunner.cc:584] Creating postupdate worker thread (0)
[component_container-3] (2026-04-04 03:16:57.390) [debug] [SimulationRunner.cc:584] Creating postupdate worker thread (1)
[component_container-3] (2026-04-04 03:16:57.390) [debug] [SimulationRunner.cc:584] Creating postupdate worker thread (2)
[component_container-3] (2026-04-04 03:16:57.390) [debug] [SimulationRunner.cc:584] Creating postupdate worker thread (3)
[component_container-3] (2026-04-04 03:16:57.390) [debug] [SimulationRunner.cc:584] Creating postupdate worker thread (4)
[component_container-3] (2026-04-04 03:16:57.390) [debug] [SimulationRunner.cc:584] Creating postupdate worker thread (5)
[component_container-3] (2026-04-04 03:16:57.390) [debug] [SimulationRunner.cc:584] Creating postupdate worker thread (6)
[component_container-3] (2026-04-04 03:16:57.390) [debug] [TouchPlugin.cc:267] Started touch plugin [sc_port_1/sc_port_base]
[component_container-3] (2026-04-04 03:16:57.531) [debug] [SdfEntityCreator.cc:547] Link has auto-inertial enabled: cable_1::sc_plug_link
[component_container-3] (2026-04-04 03:16:57.531) [debug] [SdfEntityCreator.cc:549]   pose: -0.00907511 4.9566e-05 8.71699e-06 0 0 0
[component_container-3] (2026-04-04 03:16:57.531) [debug] [SdfEntityCreator.cc:550]   mass: 0.04
[component_container-3] (2026-04-04 03:16:57.531) [debug] [SdfEntityCreator.cc:551]   ixx iyy izz: 2.12257e-06 7.17318e-06 8.85404e-06
[component_container-3] (2026-04-04 03:16:57.531) [debug] [SdfEntityCreator.cc:553]   ixy ixz iyz: 1.24369e-08 -3.73363e-09 1.72827e-11
[component_container-3] (2026-04-04 03:16:57.531) [debug] [SdfEntityCreator.cc:547] Link has auto-inertial enabled: cable_1::lc_plug_link
[component_container-3] (2026-04-04 03:16:57.531) [debug] [SdfEntityCreator.cc:549]   pose: 0 -0.00428702 8.58528e-05 0 0 0
[component_container-3] (2026-04-04 03:16:57.531) [debug] [SdfEntityCreator.cc:550]   mass: 0.01
[component_container-3] (2026-04-04 03:16:57.531) [debug] [SdfEntityCreator.cc:551]   ixx iyy izz: 1.73585e-06 1.30886e-07 1.82579e-06
[component_container-3] (2026-04-04 03:16:57.531) [debug] [SdfEntityCreator.cc:553]   ixy ixz iyz: -3.13192e-14 3.63653e-15 -5.82954e-09
[component_container-3] (2026-04-04 03:16:57.532) [debug] [SdfEntityCreator.cc:547] Link has auto-inertial enabled: cable_1::sfp_module_link
[component_container-3] (2026-04-04 03:16:57.532) [debug] [SdfEntityCreator.cc:549]   pose: 0.000140388 0.0140944 0.000755794 0 0 0
[component_container-3] (2026-04-04 03:16:57.532) [debug] [SdfEntityCreator.cc:550]   mass: 0.02
[component_container-3] (2026-04-04 03:16:57.532) [debug] [SdfEntityCreator.cc:551]   ixx iyy izz: 3.52972e-06 5.95336e-07 3.76244e-06
[component_container-3] (2026-04-04 03:16:57.532) [debug] [SdfEntityCreator.cc:553]   ixy ixz iyz: 3.87677e-08 3.1005e-09 9.04204e-09
[component_container-3] (2026-04-04 03:16:57.533) [debug] [CablePlugin.cc:86] aic_gazebo::CablePlugin::Configure on entity: 464
[component_container-3] (2026-04-04 03:16:57.533) [info] [CablePlugin.cc:150] Cable transitioning to HARNESS state.
[component_container-3] (2026-04-04 03:16:57.533) [debug] [SystemManager.cc:80] Loaded system [aic_gazebo::CablePlugin] for entity [464]
[component_container-3] (2026-04-04 03:16:57.533) [debug] [SystemManager.cc:80] Loaded system [gz::sim::systems::PosePublisher] for entity [464]
[component_container-3] (2026-04-04 03:16:57.533) [debug] [UserCommands.cc:1108] Created entity [464] named [cable_1]
[component_container-3] [INFO] [1775240217.539782163] [gz_server]: InitializeCanonicalLinks
[component_container-3] (2026-04-04 03:16:57.541) [debug] [SimulationRunner.cc:600] Exiting postupdate worker thread (3)
[component_container-3] (2026-04-04 03:16:57.541) [debug] [SimulationRunner.cc:600] Exiting postupdate worker thread (5)
[component_container-3] (2026-04-04 03:16:57.541) [debug] [SimulationRunner.cc:600] Exiting postupdate worker thread (2)
[component_container-3] (2026-04-04 03:16:57.541) [debug] [SimulationRunner.cc:600] Exiting postupdate worker thread (1)
[component_container-3] (2026-04-04 03:16:57.541) [debug] [SimulationRunner.cc:600] Exiting postupdate worker thread (4)
[component_container-3] (2026-04-04 03:16:57.541) [debug] [SimulationRunner.cc:600] Exiting postupdate worker thread (0)
[component_container-3] (2026-04-04 03:16:57.541) [debug] [SimulationRunner.cc:600] Exiting postupdate worker thread (6)
[component_container-3] (2026-04-04 03:16:57.541) [debug] [SimulationRunner.cc:573] Creating PostUpdate worker threads: 10
[component_container-3] (2026-04-04 03:16:57.541) [debug] [SimulationRunner.cc:584] Creating postupdate worker thread (0)
[component_container-3] (2026-04-04 03:16:57.541) [debug] [SimulationRunner.cc:584] Creating postupdate worker thread (1)
[component_container-3] (2026-04-04 03:16:57.541) [debug] [SimulationRunner.cc:584] Creating postupdate worker thread (2)
[component_container-3] (2026-04-04 03:16:57.541) [debug] [SimulationRunner.cc:584] Creating postupdate worker thread (3)
[component_container-3] (2026-04-04 03:16:57.541) [debug] [SimulationRunner.cc:584] Creating postupdate worker thread (4)
[component_container-3] (2026-04-04 03:16:57.541) [debug] [SimulationRunner.cc:584] Creating postupdate worker thread (5)
[component_container-3] (2026-04-04 03:16:57.541) [debug] [SimulationRunner.cc:584] Creating postupdate worker thread (6)
[component_container-3] (2026-04-04 03:16:57.541) [debug] [SimulationRunner.cc:584] Creating postupdate worker thread (7)
[component_container-3] (2026-04-04 03:16:57.541) [debug] [SimulationRunner.cc:584] Creating postupdate worker thread (8)
[component_container-3] (2026-04-04 03:16:57.542) [info] [CablePlugin.cc:201] Cable transitioning to WAITING state.
[component_container-3] (2026-04-04 03:16:57.542) [info] [CablePlugin.cc:213] Cable transitioning to CREATE_CONNECTIONS state.
[component_container-3] (2026-04-04 03:16:57.542) [debug] [Physics.cc:2015] Creating detachable joint [662]
[component_container-3] (2026-04-04 03:16:57.542) [debug] [Physics.cc:2015] Creating detachable joint [665]
[component_container-3] (2026-04-04 03:16:57.542) [debug] [Physics.cc:2136] Detaching joint [662]
[component_container-3] (2026-04-04 03:16:57.542) [debug] [Physics.cc:2136] Detaching joint [665]
[component_container-3] (2026-04-04 03:16:57.543) [info] [CablePlugin.cc:247] Cable transitioning to CABLE_ATTACHED_TO_GRIPPER state.
[component_container-3] (2026-04-04 03:16:57.543) [debug] [Physics.cc:2015] Creating detachable joint [666]
[component_container-3] [INFO] [1775240217.563088837] [gz_server]: InitializeCanonicalLinks
[component_container-3] (2026-04-04 03:17:22.749) [debug] [TouchPlugin.cc:352] Model [sc_port_1] started touching [sc_plug] at 75.124 s
[component_container-3] (2026-04-04 03:17:23.756) [debug] [TouchPlugin.cc:366] Model [sc_port_1] touched [sc_plug] exclusively for 1 s
[component_container-3] (2026-04-04 03:17:23.756) [debug] [TouchPlugin.cc:273] Stopped touch plugin [sc_port_1/sc_port_base]
[component_container-3] (2026-04-04 03:17:23.756) [debug] [CablePlugin.cc:271] Cable connection 0 touched: 1. Topic: /sc_port_1/sc_port_base/touched
[component_container-3] (2026-04-04 03:17:23.757) [info] [CablePlugin.cc:281] Cable transitioning to ATTACH_CABLE_TO_PORT state.
[component_container-3] (2026-04-04 03:17:23.758) [debug] [Physics.cc:2136] Detaching joint [666]
[component_container-3] (2026-04-04 03:17:23.759) [info] [CablePlugin.cc:326] Cable transitioning to COMPLETED state.
[component_container-3] (2026-04-04 03:17:23.759) [debug] [Physics.cc:2015] Creating detachable joint [667]
[component_container-3] (2026-04-04 03:17:23.759) [debug] [Physics.cc:2015] Creating detachable joint [668]
[component_container-3] (2026-04-04 03:17:23.759) [debug] [Physics.cc:2015] Creating detachable joint [671]
[component_container-3] [INFO] [1775240243.760748711] [gz_server]: InitializeCanonicalLinks
[component_container-3] (2026-04-04 03:17:32.981) [debug] [UserCommands.cc:1158] Requesting removal of entity [395]
[component_container-3] (2026-04-04 03:17:32.991) [debug] [SimulationRunner.cc:600] Exiting postupdate worker thread (6)
[component_container-3] (2026-04-04 03:17:32.991) [debug] [SimulationRunner.cc:600] Exiting postupdate worker thread (3)
[component_container-3] (2026-04-04 03:17:32.991) [debug] [SimulationRunner.cc:600] Exiting postupdate worker thread (1)
[component_container-3] (2026-04-04 03:17:32.991) [debug] [SimulationRunner.cc:600] Exiting postupdate worker thread (8)
[component_container-3] (2026-04-04 03:17:32.991) [debug] [SimulationRunner.cc:600] Exiting postupdate worker thread (2)
[component_container-3] (2026-04-04 03:17:32.991) [debug] [SimulationRunner.cc:600] Exiting postupdate worker thread (5)
[component_container-3] (2026-04-04 03:17:32.991) [debug] [SimulationRunner.cc:600] Exiting postupdate worker thread (7)
[component_container-3] (2026-04-04 03:17:32.991) [debug] [SimulationRunner.cc:600] Exiting postupdate worker thread (4)
[component_container-3] (2026-04-04 03:17:32.991) [debug] [SimulationRunner.cc:600] Exiting postupdate worker thread (0)
[component_container-3] (2026-04-04 03:17:32.991) [debug] [SimulationRunner.cc:573] Creating PostUpdate worker threads: 8
[component_container-3] (2026-04-04 03:17:32.991) [debug] [SimulationRunner.cc:584] Creating postupdate worker thread (0)
[component_container-3] (2026-04-04 03:17:32.991) [debug] [SimulationRunner.cc:584] Creating postupdate worker thread (1)
[component_container-3] (2026-04-04 03:17:32.991) [debug] [SimulationRunner.cc:584] Creating postupdate worker thread (2)
[component_container-3] (2026-04-04 03:17:32.991) [debug] [SimulationRunner.cc:584] Creating postupdate worker thread (3)
[component_container-3] (2026-04-04 03:17:32.991) [debug] [SimulationRunner.cc:584] Creating postupdate worker thread (4)
[component_container-3] (2026-04-04 03:17:32.991) [debug] [SimulationRunner.cc:584] Creating postupdate worker thread (5)
[component_container-3] (2026-04-04 03:17:32.991) [debug] [SimulationRunner.cc:584] Creating postupdate worker thread (6)
[component_container-3] (2026-04-04 03:17:32.991) [debug] [UserCommands.cc:1158] Requesting removal of entity [464]
[component_container-3] (2026-04-04 03:17:32.992) [info] [CablePlugin.cc:162] Cable transitioning to CABLE_REMOVED state.
[component_container-3] [INFO] [1775240252.993750001] [controller_manager]: Deactivating controllers: [ aic_controller ]
[component_container-3] [INFO] [1775240252.993816385] [controller_manager]: Requested controller switch from non-realtime loop
[component_container-3] [INFO] [1775240252.993880014] [controller_manager]: Deactivated controllers: [ aic_controller ]
[component_container-3] [INFO] [1775240252.993884091] [controller_manager]: Successfully switched controllers!
[component_container-3] (2026-04-04 03:17:32.993) [debug] [Physics.cc:2136] Detaching joint [667]
[component_container-3] (2026-04-04 03:17:32.993) [debug] [Physics.cc:2136] Detaching joint [668]
[component_container-3] (2026-04-04 03:17:32.993) [debug] [Physics.cc:2136] Detaching joint [671]
[component_container-3] (2026-04-04 03:17:32.995) [info] [ResetJointsPlugin.cc:105] Received reset request for joint: shoulder_pan_joint
[component_container-3] (2026-04-04 03:17:32.995) [info] [ResetJointsPlugin.cc:105] Received reset request for joint: shoulder_lift_joint
[component_container-3] (2026-04-04 03:17:32.995) [info] [ResetJointsPlugin.cc:105] Received reset request for joint: elbow_joint
[component_container-3] (2026-04-04 03:17:32.995) [info] [ResetJointsPlugin.cc:105] Received reset request for joint: wrist_1_joint
[component_container-3] (2026-04-04 03:17:32.995) [info] [ResetJointsPlugin.cc:105] Received reset request for joint: wrist_2_joint
[component_container-3] (2026-04-04 03:17:32.995) [info] [ResetJointsPlugin.cc:105] Received reset request for joint: wrist_3_joint
[component_container-3] (2026-04-04 03:17:33.021) [debug] [SimulationRunner.cc:600] Exiting postupdate worker thread (6)
[component_container-3] (2026-04-04 03:17:33.021) [debug] [SimulationRunner.cc:600] Exiting postupdate worker thread (1)
[component_container-3] (2026-04-04 03:17:33.021) [debug] [SimulationRunner.cc:600] Exiting postupdate worker thread (5)
[component_container-3] (2026-04-04 03:17:33.021) [debug] [SimulationRunner.cc:600] Exiting postupdate worker thread (3)
[component_container-3] (2026-04-04 03:17:33.021) [debug] [SimulationRunner.cc:600] Exiting postupdate worker thread (0)
[component_container-3] (2026-04-04 03:17:33.021) [debug] [SimulationRunner.cc:600] Exiting postupdate worker thread (4)
[component_container-3] (2026-04-04 03:17:33.021) [debug] [SimulationRunner.cc:600] Exiting postupdate worker thread (2)
[component_container-3] (2026-04-04 03:17:33.021) [debug] [SimulationRunner.cc:573] Creating PostUpdate worker threads: 6
[component_container-3] (2026-04-04 03:17:33.021) [debug] [SimulationRunner.cc:584] Creating postupdate worker thread (0)
[component_container-3] (2026-04-04 03:17:33.022) [debug] [SimulationRunner.cc:584] Creating postupdate worker thread (1)
[component_container-3] (2026-04-04 03:17:33.022) [debug] [SimulationRunner.cc:584] Creating postupdate worker thread (2)
[component_container-3] (2026-04-04 03:17:33.022) [debug] [SimulationRunner.cc:584] Creating postupdate worker thread (3)
[component_container-3] (2026-04-04 03:17:33.022) [debug] [SimulationRunner.cc:584] Creating postupdate worker thread (4)
[component_container-3] (2026-04-04 03:17:33.665) [info] [ResetJointsPlugin.cc:149] Joint wrist_3_joint reset to initial position: 1.411
[component_container-3] (2026-04-04 03:17:33.665) [info] [ResetJointsPlugin.cc:149] Joint wrist_2_joint reset to initial position: 1.571
[component_container-3] (2026-04-04 03:17:33.665) [info] [ResetJointsPlugin.cc:149] Joint wrist_1_joint reset to initial position: -1.6933
[component_container-3] (2026-04-04 03:17:33.665) [info] [ResetJointsPlugin.cc:149] Joint elbow_joint reset to initial position: -1.6648
[component_container-3] (2026-04-04 03:17:33.665) [info] [ResetJointsPlugin.cc:149] Joint shoulder_lift_joint reset to initial position: -1.3542
[component_container-3] (2026-04-04 03:17:33.665) [info] [ResetJointsPlugin.cc:149] Joint shoulder_pan_joint reset to initial position: -0.1597
[component_container-3] (2026-04-04 03:17:33.665) [warning] [Physics.cc:2467] Found both JointVelocityReset and JointVelocityCmd components for Joint [shoulder_pan_joint(Entity=102]). Ignoring JointVelocityCmd component.
[component_container-3] (2026-04-04 03:17:33.665) [warning] [Physics.cc:2467] Found both JointVelocityReset and JointVelocityCmd components for Joint [shoulder_lift_joint(Entity=103]). Ignoring JointVelocityCmd component.
[component_container-3] (2026-04-04 03:17:33.665) [warning] [Physics.cc:2467] Found both JointVelocityReset and JointVelocityCmd components for Joint [elbow_joint(Entity=104]). Ignoring JointVelocityCmd component.
[component_container-3] (2026-04-04 03:17:33.665) [warning] [Physics.cc:2467] Found both JointVelocityReset and JointVelocityCmd components for Joint [wrist_1_joint(Entity=105]). Ignoring JointVelocityCmd component.
[component_container-3] (2026-04-04 03:17:33.665) [warning] [Physics.cc:2467] Found both JointVelocityReset and JointVelocityCmd components for Joint [wrist_2_joint(Entity=106]). Ignoring JointVelocityCmd component.
[component_container-3] (2026-04-04 03:17:33.665) [warning] [Physics.cc:2467] Found both JointVelocityReset and JointVelocityCmd components for Joint [wrist_3_joint(Entity=107]). Ignoring JointVelocityCmd component.
[component_container-3] [INFO] [1775240253.666121606] [controller_manager]: Activating controllers: [ aic_controller ]
[component_container-3] [INFO] [1775240253.666224318] [controller_manager]: Requested controller switch from non-realtime loop
[component_container-3] [INFO] [1775240253.666311801] [controller_manager]: Activated controllers: [ aic_controller ]
[component_container-3] [INFO] [1775240253.666316721] [controller_manager]: Successfully switched controllers!
[component_container-3] (2026-04-04 03:17:33.747) [debug] [SdfEntityCreator.cc:547] Link has auto-inertial enabled: sc_port_0::sc_port_link
[component_container-3] (2026-04-04 03:17:33.747) [debug] [SdfEntityCreator.cc:549]   pose: 1.88554e-19 -0.00100271 0.000137321 0 0 0
[component_container-3] (2026-04-04 03:17:33.747) [debug] [SdfEntityCreator.cc:550]   mass: 0.04
[component_container-3] (2026-04-04 03:17:33.747) [debug] [SdfEntityCreator.cc:551]   ixx iyy izz: 1.86262e-06 5.50332e-06 6.55187e-06
[component_container-3] (2026-04-04 03:17:33.747) [debug] [SdfEntityCreator.cc:553]   ixy ixz iyz: -7.41324e-15 4.19415e-23 -5.5077e-09
[component_container-3] (2026-04-04 03:17:33.748) [debug] [SystemManager.cc:80] Loaded system [gz::sim::systems::PosePublisher] for entity [672]
[component_container-3] (2026-04-04 03:17:33.748) [debug] [SystemManager.cc:80] Loaded system [gz::sim::systems::TouchPlugin] for entity [718]
[component_container-3] (2026-04-04 03:17:33.748) [debug] [UserCommands.cc:1108] Created entity [672] named [task_board]
[component_container-3] (2026-04-04 03:17:33.751) [info] [Contact.cc:125] Contact system publishing on world/aic_world/model/task_board/model/sc_port_0/link/sc_port_link/sensor/sc_port_sensor/contact
[component_container-3] [INFO] [1775240253.751962716] [aic_controller]: Received service request to tare force torque sensor!
[component_container-3] [INFO] [1775240253.751982984] [aic_controller]: Successfully tared force torque sensor.
[component_container-3] [INFO] [1775240253.752956765] [gz_server]: InitializeCanonicalLinks
[component_container-3] (2026-04-04 03:17:33.753) [debug] [SimulationRunner.cc:600] Exiting postupdate worker thread (2)
[component_container-3] (2026-04-04 03:17:33.753) [debug] [SimulationRunner.cc:600] Exiting postupdate worker thread (3)
[component_container-3] (2026-04-04 03:17:33.753) [debug] [SimulationRunner.cc:600] Exiting postupdate worker thread (0)
[component_container-3] (2026-04-04 03:17:33.753) [debug] [SimulationRunner.cc:600] Exiting postupdate worker thread (4)
[component_container-3] (2026-04-04 03:17:33.753) [debug] [SimulationRunner.cc:600] Exiting postupdate worker thread (1)
[component_container-3] (2026-04-04 03:17:33.753) [debug] [SimulationRunner.cc:573] Creating PostUpdate worker threads: 8
[component_container-3] (2026-04-04 03:17:33.753) [debug] [SimulationRunner.cc:584] Creating postupdate worker thread (0)
[component_container-3] (2026-04-04 03:17:33.753) [debug] [SimulationRunner.cc:584] Creating postupdate worker thread (1)
[component_container-3] (2026-04-04 03:17:33.753) [debug] [SimulationRunner.cc:584] Creating postupdate worker thread (2)
[component_container-3] (2026-04-04 03:17:33.753) [debug] [SimulationRunner.cc:584] Creating postupdate worker thread (3)
[component_container-3] (2026-04-04 03:17:33.753) [debug] [SimulationRunner.cc:584] Creating postupdate worker thread (4)
[component_container-3] (2026-04-04 03:17:33.753) [debug] [SimulationRunner.cc:584] Creating postupdate worker thread (5)
[component_container-3] (2026-04-04 03:17:33.753) [debug] [SimulationRunner.cc:584] Creating postupdate worker thread (6)
[component_container-3] (2026-04-04 03:17:33.754) [debug] [TouchPlugin.cc:267] Started touch plugin [sc_port_0/sc_port_base]
[component_container-3] (2026-04-04 03:17:33.893) [debug] [SdfEntityCreator.cc:547] Link has auto-inertial enabled: cable_1::sc_plug_link
[component_container-3] (2026-04-04 03:17:33.893) [debug] [SdfEntityCreator.cc:549]   pose: -0.00907511 4.9566e-05 8.71699e-06 0 0 0
[component_container-3] (2026-04-04 03:17:33.893) [debug] [SdfEntityCreator.cc:550]   mass: 0.04
[component_container-3] (2026-04-04 03:17:33.893) [debug] [SdfEntityCreator.cc:551]   ixx iyy izz: 2.12257e-06 7.17318e-06 8.85404e-06
[component_container-3] (2026-04-04 03:17:33.893) [debug] [SdfEntityCreator.cc:553]   ixy ixz iyz: 1.24369e-08 -3.73363e-09 1.72827e-11
[component_container-3] (2026-04-04 03:17:33.894) [debug] [SdfEntityCreator.cc:547] Link has auto-inertial enabled: cable_1::lc_plug_link
[component_container-3] (2026-04-04 03:17:33.894) [debug] [SdfEntityCreator.cc:549]   pose: 0 -0.00428702 8.58528e-05 0 0 0
[component_container-3] (2026-04-04 03:17:33.894) [debug] [SdfEntityCreator.cc:550]   mass: 0.01
[component_container-3] (2026-04-04 03:17:33.894) [debug] [SdfEntityCreator.cc:551]   ixx iyy izz: 1.73585e-06 1.30886e-07 1.82579e-06
[component_container-3] (2026-04-04 03:17:33.894) [debug] [SdfEntityCreator.cc:553]   ixy ixz iyz: -3.13192e-14 3.63653e-15 -5.82954e-09
[component_container-3] (2026-04-04 03:17:33.894) [debug] [SdfEntityCreator.cc:547] Link has auto-inertial enabled: cable_1::sfp_module_link
[component_container-3] (2026-04-04 03:17:33.894) [debug] [SdfEntityCreator.cc:549]   pose: 0.000140388 0.0140944 0.000755794 0 0 0
[component_container-3] (2026-04-04 03:17:33.894) [debug] [SdfEntityCreator.cc:550]   mass: 0.02
[component_container-3] (2026-04-04 03:17:33.894) [debug] [SdfEntityCreator.cc:551]   ixx iyy izz: 3.52972e-06 5.95336e-07 3.76244e-06
[component_container-3] (2026-04-04 03:17:33.894) [debug] [SdfEntityCreator.cc:553]   ixy ixz iyz: 3.87677e-08 3.1005e-09 9.04204e-09
[component_container-3] (2026-04-04 03:17:33.895) [debug] [CablePlugin.cc:86] aic_gazebo::CablePlugin::Configure on entity: 741
[component_container-3] (2026-04-04 03:17:33.895) [info] [CablePlugin.cc:150] Cable transitioning to HARNESS state.
[component_container-3] (2026-04-04 03:17:33.895) [debug] [SystemManager.cc:80] Loaded system [aic_gazebo::CablePlugin] for entity [741]
[component_container-3] (2026-04-04 03:17:33.895) [debug] [SystemManager.cc:80] Loaded system [gz::sim::systems::PosePublisher] for entity [741]
[component_container-3] (2026-04-04 03:17:33.895) [debug] [UserCommands.cc:1108] Created entity [741] named [cable_1]
[component_container-3] [INFO] [1775240253.904405600] [gz_server]: InitializeCanonicalLinks
[component_container-3] (2026-04-04 03:17:33.906) [debug] [SimulationRunner.cc:600] Exiting postupdate worker thread (3)
[component_container-3] (2026-04-04 03:17:33.906) [debug] [SimulationRunner.cc:600] Exiting postupdate worker thread (1)
[component_container-3] (2026-04-04 03:17:33.906) [debug] [SimulationRunner.cc:600] Exiting postupdate worker thread (5)
[component_container-3] (2026-04-04 03:17:33.906) [debug] [SimulationRunner.cc:600] Exiting postupdate worker thread (2)
[component_container-3] (2026-04-04 03:17:33.906) [debug] [SimulationRunner.cc:600] Exiting postupdate worker thread (6)
[component_container-3] (2026-04-04 03:17:33.906) [debug] [SimulationRunner.cc:600] Exiting postupdate worker thread (0)
[component_container-3] (2026-04-04 03:17:33.906) [debug] [SimulationRunner.cc:600] Exiting postupdate worker thread (4)
[component_container-3] (2026-04-04 03:17:33.906) [debug] [SimulationRunner.cc:573] Creating PostUpdate worker threads: 10
[component_container-3] (2026-04-04 03:17:33.906) [debug] [SimulationRunner.cc:584] Creating postupdate worker thread (0)
[component_container-3] (2026-04-04 03:17:33.906) [debug] [SimulationRunner.cc:584] Creating postupdate worker thread (1)
[component_container-3] (2026-04-04 03:17:33.906) [debug] [SimulationRunner.cc:584] Creating postupdate worker thread (2)
[component_container-3] (2026-04-04 03:17:33.906) [debug] [SimulationRunner.cc:584] Creating postupdate worker thread (3)
[component_container-3] (2026-04-04 03:17:33.907) [debug] [SimulationRunner.cc:584] Creating postupdate worker thread (4)
[component_container-3] (2026-04-04 03:17:33.907) [debug] [SimulationRunner.cc:584] Creating postupdate worker thread (5)
[component_container-3] (2026-04-04 03:17:33.907) [debug] [SimulationRunner.cc:584] Creating postupdate worker thread (6)
[component_container-3] (2026-04-04 03:17:33.907) [debug] [SimulationRunner.cc:584] Creating postupdate worker thread (7)
[component_container-3] (2026-04-04 03:17:33.907) [debug] [SimulationRunner.cc:584] Creating postupdate worker thread (8)
[component_container-3] (2026-04-04 03:17:33.907) [info] [CablePlugin.cc:201] Cable transitioning to WAITING state.
[component_container-3] (2026-04-04 03:17:33.907) [info] [CablePlugin.cc:213] Cable transitioning to CREATE_CONNECTIONS state.
[component_container-3] (2026-04-04 03:17:33.907) [debug] [Physics.cc:2015] Creating detachable joint [939]
[component_container-3] (2026-04-04 03:17:33.907) [debug] [Physics.cc:2015] Creating detachable joint [942]
[component_container-3] (2026-04-04 03:17:33.908) [debug] [Physics.cc:2136] Detaching joint [939]
[component_container-3] (2026-04-04 03:17:33.908) [debug] [Physics.cc:2136] Detaching joint [942]
[component_container-3] (2026-04-04 03:17:33.908) [info] [CablePlugin.cc:247] Cable transitioning to CABLE_ATTACHED_TO_GRIPPER state.
[component_container-3] (2026-04-04 03:17:33.908) [debug] [Physics.cc:2015] Creating detachable joint [943]
[component_container-3] [INFO] [1775240253.928397164] [gz_server]: InitializeCanonicalLinks
[component_container-3] (2026-04-04 03:18:09.674) [debug] [UserCommands.cc:1158] Requesting removal of entity [672]
[component_container-3] (2026-04-04 03:18:09.683) [debug] [SimulationRunner.cc:600] Exiting postupdate worker thread (0)
[component_container-3] (2026-04-04 03:18:09.683) [debug] [SimulationRunner.cc:600] Exiting postupdate worker thread (4)
[component_container-3] (2026-04-04 03:18:09.683) [debug] [SimulationRunner.cc:600] Exiting postupdate worker thread (3)
[component_container-3] (2026-04-04 03:18:09.683) [debug] [SimulationRunner.cc:600] Exiting postupdate worker thread (7)
[component_container-3] (2026-04-04 03:18:09.683) [debug] [SimulationRunner.cc:600] Exiting postupdate worker thread (1)
[component_container-3] (2026-04-04 03:18:09.683) [debug] [SimulationRunner.cc:600] Exiting postupdate worker thread (8)
[component_container-3] (2026-04-04 03:18:09.683) [debug] [SimulationRunner.cc:600] Exiting postupdate worker thread (2)
[component_container-3] (2026-04-04 03:18:09.683) [debug] [SimulationRunner.cc:600] Exiting postupdate worker thread (5)
[component_container-3] (2026-04-04 03:18:09.683) [debug] [SimulationRunner.cc:600] Exiting postupdate worker thread (6)
[component_container-3] (2026-04-04 03:18:09.683) [debug] [SimulationRunner.cc:573] Creating PostUpdate worker threads: 8
[component_container-3] (2026-04-04 03:18:09.683) [debug] [SimulationRunner.cc:584] Creating postupdate worker thread (0)
[component_container-3] (2026-04-04 03:18:09.683) [debug] [SimulationRunner.cc:584] Creating postupdate worker thread (1)
[component_container-3] (2026-04-04 03:18:09.683) [debug] [SimulationRunner.cc:584] Creating postupdate worker thread (2)
[component_container-3] (2026-04-04 03:18:09.683) [debug] [SimulationRunner.cc:584] Creating postupdate worker thread (3)
[component_container-3] (2026-04-04 03:18:09.683) [debug] [SimulationRunner.cc:584] Creating postupdate worker thread (4)
[component_container-3] (2026-04-04 03:18:09.683) [debug] [SimulationRunner.cc:584] Creating postupdate worker thread (5)
[component_container-3] (2026-04-04 03:18:09.683) [debug] [SimulationRunner.cc:584] Creating postupdate worker thread (6)
[component_container-3] (2026-04-04 03:18:09.684) [debug] [UserCommands.cc:1158] Requesting removal of entity [741]
[component_container-3] (2026-04-04 03:18:09.684) [info] [CablePlugin.cc:162] Cable transitioning to CABLE_REMOVED state.
[component_container-3] [INFO] [1775240289.684927818] [controller_manager]: Deactivating controllers: [ aic_controller ]
[component_container-3] [INFO] [1775240289.684989313] [controller_manager]: Requested controller switch from non-realtime loop
[component_container-3] [INFO] [1775240289.685051039] [controller_manager]: Deactivated controllers: [ aic_controller ]
[component_container-3] [INFO] [1775240289.685054636] [controller_manager]: Successfully switched controllers!
[component_container-3] (2026-04-04 03:18:09.685) [debug] [Physics.cc:2136] Detaching joint [943]
[component_container-3] (2026-04-04 03:18:09.687) [info] [ResetJointsPlugin.cc:105] Received reset request for joint: shoulder_pan_joint
[component_container-3] (2026-04-04 03:18:09.687) [info] [ResetJointsPlugin.cc:105] Received reset request for joint: shoulder_lift_joint
[component_container-3] (2026-04-04 03:18:09.687) [info] [ResetJointsPlugin.cc:105] Received reset request for joint: elbow_joint
[component_container-3] (2026-04-04 03:18:09.687) [info] [ResetJointsPlugin.cc:105] Received reset request for joint: wrist_1_joint
[component_container-3] (2026-04-04 03:18:09.687) [info] [ResetJointsPlugin.cc:105] Received reset request for joint: wrist_2_joint
[component_container-3] (2026-04-04 03:18:09.687) [info] [ResetJointsPlugin.cc:105] Received reset request for joint: wrist_3_joint
[component_container-3] (2026-04-04 03:18:09.713) [debug] [SimulationRunner.cc:600] Exiting postupdate worker thread (5)
[component_container-3] (2026-04-04 03:18:09.713) [debug] [SimulationRunner.cc:600] Exiting postupdate worker thread (1)
[component_container-3] (2026-04-04 03:18:09.713) [debug] [SimulationRunner.cc:600] Exiting postupdate worker thread (2)
[component_container-3] (2026-04-04 03:18:09.713) [debug] [SimulationRunner.cc:600] Exiting postupdate worker thread (6)
[component_container-3] (2026-04-04 03:18:09.713) [debug] [SimulationRunner.cc:600] Exiting postupdate worker thread (0)
[component_container-3] (2026-04-04 03:18:09.713) [debug] [SimulationRunner.cc:600] Exiting postupdate worker thread (4)
[component_container-3] (2026-04-04 03:18:09.713) [debug] [SimulationRunner.cc:600] Exiting postupdate worker thread (3)
[component_container-3] (2026-04-04 03:18:09.713) [debug] [SimulationRunner.cc:573] Creating PostUpdate worker threads: 6
[component_container-3] (2026-04-04 03:18:09.713) [debug] [SimulationRunner.cc:584] Creating postupdate worker thread (0)
[component_container-3] (2026-04-04 03:18:09.713) [debug] [SimulationRunner.cc:584] Creating postupdate worker thread (1)
[component_container-3] (2026-04-04 03:18:09.713) [debug] [SimulationRunner.cc:584] Creating postupdate worker thread (2)
[component_container-3] (2026-04-04 03:18:09.713) [debug] [SimulationRunner.cc:584] Creating postupdate worker thread (3)
[component_container-3] (2026-04-04 03:18:09.713) [debug] [SimulationRunner.cc:584] Creating postupdate worker thread (4)
[component_container-3] (2026-04-04 03:18:10.047) [info] [ResetJointsPlugin.cc:149] Joint wrist_3_joint reset to initial position: 1.411
[component_container-3] (2026-04-04 03:18:10.047) [info] [ResetJointsPlugin.cc:149] Joint wrist_2_joint reset to initial position: 1.571
[component_container-3] (2026-04-04 03:18:10.047) [info] [ResetJointsPlugin.cc:149] Joint wrist_1_joint reset to initial position: -1.6933
[component_container-3] (2026-04-04 03:18:10.047) [info] [ResetJointsPlugin.cc:149] Joint elbow_joint reset to initial position: -1.6648
[component_container-3] (2026-04-04 03:18:10.047) [info] [ResetJointsPlugin.cc:149] Joint shoulder_lift_joint reset to initial position: -1.3542
[component_container-3] (2026-04-04 03:18:10.047) [info] [ResetJointsPlugin.cc:149] Joint shoulder_pan_joint reset to initial position: -0.1597
[component_container-3] (2026-04-04 03:18:10.047) [warning] [Physics.cc:2467] Found both JointVelocityReset and JointVelocityCmd components for Joint [shoulder_pan_joint(Entity=102]). Ignoring JointVelocityCmd component.
[component_container-3] (2026-04-04 03:18:10.047) [warning] [Physics.cc:2467] Found both JointVelocityReset and JointVelocityCmd components for Joint [shoulder_lift_joint(Entity=103]). Ignoring JointVelocityCmd component.
[component_container-3] (2026-04-04 03:18:10.047) [warning] [Physics.cc:2467] Found both JointVelocityReset and JointVelocityCmd components for Joint [elbow_joint(Entity=104]). Ignoring JointVelocityCmd component.
[component_container-3] (2026-04-04 03:18:10.047) [warning] [Physics.cc:2467] Found both JointVelocityReset and JointVelocityCmd components for Joint [wrist_1_joint(Entity=105]). Ignoring JointVelocityCmd component.
[component_container-3] (2026-04-04 03:18:10.047) [warning] [Physics.cc:2467] Found both JointVelocityReset and JointVelocityCmd components for Joint [wrist_2_joint(Entity=106]). Ignoring JointVelocityCmd component.
[component_container-3] (2026-04-04 03:18:10.047) [warning] [Physics.cc:2467] Found both JointVelocityReset and JointVelocityCmd components for Joint [wrist_3_joint(Entity=107]). Ignoring JointVelocityCmd component.
[component_container-3] [INFO] [1775240290.047881329] [controller_manager]: Activating controllers: [ aic_controller ]
[component_container-3] [INFO] [1775240290.047958193] [controller_manager]: Requested controller switch from non-realtime loop
[component_container-3] [INFO] [1775240290.048029547] [controller_manager]: Activated controllers: [ aic_controller ]
[component_container-3] [INFO] [1775240290.048032632] [controller_manager]: Successfully switched controllers!
