ZENOH_CONFIG_OVERRIDE_ROUTER=mode="router";listen/endpoints=["tcp/[::]:7447"];connect/endpoints=[];routing/router/peers_failover_brokering=true;transport/shared_memory/enabled=false
ZENOH_CONFIG_OVERRIDE_PEER=;transport/shared_memory/enabled=false
[2m2026-05-07T15:11:04.154204Z[0m [32m INFO[0m ThreadId(02) [2mzenoh::net::runtime[0m[2m:[0m Using ZID: f43139c7a8da5cc301faab78ac646df0
[2m2026-05-07T15:11:04.154231Z[0m [33m WARN[0m ThreadId(02) [2mzenoh::net::routing::interceptor::authorization[0m[2m:[0m Rule 'deny_rule' flows list is not set. Setting it to both Ingress and Egress
[2m2026-05-07T15:11:04.154602Z[0m [32m INFO[0m ThreadId(02) [2mzenoh::net::runtime::orchestrator[0m[2m:[0m Zenoh can be reached at: tcp/[fd7a:115c:a1e0::ef01:8616]:7447
[2m2026-05-07T15:11:04.154606Z[0m [32m INFO[0m ThreadId(02) [2mzenoh::net::runtime::orchestrator[0m[2m:[0m Zenoh can be reached at: tcp/100.72.134.15:7447
[2m2026-05-07T15:11:04.154607Z[0m [32m INFO[0m ThreadId(02) [2mzenoh::net::runtime::orchestrator[0m[2m:[0m Zenoh can be reached at: tcp/[fe80::3384:d0dc:aa58:526d]:7447
[2m2026-05-07T15:11:04.154608Z[0m [32m INFO[0m ThreadId(02) [2mzenoh::net::runtime::orchestrator[0m[2m:[0m Zenoh can be reached at: tcp/[fe80::609c:22ff:fe05:2ada]:7447
[2m2026-05-07T15:11:04.154608Z[0m [32m INFO[0m ThreadId(02) [2mzenoh::net::runtime::orchestrator[0m[2m:[0m Zenoh can be reached at: tcp/[fe80::4412:b0ff:fee8:787d]:7447
[2m2026-05-07T15:11:04.154609Z[0m [32m INFO[0m ThreadId(02) [2mzenoh::net::runtime::orchestrator[0m[2m:[0m Zenoh can be reached at: tcp/172.30.1.38:7447
[2m2026-05-07T15:11:04.154609Z[0m [32m INFO[0m ThreadId(02) [2mzenoh::net::runtime::orchestrator[0m[2m:[0m Zenoh can be reached at: tcp/10.10.10.13:7447
[2m2026-05-07T15:11:04.154610Z[0m [32m INFO[0m ThreadId(02) [2mzenoh::net::runtime::orchestrator[0m[2m:[0m Zenoh can be reached at: tcp/172.17.0.1:7447
[INFO] [launch]: All log files can be found below /root/.ros/log/2026-05-07-15-11-04-186577-weed-System-Product-Name-51
[INFO] [launch]: Default logging verbosity is set to INFO
[2m2026-05-07T15:11:04.392919Z[0m [32m INFO[0m acc-0 ThreadId(04) [2mzenoh::net::routing::interceptor::access_control[0m[2m:[0m 8efcc490ae4246b395b7604e7abd332f did not match any configured ACL subject. Default permission `Allow` will be applied on all messages
[INFO] [robot_state_publisher-1]: process started with pid [118]
[INFO] [aic_adapter-2]: process started with pid [119]
[INFO] [component_container-3]: process started with pid [120]
[INFO] [gz-4]: process started with pid [121]
[INFO] [create-5]: process started with pid [122]
[INFO] [relay-6]: process started with pid [123]
[INFO] [static_transform_publisher-7]: process started with pid [124]
[2m2026-05-07T15:11:04.491727Z[0m [32m INFO[0m acc-0 ThreadId(04) [2mzenoh::net::routing::interceptor::access_control[0m[2m:[0m 755a5f52610943e91ed45126f0e7f415 did not match any configured ACL subject. Default permission `Allow` will be applied on all messages
[2m2026-05-07T15:11:04.491781Z[0m [32m INFO[0m acc-0 ThreadId(04) [2mzenoh::net::routing::interceptor::access_control[0m[2m:[0m 94dcdda9040b108a0b0139447caff824 did not match any configured ACL subject. Default permission `Allow` will be applied on all messages
[2m2026-05-07T15:11:04.491816Z[0m [32m INFO[0m acc-0 ThreadId(04) [2mzenoh::net::routing::interceptor::access_control[0m[2m:[0m 458c28e64641ec924a8c0fe2a0a1d359 did not match any configured ACL subject. Default permission `Allow` will be applied on all messages
[2m2026-05-07T15:11:04.492166Z[0m [32m INFO[0m acc-0 ThreadId(04) [2mzenoh::net::routing::interceptor::access_control[0m[2m:[0m b0018c11018ab139af9ed5242043e130 did not match any configured ACL subject. Default permission `Allow` will be applied on all messages
[2m2026-05-07T15:11:04.492321Z[0m [32m INFO[0m acc-0 ThreadId(04) [2mzenoh::net::routing::interceptor::access_control[0m[2m:[0m 5beb27f93c3aa04e4e4e896a010e47d5 did not match any configured ACL subject. Default permission `Allow` will be applied on all messages
[2m2026-05-07T15:11:04.497311Z[0m [32m INFO[0m acc-0 ThreadId(04) [2mzenoh::net::routing::interceptor::access_control[0m[2m:[0m e64712a326a6fc515028031a872d7e13 did not match any configured ACL subject. Default permission `Allow` will be applied on all messages
[static_transform_publisher-7] [INFO] [1778166664.497463752] [ground_truth_static_tf_publisher]: Spinning until stopped - publishing transform
[static_transform_publisher-7] translation: ('0.000000', '0.000000', '0.000000')
[static_transform_publisher-7] rotation: ('0.000000', '0.000000', '0.000000', '1.000000')
[static_transform_publisher-7] from 'world' to 'aic_world'
[aic_adapter-2] [INFO] [1778166664.499490101] [aic_adapter_node]: Adapter node initialization complete.
[robot_state_publisher-1] [INFO] [1778166664.501335341] [robot_state_publisher]: Robot initialized
[create-5] [INFO] [1778166664.503112294] [ros_gz_sim]: Requesting list of world names.
[gz-4] qt.qpa.xcb: could not connect to display 
[gz-4] qt.qpa.plugin: Could not load the Qt platform plugin "xcb" in "" even though it was found.
[gz-4] This application failed to start because no Qt platform plugin could be initialized. Reinstalling the application may fix this problem.
[gz-4] 
[gz-4] Available platform plugins are: eglfs, linuxfb, minimal, minimalegl, offscreen, vnc, wayland-egl, wayland, wayland-xcomposite-egl, wayland-xcomposite-glx, xcb.
[gz-4] 
[gz-4] Stack trace (most recent call last):
[gz-4] #29   Object "[0xffffffffffffffff]", at 0xffffffffffffffff, in 
[gz-4] #28   Object "gz sim -g", at 0x58e5d25921d4, in _start
[gz-4] #27   Object "/lib/x86_64-linux-gnu/libc.so.6", at 0x7b42fa6ee28a, in __libc_start_main
[gz-4] #26   Object "/lib/x86_64-linux-gnu/libc.so.6", at 0x7b42fa6ee1c9, in 
[gz-4] #25   Object "gz sim -g", at 0x58e5d2592186, in 
[gz-4] #24   Object "/lib/x86_64-linux-gnu/libruby-3.2.so.3.2", at 0x7b42fab54152, in ruby_run_node
[gz-4] #23   Object "/lib/x86_64-linux-gnu/libruby-3.2.so.3.2", at 0x7b42fab4fe2b, in 
[gz-4] #22   Object "/lib/x86_64-linux-gnu/libruby-3.2.so.3.2", at 0x7b42facf2b49, in rb_vm_exec
[gz-4] #21   Object "/lib/x86_64-linux-gnu/libruby-3.2.so.3.2", at 0x7b42facef62b, in 
[gz-4] #20   Object "/lib/x86_64-linux-gnu/libruby-3.2.so.3.2", at 0x7b42faceb13e, in 
[gz-4] #19   Object "/lib/x86_64-linux-gnu/libruby-3.2.so.3.2", at 0x7b42face892f, in 
[gz-4] #18   Object "/usr/lib/x86_64-linux-gnu/ruby/3.2.0/fiddle.so", at 0x7b42f5f27b13, in 
[gz-4] #17   Object "/lib/x86_64-linux-gnu/libruby-3.2.so.3.2", at 0x7b42facb137b, in rb_nogvl
[gz-4] #16   Object "/usr/lib/x86_64-linux-gnu/ruby/3.2.0/fiddle.so", at 0x7b42f5f2743b, in 
[gz-4] #15   Object "/lib/x86_64-linux-gnu/libffi.so.8", at 0x7b42f5e1b0bd, in ffi_call
[gz-4] #14   Object "/lib/x86_64-linux-gnu/libffi.so.8", at 0x7b42f5e183ee, in 
[gz-4] #13   Object "/lib/x86_64-linux-gnu/libffi.so.8", at 0x7b42f5e1bb15, in 
[gz-4] #12   Object "/ws_aic/install/lib/libgz-sim9-gz.so.9.5.0", at 0x7b42f5313a65, in runGui
[gz-4] #11   Object "/ws_aic/install/lib/libgz-sim9-gui.so.9", at 0x7b42f5146c8c, in gz::sim::v9::gui::runGui(int&, char**, char const*, char const*, int, char const*, char const*)
[gz-4] #10   Object "/ws_aic/install/lib/libgz-sim9-gui.so.9", at 0x7b42f5143970, in gz::sim::v9::gui::createGui(int&, char**, char const*, char const*, bool, char const*, int, char const*, char const*)
[gz-4] #9    Object "/ws_aic/install/lib/libgz-gui9.so.9", at 0x7b42f3d1866b, in gz::gui::Application::Application(int&, char**, gz::gui::WindowType, char const*)
[gz-4] #8    Object "/lib/x86_64-linux-gnu/libQt5Widgets.so.5", at 0x7b42f2d9b5b4, in QApplicationPrivate::init()
[gz-4] #7    Object "/lib/x86_64-linux-gnu/libQt5Gui.so.5", at 0x7b42f2671b9e, in QGuiApplicationPrivate::init()
[gz-4] #6    Object "/lib/x86_64-linux-gnu/libQt5Core.so.5", at 0x7b42f4078ff4, in QCoreApplicationPrivate::init()
[gz-4] #5    Object "/lib/x86_64-linux-gnu/libQt5Gui.so.5", at 0x7b42f266ec1f, in QGuiApplicationPrivate::createEventDispatcher()
[gz-4] #4    Object "/lib/x86_64-linux-gnu/libQt5Gui.so.5", at 0x7b42f266e6dc, in QGuiApplicationPrivate::createPlatformIntegration()
[gz-4] #3    Object "/lib/x86_64-linux-gnu/libQt5Core.so.5", at 0x7b42f3e2b103, in QMessageLogger::fatal(char const*, ...) const
[gz-4] #2    Object "/lib/x86_64-linux-gnu/libc.so.6", at 0x7b42fa6ec8fe, in abort
[gz-4] #1    Object "/lib/x86_64-linux-gnu/libc.so.6", at 0x7b42fa70927d, in gsignal
[gz-4] #0    Object "/lib/x86_64-linux-gnu/libc.so.6", at 0x7b42fa762b2c, in pthread_kill
[gz-4] Aborted (Signal sent by tkill() 121 0)
Started Zenoh router with id f43139c7a8da5cc301faab78ac646df0
[component_container-3] [INFO] [1778166664.655688767] [ros_gz_container]: Load Library: /ws_aic/install/lib/libgzserver_component.so
[component_container-3] [INFO] [1778166664.672035601] [ros_gz_container]: Found class: rclcpp_components::NodeFactoryTemplate<ros_gz_sim::GzServer>
[component_container-3] [INFO] [1778166664.672068523] [ros_gz_container]: Instantiate class: rclcpp_components::NodeFactoryTemplate<ros_gz_sim::GzServer>
[INFO] [launch_ros.actions.load_composable_nodes]: Loaded node '/gz_server' in container '/ros_gz_container'
[component_container-3] [INFO] [1778166664.673288544] [ros_gz_container]: Load Library: /ws_aic/install/lib/libros_gz_bridge.so
[ERROR] [gz-4]: process has died [pid 121, exit code -6, cmd 'gz sim -g'].
[component_container-3] [INFO] [1778166664.687969103] [ros_gz_container]: Found class: rclcpp_components::NodeFactoryTemplate<ros_gz_bridge::RosGzBridge>
[component_container-3] [INFO] [1778166664.687980074] [ros_gz_container]: Instantiate class: rclcpp_components::NodeFactoryTemplate<ros_gz_bridge::RosGzBridge>
[INFO] [launch_ros.actions.load_composable_nodes]: Loaded node '/ros_gz_bridge' in container 'ros_gz_container'
[component_container-3] (2026-05-07 15:11:04.696) [info] [ServerPrivate.cc:664] Loading SDF world file[/ws_aic/install/share/aic_description/world/aic.sdf].
[component_container-3] [INFO] [1778166665.689459845] [ros_gz_bridge]: Creating GZ->ROS Bridge: [/clock (gz.msgs.Clock) -> /clock (rosgraph_msgs/msg/Clock)] (Lazy 0)
[component_container-3] [INFO] [1778166665.690158992] [ros_gz_bridge]: Creating GZ->ROS Bridge: [/left_camera/image (gz.msgs.Image) -> /left_camera/image (sensor_msgs/msg/Image)] (Lazy 1)
[component_container-3] [INFO] [1778166665.690687691] [ros_gz_bridge]: Creating GZ->ROS Bridge: [/center_camera/image (gz.msgs.Image) -> /center_camera/image (sensor_msgs/msg/Image)] (Lazy 1)
[component_container-3] [INFO] [1778166665.690799139] [ros_gz_bridge]: Creating GZ->ROS Bridge: [/right_camera/image (gz.msgs.Image) -> /right_camera/image (sensor_msgs/msg/Image)] (Lazy 1)
[component_container-3] [INFO] [1778166665.690888867] [ros_gz_bridge]: Creating GZ->ROS Bridge: [/left_camera/camera_info (gz.msgs.CameraInfo) -> /left_camera/camera_info (sensor_msgs/msg/CameraInfo)] (Lazy 1)
[component_container-3] [INFO] [1778166665.691029460] [ros_gz_bridge]: Creating GZ->ROS Bridge: [/center_camera/camera_info (gz.msgs.CameraInfo) -> /center_camera/camera_info (sensor_msgs/msg/CameraInfo)] (Lazy 1)
[component_container-3] [INFO] [1778166665.691128134] [ros_gz_bridge]: Creating GZ->ROS Bridge: [/right_camera/camera_info (gz.msgs.CameraInfo) -> /right_camera/camera_info (sensor_msgs/msg/CameraInfo)] (Lazy 1)
[component_container-3] [INFO] [1778166665.691215828] [ros_gz_bridge]: Creating GZ->ROS Bridge: [/aic/gazebo/contacts/off_limit (gz.msgs.Contacts) -> /aic/gazebo/contacts/off_limit (ros_gz_interfaces/msg/Contacts)] (Lazy 1)
[component_container-3] [INFO] [1778166665.691575521] [ros_gz_bridge]: Creating GZ->ROS Bridge: [/cable_0/pose (gz.msgs.Pose_V) -> /scoring/tf (tf2_msgs/msg/TFMessage)] (Lazy 1)
[component_container-3] [INFO] [1778166665.691933921] [ros_gz_bridge]: Creating GZ->ROS Bridge: [/cable_1/pose (gz.msgs.Pose_V) -> /scoring/tf (tf2_msgs/msg/TFMessage)] (Lazy 1)
[component_container-3] [INFO] [1778166665.692084162] [ros_gz_bridge]: Creating GZ->ROS Bridge: [/cable_2/pose (gz.msgs.Pose_V) -> /scoring/tf (tf2_msgs/msg/TFMessage)] (Lazy 1)
[component_container-3] [INFO] [1778166665.692214996] [ros_gz_bridge]: Creating GZ->ROS Bridge: [/cable_3/pose (gz.msgs.Pose_V) -> /scoring/tf (tf2_msgs/msg/TFMessage)] (Lazy 1)
[component_container-3] [INFO] [1778166665.692289886] [ros_gz_bridge]: Creating GZ->ROS Bridge: [/cable_4/pose (gz.msgs.Pose_V) -> /scoring/tf (tf2_msgs/msg/TFMessage)] (Lazy 1)
[component_container-3] [INFO] [1778166665.692345781] [ros_gz_bridge]: Creating GZ->ROS Bridge: [/task_board/pose_static (gz.msgs.Pose_V) -> /scoring/tf (tf2_msgs/msg/TFMessage)] (Lazy 1)
[component_container-3] [INFO] [1778166665.692396826] [ros_gz_bridge]: Creating GZ->ROS Bridge: [/cable_0/insertion_event (gz.msgs.StringMsg) -> /scoring/insertion_event (std_msgs/msg/String)] (Lazy 1)
[component_container-3] [INFO] [1778166665.692589827] [ros_gz_bridge]: Creating GZ->ROS Bridge: [/cable_1/insertion_event (gz.msgs.StringMsg) -> /scoring/insertion_event (std_msgs/msg/String)] (Lazy 1)
[component_container-3] (2026-05-07 15:11:06.689) [info] [SystemManager.cc:54] Serving entity system service on [/entity/system/add]
[component_container-3] (2026-05-07 15:11:06.691) [info] [UserCommands.cc:752] Create service on [/world/aic_world/create_multiple] (async)
[component_container-3] (2026-05-07 15:11:06.691) [info] [UserCommands.cc:754] Create service on [/world/aic_world/create_multiple/blocking] (blocking)
[component_container-3] (2026-05-07 15:11:06.691) [info] [UserCommands.cc:752] Remove service on [/world/aic_world/remove] (async)
[component_container-3] (2026-05-07 15:11:06.691) [info] [UserCommands.cc:754] Remove service on [/world/aic_world/remove/blocking] (blocking)
[component_container-3] (2026-05-07 15:11:06.691) [info] [UserCommands.cc:752] Pose service on [/world/aic_world/set_pose] (async)
[component_container-3] (2026-05-07 15:11:06.691) [info] [UserCommands.cc:754] Pose service on [/world/aic_world/set_pose/blocking] (blocking)
[component_container-3] (2026-05-07 15:11:06.691) [info] [UserCommands.cc:752] Pose service on [/world/aic_world/set_pose_vector] (async)
[component_container-3] (2026-05-07 15:11:06.691) [info] [UserCommands.cc:754] Pose service on [/world/aic_world/set_pose_vector/blocking] (blocking)
[component_container-3] (2026-05-07 15:11:06.691) [info] [UserCommands.cc:752] Light configuration service on [/world/aic_world/light_config] (async)
[component_container-3] (2026-05-07 15:11:06.691) [info] [UserCommands.cc:754] Light configuration service on [/world/aic_world/light_config/blocking] (blocking)
[component_container-3] (2026-05-07 15:11:06.691) [info] [UserCommands.cc:752] Physics service on [/world/aic_world/set_physics] (async)
[component_container-3] (2026-05-07 15:11:06.691) [info] [UserCommands.cc:754] Physics service on [/world/aic_world/set_physics/blocking] (blocking)
[component_container-3] (2026-05-07 15:11:06.691) [info] [UserCommands.cc:752] SphericalCoordinates service on [/world/aic_world/set_spherical_coordinates] (async)
[component_container-3] (2026-05-07 15:11:06.691) [info] [UserCommands.cc:754] SphericalCoordinates service on [/world/aic_world/set_spherical_coordinates/blocking] (blocking)
[component_container-3] (2026-05-07 15:11:06.691) [info] [UserCommands.cc:752] Enable collision service on [/world/aic_world/enable_collision] (async)
[component_container-3] (2026-05-07 15:11:06.691) [info] [UserCommands.cc:754] Enable collision service on [/world/aic_world/enable_collision/blocking] (blocking)
[component_container-3] (2026-05-07 15:11:06.692) [info] [UserCommands.cc:752] Disable collision service on [/world/aic_world/disable_collision] (async)
[component_container-3] (2026-05-07 15:11:06.692) [info] [UserCommands.cc:754] Disable collision service on [/world/aic_world/disable_collision/blocking] (blocking)
[component_container-3] (2026-05-07 15:11:06.692) [info] [UserCommands.cc:752] Material service on [/world/aic_world/visual_config] (async)
[component_container-3] (2026-05-07 15:11:06.692) [info] [UserCommands.cc:754] Material service on [/world/aic_world/visual_config/blocking] (blocking)
[component_container-3] (2026-05-07 15:11:06.692) [info] [UserCommands.cc:752] Material service on [/world/aic_world/wheel_slip] (async)
[component_container-3] (2026-05-07 15:11:06.692) [info] [UserCommands.cc:754] Material service on [/world/aic_world/wheel_slip/blocking] (blocking)
[component_container-3] (2026-05-07 15:11:06.692) [debug] [SystemManager.cc:80] Loaded system [gz::sim::systems::UserCommands] for entity [1]
[component_container-3] (2026-05-07 15:11:06.704) [debug] [Physics.cc:967] Loaded [gz::physics::bullet_featherstone::Plugin] from library [/ws_aic/install/lib/gz-physics-8/engine-plugins/libgz-physics-bullet-featherstone-plugin.so]
[component_container-3] (2026-05-07 15:11:06.704) [debug] [SystemManager.cc:80] Loaded system [gz::sim::systems::Physics] for entity [1]
[component_container-3] (2026-05-07 15:11:06.706) [debug] [Sensors.cc:697] Configuring Sensors system
[component_container-3] (2026-05-07 15:11:06.706) [debug] [Sensors.cc:557] SensorsPrivate::Run
[component_container-3] (2026-05-07 15:11:06.707) [debug] [SystemManager.cc:80] Loaded system [gz::sim::systems::Sensors] for entity [1]
[component_container-3] (2026-05-07 15:11:06.707) [debug] [Sensors.cc:532] SensorsPrivate::RenderThread started
[component_container-3] (2026-05-07 15:11:06.707) [debug] [Sensors.cc:337] Waiting for init
[component_container-3] (2026-05-07 15:11:06.707) [debug] [ScoringPlugin.cc:45] aic_gazebo::ScoringPlugin::Configure on entity: 1
[component_container-3] (2026-05-07 15:11:06.707) [debug] [SystemManager.cc:80] Loaded system [aic_gazebo::ScoringPlugin] for entity [1]
[component_container-3] (2026-05-07 15:11:06.708) [debug] [WorldSdfGeneratorPlugin.cc:47] aic_gazebo::WorldSdfGeneratorPlugin::Configure
[component_container-3] (2026-05-07 15:11:06.708) [debug] [SystemManager.cc:80] Loaded system [aic_gazebo::WorldSdfGeneratorPlugin] for entity [1]
[component_container-3] (2026-05-07 15:11:06.708) [debug] [SystemManager.cc:80] Loaded system [gz::sim::systems::Contact] for entity [1]
[component_container-3] (2026-05-07 15:11:06.708) [info] [LevelManager.cc:646] Loaded level [default]
[component_container-3] (2026-05-07 15:11:06.708) [debug] [ServerConfig.cc:1025] Loading (3) plugins from file [/root/.gz/sim/9/server.config]
[component_container-3] (2026-05-07 15:11:06.708) [debug] [SimulationRunner.cc:1696] Additional plugins to load:
[component_container-3] (2026-05-07 15:11:06.708) [debug] [SimulationRunner.cc:1699] gz::sim::systems::SceneBroadcaster gz-sim-scene-broadcaster-system
[component_container-3] (2026-05-07 15:11:06.709) [debug] [SystemManager.cc:80] Loaded system [gz::sim::systems::SceneBroadcaster] for entity [1]
[component_container-3] (2026-05-07 15:11:06.709) [info] [SimulationRunner.cc:275] Serving world controls on [/world/aic_world/control], [/world/aic_world/control/state] and [/world/aic_world/playback/control]
[component_container-3] (2026-05-07 15:11:06.709) [info] [SimulationRunner.cc:301] Serving GUI information on [/world/aic_world/gui/info]
[component_container-3] (2026-05-07 15:11:06.709) [info] [SimulationRunner.cc:304] World [aic_world] initialized with [2ms] physics profile.
[component_container-3] (2026-05-07 15:11:06.709) [info] [SimulationRunner.cc:311] Serving world SDF generation service on [/world/aic_world/generate_world_sdf]
[component_container-3] (2026-05-07 15:11:06.709) [info] [ServerPrivate.cc:344] Serving world names on [/gazebo/worlds]
[component_container-3] (2026-05-07 15:11:06.709) [info] [ServerPrivate.cc:357] Resource path add service on [/gazebo/resource_paths/add].
[component_container-3] (2026-05-07 15:11:06.709) [info] [ServerPrivate.cc:370] Resource path get service on [/gazebo/resource_paths/get].
[component_container-3] (2026-05-07 15:11:06.709) [info] [ServerPrivate.cc:385] Resource path resolve service on [/gazebo/resource_paths/resolve].
[component_container-3] (2026-05-07 15:11:06.709) [info] [ServerPrivate.cc:399] Resource paths published on [/gazebo/resource_paths].
[component_container-3] (2026-05-07 15:11:06.709) [info] [ServerPrivate.cc:412] Server control service on [/server_control].
[component_container-3] (2026-05-07 15:11:06.809) [info] [SimulationRunner.cc:769] Found no publishers on /stats, adding root stats topic
[component_container-3] (2026-05-07 15:11:06.809) [info] [SimulationRunner.cc:803] Found no publishers on /clock, adding root clock topic
[component_container-3] (2026-05-07 15:11:06.810) [debug] [SimulationRunner.cc:573] Creating PostUpdate worker threads: 5
[component_container-3] (2026-05-07 15:11:06.810) [debug] [SimulationRunner.cc:584] Creating postupdate worker thread (0)
[component_container-3] (2026-05-07 15:11:06.810) [debug] [SimulationRunner.cc:584] Creating postupdate worker thread (1)
[component_container-3] (2026-05-07 15:11:06.810) [debug] [SimulationRunner.cc:584] Creating postupdate worker thread (2)
[component_container-3] (2026-05-07 15:11:06.810) [debug] [SimulationRunner.cc:584] Creating postupdate worker thread (3)
[create-5] [INFO] [1778166666.810284639] [ros_gz_sim]: Entity creation successful.
[component_container-3] (2026-05-07 15:11:06.811) [debug] [Physics.cc:1171] Attempting to set physics options, but the physics engine doesn't support feature [CollisionPairMaxContacts]. Options will be ignored.
[component_container-3] (2026-05-07 15:11:06.812) [info] [SceneBroadcaster.cc:634] Serving scene information on [/world/aic_world/scene/info]
[component_container-3] (2026-05-07 15:11:06.812) [info] [SceneBroadcaster.cc:643] Serving graph information on [/world/aic_world/scene/graph]
[component_container-3] (2026-05-07 15:11:06.812) [info] [SceneBroadcaster.cc:654] Serving full state on [/world/aic_world/state]
[component_container-3] (2026-05-07 15:11:06.812) [info] [SceneBroadcaster.cc:663] Serving full state (async) on [/world/aic_world/state_async]
[component_container-3] (2026-05-07 15:11:06.812) [info] [SceneBroadcaster.cc:671] Publishing scene information on [/world/aic_world/scene/info]
[component_container-3] (2026-05-07 15:11:06.812) [info] [SceneBroadcaster.cc:680] Publishing entity deletions on [/world/aic_world/scene/deletion]
[component_container-3] (2026-05-07 15:11:06.812) [info] [SceneBroadcaster.cc:689] Publishing state changes on [/world/aic_world/state]
[component_container-3] (2026-05-07 15:11:06.812) [info] [SceneBroadcaster.cc:700] Publishing pose messages on [/world/aic_world/pose/info]
[component_container-3] (2026-05-07 15:11:06.812) [info] [SceneBroadcaster.cc:711] Publishing dynamic pose messages on [/world/aic_world/dynamic_pose/info]
[INFO] [create-5]: process has finished cleanly [pid 122]
[INFO] [spawner-8]: process started with pid [255]
[INFO] [spawner-9]: process started with pid [256]
[component_container-3] [1;33mWarning [Utils.cc:119][0m [/sdf/model[@name="ur"]/link[@name="center_camera/sensor_link"]/sensor[@name="center_camera"]/camera[@name="center_camera"]/optical_frame_id]: SDF Element[optical_frame_id] is deprecated
[component_container-3] [1;33mWarning [Utils.cc:119][0m [/sdf/model[@name="ur"]/link[@name="left_camera/sensor_link"]/sensor[@name="left_camera"]/camera[@name="left_camera"]/optical_frame_id]: SDF Element[optical_frame_id] is deprecated
[component_container-3] [1;33mWarning [Utils.cc:119][0m [/sdf/model[@name="ur"]/link[@name="right_camera/sensor_link"]/sensor[@name="right_camera"]/camera[@name="right_camera"]/optical_frame_id]: SDF Element[optical_frame_id] is deprecated
[component_container-3] [WARN] [1778166666.863383021] [rcl.logging_rosout]: Publisher already registered for node name: 'ros_gz_container'. If this is due to multiple nodes with the same name then all logs for the logger named 'ros_gz_container' will go out over the existing publisher. As soon as any node with that name is destructed it will unregister the publisher, preventing any further logs for that name from being published on the rosout topic.
[component_container-3] [INFO] [1778166666.864134015] [ros_gz_container]: [gz_ros2_control] Fixed joint [tabletop_joint] (Entity=101)] is skipped
[component_container-3] [INFO] [1778166666.864151668] [ros_gz_container]: [gz_ros2_control] Fixed joint [center_camera/attach_sensor_link] (Entity=108)] is skipped
[component_container-3] [INFO] [1778166666.864170563] [ros_gz_container]: [gz_ros2_control] Fixed joint [center_camera/attach_optical] (Entity=109)] is skipped
[component_container-3] [INFO] [1778166666.864189699] [ros_gz_container]: [gz_ros2_control] Fixed joint [ati/attach_joint] (Entity=110)] is skipped
[component_container-3] [INFO] [1778166666.864192494] [ros_gz_container]: [gz_ros2_control] Fixed joint [left_camera/attach_sensor_link] (Entity=114)] is skipped
[component_container-3] [INFO] [1778166666.864194228] [ros_gz_container]: [gz_ros2_control] Fixed joint [left_camera/attach_optical] (Entity=115)] is skipped
[component_container-3] [INFO] [1778166666.864197193] [ros_gz_container]: [gz_ros2_control] Fixed joint [right_camera/attach_sensor_link] (Entity=116)] is skipped
[component_container-3] [INFO] [1778166666.864199197] [ros_gz_container]: [gz_ros2_control] Fixed joint [right_camera/attach_optical] (Entity=117)] is skipped
[component_container-3] [INFO] [1778166666.864650401] [ros_gz_container]: Loading controller_manager
[component_container-3] [INFO] [1778166666.867479821] [controller_manager]: Using ROS clock for triggering controller manager cycles.
[component_container-3] [INFO] [1778166666.868201320] [controller_manager]: Subscribing to '/robot_description' topic for robot description.
[component_container-3] [INFO] [1778166666.868962473] [controller_manager]: Enforcing command limits is enabled...
[component_container-3] [WARN] [1778166666.868977632] [ros_gz_container]: Waiting RM to load and initialize hardware...
[component_container-3] [INFO] [1778166666.869042022] [controller_manager]: Received robot description from topic.
[component_container-3] [INFO] [1778166666.870463540] [ros_gz_container]: Using JointLimiter for joint 'gripper/left_finger_joint' in hardware 'gripper' : '  has position limits: true [0, 0.025]
[component_container-3]   has velocity limits: true [0.05]
[component_container-3]   has acceleration limits: false [nan]
[component_container-3]   has deceleration limits: false [nan]
[component_container-3]   has jerk limits: false [nan]
[component_container-3]   has effort limits: true [20]
[component_container-3]   angle wraparound: false'
[component_container-3] [INFO] [1778166666.870477957] [ros_gz_container]: Creating JointSaturationLimiter for joint 'gripper/left_finger_joint' in hardware 'gripper'
[component_container-3] [INFO] [1778166666.870491272] [ros_gz_container]: Using JointLimiter for joint 'wrist_3_joint' in hardware 'ControlSystem' : '  has position limits: true [-6.28319, 6.28319]
[component_container-3]   has velocity limits: true [3.14159]
[component_container-3]   has acceleration limits: false [nan]
[component_container-3]   has deceleration limits: false [nan]
[component_container-3]   has jerk limits: false [nan]
[component_container-3]   has effort limits: true [28]
[component_container-3]   angle wraparound: false'
[component_container-3] [INFO] [1778166666.870494147] [ros_gz_container]: Creating JointSaturationLimiter for joint 'wrist_3_joint' in hardware 'ControlSystem'
[component_container-3] [INFO] [1778166666.870497944] [ros_gz_container]: Using JointLimiter for joint 'wrist_2_joint' in hardware 'ControlSystem' : '  has position limits: true [-6.28319, 6.28319]
[component_container-3]   has velocity limits: true [3.14159]
[component_container-3]   has acceleration limits: false [nan]
[component_container-3]   has deceleration limits: false [nan]
[component_container-3]   has jerk limits: false [nan]
[component_container-3]   has effort limits: true [28]
[component_container-3]   angle wraparound: false'
[component_container-3] [INFO] [1778166666.870500058] [ros_gz_container]: Creating JointSaturationLimiter for joint 'wrist_2_joint' in hardware 'ControlSystem'
[component_container-3] [INFO] [1778166666.870503334] [ros_gz_container]: Using JointLimiter for joint 'wrist_1_joint' in hardware 'ControlSystem' : '  has position limits: true [-6.28319, 6.28319]
[component_container-3]   has velocity limits: true [3.14159]
[component_container-3]   has acceleration limits: false [nan]
[component_container-3]   has deceleration limits: false [nan]
[component_container-3]   has jerk limits: false [nan]
[component_container-3]   has effort limits: true [28]
[component_container-3]   angle wraparound: false'
[component_container-3] [INFO] [1778166666.870505699] [ros_gz_container]: Creating JointSaturationLimiter for joint 'wrist_1_joint' in hardware 'ControlSystem'
[component_container-3] [INFO] [1778166666.870509135] [ros_gz_container]: Using JointLimiter for joint 'elbow_joint' in hardware 'ControlSystem' : '  has position limits: true [-3.14159, 3.14159]
[component_container-3]   has velocity limits: true [3.14159]
[component_container-3]   has acceleration limits: false [nan]
[component_container-3]   has deceleration limits: false [nan]
[component_container-3]   has jerk limits: false [nan]
[component_container-3]   has effort limits: true [150]
[component_container-3]   angle wraparound: false'
[component_container-3] [INFO] [1778166666.870511259] [ros_gz_container]: Creating JointSaturationLimiter for joint 'elbow_joint' in hardware 'ControlSystem'
[component_container-3] [INFO] [1778166666.870515176] [ros_gz_container]: Using JointLimiter for joint 'shoulder_lift_joint' in hardware 'ControlSystem' : '  has position limits: true [-6.28319, 6.28319]
[component_container-3]   has velocity limits: true [3.14159]
[component_container-3]   has acceleration limits: false [nan]
[component_container-3]   has deceleration limits: false [nan]
[component_container-3]   has jerk limits: false [nan]
[component_container-3]   has effort limits: true [150]
[component_container-3]   angle wraparound: false'
[component_container-3] [INFO] [1778166666.870532699] [ros_gz_container]: Creating JointSaturationLimiter for joint 'shoulder_lift_joint' in hardware 'ControlSystem'
[component_container-3] [INFO] [1778166666.870538440] [ros_gz_container]: Using JointLimiter for joint 'shoulder_pan_joint' in hardware 'ControlSystem' : '  has position limits: true [-6.28319, 6.28319]
[component_container-3]   has velocity limits: true [3.14159]
[component_container-3]   has acceleration limits: false [nan]
[component_container-3]   has deceleration limits: false [nan]
[component_container-3]   has jerk limits: false [nan]
[component_container-3]   has effort limits: true [150]
[component_container-3]   angle wraparound: false'
[component_container-3] [INFO] [1778166666.870541646] [ros_gz_container]: Creating JointSaturationLimiter for joint 'shoulder_pan_joint' in hardware 'ControlSystem'
[component_container-3] [INFO] [1778166666.872344387] [ros_gz_container]: The position_proportional_gain has been set to: 0.1
[component_container-3] [INFO] [1778166666.872376236] [ros_gz_container]: Loading joint: gripper/left_finger_joint
[component_container-3] [INFO] [1778166666.872379342] [ros_gz_container]: 	State:
[component_container-3] [INFO] [1778166666.872383259] [ros_gz_container]: 		 position
[component_container-3] [INFO] [1778166666.872390473] [ros_gz_container]: 			 found initial value: 0.007300
[component_container-3] [INFO] [1778166666.872393308] [ros_gz_container]: 		 velocity
[component_container-3] [INFO] [1778166666.872398678] [ros_gz_container]: 			 found initial value: 0.000000
[component_container-3] [INFO] [1778166666.872401383] [ros_gz_container]: 		 effort
[component_container-3] [INFO] [1778166666.872405872] [ros_gz_container]: 			 found initial value: 0.000000
[component_container-3] [INFO] [1778166666.872408707] [ros_gz_container]: 	Command:
[component_container-3] [INFO] [1778166666.872411342] [ros_gz_container]: 		 position
[component_container-3] [INFO] [1778166666.872422693] [ros_gz_container]: 		 effort
[component_container-3] [INFO] [1778166666.872470052] [ros_gz_container]: Loading sensor: AtiForceTorqueSensor
[component_container-3] [INFO] [1778166666.872473057] [ros_gz_container]: 	State:
[component_container-3] [INFO] [1778166666.872515116] [ros_gz_container]: Initialize hardware 'gripper' 
[component_container-3] [WARN] [1778166666.872580117] [rcl.logging_rosout]: Publisher already registered for node name: 'ros_gz_container'. If this is due to multiple nodes with the same name then all logs for the logger named 'ros_gz_container' will go out over the existing publisher. As soon as any node with that name is destructed it will unregister the publisher, preventing any further logs for that name from being published on the rosout topic.
[component_container-3] [INFO] [1778166666.873058171] [ros_gz_container.hardware_component.system.gripper]: `status_publish_rate` is set to 0.0, hardware status publisher will not be created.
[component_container-3] [INFO] [1778166666.873104097] [ros_gz_container]: Successful initialization of hardware 'gripper'
[component_container-3] [INFO] [1778166666.873192182] [ros_gz_container]: The position_proportional_gain has been set to: 0.1
[component_container-3] [INFO] [1778166666.873205547] [ros_gz_container]: Loading joint: shoulder_pan_joint
[component_container-3] [INFO] [1778166666.873207631] [ros_gz_container]: 	State:
[component_container-3] [INFO] [1778166666.873209665] [ros_gz_container]: 		 position
[component_container-3] [INFO] [1778166666.873214383] [ros_gz_container]: 			 found initial value: -0.159700
[component_container-3] [INFO] [1778166666.873216848] [ros_gz_container]: 		 velocity
[component_container-3] [INFO] [1778166666.873219333] [ros_gz_container]: 			 found initial value: 0.000000
[component_container-3] [INFO] [1778166666.873221527] [ros_gz_container]: 		 effort
[component_container-3] [INFO] [1778166666.873224041] [ros_gz_container]: 			 found initial value: 0.000000
[component_container-3] [INFO] [1778166666.873226165] [ros_gz_container]: 	Command:
[component_container-3] [INFO] [1778166666.873227839] [ros_gz_container]: 		 position
[component_container-3] [INFO] [1778166666.873234751] [ros_gz_container]: 		 velocity
[component_container-3] [INFO] [1778166666.873237817] [ros_gz_container]: 		 effort
[component_container-3] [INFO] [1778166666.873244409] [ros_gz_container]: Loading joint: shoulder_lift_joint
[component_container-3] [INFO] [1778166666.873246353] [ros_gz_container]: 	State:
[component_container-3] [INFO] [1778166666.873247966] [ros_gz_container]: 		 position
[component_container-3] [INFO] [1778166666.873250351] [ros_gz_container]: 			 found initial value: -1.354200
[component_container-3] [INFO] [1778166666.873252254] [ros_gz_container]: 		 velocity
[component_container-3] [INFO] [1778166666.873255871] [ros_gz_container]: 			 found initial value: 0.000000
[component_container-3] [INFO] [1778166666.873257654] [ros_gz_container]: 		 effort
[component_container-3] [INFO] [1778166666.873266381] [ros_gz_container]: 			 found initial value: 0.000000
[component_container-3] [INFO] [1778166666.873268144] [ros_gz_container]: 	Command:
[component_container-3] [INFO] [1778166666.873269617] [ros_gz_container]: 		 position
[component_container-3] [INFO] [1778166666.873273824] [ros_gz_container]: 		 velocity
[component_container-3] [INFO] [1778166666.873276089] [ros_gz_container]: 		 effort
[component_container-3] [INFO] [1778166666.873281228] [ros_gz_container]: Loading joint: elbow_joint
[component_container-3] [INFO] [1778166666.873282871] [ros_gz_container]: 	State:
[component_container-3] [INFO] [1778166666.873284434] [ros_gz_container]: 		 position
[component_container-3] [INFO] [1778166666.873286408] [ros_gz_container]: 			 found initial value: -1.664800
[component_container-3] [INFO] [1778166666.873288211] [ros_gz_container]: 		 velocity
[component_container-3] [INFO] [1778166666.873290946] [ros_gz_container]: 			 found initial value: 0.000000
[component_container-3] [INFO] [1778166666.873292670] [ros_gz_container]: 		 effort
[component_container-3] [INFO] [1778166666.873294884] [ros_gz_container]: 			 found initial value: 0.000000
[component_container-3] [INFO] [1778166666.873296757] [ros_gz_container]: 	Command:
[component_container-3] [INFO] [1778166666.873298400] [ros_gz_container]: 		 position
[component_container-3] [INFO] [1778166666.873302147] [ros_gz_container]: 		 velocity
[component_container-3] [INFO] [1778166666.873304101] [ros_gz_container]: 		 effort
[component_container-3] [INFO] [1778166666.873309361] [ros_gz_container]: Loading joint: wrist_1_joint
[component_container-3] [INFO] [1778166666.873310974] [ros_gz_container]: 	State:
[component_container-3] [INFO] [1778166666.873312537] [ros_gz_container]: 		 position
[component_container-3] [INFO] [1778166666.873314280] [ros_gz_container]: 			 found initial value: -1.693300
[component_container-3] [INFO] [1778166666.873316013] [ros_gz_container]: 		 velocity
[component_container-3] [INFO] [1778166666.873317727] [ros_gz_container]: 			 found initial value: 0.000000
[component_container-3] [INFO] [1778166666.873319450] [ros_gz_container]: 		 effort
[component_container-3] [INFO] [1778166666.873321123] [ros_gz_container]: 			 found initial value: 0.000000
[component_container-3] [INFO] [1778166666.873322836] [ros_gz_container]: 	Command:
[component_container-3] [INFO] [1778166666.873324299] [ros_gz_container]: 		 position
[component_container-3] [INFO] [1778166666.873327745] [ros_gz_container]: 		 velocity
[component_container-3] [INFO] [1778166666.873330290] [ros_gz_container]: 		 effort
[component_container-3] [INFO] [1778166666.873334959] [ros_gz_container]: Loading joint: wrist_2_joint
[component_container-3] [INFO] [1778166666.873336552] [ros_gz_container]: 	State:
[component_container-3] [INFO] [1778166666.873338055] [ros_gz_container]: 		 position
[component_container-3] [INFO] [1778166666.873339988] [ros_gz_container]: 			 found initial value: 1.571000
[component_container-3] [INFO] [1778166666.873341882] [ros_gz_container]: 		 velocity
[component_container-3] [INFO] [1778166666.873343535] [ros_gz_container]: 			 found initial value: 0.000000
[component_container-3] [INFO] [1778166666.873345298] [ros_gz_container]: 		 effort
[component_container-3] [INFO] [1778166666.873346941] [ros_gz_container]: 			 found initial value: 0.000000
[component_container-3] [INFO] [1778166666.873348644] [ros_gz_container]: 	Command:
[component_container-3] [INFO] [1778166666.873350117] [ros_gz_container]: 		 position
[component_container-3] [INFO] [1778166666.873353493] [ros_gz_container]: 		 velocity
[component_container-3] [INFO] [1778166666.873355447] [ros_gz_container]: 		 effort
[component_container-3] [INFO] [1778166666.873360156] [ros_gz_container]: Loading joint: wrist_3_joint
[component_container-3] [INFO] [1778166666.873361769] [ros_gz_container]: 	State:
[component_container-3] [INFO] [1778166666.873363252] [ros_gz_container]: 		 position
[component_container-3] [INFO] [1778166666.873366277] [ros_gz_container]: 			 found initial value: 1.411000
[component_container-3] [INFO] [1778166666.873368111] [ros_gz_container]: 		 velocity
[component_container-3] [INFO] [1778166666.873370666] [ros_gz_container]: 			 found initial value: 0.000000
[component_container-3] [INFO] [1778166666.873372479] [ros_gz_container]: 		 effort
[component_container-3] [INFO] [1778166666.873374122] [ros_gz_container]: 			 found initial value: 0.000000
[component_container-3] [INFO] [1778166666.873375835] [ros_gz_container]: 	Command:
[component_container-3] [INFO] [1778166666.873377328] [ros_gz_container]: 		 position
[component_container-3] [INFO] [1778166666.873380935] [ros_gz_container]: 		 velocity
[component_container-3] [INFO] [1778166666.873384181] [ros_gz_container]: 		 effort
[component_container-3] [INFO] [1778166666.873393909] [ros_gz_container]: Loading sensor: AtiForceTorqueSensor
[component_container-3] [INFO] [1778166666.873396033] [ros_gz_container]: 	State:
[component_container-3] [INFO] [1778166666.873400101] [ros_gz_container]: 		 force.x
[component_container-3] [INFO] [1778166666.873401994] [ros_gz_container]: 		 force.y
[component_container-3] [INFO] [1778166666.873403627] [ros_gz_container]: 		 force.z
[component_container-3] [INFO] [1778166666.873405360] [ros_gz_container]: 		 torque.x
[component_container-3] [INFO] [1778166666.873407074] [ros_gz_container]: 		 torque.y
[component_container-3] [INFO] [1778166666.873410560] [ros_gz_container]: 		 torque.z
[component_container-3] [INFO] [1778166666.873438142] [ros_gz_container]: Initialize hardware 'ControlSystem' 
[component_container-3] [WARN] [1778166666.873487815] [rcl.logging_rosout]: Publisher already registered for node name: 'ros_gz_container'. If this is due to multiple nodes with the same name then all logs for the logger named 'ros_gz_container' will go out over the existing publisher. As soon as any node with that name is destructed it will unregister the publisher, preventing any further logs for that name from being published on the rosout topic.
[component_container-3] [INFO] [1778166666.873924271] [ros_gz_container.hardware_component.system.ControlSystem]: `status_publish_rate` is set to 0.0, hardware status publisher will not be created.
[component_container-3] [INFO] [1778166666.873978081] [ros_gz_container]: Successful initialization of hardware 'ControlSystem'
[component_container-3] [INFO] [1778166666.874095030] [resource_manager]: 'configure' hardware 'ControlSystem' 
[component_container-3] [INFO] [1778166666.874097965] [ros_gz_container]: System Successfully configured!
[component_container-3] [INFO] [1778166666.874101783] [resource_manager]: Successful 'configure' of hardware 'ControlSystem'
[component_container-3] [INFO] [1778166666.874110098] [resource_manager]: 'activate' hardware 'ControlSystem' 
[component_container-3] [INFO] [1778166666.874116340] [resource_manager]: Successful 'activate' of hardware 'ControlSystem'
[component_container-3] [INFO] [1778166666.874141757] [resource_manager]: 'configure' hardware 'gripper' 
[component_container-3] [INFO] [1778166666.874142679] [ros_gz_container]: System Successfully configured!
[component_container-3] [INFO] [1778166666.874144462] [resource_manager]: Successful 'configure' of hardware 'gripper'
[component_container-3] [INFO] [1778166666.874145805] [resource_manager]: 'activate' hardware 'gripper' 
[component_container-3] [INFO] [1778166666.874146927] [resource_manager]: Successful 'activate' of hardware 'gripper'
[component_container-3] [WARN] [1778166666.874153389] [controller_manager]: Component 'ControlSystem' does not have read or write statistics initialized, skipping registration.
[component_container-3] [WARN] [1778166666.874157998] [controller_manager]: Component 'gripper' does not have read or write statistics initialized, skipping registration.
[component_container-3] [INFO] [1778166666.874163247] [controller_manager]: Resource Manager has been successfully initialized. Starting Controller Manager services...
[2m2026-05-07T15:11:06.901130Z[0m [32m INFO[0m acc-0 ThreadId(04) [2mzenoh::net::routing::interceptor::access_control[0m[2m:[0m 51f424b59f761b040df927fb35d085cb did not match any configured ACL subject. Default permission `Allow` will be applied on all messages
[2m2026-05-07T15:11:06.901180Z[0m [32m INFO[0m acc-0 ThreadId(04) [2mzenoh::net::routing::interceptor::access_control[0m[2m:[0m 3b6ad492af790d03ffa3c8c2121aaa8b did not match any configured ACL subject. Default permission `Allow` will be applied on all messages
[component_container-3] [INFO] [1778166666.919861693] [controller_manager]: Loading controller : 'fts_broadcaster' of type 'force_torque_sensor_broadcaster/ForceTorqueSensorBroadcaster'
[component_container-3] [INFO] [1778166666.919880378] [controller_manager]: Loading controller 'fts_broadcaster'
[component_container-3] [INFO] [1778166666.920430858] [controller_manager]: Controller 'fts_broadcaster' node arguments: --ros-args --params-file /ws_aic/install/share/aic_bringup/config/aic_ros2_controllers.yaml -p use_sim_time:=true --param use_sim_time:=true 
[spawner-9] [INFO] [1778166666.928689339] [spawner_fts_broadcaster]: Loaded fts_broadcaster
[component_container-3] [INFO] [1778166666.928933997] [controller_manager]: Configuring controller: 'fts_broadcaster'
[component_container-3] [INFO] [1778166666.929838057] [fts_broadcaster]: configure successful
[component_container-3] [INFO] [1778166666.930328715] [controller_manager]: Activating controllers: [ fts_broadcaster ]
[component_container-3] [INFO] [1778166666.930363790] [controller_manager]: Requested controller switch from non-realtime loop
[component_container-3] [INFO] [1778166666.930398435] [controller_manager]: Successfully switched controllers!
[component_container-3] (2026-05-07 15:11:08.869) [debug] [SystemManager.cc:80] Loaded system [gz_ros2_control::GazeboSimROS2ControlPlugin] for entity [31]
[component_container-3] (2026-05-07 15:11:08.869) [debug] [SystemManager.cc:80] Loaded system [gz::sim::systems::ForceTorque] for entity [31]
[component_container-3] (2026-05-07 15:11:08.870) [debug] [OffLimitContactsPlugin.cc:41] aic_gazebo::OffLimitContactsPlugin::Configure on entity: 31
[component_container-3] (2026-05-07 15:11:08.870) [debug] [OffLimitContactsPlugin.cc:165] Enabled collision [34]
[component_container-3] (2026-05-07 15:11:08.870) [debug] [OffLimitContactsPlugin.cc:165] Enabled collision [37]
[component_container-3] (2026-05-07 15:11:08.870) [debug] [OffLimitContactsPlugin.cc:165] Enabled collision [40]
[component_container-3] (2026-05-07 15:11:08.870) [debug] [OffLimitContactsPlugin.cc:165] Enabled collision [43]
[component_container-3] (2026-05-07 15:11:08.870) [debug] [OffLimitContactsPlugin.cc:165] Enabled collision [46]
[component_container-3] (2026-05-07 15:11:08.870) [debug] [OffLimitContactsPlugin.cc:165] Enabled collision [49]
[component_container-3] (2026-05-07 15:11:08.870) [debug] [OffLimitContactsPlugin.cc:165] Enabled collision [57]
[component_container-3] (2026-05-07 15:11:08.870) [debug] [OffLimitContactsPlugin.cc:165] Enabled collision [58]
[component_container-3] (2026-05-07 15:11:08.870) [debug] [OffLimitContactsPlugin.cc:165] Enabled collision [59]
[component_container-3] (2026-05-07 15:11:08.870) [debug] [OffLimitContactsPlugin.cc:165] Enabled collision [60]
[component_container-3] (2026-05-07 15:11:08.870) [debug] [OffLimitContactsPlugin.cc:165] Enabled collision [61]
[component_container-3] (2026-05-07 15:11:08.870) [debug] [OffLimitContactsPlugin.cc:165] Enabled collision [62]
[component_container-3] (2026-05-07 15:11:08.870) [debug] [OffLimitContactsPlugin.cc:165] Enabled collision [63]
[component_container-3] (2026-05-07 15:11:08.870) [debug] [OffLimitContactsPlugin.cc:165] Enabled collision [64]
[component_container-3] (2026-05-07 15:11:08.870) [debug] [OffLimitContactsPlugin.cc:165] Enabled collision [65]
[component_container-3] (2026-05-07 15:11:08.870) [debug] [OffLimitContactsPlugin.cc:165] Enabled collision [66]
[component_container-3] (2026-05-07 15:11:08.870) [debug] [OffLimitContactsPlugin.cc:165] Enabled collision [67]
[component_container-3] (2026-05-07 15:11:08.870) [debug] [OffLimitContactsPlugin.cc:165] Enabled collision [68]
[component_container-3] (2026-05-07 15:11:08.870) [debug] [OffLimitContactsPlugin.cc:165] Enabled collision [69]
[component_container-3] (2026-05-07 15:11:08.870) [debug] [OffLimitContactsPlugin.cc:165] Enabled collision [70]
[component_container-3] (2026-05-07 15:11:08.870) [debug] [OffLimitContactsPlugin.cc:165] Enabled collision [71]
[component_container-3] (2026-05-07 15:11:08.870) [debug] [OffLimitContactsPlugin.cc:165] Enabled collision [72]
[component_container-3] (2026-05-07 15:11:08.870) [debug] [OffLimitContactsPlugin.cc:165] Enabled collision [73]
[component_container-3] (2026-05-07 15:11:08.870) [debug] [OffLimitContactsPlugin.cc:165] Enabled collision [74]
[component_container-3] (2026-05-07 15:11:08.870) [debug] [OffLimitContactsPlugin.cc:165] Enabled collision [75]
[component_container-3] (2026-05-07 15:11:08.870) [debug] [OffLimitContactsPlugin.cc:165] Enabled collision [81]
[component_container-3] (2026-05-07 15:11:08.870) [debug] [OffLimitContactsPlugin.cc:165] Enabled collision [82]
[component_container-3] (2026-05-07 15:11:08.870) [debug] [OffLimitContactsPlugin.cc:165] Enabled collision [85]
[component_container-3] (2026-05-07 15:11:08.870) [debug] [OffLimitContactsPlugin.cc:165] Enabled collision [86]
[component_container-3] (2026-05-07 15:11:08.870) [debug] [OffLimitContactsPlugin.cc:165] Enabled collision [87]
[component_container-3] (2026-05-07 15:11:08.870) [debug] [OffLimitContactsPlugin.cc:165] Enabled collision [88]
[component_container-3] (2026-05-07 15:11:08.870) [debug] [OffLimitContactsPlugin.cc:165] Enabled collision [91]
[component_container-3] (2026-05-07 15:11:08.870) [debug] [OffLimitContactsPlugin.cc:165] Enabled collision [92]
[component_container-3] (2026-05-07 15:11:08.870) [debug] [OffLimitContactsPlugin.cc:165] Enabled collision [93]
[component_container-3] (2026-05-07 15:11:08.870) [debug] [OffLimitContactsPlugin.cc:165] Enabled collision [94]
[component_container-3] (2026-05-07 15:11:08.870) [debug] [SystemManager.cc:80] Loaded system [aic_gazebo::OffLimitContactsPlugin] for entity [31]
[component_container-3] (2026-05-07 15:11:08.871) [debug] [ResetJointsPlugin.cc:40] aic_gazebo::ResetJointsPlugin::Configure on entity: 31
[component_container-3] [WARN] [1778166668.871606918] [rcl.logging_rosout]: Publisher already registered for node name: 'ros_gz_container'. If this is due to multiple nodes with the same name then all logs for the logger named 'ros_gz_container' will go out over the existing publisher. As soon as any node with that name is destructed it will unregister the publisher, preventing any further logs for that name from being published on the rosout topic.
[component_container-3] (2026-05-07 15:11:08.872) [info] [ResetJointsPlugin.cc:117] Initialized ResetJointsPlugin!
[component_container-3] (2026-05-07 15:11:08.872) [debug] [SystemManager.cc:80] Loaded system [aic_gazebo::ResetJointsPlugin] for entity [31]
[component_container-3] (2026-05-07 15:11:08.872) [debug] [UserCommands.cc:1108] Created entity [31] named [ur5e]
[component_container-3] (2026-05-07 15:11:08.880) [debug] [Sensors.cc:953] Initialization needed
[component_container-3] (2026-05-07 15:11:08.880) [debug] [Sensors.cc:349] Initializing render context
[component_container-3] (2026-05-07 15:11:08.880) [info] [RenderEngineManager.cc:514] Loading plugin [gz-rendering-ogre2]
[component_container-3] (2026-05-07 15:11:08.880) [debug] [EntityComponentManager.cc:1676] Updated state thread iterators: 16 threads processing around 8 entities each.
[component_container-3] (2026-05-07 15:11:08.886) [warning] [Ogre2RenderEngine.cc:556] Unable to open display: . Trying to run in headless mode.
[component_container-3] (2026-05-07 15:11:08.886) [debug] [SimulationRunner.cc:600] Exiting postupdate worker thread (3)
[component_container-3] (2026-05-07 15:11:08.886) [debug] [SimulationRunner.cc:600] Exiting postupdate worker thread (0)
[component_container-3] (2026-05-07 15:11:08.886) [debug] [SimulationRunner.cc:600] Exiting postupdate worker thread (2)
[component_container-3] (2026-05-07 15:11:08.886) [debug] [SimulationRunner.cc:600] Exiting postupdate worker thread (1)
[component_container-3] (2026-05-07 15:11:08.886) [debug] [SimulationRunner.cc:573] Creating PostUpdate worker threads: 6
[component_container-3] (2026-05-07 15:11:08.886) [debug] [SimulationRunner.cc:584] Creating postupdate worker thread (0)
[component_container-3] (2026-05-07 15:11:08.887) [debug] [SimulationRunner.cc:584] Creating postupdate worker thread (1)
[component_container-3] (2026-05-07 15:11:08.887) [debug] [SimulationRunner.cc:584] Creating postupdate worker thread (2)
[component_container-3] (2026-05-07 15:11:08.887) [debug] [SimulationRunner.cc:584] Creating postupdate worker thread (3)
[component_container-3] (2026-05-07 15:11:08.887) [debug] [SimulationRunner.cc:584] Creating postupdate worker thread (4)
[spawner-9] [INFO] [1778166668.891102851] [spawner_fts_broadcaster]: Configured and activated fts_broadcaster
[component_container-3] [1;33mWarning [Utils.cc:119][0m [/sdf/model[@name="ur"]/link[@name="center_camera/sensor_link"]/sensor[@name="center_camera"]/camera[@name="center_camera"]/optical_frame_id]: SDF Element[optical_frame_id] is deprecated
[INFO] [spawner-9]: process has finished cleanly [pid 256]
[component_container-3] [1;33mWarning [Utils.cc:119][0m [/sdf/model[@name="ur"]/link[@name="left_camera/sensor_link"]/sensor[@name="left_camera"]/camera[@name="left_camera"]/optical_frame_id]: SDF Element[optical_frame_id] is deprecated
[component_container-3] [1;33mWarning [Utils.cc:119][0m [/sdf/model[@name="ur"]/link[@name="right_camera/sensor_link"]/sensor[@name="right_camera"]/camera[@name="right_camera"]/optical_frame_id]: SDF Element[optical_frame_id] is deprecated
[component_container-3] [INFO] [1778166668.925772376] [controller_manager]: Loading controller : 'joint_state_broadcaster' of type 'joint_state_broadcaster/JointStateBroadcaster'
[component_container-3] [INFO] [1778166668.925801179] [controller_manager]: Loading controller 'joint_state_broadcaster'
[component_container-3] [INFO] [1778166668.926753330] [controller_manager]: Controller 'joint_state_broadcaster' node arguments: --ros-args --params-file /ws_aic/install/share/aic_bringup/config/aic_ros2_controllers.yaml -p use_sim_time:=true --param use_sim_time:=true 
[component_container-3] [INFO] [1778166668.936668369] [gz_server]: InitializeCanonicalLinks
[component_container-3] [INFO] [1778166668.936832977] [gz_server]: Creating services on gz_server
[component_container-3] [INFO] [1778166668.937557862] [gz_server]: Created service /gz_server/delete_entity
[component_container-3] [INFO] [1778166668.937696341] [gz_server]: Created service /gz_server/get_entities
[component_container-3] [INFO] [1778166668.937787902] [gz_server]: Created service /gz_server/get_entity_info
[component_container-3] [INFO] [1778166668.937910511] [gz_server]: Created service /gz_server/get_entity_state
[component_container-3] [INFO] [1778166668.937995150] [gz_server]: Created service /gz_server/get_entities_states
[component_container-3] [INFO] [1778166668.938077263] [gz_server]: Created service /gz_server/get_simulation_state
[component_container-3] [INFO] [1778166668.938157323] [gz_server]: Created service /gz_server/get_simulator_features
[component_container-3] [INFO] [1778166668.938246249] [gz_server]: Created service /gz_server/reset_simulation
[component_container-3] [INFO] [1778166668.938383586] [gz_server]: Created service /gz_server/set_entity_state
[component_container-3] [INFO] [1778166668.938472172] [gz_server]: Created service /gz_server/set_simulation_state
[component_container-3] [INFO] [1778166668.938561308] [gz_server]: Created service /gz_server/spawn_entity
[component_container-3] [INFO] [1778166668.938636559] [gz_server]: Created service /gz_server/step_simulation
[component_container-3] [INFO] [1778166668.939283398] [gz_server]: Created action /gz_server/simulate_steps
[component_container-3] libEGL warning: pci id for fd 70: 10de:2c02, driver (null)
[component_container-3] 
[component_container-3] pci id for fd 72: 10de:2c02, driver (null)
[component_container-3] pci id for fd 73: 10de:2c02, driver (null)
[component_container-3] libEGL warning: egl: failed to create dri2 screen
[component_container-3] libEGL warning: pci id for fd 70: 10de:2c02, driver (null)
[component_container-3] 
[component_container-3] pci id for fd 72: 10de:2c02, driver (null)
[component_container-3] pci id for fd 73: 10de:2c02, driver (null)
[component_container-3] libEGL warning: egl: failed to create dri2 screen
[component_container-3] libEGL warning: pci id for fd 70: 10de:2c02, driver (null)
[component_container-3] 
[component_container-3] (2026-05-07 15:11:09.027) [debug] [RenderUtil.cc:2646] Create scene [scene]
[component_container-3] (2026-05-07 15:11:09.222) [debug] [Sensors.cc:391] Rendering Thread initialized
[component_container-3] (2026-05-07 15:11:09.222) [debug] [Sensors.cc:953] Initialization needed
[component_container-3] (2026-05-07 15:11:09.223) [debug] [ForceTorque.cc:162] Adding JointTransmittedWrench to: 110
[component_container-3] [INFO] [1778166669.224321941] [ros_gz_container]: ForceTorque AtiForceTorqueSensor has a topic name: /axia80_m20/wrench
[component_container-3] [INFO] [1778166669.224442436] [ros_gz_container]: ForceTorque AtiForceTorqueSensor has a topic name: /axia80_m20/wrench
[spawner-8] [INFO] [1778166669.231838475] [spawner_joint_state_broadcaster]: Loaded joint_state_broadcaster
[component_container-3] [INFO] [1778166669.232296101] [controller_manager]: Configuring controller: 'joint_state_broadcaster'
[component_container-3] [INFO] [1778166669.232349631] [joint_state_broadcaster]: 'joints' or 'interfaces' parameter is empty. All available state interfaces will be published
[2m2026-05-07T15:11:09.337482Z[0m [32m INFO[0m acc-0 ThreadId(04) [2mzenoh::net::routing::interceptor::access_control[0m[2m:[0m e5ca367e3e7e71b935b8143c2e0d9051 did not match any configured ACL subject. Default permission `Allow` will be applied on all messages
[2m2026-05-07T15:11:09.428464Z[0m [32m INFO[0m acc-0 ThreadId(04) [2mzenoh::net::routing::interceptor::access_control[0m[2m:[0m 7bc13b7001f8022a6a53526a1f570cb0 did not match any configured ACL subject. Default permission `Allow` will be applied on all messages
[component_container-3] (2026-05-07 15:11:09.549) [debug] [CameraSensor.cc:342] Camera images for [ur5e::center_camera/sensor_link::center_camera] advertised on [/center_camera/image]
[component_container-3] (2026-05-07 15:11:09.549) [debug] [CameraSensor.cc:632] Camera info for [ur5e::center_camera/sensor_link::center_camera] advertised on [/center_camera/camera_info]
[component_container-3] (2026-05-07 15:11:09.550) [warning] [Ogre2Camera.cc:423] Ogre2Camera::SetVisibilityMask: Mask bits c0000000 are set but will be ignored as they conflict with the reserved bits used internally by the ogre2 backend.
[component_container-3] (2026-05-07 15:11:09.550) [debug] [CameraSensor.cc:342] Camera images for [ur5e::left_camera/sensor_link::left_camera] advertised on [/left_camera/image]
[component_container-3] (2026-05-07 15:11:09.550) [debug] [CameraSensor.cc:632] Camera info for [ur5e::left_camera/sensor_link::left_camera] advertised on [/left_camera/camera_info]
[component_container-3] (2026-05-07 15:11:09.550) [warning] [Ogre2Camera.cc:423] Ogre2Camera::SetVisibilityMask: Mask bits c0000000 are set but will be ignored as they conflict with the reserved bits used internally by the ogre2 backend.
[component_container-3] (2026-05-07 15:11:09.550) [debug] [CameraSensor.cc:342] Camera images for [ur5e::right_camera/sensor_link::right_camera] advertised on [/right_camera/image]
[component_container-3] (2026-05-07 15:11:09.550) [debug] [CameraSensor.cc:632] Camera info for [ur5e::right_camera/sensor_link::right_camera] advertised on [/right_camera/camera_info]
[component_container-3] (2026-05-07 15:11:09.550) [warning] [Ogre2Camera.cc:423] Ogre2Camera::SetVisibilityMask: Mask bits c0000000 are set but will be ignored as they conflict with the reserved bits used internally by the ogre2 backend.
[component_container-3] (2026-05-07 15:11:09.893) [debug] [CameraSensor.cc:441] Enabling camera sensor: 'ur5e::center_camera/sensor_link::center_camera' data generation.
[component_container-3] (2026-05-07 15:11:09.912) [debug] [CameraSensor.cc:441] Enabling camera sensor: 'ur5e::left_camera/sensor_link::left_camera' data generation.
[component_container-3] (2026-05-07 15:11:09.918) [debug] [CameraSensor.cc:441] Enabling camera sensor: 'ur5e::right_camera/sensor_link::right_camera' data generation.
[component_container-3] [INFO] [1778166669.925948046] [controller_manager]: Activating controllers: [ joint_state_broadcaster ]
[component_container-3] [INFO] [1778166669.926021673] [controller_manager]: Requested controller switch from non-realtime loop
[component_container-3] [INFO] [1778166669.926116270] [controller_manager]: Successfully switched controllers!
[spawner-8] [INFO] [1778166669.927383600] [spawner_joint_state_broadcaster]: Configured and activated joint_state_broadcaster
[INFO] [spawner-8]: process has finished cleanly [pid 255]
[INFO] [spawner-10]: process started with pid [477]
[2m2026-05-07T15:11:10.043066Z[0m [32m INFO[0m acc-0 ThreadId(04) [2mzenoh::net::routing::interceptor::access_control[0m[2m:[0m 2d15d24ce67b63ac21addddd7a55b53d did not match any configured ACL subject. Default permission `Allow` will be applied on all messages
[component_container-3] [INFO] [1778166670.063240574] [controller_manager]: Loading controller : 'aic_controller' of type 'aic/Controller'
[component_container-3] [INFO] [1778166670.063271212] [controller_manager]: Loading controller 'aic_controller'
[component_container-3] [INFO] [1778166670.064941404] [controller_manager]: Controller 'aic_controller' node arguments: --ros-args --params-file /ws_aic/install/share/aic_bringup/config/aic_ros2_controllers.yaml -p use_sim_time:=true --param use_sim_time:=true 
[component_container-3] (2026-05-07 15:11:10.142) [debug] [WorldSdfGeneratorPlugin.cc:79] Saving world: aic_world to: /tmp/aic.sdf
[component_container-3] (2026-05-07 15:11:10.142) [info] [WorldSdfGeneratorPlugin.cc:86] File: /tmp/aic.sdf could not be opened for saving. Please check that the directory containg the file exists and the correct permissions are set.
[spawner-10] [INFO] [1778166670.150370770] [spawner_aic_controller]: Loaded aic_controller
[component_container-3] [INFO] [1778166670.150843013] [controller_manager]: Configuring controller: 'aic_controller'
[component_container-3] [INFO] [1778166670.150900500] [aic_controller]: Control mode set to impedance
[component_container-3] [INFO] [1778166670.150906291] [aic_controller]: Target mode set to Cartesian. Accepting MotionUpdate targets.
[component_container-3] [INFO] [1778166670.155256475] [controller_manager]: Activating controllers: [ aic_controller ]
[component_container-3] [INFO] [1778166670.155326436] [controller_manager]: Requested controller switch from non-realtime loop
[component_container-3] [INFO] [1778166670.155393481] [controller_manager]: Successfully switched controllers!
[component_container-3] (2026-05-07 15:11:10.156) [warning] [Component.hh:144] Trying to serialize component with data type [St6vectorIdSaIdEE], which doesn't have `operator<<`. Component will not be serialized.
[component_container-3] (2026-05-07 15:11:10.156) [warning] [Component.hh:189] Trying to deserialize component with data type [St6vectorIdSaIdEE], which doesn't have `operator>>`. Component will not be deserialized.
[spawner-10] [INFO] [1778166670.157364306] [spawner_aic_controller]: Configured and activated all the parsed controllers list : ['aic_controller']!
[INFO] [spawner-10]: process has finished cleanly [pid 477]
[INFO] [rviz2-11]: process started with pid [495]
[rviz2-11] qt.qpa.xcb: could not connect to display 
[rviz2-11] qt.qpa.plugin: Could not load the Qt platform plugin "xcb" in "" even though it was found.
[rviz2-11] This application failed to start because no Qt platform plugin could be initialized. Reinstalling the application may fix this problem.
[rviz2-11] 
[rviz2-11] Available platform plugins are: eglfs, linuxfb, minimal, minimalegl, offscreen, vnc, wayland-egl, wayland, wayland-xcomposite-egl, wayland-xcomposite-glx, xcb.
[rviz2-11] 
[ERROR] [rviz2-11]: process has died [pid 495, exit code -6, cmd '/opt/ros/kilted/lib/rviz2/rviz2 -d /ws_aic/install/share/aic_bringup/rviz/aic.rviz --ros-args -r __node:=rviz2 --params-file /tmp/launch_params_cr_mipkf'].
[2m2026-05-07T15:11:14.181153Z[0m [32m INFO[0m acc-0 ThreadId(04) [2mzenoh::net::routing::interceptor::access_control[0m[2m:[0m cdd7f605733f3785bc1d689269d1c393 did not match any configured ACL subject. Default permission `Allow` will be applied on all messages
[2m2026-05-07T15:11:24.048224Z[0m [32m INFO[0m acc-0 ThreadId(04) [2mzenoh::net::routing::interceptor::access_control[0m[2m:[0m 5599a2bab7ffba9d9c775c1f8d1c0643 did not match any configured ACL subject. Default permission `Allow` will be applied on all messages
[component_container-3] (2026-05-07 15:11:25.149) [debug] [SdfEntityCreator.cc:547] Link has auto-inertial enabled: sc_port_0::sc_port_link
[component_container-3] (2026-05-07 15:11:25.149) [debug] [SdfEntityCreator.cc:549]   pose: 1.88554e-19 -0.00100271 0.000137321 0 0 0
[component_container-3] (2026-05-07 15:11:25.149) [debug] [SdfEntityCreator.cc:550]   mass: 0.04
[component_container-3] (2026-05-07 15:11:25.149) [debug] [SdfEntityCreator.cc:551]   ixx iyy izz: 1.86262e-06 5.50332e-06 6.55187e-06
[component_container-3] (2026-05-07 15:11:25.149) [debug] [SdfEntityCreator.cc:553]   ixy ixz iyz: -7.41324e-15 4.19415e-23 -5.5077e-09
[component_container-3] (2026-05-07 15:11:25.150) [debug] [SystemManager.cc:80] Loaded system [gz::sim::systems::PosePublisher] for entity [118]
[component_container-3] (2026-05-07 15:11:25.151) [debug] [SystemManager.cc:80] Loaded system [gz::sim::systems::TouchPlugin] for entity [164]
[component_container-3] (2026-05-07 15:11:25.151) [debug] [UserCommands.cc:1108] Created entity [118] named [task_board]
[component_container-3] (2026-05-07 15:11:25.153) [info] [Contact.cc:125] Contact system publishing on world/aic_world/model/task_board/model/sc_port_0/link/sc_port_link/sensor/sc_port_sensor/contact
[component_container-3] [INFO] [1778166685.154053399] [aic_controller]: Received service request to tare force torque sensor!
[component_container-3] [INFO] [1778166685.154074889] [aic_controller]: Successfully tared force torque sensor.
[component_container-3] [INFO] [1778166685.155055263] [gz_server]: InitializeCanonicalLinks
[component_container-3] (2026-05-07 15:11:25.155) [warning] [Component.hh:127] Trying to serialize component with data type [St10shared_ptrIN3sdf3v157ElementEE], which doesn't have `operator<<`. Component will not be serialized.
[component_container-3] (2026-05-07 15:11:25.155) [debug] [SimulationRunner.cc:600] Exiting postupdate worker thread (3)
[component_container-3] (2026-05-07 15:11:25.155) [debug] [SimulationRunner.cc:600] Exiting postupdate worker thread (4)
[component_container-3] (2026-05-07 15:11:25.155) [debug] [SimulationRunner.cc:600] Exiting postupdate worker thread (0)
[component_container-3] (2026-05-07 15:11:25.155) [debug] [SimulationRunner.cc:600] Exiting postupdate worker thread (1)
[component_container-3] (2026-05-07 15:11:25.155) [debug] [SimulationRunner.cc:600] Exiting postupdate worker thread (2)
[component_container-3] (2026-05-07 15:11:25.155) [debug] [SimulationRunner.cc:573] Creating PostUpdate worker threads: 8
[component_container-3] (2026-05-07 15:11:25.155) [debug] [SimulationRunner.cc:584] Creating postupdate worker thread (0)
[component_container-3] (2026-05-07 15:11:25.155) [debug] [SimulationRunner.cc:584] Creating postupdate worker thread (1)
[component_container-3] (2026-05-07 15:11:25.155) [debug] [SimulationRunner.cc:584] Creating postupdate worker thread (2)
[component_container-3] (2026-05-07 15:11:25.155) [debug] [SimulationRunner.cc:584] Creating postupdate worker thread (3)
[component_container-3] (2026-05-07 15:11:25.155) [debug] [SimulationRunner.cc:584] Creating postupdate worker thread (4)
[component_container-3] (2026-05-07 15:11:25.155) [debug] [SimulationRunner.cc:584] Creating postupdate worker thread (5)
[component_container-3] (2026-05-07 15:11:25.155) [debug] [SimulationRunner.cc:584] Creating postupdate worker thread (6)
[component_container-3] (2026-05-07 15:11:25.156) [debug] [TouchPlugin.cc:267] Started touch plugin [sc_port_0/sc_port_base]
[component_container-3] (2026-05-07 15:11:25.179) [warning] [Component.hh:172] Trying to deserialize component with data type [St10shared_ptrIN3sdf3v157ElementEE], which doesn't have `operator>>`. Component will not be deserialized.
[component_container-3] (2026-05-07 15:11:26.369) [debug] [SdfEntityCreator.cc:547] Link has auto-inertial enabled: cable_1::sc_plug_link
[component_container-3] (2026-05-07 15:11:26.369) [debug] [SdfEntityCreator.cc:549]   pose: -0.00907511 4.9566e-05 8.71699e-06 0 0 0
[component_container-3] (2026-05-07 15:11:26.369) [debug] [SdfEntityCreator.cc:550]   mass: 0.04
[component_container-3] (2026-05-07 15:11:26.369) [debug] [SdfEntityCreator.cc:551]   ixx iyy izz: 2.12257e-06 7.17318e-06 8.85404e-06
[component_container-3] (2026-05-07 15:11:26.369) [debug] [SdfEntityCreator.cc:553]   ixy ixz iyz: 1.24369e-08 -3.73363e-09 1.72827e-11
[component_container-3] (2026-05-07 15:11:26.369) [debug] [SdfEntityCreator.cc:547] Link has auto-inertial enabled: cable_1::lc_plug_link
[component_container-3] (2026-05-07 15:11:26.369) [debug] [SdfEntityCreator.cc:549]   pose: 0 -0.00428702 8.58528e-05 0 0 0
[component_container-3] (2026-05-07 15:11:26.369) [debug] [SdfEntityCreator.cc:550]   mass: 0.01
[component_container-3] (2026-05-07 15:11:26.369) [debug] [SdfEntityCreator.cc:551]   ixx iyy izz: 1.73585e-06 1.30886e-07 1.82579e-06
[component_container-3] (2026-05-07 15:11:26.369) [debug] [SdfEntityCreator.cc:553]   ixy ixz iyz: -3.13192e-14 3.63653e-15 -5.82954e-09
[component_container-3] (2026-05-07 15:11:26.370) [debug] [SdfEntityCreator.cc:547] Link has auto-inertial enabled: cable_1::sfp_module_link
[component_container-3] (2026-05-07 15:11:26.370) [debug] [SdfEntityCreator.cc:549]   pose: 0.000140388 0.0140944 0.000755794 0 0 0
[component_container-3] (2026-05-07 15:11:26.370) [debug] [SdfEntityCreator.cc:550]   mass: 0.02
[component_container-3] (2026-05-07 15:11:26.370) [debug] [SdfEntityCreator.cc:551]   ixx iyy izz: 3.52972e-06 5.95336e-07 3.76244e-06
[component_container-3] (2026-05-07 15:11:26.370) [debug] [SdfEntityCreator.cc:553]   ixy ixz iyz: 3.87677e-08 3.1005e-09 9.04204e-09
[component_container-3] (2026-05-07 15:11:26.371) [debug] [CablePlugin.cc:86] aic_gazebo::CablePlugin::Configure on entity: 187
[component_container-3] (2026-05-07 15:11:26.372) [info] [CablePlugin.cc:150] Cable transitioning to HARNESS state.
[component_container-3] (2026-05-07 15:11:26.372) [debug] [SystemManager.cc:80] Loaded system [aic_gazebo::CablePlugin] for entity [187]
[component_container-3] (2026-05-07 15:11:26.372) [debug] [SystemManager.cc:80] Loaded system [gz::sim::systems::PosePublisher] for entity [187]
[component_container-3] (2026-05-07 15:11:26.372) [debug] [UserCommands.cc:1108] Created entity [187] named [cable_1]
[component_container-3] [INFO] [1778166686.378551408] [gz_server]: InitializeCanonicalLinks
[component_container-3] (2026-05-07 15:11:26.380) [debug] [SimulationRunner.cc:600] Exiting postupdate worker thread (1)
[component_container-3] (2026-05-07 15:11:26.380) [debug] [SimulationRunner.cc:600] Exiting postupdate worker thread (5)
[component_container-3] (2026-05-07 15:11:26.380) [debug] [SimulationRunner.cc:600] Exiting postupdate worker thread (0)
[component_container-3] (2026-05-07 15:11:26.380) [debug] [SimulationRunner.cc:600] Exiting postupdate worker thread (4)
[component_container-3] (2026-05-07 15:11:26.380) [debug] [SimulationRunner.cc:600] Exiting postupdate worker thread (6)
[component_container-3] (2026-05-07 15:11:26.380) [debug] [SimulationRunner.cc:600] Exiting postupdate worker thread (2)
[component_container-3] (2026-05-07 15:11:26.380) [debug] [SimulationRunner.cc:600] Exiting postupdate worker thread (3)
[component_container-3] (2026-05-07 15:11:26.380) [debug] [SimulationRunner.cc:573] Creating PostUpdate worker threads: 10
[component_container-3] (2026-05-07 15:11:26.380) [debug] [SimulationRunner.cc:584] Creating postupdate worker thread (0)
[component_container-3] (2026-05-07 15:11:26.380) [debug] [SimulationRunner.cc:584] Creating postupdate worker thread (1)
[component_container-3] (2026-05-07 15:11:26.380) [debug] [SimulationRunner.cc:584] Creating postupdate worker thread (2)
[component_container-3] (2026-05-07 15:11:26.380) [debug] [SimulationRunner.cc:584] Creating postupdate worker thread (3)
[component_container-3] (2026-05-07 15:11:26.381) [debug] [SimulationRunner.cc:584] Creating postupdate worker thread (4)
[component_container-3] (2026-05-07 15:11:26.381) [debug] [SimulationRunner.cc:584] Creating postupdate worker thread (5)
[component_container-3] (2026-05-07 15:11:26.381) [debug] [SimulationRunner.cc:584] Creating postupdate worker thread (6)
[component_container-3] (2026-05-07 15:11:26.381) [debug] [SimulationRunner.cc:584] Creating postupdate worker thread (7)
[component_container-3] (2026-05-07 15:11:26.381) [debug] [SimulationRunner.cc:584] Creating postupdate worker thread (8)
[component_container-3] (2026-05-07 15:11:26.384) [info] [CablePlugin.cc:201] Cable transitioning to WAITING state.
[component_container-3] (2026-05-07 15:11:26.384) [info] [CablePlugin.cc:213] Cable transitioning to CREATE_CONNECTIONS state.
[component_container-3] (2026-05-07 15:11:26.384) [debug] [Physics.cc:2015] Creating detachable joint [385]
[component_container-3] (2026-05-07 15:11:26.384) [debug] [Physics.cc:2015] Creating detachable joint [388]
[component_container-3] (2026-05-07 15:11:26.385) [debug] [Physics.cc:2136] Detaching joint [385]
[component_container-3] (2026-05-07 15:11:26.385) [debug] [Physics.cc:2136] Detaching joint [388]
[component_container-3] (2026-05-07 15:11:26.385) [info] [CablePlugin.cc:247] Cable transitioning to CABLE_ATTACHED_TO_GRIPPER state.
[component_container-3] (2026-05-07 15:11:26.386) [debug] [Physics.cc:2015] Creating detachable joint [389]
[component_container-3] [INFO] [1778166686.419884796] [gz_server]: InitializeCanonicalLinks
[component_container-3] [INFO] [1778166690.963855723] [aic_controller]: Controller is already in Cartesian target mode.
[component_container-3] (2026-05-07 15:11:59.373) [debug] [UserCommands.cc:1158] Requesting removal of entity [118]
[component_container-3] (2026-05-07 15:11:59.382) [debug] [SimulationRunner.cc:600] Exiting postupdate worker thread (7)
[component_container-3] (2026-05-07 15:11:59.382) [debug] [SimulationRunner.cc:600] Exiting postupdate worker thread (4)
[component_container-3] (2026-05-07 15:11:59.382) [debug] [SimulationRunner.cc:600] Exiting postupdate worker thread (8)
[component_container-3] (2026-05-07 15:11:59.382) [debug] [SimulationRunner.cc:600] Exiting postupdate worker thread (6)
[component_container-3] (2026-05-07 15:11:59.382) [debug] [SimulationRunner.cc:600] Exiting postupdate worker thread (0)
[component_container-3] (2026-05-07 15:11:59.382) [debug] [SimulationRunner.cc:600] Exiting postupdate worker thread (1)
[component_container-3] (2026-05-07 15:11:59.382) [debug] [SimulationRunner.cc:600] Exiting postupdate worker thread (3)
[component_container-3] (2026-05-07 15:11:59.382) [debug] [SimulationRunner.cc:600] Exiting postupdate worker thread (5)
[component_container-3] (2026-05-07 15:11:59.382) [debug] [SimulationRunner.cc:600] Exiting postupdate worker thread (2)
[component_container-3] (2026-05-07 15:11:59.382) [debug] [SimulationRunner.cc:573] Creating PostUpdate worker threads: 8
[component_container-3] (2026-05-07 15:11:59.382) [debug] [SimulationRunner.cc:584] Creating postupdate worker thread (0)
[component_container-3] (2026-05-07 15:11:59.382) [debug] [SimulationRunner.cc:584] Creating postupdate worker thread (1)
[component_container-3] (2026-05-07 15:11:59.383) [debug] [SimulationRunner.cc:584] Creating postupdate worker thread (2)
[component_container-3] (2026-05-07 15:11:59.383) [debug] [SimulationRunner.cc:584] Creating postupdate worker thread (3)
[component_container-3] (2026-05-07 15:11:59.383) [debug] [SimulationRunner.cc:584] Creating postupdate worker thread (4)
[component_container-3] (2026-05-07 15:11:59.383) [debug] [SimulationRunner.cc:584] Creating postupdate worker thread (5)
[component_container-3] (2026-05-07 15:11:59.383) [debug] [SimulationRunner.cc:584] Creating postupdate worker thread (6)
[component_container-3] (2026-05-07 15:11:59.383) [debug] [UserCommands.cc:1158] Requesting removal of entity [187]
[component_container-3] (2026-05-07 15:11:59.383) [info] [CablePlugin.cc:162] Cable transitioning to CABLE_REMOVED state.
[component_container-3] [INFO] [1778166719.383988145] [controller_manager]: Deactivating controllers: [ aic_controller ]
[component_container-3] [INFO] [1778166719.384068906] [controller_manager]: Switch controller timeout is set to 0, using default 1s!
[component_container-3] [INFO] [1778166719.384073825] [controller_manager]: Requested controller switch from non-realtime loop
[component_container-3] [INFO] [1778166719.384162901] [controller_manager]: Deactivated controllers: [ aic_controller ]
[component_container-3] [INFO] [1778166719.384168091] [controller_manager]: Successfully switched controllers!
[component_container-3] (2026-05-07 15:11:59.384) [debug] [Physics.cc:2136] Detaching joint [389]
[component_container-3] (2026-05-07 15:11:59.385) [info] [ResetJointsPlugin.cc:105] Received reset request for joint: shoulder_pan_joint
[component_container-3] (2026-05-07 15:11:59.385) [info] [ResetJointsPlugin.cc:105] Received reset request for joint: shoulder_lift_joint
[component_container-3] (2026-05-07 15:11:59.385) [info] [ResetJointsPlugin.cc:105] Received reset request for joint: elbow_joint
[component_container-3] (2026-05-07 15:11:59.385) [info] [ResetJointsPlugin.cc:105] Received reset request for joint: wrist_1_joint
[component_container-3] (2026-05-07 15:11:59.385) [info] [ResetJointsPlugin.cc:105] Received reset request for joint: wrist_2_joint
[component_container-3] (2026-05-07 15:11:59.385) [info] [ResetJointsPlugin.cc:105] Received reset request for joint: wrist_3_joint
[component_container-3] (2026-05-07 15:11:59.413) [debug] [SimulationRunner.cc:600] Exiting postupdate worker thread (2)
[component_container-3] (2026-05-07 15:11:59.413) [debug] [SimulationRunner.cc:600] Exiting postupdate worker thread (6)
[component_container-3] (2026-05-07 15:11:59.413) [debug] [SimulationRunner.cc:600] Exiting postupdate worker thread (5)
[component_container-3] (2026-05-07 15:11:59.413) [debug] [SimulationRunner.cc:600] Exiting postupdate worker thread (1)
[component_container-3] (2026-05-07 15:11:59.413) [debug] [SimulationRunner.cc:600] Exiting postupdate worker thread (3)
[component_container-3] (2026-05-07 15:11:59.413) [debug] [SimulationRunner.cc:600] Exiting postupdate worker thread (4)
[component_container-3] (2026-05-07 15:11:59.413) [debug] [SimulationRunner.cc:600] Exiting postupdate worker thread (0)
[component_container-3] (2026-05-07 15:11:59.413) [debug] [SimulationRunner.cc:573] Creating PostUpdate worker threads: 6
[component_container-3] (2026-05-07 15:11:59.413) [debug] [SimulationRunner.cc:584] Creating postupdate worker thread (0)
[component_container-3] (2026-05-07 15:11:59.413) [debug] [SimulationRunner.cc:584] Creating postupdate worker thread (1)
[component_container-3] (2026-05-07 15:11:59.413) [debug] [SimulationRunner.cc:584] Creating postupdate worker thread (2)
[component_container-3] (2026-05-07 15:11:59.414) [debug] [SimulationRunner.cc:584] Creating postupdate worker thread (3)
[component_container-3] (2026-05-07 15:11:59.414) [debug] [SimulationRunner.cc:584] Creating postupdate worker thread (4)
[component_container-3] (2026-05-07 15:12:00.263) [info] [ResetJointsPlugin.cc:149] Joint wrist_3_joint reset to initial position: 1.411
[component_container-3] (2026-05-07 15:12:00.263) [info] [ResetJointsPlugin.cc:149] Joint wrist_2_joint reset to initial position: 1.571
[component_container-3] (2026-05-07 15:12:00.263) [info] [ResetJointsPlugin.cc:149] Joint wrist_1_joint reset to initial position: -1.6933
[component_container-3] (2026-05-07 15:12:00.263) [info] [ResetJointsPlugin.cc:149] Joint elbow_joint reset to initial position: -1.6648
[component_container-3] (2026-05-07 15:12:00.263) [info] [ResetJointsPlugin.cc:149] Joint shoulder_lift_joint reset to initial position: -1.3542
[component_container-3] (2026-05-07 15:12:00.263) [info] [ResetJointsPlugin.cc:149] Joint shoulder_pan_joint reset to initial position: -0.1597
[component_container-3] (2026-05-07 15:12:00.263) [warning] [Physics.cc:2467] Found both JointVelocityReset and JointVelocityCmd components for Joint [shoulder_pan_joint(Entity=102]). Ignoring JointVelocityCmd component.
[component_container-3] (2026-05-07 15:12:00.263) [warning] [Physics.cc:2467] Found both JointVelocityReset and JointVelocityCmd components for Joint [shoulder_lift_joint(Entity=103]). Ignoring JointVelocityCmd component.
[component_container-3] (2026-05-07 15:12:00.263) [warning] [Physics.cc:2467] Found both JointVelocityReset and JointVelocityCmd components for Joint [elbow_joint(Entity=104]). Ignoring JointVelocityCmd component.
[component_container-3] (2026-05-07 15:12:00.263) [warning] [Physics.cc:2467] Found both JointVelocityReset and JointVelocityCmd components for Joint [wrist_1_joint(Entity=105]). Ignoring JointVelocityCmd component.
[component_container-3] (2026-05-07 15:12:00.263) [warning] [Physics.cc:2467] Found both JointVelocityReset and JointVelocityCmd components for Joint [wrist_2_joint(Entity=106]). Ignoring JointVelocityCmd component.
[component_container-3] (2026-05-07 15:12:00.263) [warning] [Physics.cc:2467] Found both JointVelocityReset and JointVelocityCmd components for Joint [wrist_3_joint(Entity=107]). Ignoring JointVelocityCmd component.
[component_container-3] [INFO] [1778166720.264207588] [controller_manager]: Activating controllers: [ aic_controller ]
[component_container-3] [INFO] [1778166720.264306954] [controller_manager]: Requested controller switch from non-realtime loop
[component_container-3] [INFO] [1778166720.264374891] [controller_manager]: Activated controllers: [ aic_controller ]
[component_container-3] [INFO] [1778166720.264377796] [controller_manager]: Successfully switched controllers!
[component_container-3] (2026-05-07 15:12:00.349) [debug] [SdfEntityCreator.cc:547] Link has auto-inertial enabled: sc_port_0::sc_port_link
[component_container-3] (2026-05-07 15:12:00.349) [debug] [SdfEntityCreator.cc:549]   pose: 1.88554e-19 -0.00100271 0.000137321 0 0 0
[component_container-3] (2026-05-07 15:12:00.349) [debug] [SdfEntityCreator.cc:550]   mass: 0.04
[component_container-3] (2026-05-07 15:12:00.349) [debug] [SdfEntityCreator.cc:551]   ixx iyy izz: 1.86262e-06 5.50332e-06 6.55187e-06
[component_container-3] (2026-05-07 15:12:00.349) [debug] [SdfEntityCreator.cc:553]   ixy ixz iyz: -7.41324e-15 4.19415e-23 -5.5077e-09
[component_container-3] (2026-05-07 15:12:00.349) [debug] [SdfEntityCreator.cc:547] Link has auto-inertial enabled: nic_card_mount_1::nic_card_link
[component_container-3] (2026-05-07 15:12:00.349) [debug] [SdfEntityCreator.cc:549]   pose: 0.00150732 -0.00850988 0.00340281 0 0 0
[component_container-3] (2026-05-07 15:12:00.349) [debug] [SdfEntityCreator.cc:550]   mass: 0.15
[component_container-3] (2026-05-07 15:12:00.349) [debug] [SdfEntityCreator.cc:551]   ixx iyy izz: 0.000185176 4.95164e-05 0.000228127
[component_container-3] (2026-05-07 15:12:00.349) [debug] [SdfEntityCreator.cc:553]   ixy ixz iyz: -1.61776e-06 6.54063e-07 1.04636e-07
[component_container-3] (2026-05-07 15:12:00.350) [debug] [SystemManager.cc:80] Loaded system [gz::sim::systems::PosePublisher] for entity [390]
[component_container-3] (2026-05-07 15:12:00.350) [debug] [SystemManager.cc:80] Loaded system [gz::sim::systems::TouchPlugin] for entity [418]
[component_container-3] (2026-05-07 15:12:00.351) [debug] [SystemManager.cc:80] Loaded system [gz::sim::systems::TouchPlugin] for entity [441]
[component_container-3] (2026-05-07 15:12:00.351) [debug] [SystemManager.cc:80] Loaded system [gz::sim::systems::TouchPlugin] for entity [441]
[component_container-3] (2026-05-07 15:12:00.351) [debug] [UserCommands.cc:1108] Created entity [390] named [task_board]
[component_container-3] (2026-05-07 15:12:00.354) [info] [Contact.cc:125] Contact system publishing on world/aic_world/model/task_board/model/sc_port_0/link/sc_port_link/sensor/sc_port_sensor/contact
[component_container-3] (2026-05-07 15:12:00.354) [info] [Contact.cc:125] Contact system publishing on world/aic_world/model/task_board/model/nic_card_mount_1/link/nic_card_link/sensor/sfp_port_sensor/contact
[component_container-3] [INFO] [1778166720.354813270] [aic_controller]: Received service request to tare force torque sensor!
[component_container-3] [INFO] [1778166720.354837165] [aic_controller]: Successfully tared force torque sensor.
[component_container-3] [INFO] [1778166720.356384709] [gz_server]: InitializeCanonicalLinks
[component_container-3] (2026-05-07 15:12:00.356) [warning] [Component.hh:127] Trying to serialize component with data type [St10shared_ptrIN3sdf3v157ElementEE], which doesn't have `operator<<`. Component will not be serialized.
[component_container-3] (2026-05-07 15:12:00.357) [debug] [SimulationRunner.cc:600] Exiting postupdate worker thread (3)
[component_container-3] (2026-05-07 15:12:00.357) [debug] [SimulationRunner.cc:600] Exiting postupdate worker thread (1)
[component_container-3] (2026-05-07 15:12:00.357) [debug] [SimulationRunner.cc:600] Exiting postupdate worker thread (2)
[component_container-3] (2026-05-07 15:12:00.357) [debug] [SimulationRunner.cc:600] Exiting postupdate worker thread (4)
[component_container-3] (2026-05-07 15:12:00.357) [debug] [SimulationRunner.cc:600] Exiting postupdate worker thread (0)
[component_container-3] (2026-05-07 15:12:00.357) [debug] [SimulationRunner.cc:573] Creating PostUpdate worker threads: 10
[component_container-3] (2026-05-07 15:12:00.357) [debug] [SimulationRunner.cc:584] Creating postupdate worker thread (0)
[component_container-3] (2026-05-07 15:12:00.357) [debug] [SimulationRunner.cc:584] Creating postupdate worker thread (1)
[component_container-3] (2026-05-07 15:12:00.357) [debug] [SimulationRunner.cc:584] Creating postupdate worker thread (2)
[component_container-3] (2026-05-07 15:12:00.357) [debug] [SimulationRunner.cc:584] Creating postupdate worker thread (3)
[component_container-3] (2026-05-07 15:12:00.357) [debug] [SimulationRunner.cc:584] Creating postupdate worker thread (4)
[component_container-3] (2026-05-07 15:12:00.357) [debug] [SimulationRunner.cc:584] Creating postupdate worker thread (5)
[component_container-3] (2026-05-07 15:12:00.357) [debug] [SimulationRunner.cc:584] Creating postupdate worker thread (6)
[component_container-3] (2026-05-07 15:12:00.357) [debug] [SimulationRunner.cc:584] Creating postupdate worker thread (7)
[component_container-3] (2026-05-07 15:12:00.357) [debug] [SimulationRunner.cc:584] Creating postupdate worker thread (8)
[component_container-3] (2026-05-07 15:12:00.358) [debug] [TouchPlugin.cc:267] Started touch plugin [sc_port_0/sc_port_base]
[component_container-3] (2026-05-07 15:12:00.358) [debug] [TouchPlugin.cc:267] Started touch plugin [nic_card_mount_1/sfp_port_0]
[component_container-3] (2026-05-07 15:12:00.358) [debug] [TouchPlugin.cc:267] Started touch plugin [nic_card_mount_1/sfp_port_1]
[component_container-3] (2026-05-07 15:12:01.440) [debug] [SdfEntityCreator.cc:547] Link has auto-inertial enabled: cable_0::lc_plug_link
[component_container-3] (2026-05-07 15:12:01.440) [debug] [SdfEntityCreator.cc:549]   pose: 0 0.0197 0 0 0 0
[component_container-3] (2026-05-07 15:12:01.440) [debug] [SdfEntityCreator.cc:550]   mass: 0.01
[component_container-3] (2026-05-07 15:12:01.440) [debug] [SdfEntityCreator.cc:551]   ixx iyy izz: 8.49658e-09 9.96094e-08 1.06153e-07
[component_container-3] (2026-05-07 15:12:01.440) [debug] [SdfEntityCreator.cc:553]   ixy ixz iyz: 0 0 2.13837e-15
[component_container-3] (2026-05-07 15:12:01.440) [debug] [SdfEntityCreator.cc:547] Link has auto-inertial enabled: cable_0::sc_plug_link
[component_container-3] (2026-05-07 15:12:01.440) [debug] [SdfEntityCreator.cc:549]   pose: -0.00907511 4.9566e-05 8.71699e-06 0 0 0
[component_container-3] (2026-05-07 15:12:01.440) [debug] [SdfEntityCreator.cc:550]   mass: 0.04
[component_container-3] (2026-05-07 15:12:01.440) [debug] [SdfEntityCreator.cc:551]   ixx iyy izz: 2.12257e-06 7.17318e-06 8.85404e-06
[component_container-3] (2026-05-07 15:12:01.440) [debug] [SdfEntityCreator.cc:553]   ixy ixz iyz: 1.24369e-08 -3.73363e-09 1.72827e-11
[component_container-3] (2026-05-07 15:12:01.441) [debug] [SdfEntityCreator.cc:547] Link has auto-inertial enabled: cable_0::sfp_module_link
[component_container-3] (2026-05-07 15:12:01.441) [debug] [SdfEntityCreator.cc:549]   pose: 0.00024115 0.00702224 0.000553372 0 0 0
[component_container-3] (2026-05-07 15:12:01.441) [debug] [SdfEntityCreator.cc:550]   mass: 0.02
[component_container-3] (2026-05-07 15:12:01.441) [debug] [SdfEntityCreator.cc:551]   ixx iyy izz: 2.81022e-06 5.74024e-07 3.07134e-06
[component_container-3] (2026-05-07 15:12:01.441) [debug] [SdfEntityCreator.cc:553]   ixy ixz iyz: 2.90452e-08 2.66891e-09 9.66165e-08
[component_container-3] (2026-05-07 15:12:01.442) [debug] [CablePlugin.cc:86] aic_gazebo::CablePlugin::Configure on entity: 495
[component_container-3] (2026-05-07 15:12:01.442) [info] [CablePlugin.cc:150] Cable transitioning to HARNESS state.
[component_container-3] (2026-05-07 15:12:01.442) [debug] [SystemManager.cc:80] Loaded system [aic_gazebo::CablePlugin] for entity [495]
[component_container-3] (2026-05-07 15:12:01.442) [debug] [SystemManager.cc:80] Loaded system [gz::sim::systems::PosePublisher] for entity [495]
[component_container-3] (2026-05-07 15:12:01.442) [debug] [UserCommands.cc:1108] Created entity [495] named [cable_0]
[component_container-3] [INFO] [1778166721.448637387] [gz_server]: InitializeCanonicalLinks
[component_container-3] (2026-05-07 15:12:01.450) [debug] [SimulationRunner.cc:600] Exiting postupdate worker thread (7)
[component_container-3] (2026-05-07 15:12:01.450) [debug] [SimulationRunner.cc:600] Exiting postupdate worker thread (2)
[component_container-3] (2026-05-07 15:12:01.450) [debug] [SimulationRunner.cc:600] Exiting postupdate worker thread (8)
[component_container-3] (2026-05-07 15:12:01.450) [debug] [SimulationRunner.cc:600] Exiting postupdate worker thread (1)
[component_container-3] (2026-05-07 15:12:01.450) [debug] [SimulationRunner.cc:600] Exiting postupdate worker thread (0)
[component_container-3] (2026-05-07 15:12:01.450) [debug] [SimulationRunner.cc:600] Exiting postupdate worker thread (3)
[component_container-3] (2026-05-07 15:12:01.450) [debug] [SimulationRunner.cc:600] Exiting postupdate worker thread (6)
[component_container-3] (2026-05-07 15:12:01.450) [debug] [SimulationRunner.cc:600] Exiting postupdate worker thread (4)
[component_container-3] (2026-05-07 15:12:01.450) [debug] [SimulationRunner.cc:600] Exiting postupdate worker thread (5)
[component_container-3] (2026-05-07 15:12:01.450) [debug] [SimulationRunner.cc:573] Creating PostUpdate worker threads: 12
[component_container-3] (2026-05-07 15:12:01.450) [debug] [SimulationRunner.cc:584] Creating postupdate worker thread (0)
[component_container-3] (2026-05-07 15:12:01.450) [debug] [SimulationRunner.cc:584] Creating postupdate worker thread (1)
[component_container-3] (2026-05-07 15:12:01.450) [debug] [SimulationRunner.cc:584] Creating postupdate worker thread (2)
[component_container-3] (2026-05-07 15:12:01.450) [debug] [SimulationRunner.cc:584] Creating postupdate worker thread (3)
[component_container-3] (2026-05-07 15:12:01.450) [debug] [SimulationRunner.cc:584] Creating postupdate worker thread (4)
[component_container-3] (2026-05-07 15:12:01.450) [debug] [SimulationRunner.cc:584] Creating postupdate worker thread (5)
[component_container-3] (2026-05-07 15:12:01.450) [debug] [SimulationRunner.cc:584] Creating postupdate worker thread (6)
[component_container-3] (2026-05-07 15:12:01.450) [debug] [SimulationRunner.cc:584] Creating postupdate worker thread (7)
[component_container-3] (2026-05-07 15:12:01.450) [debug] [SimulationRunner.cc:584] Creating postupdate worker thread (8)
[component_container-3] (2026-05-07 15:12:01.450) [debug] [SimulationRunner.cc:584] Creating postupdate worker thread (9)
[component_container-3] (2026-05-07 15:12:01.450) [debug] [SimulationRunner.cc:584] Creating postupdate worker thread (10)
[component_container-3] (2026-05-07 15:12:01.451) [info] [CablePlugin.cc:201] Cable transitioning to WAITING state.
[component_container-3] (2026-05-07 15:12:01.451) [info] [CablePlugin.cc:213] Cable transitioning to CREATE_CONNECTIONS state.
[component_container-3] (2026-05-07 15:12:01.451) [debug] [Physics.cc:2015] Creating detachable joint [671]
[component_container-3] (2026-05-07 15:12:01.451) [debug] [Physics.cc:2015] Creating detachable joint [674]
[component_container-3] (2026-05-07 15:12:01.451) [debug] [Physics.cc:2136] Detaching joint [671]
[component_container-3] (2026-05-07 15:12:01.451) [debug] [Physics.cc:2136] Detaching joint [674]
[component_container-3] (2026-05-07 15:12:01.452) [info] [CablePlugin.cc:247] Cable transitioning to CABLE_ATTACHED_TO_GRIPPER state.
[component_container-3] (2026-05-07 15:12:01.452) [debug] [Physics.cc:2015] Creating detachable joint [675]
[component_container-3] [INFO] [1778166721.476588726] [gz_server]: InitializeCanonicalLinks
[component_container-3] (2026-05-07 15:12:31.159) [debug] [UserCommands.cc:1158] Requesting removal of entity [390]
[component_container-3] (2026-05-07 15:12:31.175) [debug] [SimulationRunner.cc:600] Exiting postupdate worker thread (5)
[component_container-3] (2026-05-07 15:12:31.175) [debug] [SimulationRunner.cc:600] Exiting postupdate worker thread (7)
[component_container-3] (2026-05-07 15:12:31.175) [debug] [SimulationRunner.cc:600] Exiting postupdate worker thread (4)
[component_container-3] (2026-05-07 15:12:31.175) [debug] [SimulationRunner.cc:600] Exiting postupdate worker thread (10)
[component_container-3] (2026-05-07 15:12:31.175) [debug] [SimulationRunner.cc:600] Exiting postupdate worker thread (6)
[component_container-3] (2026-05-07 15:12:31.175) [debug] [SimulationRunner.cc:600] Exiting postupdate worker thread (2)
[component_container-3] (2026-05-07 15:12:31.175) [debug] [SimulationRunner.cc:600] Exiting postupdate worker thread (1)
[component_container-3] (2026-05-07 15:12:31.175) [debug] [SimulationRunner.cc:600] Exiting postupdate worker thread (9)
[component_container-3] (2026-05-07 15:12:31.175) [debug] [SimulationRunner.cc:600] Exiting postupdate worker thread (0)
[component_container-3] (2026-05-07 15:12:31.175) [debug] [SimulationRunner.cc:600] Exiting postupdate worker thread (8)
[component_container-3] (2026-05-07 15:12:31.175) [debug] [SimulationRunner.cc:600] Exiting postupdate worker thread (3)
[component_container-3] (2026-05-07 15:12:31.176) [debug] [SimulationRunner.cc:573] Creating PostUpdate worker threads: 8
[component_container-3] (2026-05-07 15:12:31.176) [debug] [SimulationRunner.cc:584] Creating postupdate worker thread (0)
[component_container-3] (2026-05-07 15:12:31.176) [debug] [SimulationRunner.cc:584] Creating postupdate worker thread (1)
[component_container-3] (2026-05-07 15:12:31.176) [debug] [SimulationRunner.cc:584] Creating postupdate worker thread (2)
[component_container-3] (2026-05-07 15:12:31.176) [debug] [SimulationRunner.cc:584] Creating postupdate worker thread (3)
[component_container-3] (2026-05-07 15:12:31.176) [debug] [SimulationRunner.cc:584] Creating postupdate worker thread (4)
[component_container-3] (2026-05-07 15:12:31.176) [debug] [SimulationRunner.cc:584] Creating postupdate worker thread (5)
[component_container-3] (2026-05-07 15:12:31.176) [debug] [SimulationRunner.cc:584] Creating postupdate worker thread (6)
[component_container-3] (2026-05-07 15:12:31.176) [debug] [UserCommands.cc:1158] Requesting removal of entity [495]
[component_container-3] (2026-05-07 15:12:31.177) [info] [CablePlugin.cc:162] Cable transitioning to CABLE_REMOVED state.
[component_container-3] [INFO] [1778166751.177539959] [controller_manager]: Deactivating controllers: [ aic_controller ]
[component_container-3] [INFO] [1778166751.177605662] [controller_manager]: Requested controller switch from non-realtime loop
[component_container-3] [INFO] [1778166751.177670453] [controller_manager]: Deactivated controllers: [ aic_controller ]
[component_container-3] [INFO] [1778166751.177673559] [controller_manager]: Successfully switched controllers!
[component_container-3] (2026-05-07 15:12:31.178) [debug] [Physics.cc:2136] Detaching joint [675]
[component_container-3] (2026-05-07 15:12:31.179) [info] [ResetJointsPlugin.cc:105] Received reset request for joint: shoulder_pan_joint
[component_container-3] (2026-05-07 15:12:31.179) [info] [ResetJointsPlugin.cc:105] Received reset request for joint: shoulder_lift_joint
[component_container-3] (2026-05-07 15:12:31.179) [info] [ResetJointsPlugin.cc:105] Received reset request for joint: elbow_joint
[component_container-3] (2026-05-07 15:12:31.179) [info] [ResetJointsPlugin.cc:105] Received reset request for joint: wrist_1_joint
[component_container-3] (2026-05-07 15:12:31.179) [info] [ResetJointsPlugin.cc:105] Received reset request for joint: wrist_2_joint
[component_container-3] (2026-05-07 15:12:31.179) [info] [ResetJointsPlugin.cc:105] Received reset request for joint: wrist_3_joint
[component_container-3] (2026-05-07 15:12:31.203) [debug] [SimulationRunner.cc:600] Exiting postupdate worker thread (1)
[component_container-3] (2026-05-07 15:12:31.203) [debug] [SimulationRunner.cc:600] Exiting postupdate worker thread (2)
[component_container-3] (2026-05-07 15:12:31.203) [debug] [SimulationRunner.cc:600] Exiting postupdate worker thread (5)
[component_container-3] (2026-05-07 15:12:31.203) [debug] [SimulationRunner.cc:600] Exiting postupdate worker thread (6)
[component_container-3] (2026-05-07 15:12:31.203) [debug] [SimulationRunner.cc:600] Exiting postupdate worker thread (3)
[component_container-3] (2026-05-07 15:12:31.203) [debug] [SimulationRunner.cc:600] Exiting postupdate worker thread (4)
[component_container-3] (2026-05-07 15:12:31.203) [debug] [SimulationRunner.cc:600] Exiting postupdate worker thread (0)
[component_container-3] (2026-05-07 15:12:31.203) [debug] [SimulationRunner.cc:573] Creating PostUpdate worker threads: 6
[component_container-3] (2026-05-07 15:12:31.203) [debug] [SimulationRunner.cc:584] Creating postupdate worker thread (0)
[component_container-3] (2026-05-07 15:12:31.203) [debug] [SimulationRunner.cc:584] Creating postupdate worker thread (1)
[component_container-3] (2026-05-07 15:12:31.203) [debug] [SimulationRunner.cc:584] Creating postupdate worker thread (2)
[component_container-3] (2026-05-07 15:12:31.203) [debug] [SimulationRunner.cc:584] Creating postupdate worker thread (3)
[component_container-3] (2026-05-07 15:12:31.203) [debug] [SimulationRunner.cc:584] Creating postupdate worker thread (4)
[component_container-3] (2026-05-07 15:12:31.581) [info] [ResetJointsPlugin.cc:149] Joint wrist_3_joint reset to initial position: 1.411
[component_container-3] (2026-05-07 15:12:31.581) [info] [ResetJointsPlugin.cc:149] Joint wrist_2_joint reset to initial position: 1.571
[component_container-3] (2026-05-07 15:12:31.581) [info] [ResetJointsPlugin.cc:149] Joint wrist_1_joint reset to initial position: -1.6933
[component_container-3] (2026-05-07 15:12:31.581) [info] [ResetJointsPlugin.cc:149] Joint elbow_joint reset to initial position: -1.6648
[component_container-3] (2026-05-07 15:12:31.581) [info] [ResetJointsPlugin.cc:149] Joint shoulder_lift_joint reset to initial position: -1.3542
[component_container-3] (2026-05-07 15:12:31.581) [info] [ResetJointsPlugin.cc:149] Joint shoulder_pan_joint reset to initial position: -0.1597
[component_container-3] (2026-05-07 15:12:31.581) [warning] [Physics.cc:2467] Found both JointVelocityReset and JointVelocityCmd components for Joint [shoulder_pan_joint(Entity=102]). Ignoring JointVelocityCmd component.
[component_container-3] (2026-05-07 15:12:31.581) [warning] [Physics.cc:2467] Found both JointVelocityReset and JointVelocityCmd components for Joint [shoulder_lift_joint(Entity=103]). Ignoring JointVelocityCmd component.
[component_container-3] (2026-05-07 15:12:31.581) [warning] [Physics.cc:2467] Found both JointVelocityReset and JointVelocityCmd components for Joint [elbow_joint(Entity=104]). Ignoring JointVelocityCmd component.
[component_container-3] (2026-05-07 15:12:31.581) [warning] [Physics.cc:2467] Found both JointVelocityReset and JointVelocityCmd components for Joint [wrist_1_joint(Entity=105]). Ignoring JointVelocityCmd component.
[component_container-3] (2026-05-07 15:12:31.581) [warning] [Physics.cc:2467] Found both JointVelocityReset and JointVelocityCmd components for Joint [wrist_2_joint(Entity=106]). Ignoring JointVelocityCmd component.
[component_container-3] (2026-05-07 15:12:31.581) [warning] [Physics.cc:2467] Found both JointVelocityReset and JointVelocityCmd components for Joint [wrist_3_joint(Entity=107]). Ignoring JointVelocityCmd component.
[component_container-3] [INFO] [1778166751.581344848] [controller_manager]: Activating controllers: [ aic_controller ]
[component_container-3] [INFO] [1778166751.581427914] [controller_manager]: Requested controller switch from non-realtime loop
[component_container-3] [INFO] [1778166751.581496392] [controller_manager]: Activated controllers: [ aic_controller ]
[component_container-3] [INFO] [1778166751.581499077] [controller_manager]: Successfully switched controllers!
[component_container-3] (2026-05-07 15:12:31.669) [debug] [SdfEntityCreator.cc:547] Link has auto-inertial enabled: sc_port_1::sc_port_link
[component_container-3] (2026-05-07 15:12:31.669) [debug] [SdfEntityCreator.cc:549]   pose: 1.88554e-19 -0.00100271 0.000137321 0 0 0
[component_container-3] (2026-05-07 15:12:31.669) [debug] [SdfEntityCreator.cc:550]   mass: 0.04
[component_container-3] (2026-05-07 15:12:31.669) [debug] [SdfEntityCreator.cc:551]   ixx iyy izz: 1.86262e-06 5.50332e-06 6.55187e-06
[component_container-3] (2026-05-07 15:12:31.669) [debug] [SdfEntityCreator.cc:553]   ixy ixz iyz: -7.41324e-15 4.19415e-23 -5.5077e-09
[component_container-3] (2026-05-07 15:12:31.669) [debug] [SdfEntityCreator.cc:547] Link has auto-inertial enabled: nic_card_mount_3::nic_card_link
[component_container-3] (2026-05-07 15:12:31.669) [debug] [SdfEntityCreator.cc:549]   pose: 0.00150732 -0.00850988 0.00340281 0 0 0
[component_container-3] (2026-05-07 15:12:31.669) [debug] [SdfEntityCreator.cc:550]   mass: 0.15
[component_container-3] (2026-05-07 15:12:31.669) [debug] [SdfEntityCreator.cc:551]   ixx iyy izz: 0.000185176 4.95164e-05 0.000228127
[component_container-3] (2026-05-07 15:12:31.669) [debug] [SdfEntityCreator.cc:553]   ixy ixz iyz: -1.61776e-06 6.54063e-07 1.04636e-07
[component_container-3] (2026-05-07 15:12:31.670) [debug] [SystemManager.cc:80] Loaded system [gz::sim::systems::PosePublisher] for entity [676]
[component_container-3] (2026-05-07 15:12:31.670) [debug] [SystemManager.cc:80] Loaded system [gz::sim::systems::TouchPlugin] for entity [723]
[component_container-3] (2026-05-07 15:12:31.670) [debug] [SystemManager.cc:80] Loaded system [gz::sim::systems::TouchPlugin] for entity [746]
[component_container-3] (2026-05-07 15:12:31.670) [debug] [SystemManager.cc:80] Loaded system [gz::sim::systems::TouchPlugin] for entity [746]
[component_container-3] (2026-05-07 15:12:31.670) [debug] [UserCommands.cc:1108] Created entity [676] named [task_board]
[component_container-3] (2026-05-07 15:12:31.673) [info] [Contact.cc:125] Contact system publishing on world/aic_world/model/task_board/model/sc_port_1/link/sc_port_link/sensor/sc_port_sensor/contact
[component_container-3] (2026-05-07 15:12:31.673) [info] [Contact.cc:125] Contact system publishing on world/aic_world/model/task_board/model/nic_card_mount_3/link/nic_card_link/sensor/sfp_port_sensor/contact
[component_container-3] [INFO] [1778166751.674065757] [aic_controller]: Received service request to tare force torque sensor!
[component_container-3] [INFO] [1778166751.674093468] [aic_controller]: Successfully tared force torque sensor.
[component_container-3] [INFO] [1778166751.675620304] [gz_server]: InitializeCanonicalLinks
[component_container-3] (2026-05-07 15:12:31.677) [debug] [SimulationRunner.cc:600] Exiting postupdate worker thread (2)
[component_container-3] (2026-05-07 15:12:31.677) [debug] [SimulationRunner.cc:600] Exiting postupdate worker thread (1)
[component_container-3] (2026-05-07 15:12:31.677) [debug] [SimulationRunner.cc:600] Exiting postupdate worker thread (0)
[component_container-3] (2026-05-07 15:12:31.677) [debug] [SimulationRunner.cc:600] Exiting postupdate worker thread (4)
[component_container-3] (2026-05-07 15:12:31.677) [debug] [SimulationRunner.cc:600] Exiting postupdate worker thread (3)
[component_container-3] (2026-05-07 15:12:31.677) [debug] [SimulationRunner.cc:573] Creating PostUpdate worker threads: 10
[component_container-3] (2026-05-07 15:12:31.677) [debug] [SimulationRunner.cc:584] Creating postupdate worker thread (0)
[component_container-3] (2026-05-07 15:12:31.677) [debug] [SimulationRunner.cc:584] Creating postupdate worker thread (1)
[component_container-3] (2026-05-07 15:12:31.677) [debug] [SimulationRunner.cc:584] Creating postupdate worker thread (2)
[component_container-3] (2026-05-07 15:12:31.677) [debug] [SimulationRunner.cc:584] Creating postupdate worker thread (3)
[component_container-3] (2026-05-07 15:12:31.677) [debug] [SimulationRunner.cc:584] Creating postupdate worker thread (4)
[component_container-3] (2026-05-07 15:12:31.677) [debug] [SimulationRunner.cc:584] Creating postupdate worker thread (5)
[component_container-3] (2026-05-07 15:12:31.677) [debug] [SimulationRunner.cc:584] Creating postupdate worker thread (6)
[component_container-3] (2026-05-07 15:12:31.677) [debug] [SimulationRunner.cc:584] Creating postupdate worker thread (7)
[component_container-3] (2026-05-07 15:12:31.677) [debug] [SimulationRunner.cc:584] Creating postupdate worker thread (8)
[component_container-3] (2026-05-07 15:12:31.677) [debug] [TouchPlugin.cc:267] Started touch plugin [sc_port_1/sc_port_base]
[component_container-3] (2026-05-07 15:12:31.677) [debug] [TouchPlugin.cc:267] Started touch plugin [nic_card_mount_3/sfp_port_0]
[component_container-3] (2026-05-07 15:12:31.677) [debug] [TouchPlugin.cc:267] Started touch plugin [nic_card_mount_3/sfp_port_1]
[component_container-3] (2026-05-07 15:12:31.925) [debug] [SdfEntityCreator.cc:547] Link has auto-inertial enabled: cable_1::sc_plug_link
[component_container-3] (2026-05-07 15:12:31.925) [debug] [SdfEntityCreator.cc:549]   pose: -0.00907511 4.9566e-05 8.71699e-06 0 0 0
[component_container-3] (2026-05-07 15:12:31.925) [debug] [SdfEntityCreator.cc:550]   mass: 0.04
[component_container-3] (2026-05-07 15:12:31.925) [debug] [SdfEntityCreator.cc:551]   ixx iyy izz: 2.12257e-06 7.17318e-06 8.85404e-06
[component_container-3] (2026-05-07 15:12:31.925) [debug] [SdfEntityCreator.cc:553]   ixy ixz iyz: 1.24369e-08 -3.73363e-09 1.72827e-11
[component_container-3] (2026-05-07 15:12:31.925) [debug] [SdfEntityCreator.cc:547] Link has auto-inertial enabled: cable_1::lc_plug_link
[component_container-3] (2026-05-07 15:12:31.925) [debug] [SdfEntityCreator.cc:549]   pose: 0 -0.00428702 8.58528e-05 0 0 0
[component_container-3] (2026-05-07 15:12:31.925) [debug] [SdfEntityCreator.cc:550]   mass: 0.01
[component_container-3] (2026-05-07 15:12:31.925) [debug] [SdfEntityCreator.cc:551]   ixx iyy izz: 1.73585e-06 1.30886e-07 1.82579e-06
[component_container-3] (2026-05-07 15:12:31.925) [debug] [SdfEntityCreator.cc:553]   ixy ixz iyz: -3.13192e-14 3.63653e-15 -5.82954e-09
[component_container-3] (2026-05-07 15:12:31.926) [debug] [SdfEntityCreator.cc:547] Link has auto-inertial enabled: cable_1::sfp_module_link
[component_container-3] (2026-05-07 15:12:31.926) [debug] [SdfEntityCreator.cc:549]   pose: 0.000140388 0.0140944 0.000755794 0 0 0
[component_container-3] (2026-05-07 15:12:31.926) [debug] [SdfEntityCreator.cc:550]   mass: 0.02
[component_container-3] (2026-05-07 15:12:31.926) [debug] [SdfEntityCreator.cc:551]   ixx iyy izz: 3.52972e-06 5.95336e-07 3.76244e-06
[component_container-3] (2026-05-07 15:12:31.926) [debug] [SdfEntityCreator.cc:553]   ixy ixz iyz: 3.87677e-08 3.1005e-09 9.04204e-09
[component_container-3] (2026-05-07 15:12:31.927) [debug] [CablePlugin.cc:86] aic_gazebo::CablePlugin::Configure on entity: 800
[component_container-3] (2026-05-07 15:12:31.927) [info] [CablePlugin.cc:150] Cable transitioning to HARNESS state.
[component_container-3] (2026-05-07 15:12:31.927) [debug] [SystemManager.cc:80] Loaded system [aic_gazebo::CablePlugin] for entity [800]
[component_container-3] (2026-05-07 15:12:31.927) [debug] [SystemManager.cc:80] Loaded system [gz::sim::systems::PosePublisher] for entity [800]
[component_container-3] (2026-05-07 15:12:31.927) [debug] [UserCommands.cc:1108] Created entity [800] named [cable_1]
[component_container-3] [INFO] [1778166751.934149451] [gz_server]: InitializeCanonicalLinks
[component_container-3] (2026-05-07 15:12:31.936) [debug] [SimulationRunner.cc:600] Exiting postupdate worker thread (8)
[component_container-3] (2026-05-07 15:12:31.936) [debug] [SimulationRunner.cc:600] Exiting postupdate worker thread (2)
[component_container-3] (2026-05-07 15:12:31.936) [debug] [SimulationRunner.cc:600] Exiting postupdate worker thread (7)
[component_container-3] (2026-05-07 15:12:31.936) [debug] [SimulationRunner.cc:600] Exiting postupdate worker thread (5)
[component_container-3] (2026-05-07 15:12:31.936) [debug] [SimulationRunner.cc:600] Exiting postupdate worker thread (1)
[component_container-3] (2026-05-07 15:12:31.936) [debug] [SimulationRunner.cc:600] Exiting postupdate worker thread (3)
[component_container-3] (2026-05-07 15:12:31.936) [debug] [SimulationRunner.cc:600] Exiting postupdate worker thread (4)
[component_container-3] (2026-05-07 15:12:31.936) [debug] [SimulationRunner.cc:600] Exiting postupdate worker thread (0)
[component_container-3] (2026-05-07 15:12:31.936) [debug] [SimulationRunner.cc:600] Exiting postupdate worker thread (6)
[component_container-3] (2026-05-07 15:12:31.936) [debug] [SimulationRunner.cc:573] Creating PostUpdate worker threads: 12
[component_container-3] (2026-05-07 15:12:31.936) [debug] [SimulationRunner.cc:584] Creating postupdate worker thread (0)
[component_container-3] (2026-05-07 15:12:31.936) [debug] [SimulationRunner.cc:584] Creating postupdate worker thread (1)
[component_container-3] (2026-05-07 15:12:31.936) [debug] [SimulationRunner.cc:584] Creating postupdate worker thread (2)
[component_container-3] (2026-05-07 15:12:31.936) [debug] [SimulationRunner.cc:584] Creating postupdate worker thread (3)
[component_container-3] (2026-05-07 15:12:31.936) [debug] [SimulationRunner.cc:584] Creating postupdate worker thread (4)
[component_container-3] (2026-05-07 15:12:31.936) [debug] [SimulationRunner.cc:584] Creating postupdate worker thread (5)
[component_container-3] (2026-05-07 15:12:31.936) [debug] [SimulationRunner.cc:584] Creating postupdate worker thread (6)
[component_container-3] (2026-05-07 15:12:31.936) [debug] [SimulationRunner.cc:584] Creating postupdate worker thread (7)
[component_container-3] (2026-05-07 15:12:31.936) [debug] [SimulationRunner.cc:584] Creating postupdate worker thread (8)
[component_container-3] (2026-05-07 15:12:31.936) [debug] [SimulationRunner.cc:584] Creating postupdate worker thread (9)
[component_container-3] (2026-05-07 15:12:31.936) [debug] [SimulationRunner.cc:584] Creating postupdate worker thread (10)
[component_container-3] (2026-05-07 15:12:31.936) [info] [CablePlugin.cc:201] Cable transitioning to WAITING state.
[component_container-3] (2026-05-07 15:12:31.936) [info] [CablePlugin.cc:213] Cable transitioning to CREATE_CONNECTIONS state.
[component_container-3] (2026-05-07 15:12:31.937) [debug] [Physics.cc:2015] Creating detachable joint [998]
[component_container-3] (2026-05-07 15:12:31.937) [debug] [Physics.cc:2015] Creating detachable joint [1001]
[component_container-3] (2026-05-07 15:12:31.937) [debug] [Physics.cc:2136] Detaching joint [998]
[component_container-3] (2026-05-07 15:12:31.937) [debug] [Physics.cc:2136] Detaching joint [1001]
[component_container-3] (2026-05-07 15:12:31.938) [info] [CablePlugin.cc:247] Cable transitioning to CABLE_ATTACHED_TO_GRIPPER state.
[component_container-3] (2026-05-07 15:12:31.938) [debug] [Physics.cc:2015] Creating detachable joint [1002]
[component_container-3] [INFO] [1778166751.958669326] [gz_server]: InitializeCanonicalLinks
[component_container-3] (2026-05-07 15:12:52.804) [debug] [TouchPlugin.cc:352] Model [sc_port_1] started touching [sc_plug] at 96.798 s
[component_container-3] (2026-05-07 15:12:53.805) [debug] [TouchPlugin.cc:366] Model [sc_port_1] touched [sc_plug] exclusively for 1 s
[component_container-3] (2026-05-07 15:12:53.806) [debug] [TouchPlugin.cc:273] Stopped touch plugin [sc_port_1/sc_port_base]
[component_container-3] (2026-05-07 15:12:53.806) [debug] [CablePlugin.cc:271] Cable connection 0 touched: 1. Topic: /sc_port_1/sc_port_base/touched
[component_container-3] (2026-05-07 15:12:53.807) [info] [CablePlugin.cc:281] Cable transitioning to ATTACH_CABLE_TO_PORT state.
[component_container-3] (2026-05-07 15:12:53.808) [debug] [Physics.cc:2136] Detaching joint [1002]
[component_container-3] (2026-05-07 15:12:53.809) [info] [CablePlugin.cc:326] Cable transitioning to COMPLETED state.
[component_container-3] (2026-05-07 15:12:53.809) [debug] [Physics.cc:2015] Creating detachable joint [1003]
[component_container-3] (2026-05-07 15:12:53.809) [debug] [Physics.cc:2015] Creating detachable joint [1004]
[component_container-3] (2026-05-07 15:12:53.809) [debug] [Physics.cc:2015] Creating detachable joint [1007]
[component_container-3] [INFO] [1778166773.810577858] [gz_server]: InitializeCanonicalLinks
[component_container-3] (2026-05-07 15:13:03.969) [debug] [UserCommands.cc:1158] Requesting removal of entity [676]
[component_container-3] (2026-05-07 15:13:03.987) [debug] [SimulationRunner.cc:600] Exiting postupdate worker thread (6)
[component_container-3] (2026-05-07 15:13:03.987) [debug] [SimulationRunner.cc:600] Exiting postupdate worker thread (9)
[component_container-3] (2026-05-07 15:13:03.987) [debug] [SimulationRunner.cc:600] Exiting postupdate worker thread (5)
[component_container-3] (2026-05-07 15:13:03.987) [debug] [SimulationRunner.cc:600] Exiting postupdate worker thread (2)
[component_container-3] (2026-05-07 15:13:03.987) [debug] [SimulationRunner.cc:600] Exiting postupdate worker thread (3)
[component_container-3] (2026-05-07 15:13:03.987) [debug] [SimulationRunner.cc:600] Exiting postupdate worker thread (4)
[component_container-3] (2026-05-07 15:13:03.987) [debug] [SimulationRunner.cc:600] Exiting postupdate worker thread (8)
[component_container-3] (2026-05-07 15:13:03.987) [debug] [SimulationRunner.cc:600] Exiting postupdate worker thread (7)
[component_container-3] (2026-05-07 15:13:03.987) [debug] [SimulationRunner.cc:600] Exiting postupdate worker thread (0)
[component_container-3] (2026-05-07 15:13:03.987) [debug] [SimulationRunner.cc:600] Exiting postupdate worker thread (10)
[component_container-3] (2026-05-07 15:13:03.987) [debug] [SimulationRunner.cc:600] Exiting postupdate worker thread (1)
[component_container-3] (2026-05-07 15:13:03.987) [debug] [SimulationRunner.cc:573] Creating PostUpdate worker threads: 8
[component_container-3] (2026-05-07 15:13:03.987) [debug] [SimulationRunner.cc:584] Creating postupdate worker thread (0)
[component_container-3] (2026-05-07 15:13:03.987) [debug] [SimulationRunner.cc:584] Creating postupdate worker thread (1)
[component_container-3] (2026-05-07 15:13:03.987) [debug] [SimulationRunner.cc:584] Creating postupdate worker thread (2)
[component_container-3] (2026-05-07 15:13:03.987) [debug] [SimulationRunner.cc:584] Creating postupdate worker thread (3)
[component_container-3] (2026-05-07 15:13:03.987) [debug] [SimulationRunner.cc:584] Creating postupdate worker thread (4)
[component_container-3] (2026-05-07 15:13:03.988) [debug] [SimulationRunner.cc:584] Creating postupdate worker thread (5)
[component_container-3] (2026-05-07 15:13:03.988) [debug] [SimulationRunner.cc:584] Creating postupdate worker thread (6)
[component_container-3] (2026-05-07 15:13:03.988) [debug] [UserCommands.cc:1158] Requesting removal of entity [800]
[component_container-3] (2026-05-07 15:13:03.989) [info] [CablePlugin.cc:162] Cable transitioning to CABLE_REMOVED state.
[component_container-3] [INFO] [1778166783.989491071] [controller_manager]: Deactivating controllers: [ aic_controller ]
[component_container-3] [INFO] [1778166783.989566512] [controller_manager]: Requested controller switch from non-realtime loop
[component_container-3] [INFO] [1778166783.989634800] [controller_manager]: Deactivated controllers: [ aic_controller ]
[component_container-3] [INFO] [1778166783.989637324] [controller_manager]: Successfully switched controllers!
[component_container-3] (2026-05-07 15:13:03.990) [debug] [Physics.cc:2136] Detaching joint [1003]
[component_container-3] (2026-05-07 15:13:03.990) [debug] [Physics.cc:2136] Detaching joint [1004]
[component_container-3] (2026-05-07 15:13:03.990) [debug] [Physics.cc:2136] Detaching joint [1007]
[component_container-3] (2026-05-07 15:13:03.992) [info] [ResetJointsPlugin.cc:105] Received reset request for joint: shoulder_pan_joint
[component_container-3] (2026-05-07 15:13:03.992) [info] [ResetJointsPlugin.cc:105] Received reset request for joint: shoulder_lift_joint
[component_container-3] (2026-05-07 15:13:03.992) [info] [ResetJointsPlugin.cc:105] Received reset request for joint: elbow_joint
[component_container-3] (2026-05-07 15:13:03.992) [info] [ResetJointsPlugin.cc:105] Received reset request for joint: wrist_1_joint
[component_container-3] (2026-05-07 15:13:03.992) [info] [ResetJointsPlugin.cc:105] Received reset request for joint: wrist_2_joint
[component_container-3] (2026-05-07 15:13:03.992) [info] [ResetJointsPlugin.cc:105] Received reset request for joint: wrist_3_joint
[component_container-3] (2026-05-07 15:13:04.015) [debug] [SimulationRunner.cc:600] Exiting postupdate worker thread (5)
[component_container-3] (2026-05-07 15:13:04.015) [debug] [SimulationRunner.cc:600] Exiting postupdate worker thread (2)
[component_container-3] (2026-05-07 15:13:04.015) [debug] [SimulationRunner.cc:600] Exiting postupdate worker thread (0)
[component_container-3] (2026-05-07 15:13:04.015) [debug] [SimulationRunner.cc:600] Exiting postupdate worker thread (6)
[component_container-3] (2026-05-07 15:13:04.015) [debug] [SimulationRunner.cc:600] Exiting postupdate worker thread (3)
[component_container-3] (2026-05-07 15:13:04.015) [debug] [SimulationRunner.cc:600] Exiting postupdate worker thread (1)
[component_container-3] (2026-05-07 15:13:04.015) [debug] [SimulationRunner.cc:600] Exiting postupdate worker thread (4)
[component_container-3] (2026-05-07 15:13:04.015) [debug] [SimulationRunner.cc:573] Creating PostUpdate worker threads: 6
[component_container-3] (2026-05-07 15:13:04.015) [debug] [SimulationRunner.cc:584] Creating postupdate worker thread (0)
[component_container-3] (2026-05-07 15:13:04.015) [debug] [SimulationRunner.cc:584] Creating postupdate worker thread (1)
[component_container-3] (2026-05-07 15:13:04.015) [debug] [SimulationRunner.cc:584] Creating postupdate worker thread (2)
[component_container-3] (2026-05-07 15:13:04.015) [debug] [SimulationRunner.cc:584] Creating postupdate worker thread (3)
[component_container-3] (2026-05-07 15:13:04.015) [debug] [SimulationRunner.cc:584] Creating postupdate worker thread (4)
[component_container-3] (2026-05-07 15:13:04.047) [info] [ResetJointsPlugin.cc:149] Joint wrist_3_joint reset to initial position: 1.411
[component_container-3] (2026-05-07 15:13:04.047) [info] [ResetJointsPlugin.cc:149] Joint wrist_2_joint reset to initial position: 1.571
[component_container-3] (2026-05-07 15:13:04.047) [info] [ResetJointsPlugin.cc:149] Joint wrist_1_joint reset to initial position: -1.6933
[component_container-3] (2026-05-07 15:13:04.047) [info] [ResetJointsPlugin.cc:149] Joint elbow_joint reset to initial position: -1.6648
[component_container-3] (2026-05-07 15:13:04.047) [info] [ResetJointsPlugin.cc:149] Joint shoulder_lift_joint reset to initial position: -1.3542
[component_container-3] (2026-05-07 15:13:04.047) [info] [ResetJointsPlugin.cc:149] Joint shoulder_pan_joint reset to initial position: -0.1597
[component_container-3] (2026-05-07 15:13:04.047) [warning] [Physics.cc:2467] Found both JointVelocityReset and JointVelocityCmd components for Joint [shoulder_pan_joint(Entity=102]). Ignoring JointVelocityCmd component.
[component_container-3] (2026-05-07 15:13:04.047) [warning] [Physics.cc:2467] Found both JointVelocityReset and JointVelocityCmd components for Joint [shoulder_lift_joint(Entity=103]). Ignoring JointVelocityCmd component.
[component_container-3] (2026-05-07 15:13:04.047) [warning] [Physics.cc:2467] Found both JointVelocityReset and JointVelocityCmd components for Joint [elbow_joint(Entity=104]). Ignoring JointVelocityCmd component.
[component_container-3] (2026-05-07 15:13:04.047) [warning] [Physics.cc:2467] Found both JointVelocityReset and JointVelocityCmd components for Joint [wrist_1_joint(Entity=105]). Ignoring JointVelocityCmd component.
[component_container-3] (2026-05-07 15:13:04.047) [warning] [Physics.cc:2467] Found both JointVelocityReset and JointVelocityCmd components for Joint [wrist_2_joint(Entity=106]). Ignoring JointVelocityCmd component.
[component_container-3] (2026-05-07 15:13:04.047) [warning] [Physics.cc:2467] Found both JointVelocityReset and JointVelocityCmd components for Joint [wrist_3_joint(Entity=107]). Ignoring JointVelocityCmd component.
[component_container-3] [INFO] [1778166784.047861056] [controller_manager]: Activating controllers: [ aic_controller ]
[component_container-3] [INFO] [1778166784.047947117] [controller_manager]: Requested controller switch from non-realtime loop
[component_container-3] [INFO] [1778166784.048016106] [controller_manager]: Activated controllers: [ aic_controller ]
[component_container-3] [INFO] [1778166784.048019172] [controller_manager]: Successfully switched controllers!
