ZENOH_CONFIG_OVERRIDE_ROUTER=mode="router";listen/endpoints=["tcp/[::]:7447"];connect/endpoints=[];routing/router/peers_failover_brokering=true;transport/shared_memory/enabled=false
ZENOH_CONFIG_OVERRIDE_PEER=;transport/shared_memory/enabled=false
[2m2026-05-07T13:05:31.550558Z[0m [32m INFO[0m ThreadId(02) [2mzenoh::net::runtime[0m[2m:[0m Using ZID: 67393af249ab0b3214a964bdcb9f9c85
[2m2026-05-07T13:05:31.550586Z[0m [33m WARN[0m ThreadId(02) [2mzenoh::net::routing::interceptor::authorization[0m[2m:[0m Rule 'deny_rule' flows list is not set. Setting it to both Ingress and Egress
[2m2026-05-07T13:05:31.550953Z[0m [32m INFO[0m ThreadId(02) [2mzenoh::net::runtime::orchestrator[0m[2m:[0m Zenoh can be reached at: tcp/[fd7a:115c:a1e0::ef01:8616]:7447
[2m2026-05-07T13:05:31.550956Z[0m [32m INFO[0m ThreadId(02) [2mzenoh::net::runtime::orchestrator[0m[2m:[0m Zenoh can be reached at: tcp/100.72.134.15:7447
[2m2026-05-07T13:05:31.550957Z[0m [32m INFO[0m ThreadId(02) [2mzenoh::net::runtime::orchestrator[0m[2m:[0m Zenoh can be reached at: tcp/[fe80::3384:d0dc:aa58:526d]:7447
[2m2026-05-07T13:05:31.550958Z[0m [32m INFO[0m ThreadId(02) [2mzenoh::net::runtime::orchestrator[0m[2m:[0m Zenoh can be reached at: tcp/[fe80::609c:22ff:fe05:2ada]:7447
[2m2026-05-07T13:05:31.550958Z[0m [32m INFO[0m ThreadId(02) [2mzenoh::net::runtime::orchestrator[0m[2m:[0m Zenoh can be reached at: tcp/[fe80::4412:b0ff:fee8:787d]:7447
[2m2026-05-07T13:05:31.550959Z[0m [32m INFO[0m ThreadId(02) [2mzenoh::net::runtime::orchestrator[0m[2m:[0m Zenoh can be reached at: tcp/172.30.1.38:7447
[2m2026-05-07T13:05:31.550960Z[0m [32m INFO[0m ThreadId(02) [2mzenoh::net::runtime::orchestrator[0m[2m:[0m Zenoh can be reached at: tcp/10.10.10.13:7447
[2m2026-05-07T13:05:31.550960Z[0m [32m INFO[0m ThreadId(02) [2mzenoh::net::runtime::orchestrator[0m[2m:[0m Zenoh can be reached at: tcp/172.17.0.1:7447
[INFO] [launch]: All log files can be found below /root/.ros/log/2026-05-07-13-05-31-583080-weed-System-Product-Name-51
[INFO] [launch]: Default logging verbosity is set to INFO
[2m2026-05-07T13:05:31.790385Z[0m [32m INFO[0m acc-0 ThreadId(04) [2mzenoh::net::routing::interceptor::access_control[0m[2m:[0m 521f4c1b1d123d39e45268c3ec91ee50 did not match any configured ACL subject. Default permission `Allow` will be applied on all messages
[INFO] [robot_state_publisher-1]: process started with pid [118]
[INFO] [aic_adapter-2]: process started with pid [119]
[INFO] [component_container-3]: process started with pid [120]
[INFO] [gz-4]: process started with pid [121]
[INFO] [create-5]: process started with pid [122]
[INFO] [relay-6]: process started with pid [123]
[INFO] [static_transform_publisher-7]: process started with pid [124]
[2m2026-05-07T13:05:31.885027Z[0m [32m INFO[0m acc-0 ThreadId(04) [2mzenoh::net::routing::interceptor::access_control[0m[2m:[0m c992804a8d37986918f3b3b088ba7955 did not match any configured ACL subject. Default permission `Allow` will be applied on all messages
[2m2026-05-07T13:05:31.885075Z[0m [32m INFO[0m acc-0 ThreadId(04) [2mzenoh::net::routing::interceptor::access_control[0m[2m:[0m b4227a04e7d49d504f1ef6e78c360303 did not match any configured ACL subject. Default permission `Allow` will be applied on all messages
[2m2026-05-07T13:05:31.885104Z[0m [32m INFO[0m acc-0 ThreadId(04) [2mzenoh::net::routing::interceptor::access_control[0m[2m:[0m 496d9cfc371f2a5eaa29c73be6abca54 did not match any configured ACL subject. Default permission `Allow` will be applied on all messages
[2m2026-05-07T13:05:31.885663Z[0m [32m INFO[0m acc-0 ThreadId(04) [2mzenoh::net::routing::interceptor::access_control[0m[2m:[0m e7a5c5574fe614ba57fed48d320715e4 did not match any configured ACL subject. Default permission `Allow` will be applied on all messages
[2m2026-05-07T13:05:31.885754Z[0m [32m INFO[0m acc-0 ThreadId(04) [2mzenoh::net::routing::interceptor::access_control[0m[2m:[0m eb7f1ed6d21bbec89c39289fa7eb9733 did not match any configured ACL subject. Default permission `Allow` will be applied on all messages
[2m2026-05-07T13:05:31.890860Z[0m [32m INFO[0m acc-0 ThreadId(04) [2mzenoh::net::routing::interceptor::access_control[0m[2m:[0m fe287117816029a5cbeb21ec9b0f75f7 did not match any configured ACL subject. Default permission `Allow` will be applied on all messages
[aic_adapter-2] [INFO] [1778159131.892507086] [aic_adapter_node]: Adapter node initialization complete.
[static_transform_publisher-7] [INFO] [1778159131.892856317] [ground_truth_static_tf_publisher]: Spinning until stopped - publishing transform
[static_transform_publisher-7] translation: ('0.000000', '0.000000', '0.000000')
[static_transform_publisher-7] rotation: ('0.000000', '0.000000', '0.000000', '1.000000')
[static_transform_publisher-7] from 'world' to 'aic_world'
[robot_state_publisher-1] [INFO] [1778159131.893037395] [robot_state_publisher]: Robot initialized
[create-5] [INFO] [1778159131.896421691] [ros_gz_sim]: Requesting list of world names.
[gz-4] qt.qpa.xcb: could not connect to display 
[gz-4] qt.qpa.plugin: Could not load the Qt platform plugin "xcb" in "" even though it was found.
[gz-4] This application failed to start because no Qt platform plugin could be initialized. Reinstalling the application may fix this problem.
[gz-4] 
[gz-4] Available platform plugins are: eglfs, linuxfb, minimal, minimalegl, offscreen, vnc, wayland-egl, wayland, wayland-xcomposite-egl, wayland-xcomposite-glx, xcb.
[gz-4] 
[gz-4] Stack trace (most recent call last):
[gz-4] #29   Object "[0xffffffffffffffff]", at 0xffffffffffffffff, in 
[gz-4] #28   Object "gz sim -g", at 0x5786c749c1d4, in _start
[gz-4] #27   Object "/lib/x86_64-linux-gnu/libc.so.6", at 0x76908c52f28a, in __libc_start_main
[gz-4] #26   Object "/lib/x86_64-linux-gnu/libc.so.6", at 0x76908c52f1c9, in 
[gz-4] #25   Object "gz sim -g", at 0x5786c749c186, in 
[gz-4] #24   Object "/lib/x86_64-linux-gnu/libruby-3.2.so.3.2", at 0x76908c995152, in ruby_run_node
[gz-4] #23   Object "/lib/x86_64-linux-gnu/libruby-3.2.so.3.2", at 0x76908c990e2b, in 
[gz-4] #22   Object "/lib/x86_64-linux-gnu/libruby-3.2.so.3.2", at 0x76908cb33b49, in rb_vm_exec
[gz-4] #21   Object "/lib/x86_64-linux-gnu/libruby-3.2.so.3.2", at 0x76908cb3062b, in 
[gz-4] #20   Object "/lib/x86_64-linux-gnu/libruby-3.2.so.3.2", at 0x76908cb2c13e, in 
[gz-4] #19   Object "/lib/x86_64-linux-gnu/libruby-3.2.so.3.2", at 0x76908cb2992f, in 
[gz-4] #18   Object "/usr/lib/x86_64-linux-gnu/ruby/3.2.0/fiddle.so", at 0x769087d67b13, in 
[gz-4] #17   Object "/lib/x86_64-linux-gnu/libruby-3.2.so.3.2", at 0x76908caf237b, in rb_nogvl
[gz-4] #16   Object "/usr/lib/x86_64-linux-gnu/ruby/3.2.0/fiddle.so", at 0x769087d6743b, in 
[gz-4] #15   Object "/lib/x86_64-linux-gnu/libffi.so.8", at 0x769087c5b0bd, in ffi_call
[gz-4] #14   Object "/lib/x86_64-linux-gnu/libffi.so.8", at 0x769087c583ee, in 
[gz-4] #13   Object "/lib/x86_64-linux-gnu/libffi.so.8", at 0x769087c5bb15, in 
[gz-4] #12   Object "/ws_aic/install/lib/libgz-sim9-gz.so.9.5.0", at 0x769087153a65, in runGui
[gz-4] #11   Object "/ws_aic/install/lib/libgz-sim9-gui.so.9", at 0x769086f86c8c, in gz::sim::v9::gui::runGui(int&, char**, char const*, char const*, int, char const*, char const*)
[gz-4] #10   Object "/ws_aic/install/lib/libgz-sim9-gui.so.9", at 0x769086f83970, in gz::sim::v9::gui::createGui(int&, char**, char const*, char const*, bool, char const*, int, char const*, char const*)
[gz-4] #9    Object "/ws_aic/install/lib/libgz-gui9.so.9", at 0x769085b5866b, in gz::gui::Application::Application(int&, char**, gz::gui::WindowType, char const*)
[gz-4] #8    Object "/lib/x86_64-linux-gnu/libQt5Widgets.so.5", at 0x769084bdb5b4, in QApplicationPrivate::init()
[gz-4] #7    Object "/lib/x86_64-linux-gnu/libQt5Gui.so.5", at 0x7690844b1b9e, in QGuiApplicationPrivate::init()
[gz-4] #6    Object "/lib/x86_64-linux-gnu/libQt5Core.so.5", at 0x769085eb8ff4, in QCoreApplicationPrivate::init()
[gz-4] #5    Object "/lib/x86_64-linux-gnu/libQt5Gui.so.5", at 0x7690844aec1f, in QGuiApplicationPrivate::createEventDispatcher()
[gz-4] #4    Object "/lib/x86_64-linux-gnu/libQt5Gui.so.5", at 0x7690844ae6dc, in QGuiApplicationPrivate::createPlatformIntegration()
[gz-4] #3    Object "/lib/x86_64-linux-gnu/libQt5Core.so.5", at 0x769085c6b103, in QMessageLogger::fatal(char const*, ...) const
[gz-4] #2    Object "/lib/x86_64-linux-gnu/libc.so.6", at 0x76908c52d8fe, in abort
[gz-4] #1    Object "/lib/x86_64-linux-gnu/libc.so.6", at 0x76908c54a27d, in gsignal
[gz-4] #0    Object "/lib/x86_64-linux-gnu/libc.so.6", at 0x76908c5a3b2c, in pthread_kill
[gz-4] Aborted (Signal sent by tkill() 121 0)
[component_container-3] [INFO] [1778159132.050007280] [ros_gz_container]: Load Library: /ws_aic/install/lib/libgzserver_component.so
Started Zenoh router with id 67393af249ab0b3214a964bdcb9f9c85
[component_container-3] [INFO] [1778159132.065586243] [ros_gz_container]: Found class: rclcpp_components::NodeFactoryTemplate<ros_gz_sim::GzServer>
[component_container-3] [INFO] [1778159132.065612111] [ros_gz_container]: Instantiate class: rclcpp_components::NodeFactoryTemplate<ros_gz_sim::GzServer>
[INFO] [launch_ros.actions.load_composable_nodes]: Loaded node '/gz_server' in container '/ros_gz_container'
[component_container-3] [INFO] [1778159132.066939979] [ros_gz_container]: Load Library: /ws_aic/install/lib/libros_gz_bridge.so
[ERROR] [gz-4]: process has died [pid 121, exit code -6, cmd 'gz sim -g'].
[component_container-3] [INFO] [1778159132.082198895] [ros_gz_container]: Found class: rclcpp_components::NodeFactoryTemplate<ros_gz_bridge::RosGzBridge>
[component_container-3] [INFO] [1778159132.082215727] [ros_gz_container]: Instantiate class: rclcpp_components::NodeFactoryTemplate<ros_gz_bridge::RosGzBridge>
[INFO] [launch_ros.actions.load_composable_nodes]: Loaded node '/ros_gz_bridge' in container 'ros_gz_container'
[component_container-3] (2026-05-07 13:05:32.090) [info] [ServerPrivate.cc:664] Loading SDF world file[/ws_aic/install/share/aic_description/world/aic.sdf].
[component_container-3] [INFO] [1778159133.083602383] [ros_gz_bridge]: Creating GZ->ROS Bridge: [/clock (gz.msgs.Clock) -> /clock (rosgraph_msgs/msg/Clock)] (Lazy 0)
[component_container-3] [INFO] [1778159133.084231306] [ros_gz_bridge]: Creating GZ->ROS Bridge: [/left_camera/image (gz.msgs.Image) -> /left_camera/image (sensor_msgs/msg/Image)] (Lazy 1)
[component_container-3] [INFO] [1778159133.084741328] [ros_gz_bridge]: Creating GZ->ROS Bridge: [/center_camera/image (gz.msgs.Image) -> /center_camera/image (sensor_msgs/msg/Image)] (Lazy 1)
[component_container-3] [INFO] [1778159133.084825114] [ros_gz_bridge]: Creating GZ->ROS Bridge: [/right_camera/image (gz.msgs.Image) -> /right_camera/image (sensor_msgs/msg/Image)] (Lazy 1)
[component_container-3] [INFO] [1778159133.084891709] [ros_gz_bridge]: Creating GZ->ROS Bridge: [/left_camera/camera_info (gz.msgs.CameraInfo) -> /left_camera/camera_info (sensor_msgs/msg/CameraInfo)] (Lazy 1)
[component_container-3] [INFO] [1778159133.084995112] [ros_gz_bridge]: Creating GZ->ROS Bridge: [/center_camera/camera_info (gz.msgs.CameraInfo) -> /center_camera/camera_info (sensor_msgs/msg/CameraInfo)] (Lazy 1)
[component_container-3] [INFO] [1778159133.085053651] [ros_gz_bridge]: Creating GZ->ROS Bridge: [/right_camera/camera_info (gz.msgs.CameraInfo) -> /right_camera/camera_info (sensor_msgs/msg/CameraInfo)] (Lazy 1)
[component_container-3] [INFO] [1778159133.085114525] [ros_gz_bridge]: Creating GZ->ROS Bridge: [/aic/gazebo/contacts/off_limit (gz.msgs.Contacts) -> /aic/gazebo/contacts/off_limit (ros_gz_interfaces/msg/Contacts)] (Lazy 1)
[component_container-3] [INFO] [1778159133.085453227] [ros_gz_bridge]: Creating GZ->ROS Bridge: [/cable_0/pose (gz.msgs.Pose_V) -> /scoring/tf (tf2_msgs/msg/TFMessage)] (Lazy 1)
[component_container-3] [INFO] [1778159133.085772873] [ros_gz_bridge]: Creating GZ->ROS Bridge: [/cable_1/pose (gz.msgs.Pose_V) -> /scoring/tf (tf2_msgs/msg/TFMessage)] (Lazy 1)
[component_container-3] [INFO] [1778159133.085879402] [ros_gz_bridge]: Creating GZ->ROS Bridge: [/cable_2/pose (gz.msgs.Pose_V) -> /scoring/tf (tf2_msgs/msg/TFMessage)] (Lazy 1)
[component_container-3] [INFO] [1778159133.085924346] [ros_gz_bridge]: Creating GZ->ROS Bridge: [/cable_3/pose (gz.msgs.Pose_V) -> /scoring/tf (tf2_msgs/msg/TFMessage)] (Lazy 1)
[component_container-3] [INFO] [1778159133.085965523] [ros_gz_bridge]: Creating GZ->ROS Bridge: [/cable_4/pose (gz.msgs.Pose_V) -> /scoring/tf (tf2_msgs/msg/TFMessage)] (Lazy 1)
[component_container-3] [INFO] [1778159133.086001780] [ros_gz_bridge]: Creating GZ->ROS Bridge: [/task_board/pose_static (gz.msgs.Pose_V) -> /scoring/tf (tf2_msgs/msg/TFMessage)] (Lazy 1)
[component_container-3] [INFO] [1778159133.086041164] [ros_gz_bridge]: Creating GZ->ROS Bridge: [/cable_0/insertion_event (gz.msgs.StringMsg) -> /scoring/insertion_event (std_msgs/msg/String)] (Lazy 1)
[component_container-3] [INFO] [1778159133.086157190] [ros_gz_bridge]: Creating GZ->ROS Bridge: [/cable_1/insertion_event (gz.msgs.StringMsg) -> /scoring/insertion_event (std_msgs/msg/String)] (Lazy 1)
[component_container-3] (2026-05-07 13:05:34.083) [info] [SystemManager.cc:54] Serving entity system service on [/entity/system/add]
[component_container-3] (2026-05-07 13:05:34.085) [info] [UserCommands.cc:752] Create service on [/world/aic_world/create_multiple] (async)
[component_container-3] (2026-05-07 13:05:34.085) [info] [UserCommands.cc:754] Create service on [/world/aic_world/create_multiple/blocking] (blocking)
[component_container-3] (2026-05-07 13:05:34.085) [info] [UserCommands.cc:752] Remove service on [/world/aic_world/remove] (async)
[component_container-3] (2026-05-07 13:05:34.085) [info] [UserCommands.cc:754] Remove service on [/world/aic_world/remove/blocking] (blocking)
[component_container-3] (2026-05-07 13:05:34.085) [info] [UserCommands.cc:752] Pose service on [/world/aic_world/set_pose] (async)
[component_container-3] (2026-05-07 13:05:34.085) [info] [UserCommands.cc:754] Pose service on [/world/aic_world/set_pose/blocking] (blocking)
[component_container-3] (2026-05-07 13:05:34.085) [info] [UserCommands.cc:752] Pose service on [/world/aic_world/set_pose_vector] (async)
[component_container-3] (2026-05-07 13:05:34.085) [info] [UserCommands.cc:754] Pose service on [/world/aic_world/set_pose_vector/blocking] (blocking)
[component_container-3] (2026-05-07 13:05:34.085) [info] [UserCommands.cc:752] Light configuration service on [/world/aic_world/light_config] (async)
[component_container-3] (2026-05-07 13:05:34.085) [info] [UserCommands.cc:754] Light configuration service on [/world/aic_world/light_config/blocking] (blocking)
[component_container-3] (2026-05-07 13:05:34.085) [info] [UserCommands.cc:752] Physics service on [/world/aic_world/set_physics] (async)
[component_container-3] (2026-05-07 13:05:34.085) [info] [UserCommands.cc:754] Physics service on [/world/aic_world/set_physics/blocking] (blocking)
[component_container-3] (2026-05-07 13:05:34.085) [info] [UserCommands.cc:752] SphericalCoordinates service on [/world/aic_world/set_spherical_coordinates] (async)
[component_container-3] (2026-05-07 13:05:34.085) [info] [UserCommands.cc:754] SphericalCoordinates service on [/world/aic_world/set_spherical_coordinates/blocking] (blocking)
[component_container-3] (2026-05-07 13:05:34.085) [info] [UserCommands.cc:752] Enable collision service on [/world/aic_world/enable_collision] (async)
[component_container-3] (2026-05-07 13:05:34.085) [info] [UserCommands.cc:754] Enable collision service on [/world/aic_world/enable_collision/blocking] (blocking)
[component_container-3] (2026-05-07 13:05:34.085) [info] [UserCommands.cc:752] Disable collision service on [/world/aic_world/disable_collision] (async)
[component_container-3] (2026-05-07 13:05:34.085) [info] [UserCommands.cc:754] Disable collision service on [/world/aic_world/disable_collision/blocking] (blocking)
[component_container-3] (2026-05-07 13:05:34.086) [info] [UserCommands.cc:752] Material service on [/world/aic_world/visual_config] (async)
[component_container-3] (2026-05-07 13:05:34.086) [info] [UserCommands.cc:754] Material service on [/world/aic_world/visual_config/blocking] (blocking)
[component_container-3] (2026-05-07 13:05:34.086) [info] [UserCommands.cc:752] Material service on [/world/aic_world/wheel_slip] (async)
[component_container-3] (2026-05-07 13:05:34.086) [info] [UserCommands.cc:754] Material service on [/world/aic_world/wheel_slip/blocking] (blocking)
[component_container-3] (2026-05-07 13:05:34.086) [debug] [SystemManager.cc:80] Loaded system [gz::sim::systems::UserCommands] for entity [1]
[component_container-3] (2026-05-07 13:05:34.098) [debug] [Physics.cc:967] Loaded [gz::physics::bullet_featherstone::Plugin] from library [/ws_aic/install/lib/gz-physics-8/engine-plugins/libgz-physics-bullet-featherstone-plugin.so]
[component_container-3] (2026-05-07 13:05:34.098) [debug] [SystemManager.cc:80] Loaded system [gz::sim::systems::Physics] for entity [1]
[component_container-3] (2026-05-07 13:05:34.100) [debug] [Sensors.cc:697] Configuring Sensors system
[component_container-3] (2026-05-07 13:05:34.100) [debug] [Sensors.cc:557] SensorsPrivate::Run
[component_container-3] (2026-05-07 13:05:34.100) [debug] [SystemManager.cc:80] Loaded system [gz::sim::systems::Sensors] for entity [1]
[component_container-3] (2026-05-07 13:05:34.100) [debug] [Sensors.cc:532] SensorsPrivate::RenderThread started
[component_container-3] (2026-05-07 13:05:34.100) [debug] [Sensors.cc:337] Waiting for init
[component_container-3] (2026-05-07 13:05:34.101) [debug] [ScoringPlugin.cc:45] aic_gazebo::ScoringPlugin::Configure on entity: 1
[component_container-3] (2026-05-07 13:05:34.101) [debug] [SystemManager.cc:80] Loaded system [aic_gazebo::ScoringPlugin] for entity [1]
[component_container-3] (2026-05-07 13:05:34.101) [debug] [WorldSdfGeneratorPlugin.cc:47] aic_gazebo::WorldSdfGeneratorPlugin::Configure
[component_container-3] (2026-05-07 13:05:34.102) [debug] [SystemManager.cc:80] Loaded system [aic_gazebo::WorldSdfGeneratorPlugin] for entity [1]
[component_container-3] (2026-05-07 13:05:34.102) [debug] [SystemManager.cc:80] Loaded system [gz::sim::systems::Contact] for entity [1]
[component_container-3] (2026-05-07 13:05:34.102) [info] [LevelManager.cc:646] Loaded level [default]
[component_container-3] (2026-05-07 13:05:34.102) [debug] [ServerConfig.cc:1025] Loading (3) plugins from file [/root/.gz/sim/9/server.config]
[component_container-3] (2026-05-07 13:05:34.102) [debug] [SimulationRunner.cc:1696] Additional plugins to load:
[component_container-3] (2026-05-07 13:05:34.102) [debug] [SimulationRunner.cc:1699] gz::sim::systems::SceneBroadcaster gz-sim-scene-broadcaster-system
[component_container-3] (2026-05-07 13:05:34.102) [debug] [SystemManager.cc:80] Loaded system [gz::sim::systems::SceneBroadcaster] for entity [1]
[component_container-3] (2026-05-07 13:05:34.103) [info] [SimulationRunner.cc:275] Serving world controls on [/world/aic_world/control], [/world/aic_world/control/state] and [/world/aic_world/playback/control]
[component_container-3] (2026-05-07 13:05:34.103) [info] [SimulationRunner.cc:301] Serving GUI information on [/world/aic_world/gui/info]
[component_container-3] (2026-05-07 13:05:34.103) [info] [SimulationRunner.cc:304] World [aic_world] initialized with [2ms] physics profile.
[component_container-3] (2026-05-07 13:05:34.103) [info] [SimulationRunner.cc:311] Serving world SDF generation service on [/world/aic_world/generate_world_sdf]
[component_container-3] (2026-05-07 13:05:34.103) [info] [ServerPrivate.cc:344] Serving world names on [/gazebo/worlds]
[component_container-3] (2026-05-07 13:05:34.103) [info] [ServerPrivate.cc:357] Resource path add service on [/gazebo/resource_paths/add].
[component_container-3] (2026-05-07 13:05:34.103) [info] [ServerPrivate.cc:370] Resource path get service on [/gazebo/resource_paths/get].
[component_container-3] (2026-05-07 13:05:34.103) [info] [ServerPrivate.cc:385] Resource path resolve service on [/gazebo/resource_paths/resolve].
[component_container-3] (2026-05-07 13:05:34.103) [info] [ServerPrivate.cc:399] Resource paths published on [/gazebo/resource_paths].
[component_container-3] (2026-05-07 13:05:34.103) [info] [ServerPrivate.cc:412] Server control service on [/server_control].
[component_container-3] (2026-05-07 13:05:34.203) [info] [SimulationRunner.cc:769] Found no publishers on /stats, adding root stats topic
[component_container-3] (2026-05-07 13:05:34.203) [info] [SimulationRunner.cc:803] Found no publishers on /clock, adding root clock topic
[component_container-3] (2026-05-07 13:05:34.204) [debug] [SimulationRunner.cc:573] Creating PostUpdate worker threads: 5
[component_container-3] (2026-05-07 13:05:34.204) [debug] [SimulationRunner.cc:584] Creating postupdate worker thread (0)
[component_container-3] (2026-05-07 13:05:34.204) [debug] [SimulationRunner.cc:584] Creating postupdate worker thread (1)
[component_container-3] (2026-05-07 13:05:34.204) [debug] [SimulationRunner.cc:584] Creating postupdate worker thread (2)
[component_container-3] (2026-05-07 13:05:34.204) [debug] [SimulationRunner.cc:584] Creating postupdate worker thread (3)
[create-5] [INFO] [1778159134.204190953] [ros_gz_sim]: Entity creation successful.
[INFO] [create-5]: process has finished cleanly [pid 122]
[INFO] [spawner-8]: process started with pid [250]
[INFO] [spawner-9]: process started with pid [251]
[component_container-3] [1;33mWarning [Utils.cc:119][0m [/sdf/model[@name="ur"]/link[@name="center_camera/sensor_link"]/sensor[@name="center_camera"]/camera[@name="center_camera"]/optical_frame_id]: SDF Element[optical_frame_id] is deprecated
[component_container-3] [1;33mWarning [Utils.cc:119][0m [/sdf/model[@name="ur"]/link[@name="left_camera/sensor_link"]/sensor[@name="left_camera"]/camera[@name="left_camera"]/optical_frame_id]: SDF Element[optical_frame_id] is deprecated
[component_container-3] [1;33mWarning [Utils.cc:119][0m [/sdf/model[@name="ur"]/link[@name="right_camera/sensor_link"]/sensor[@name="right_camera"]/camera[@name="right_camera"]/optical_frame_id]: SDF Element[optical_frame_id] is deprecated
[component_container-3] [WARN] [1778159134.253679097] [rcl.logging_rosout]: Publisher already registered for node name: 'ros_gz_container'. If this is due to multiple nodes with the same name then all logs for the logger named 'ros_gz_container' will go out over the existing publisher. As soon as any node with that name is destructed it will unregister the publisher, preventing any further logs for that name from being published on the rosout topic.
[component_container-3] [INFO] [1778159134.254395915] [ros_gz_container]: [gz_ros2_control] Fixed joint [tabletop_joint] (Entity=101)] is skipped
[component_container-3] [INFO] [1778159134.254414890] [ros_gz_container]: [gz_ros2_control] Fixed joint [center_camera/attach_sensor_link] (Entity=108)] is skipped
[component_container-3] [INFO] [1778159134.254434186] [ros_gz_container]: [gz_ros2_control] Fixed joint [center_camera/attach_optical] (Entity=109)] is skipped
[component_container-3] [INFO] [1778159134.254449956] [ros_gz_container]: [gz_ros2_control] Fixed joint [ati/attach_joint] (Entity=110)] is skipped
[component_container-3] [INFO] [1778159134.254452711] [ros_gz_container]: [gz_ros2_control] Fixed joint [left_camera/attach_sensor_link] (Entity=114)] is skipped
[component_container-3] [INFO] [1778159134.254454464] [ros_gz_container]: [gz_ros2_control] Fixed joint [left_camera/attach_optical] (Entity=115)] is skipped
[component_container-3] [INFO] [1778159134.254456147] [ros_gz_container]: [gz_ros2_control] Fixed joint [right_camera/attach_sensor_link] (Entity=116)] is skipped
[component_container-3] [INFO] [1778159134.254457770] [ros_gz_container]: [gz_ros2_control] Fixed joint [right_camera/attach_optical] (Entity=117)] is skipped
[component_container-3] [INFO] [1778159134.254885779] [ros_gz_container]: Loading controller_manager
[component_container-3] [INFO] [1778159134.257715059] [controller_manager]: Using ROS clock for triggering controller manager cycles.
[component_container-3] [INFO] [1778159134.258432648] [controller_manager]: Subscribing to '/robot_description' topic for robot description.
[component_container-3] [INFO] [1778159134.259215789] [controller_manager]: Enforcing command limits is enabled...
[component_container-3] [WARN] [1778159134.259231018] [ros_gz_container]: Waiting RM to load and initialize hardware...
[component_container-3] [INFO] [1778159134.259293074] [controller_manager]: Received robot description from topic.
[component_container-3] [INFO] [1778159134.260728933] [ros_gz_container]: Using JointLimiter for joint 'gripper/left_finger_joint' in hardware 'gripper' : '  has position limits: true [0, 0.025]
[component_container-3]   has velocity limits: true [0.05]
[component_container-3]   has acceleration limits: false [nan]
[component_container-3]   has deceleration limits: false [nan]
[component_container-3]   has jerk limits: false [nan]
[component_container-3]   has effort limits: true [20]
[component_container-3]   angle wraparound: false'
[component_container-3] [INFO] [1778159134.260742629] [ros_gz_container]: Creating JointSaturationLimiter for joint 'gripper/left_finger_joint' in hardware 'gripper'
[component_container-3] [INFO] [1778159134.260757927] [ros_gz_container]: Using JointLimiter for joint 'wrist_3_joint' in hardware 'ControlSystem' : '  has position limits: true [-6.28319, 6.28319]
[component_container-3]   has velocity limits: true [3.14159]
[component_container-3]   has acceleration limits: false [nan]
[component_container-3]   has deceleration limits: false [nan]
[component_container-3]   has jerk limits: false [nan]
[component_container-3]   has effort limits: true [28]
[component_container-3]   angle wraparound: false'
[component_container-3] [INFO] [1778159134.260761013] [ros_gz_container]: Creating JointSaturationLimiter for joint 'wrist_3_joint' in hardware 'ControlSystem'
[component_container-3] [INFO] [1778159134.260764900] [ros_gz_container]: Using JointLimiter for joint 'wrist_2_joint' in hardware 'ControlSystem' : '  has position limits: true [-6.28319, 6.28319]
[component_container-3]   has velocity limits: true [3.14159]
[component_container-3]   has acceleration limits: false [nan]
[component_container-3]   has deceleration limits: false [nan]
[component_container-3]   has jerk limits: false [nan]
[component_container-3]   has effort limits: true [28]
[component_container-3]   angle wraparound: false'
[component_container-3] [INFO] [1778159134.260767225] [ros_gz_container]: Creating JointSaturationLimiter for joint 'wrist_2_joint' in hardware 'ControlSystem'
[component_container-3] [INFO] [1778159134.260770360] [ros_gz_container]: Using JointLimiter for joint 'wrist_1_joint' in hardware 'ControlSystem' : '  has position limits: true [-6.28319, 6.28319]
[component_container-3]   has velocity limits: true [3.14159]
[component_container-3]   has acceleration limits: false [nan]
[component_container-3]   has deceleration limits: false [nan]
[component_container-3]   has jerk limits: false [nan]
[component_container-3]   has effort limits: true [28]
[component_container-3]   angle wraparound: false'
[component_container-3] [INFO] [1778159134.260772274] [ros_gz_container]: Creating JointSaturationLimiter for joint 'wrist_1_joint' in hardware 'ControlSystem'
[component_container-3] [INFO] [1778159134.260775630] [ros_gz_container]: Using JointLimiter for joint 'elbow_joint' in hardware 'ControlSystem' : '  has position limits: true [-3.14159, 3.14159]
[component_container-3]   has velocity limits: true [3.14159]
[component_container-3]   has acceleration limits: false [nan]
[component_container-3]   has deceleration limits: false [nan]
[component_container-3]   has jerk limits: false [nan]
[component_container-3]   has effort limits: true [150]
[component_container-3]   angle wraparound: false'
[component_container-3] [INFO] [1778159134.260777554] [ros_gz_container]: Creating JointSaturationLimiter for joint 'elbow_joint' in hardware 'ControlSystem'
[component_container-3] [INFO] [1778159134.260781251] [ros_gz_container]: Using JointLimiter for joint 'shoulder_lift_joint' in hardware 'ControlSystem' : '  has position limits: true [-6.28319, 6.28319]
[component_container-3]   has velocity limits: true [3.14159]
[component_container-3]   has acceleration limits: false [nan]
[component_container-3]   has deceleration limits: false [nan]
[component_container-3]   has jerk limits: false [nan]
[component_container-3]   has effort limits: true [150]
[component_container-3]   angle wraparound: false'
[component_container-3] [INFO] [1778159134.260795087] [ros_gz_container]: Creating JointSaturationLimiter for joint 'shoulder_lift_joint' in hardware 'ControlSystem'
[component_container-3] [INFO] [1778159134.260800998] [ros_gz_container]: Using JointLimiter for joint 'shoulder_pan_joint' in hardware 'ControlSystem' : '  has position limits: true [-6.28319, 6.28319]
[component_container-3]   has velocity limits: true [3.14159]
[component_container-3]   has acceleration limits: false [nan]
[component_container-3]   has deceleration limits: false [nan]
[component_container-3]   has jerk limits: false [nan]
[component_container-3]   has effort limits: true [150]
[component_container-3]   angle wraparound: false'
[component_container-3] [INFO] [1778159134.260803973] [ros_gz_container]: Creating JointSaturationLimiter for joint 'shoulder_pan_joint' in hardware 'ControlSystem'
[component_container-3] [INFO] [1778159134.262610885] [ros_gz_container]: The position_proportional_gain has been set to: 0.1
[component_container-3] [INFO] [1778159134.262637375] [ros_gz_container]: Loading joint: gripper/left_finger_joint
[component_container-3] [INFO] [1778159134.262640611] [ros_gz_container]: 	State:
[component_container-3] [INFO] [1778159134.262643276] [ros_gz_container]: 		 position
[component_container-3] [INFO] [1778159134.262649858] [ros_gz_container]: 			 found initial value: 0.007300
[component_container-3] [INFO] [1778159134.262652543] [ros_gz_container]: 		 velocity
[component_container-3] [INFO] [1778159134.262658204] [ros_gz_container]: 			 found initial value: 0.000000
[component_container-3] [INFO] [1778159134.262661249] [ros_gz_container]: 		 effort
[component_container-3] [INFO] [1778159134.262666008] [ros_gz_container]: 			 found initial value: 0.000000
[component_container-3] [INFO] [1778159134.262668904] [ros_gz_container]: 	Command:
[component_container-3] [INFO] [1778159134.262671358] [ros_gz_container]: 		 position
[component_container-3] [INFO] [1778159134.262677910] [ros_gz_container]: 		 effort
[component_container-3] [INFO] [1778159134.262724758] [ros_gz_container]: Loading sensor: AtiForceTorqueSensor
[component_container-3] [INFO] [1778159134.262730559] [ros_gz_container]: 	State:
[component_container-3] [INFO] [1778159134.262774961] [ros_gz_container]: Initialize hardware 'gripper' 
[component_container-3] [WARN] [1778159134.262836987] [rcl.logging_rosout]: Publisher already registered for node name: 'ros_gz_container'. If this is due to multiple nodes with the same name then all logs for the logger named 'ros_gz_container' will go out over the existing publisher. As soon as any node with that name is destructed it will unregister the publisher, preventing any further logs for that name from being published on the rosout topic.
[component_container-3] [INFO] [1778159134.263363941] [ros_gz_container.hardware_component.system.gripper]: `status_publish_rate` is set to 0.0, hardware status publisher will not be created.
[component_container-3] [INFO] [1778159134.263407522] [ros_gz_container]: Successful initialization of hardware 'gripper'
[component_container-3] [INFO] [1778159134.263505936] [ros_gz_container]: The position_proportional_gain has been set to: 0.1
[component_container-3] [INFO] [1778159134.263515854] [ros_gz_container]: Loading joint: shoulder_pan_joint
[component_container-3] [INFO] [1778159134.263524120] [ros_gz_container]: 	State:
[component_container-3] [INFO] [1778159134.263526394] [ros_gz_container]: 		 position
[component_container-3] [INFO] [1778159134.263531694] [ros_gz_container]: 			 found initial value: -0.159700
[component_container-3] [INFO] [1778159134.263534359] [ros_gz_container]: 		 velocity
[component_container-3] [INFO] [1778159134.263537174] [ros_gz_container]: 			 found initial value: 0.000000
[component_container-3] [INFO] [1778159134.263539548] [ros_gz_container]: 		 effort
[component_container-3] [INFO] [1778159134.263542063] [ros_gz_container]: 			 found initial value: 0.000000
[component_container-3] [INFO] [1778159134.263543987] [ros_gz_container]: 	Command:
[component_container-3] [INFO] [1778159134.263545720] [ros_gz_container]: 		 position
[component_container-3] [INFO] [1778159134.263551661] [ros_gz_container]: 		 velocity
[component_container-3] [INFO] [1778159134.263554877] [ros_gz_container]: 		 effort
[component_container-3] [INFO] [1778159134.263559566] [ros_gz_container]: Loading joint: shoulder_lift_joint
[component_container-3] [INFO] [1778159134.263561329] [ros_gz_container]: 	State:
[component_container-3] [INFO] [1778159134.263563042] [ros_gz_container]: 		 position
[component_container-3] [INFO] [1778159134.263565437] [ros_gz_container]: 			 found initial value: -1.354200
[component_container-3] [INFO] [1778159134.263567370] [ros_gz_container]: 		 velocity
[component_container-3] [INFO] [1778159134.263569805] [ros_gz_container]: 			 found initial value: 0.000000
[component_container-3] [INFO] [1778159134.263571658] [ros_gz_container]: 		 effort
[component_container-3] [INFO] [1778159134.263582248] [ros_gz_container]: 			 found initial value: 0.000000
[component_container-3] [INFO] [1778159134.263584352] [ros_gz_container]: 	Command:
[component_container-3] [INFO] [1778159134.263585965] [ros_gz_container]: 		 position
[component_container-3] [INFO] [1778159134.263588700] [ros_gz_container]: 		 velocity
[component_container-3] [INFO] [1778159134.263591315] [ros_gz_container]: 		 effort
[component_container-3] [INFO] [1778159134.263595032] [ros_gz_container]: Loading joint: elbow_joint
[component_container-3] [INFO] [1778159134.263596705] [ros_gz_container]: 	State:
[component_container-3] [INFO] [1778159134.263598318] [ros_gz_container]: 		 position
[component_container-3] [INFO] [1778159134.263600392] [ros_gz_container]: 			 found initial value: -1.664800
[component_container-3] [INFO] [1778159134.263602255] [ros_gz_container]: 		 velocity
[component_container-3] [INFO] [1778159134.263604089] [ros_gz_container]: 			 found initial value: 0.000000
[component_container-3] [INFO] [1778159134.263605962] [ros_gz_container]: 		 effort
[component_container-3] [INFO] [1778159134.263608377] [ros_gz_container]: 			 found initial value: 0.000000
[component_container-3] [INFO] [1778159134.263610290] [ros_gz_container]: 	Command:
[component_container-3] [INFO] [1778159134.263611964] [ros_gz_container]: 		 position
[component_container-3] [INFO] [1778159134.263614488] [ros_gz_container]: 		 velocity
[component_container-3] [INFO] [1778159134.263616492] [ros_gz_container]: 		 effort
[component_container-3] [INFO] [1778159134.263621181] [ros_gz_container]: Loading joint: wrist_1_joint
[component_container-3] [INFO] [1778159134.263623144] [ros_gz_container]: 	State:
[component_container-3] [INFO] [1778159134.263625639] [ros_gz_container]: 		 position
[component_container-3] [INFO] [1778159134.263628204] [ros_gz_container]: 			 found initial value: -1.693300
[component_container-3] [INFO] [1778159134.263630107] [ros_gz_container]: 		 velocity
[component_container-3] [INFO] [1778159134.263631871] [ros_gz_container]: 			 found initial value: 0.000000
[component_container-3] [INFO] [1778159134.263633744] [ros_gz_container]: 		 effort
[component_container-3] [INFO] [1778159134.263635608] [ros_gz_container]: 			 found initial value: 0.000000
[component_container-3] [INFO] [1778159134.263637321] [ros_gz_container]: 	Command:
[component_container-3] [INFO] [1778159134.263638894] [ros_gz_container]: 		 position
[component_container-3] [INFO] [1778159134.263641088] [ros_gz_container]: 		 velocity
[component_container-3] [INFO] [1778159134.263642981] [ros_gz_container]: 		 effort
[component_container-3] [INFO] [1778159134.263646107] [ros_gz_container]: Loading joint: wrist_2_joint
[component_container-3] [INFO] [1778159134.263647780] [ros_gz_container]: 	State:
[component_container-3] [INFO] [1778159134.263649363] [ros_gz_container]: 		 position
[component_container-3] [INFO] [1778159134.263651287] [ros_gz_container]: 			 found initial value: 1.571000
[component_container-3] [INFO] [1778159134.263653241] [ros_gz_container]: 		 velocity
[component_container-3] [INFO] [1778159134.263654934] [ros_gz_container]: 			 found initial value: 0.000000
[component_container-3] [INFO] [1778159134.263656697] [ros_gz_container]: 		 effort
[component_container-3] [INFO] [1778159134.263658350] [ros_gz_container]: 			 found initial value: 0.000000
[component_container-3] [INFO] [1778159134.263660083] [ros_gz_container]: 	Command:
[component_container-3] [INFO] [1778159134.263661556] [ros_gz_container]: 		 position
[component_container-3] [INFO] [1778159134.263663730] [ros_gz_container]: 		 velocity
[component_container-3] [INFO] [1778159134.263665604] [ros_gz_container]: 		 effort
[component_container-3] [INFO] [1778159134.263668389] [ros_gz_container]: Loading joint: wrist_3_joint
[component_container-3] [INFO] [1778159134.263669992] [ros_gz_container]: 	State:
[component_container-3] [INFO] [1778159134.263671505] [ros_gz_container]: 		 position
[component_container-3] [INFO] [1778159134.263673368] [ros_gz_container]: 			 found initial value: 1.411000
[component_container-3] [INFO] [1778159134.263675312] [ros_gz_container]: 		 velocity
[component_container-3] [INFO] [1778159134.263677857] [ros_gz_container]: 			 found initial value: 0.000000
[component_container-3] [INFO] [1778159134.263680051] [ros_gz_container]: 		 effort
[component_container-3] [INFO] [1778159134.263681794] [ros_gz_container]: 			 found initial value: 0.000000
[component_container-3] [INFO] [1778159134.263683537] [ros_gz_container]: 	Command:
[component_container-3] [INFO] [1778159134.263685110] [ros_gz_container]: 		 position
[component_container-3] [INFO] [1778159134.263687454] [ros_gz_container]: 		 velocity
[component_container-3] [INFO] [1778159134.263690450] [ros_gz_container]: 		 effort
[component_container-3] [INFO] [1778159134.263700839] [ros_gz_container]: Loading sensor: AtiForceTorqueSensor
[component_container-3] [INFO] [1778159134.263702963] [ros_gz_container]: 	State:
[component_container-3] [INFO] [1778159134.263707281] [ros_gz_container]: 		 force.x
[component_container-3] [INFO] [1778159134.263709265] [ros_gz_container]: 		 force.y
[component_container-3] [INFO] [1778159134.263711008] [ros_gz_container]: 		 force.z
[component_container-3] [INFO] [1778159134.263712812] [ros_gz_container]: 		 torque.x
[component_container-3] [INFO] [1778159134.263714525] [ros_gz_container]: 		 torque.y
[component_container-3] [INFO] [1778159134.263718532] [ros_gz_container]: 		 torque.z
[component_container-3] [INFO] [1778159134.263752646] [ros_gz_container]: Initialize hardware 'ControlSystem' 
[component_container-3] [WARN] [1778159134.263812929] [rcl.logging_rosout]: Publisher already registered for node name: 'ros_gz_container'. If this is due to multiple nodes with the same name then all logs for the logger named 'ros_gz_container' will go out over the existing publisher. As soon as any node with that name is destructed it will unregister the publisher, preventing any further logs for that name from being published on the rosout topic.
[component_container-3] [INFO] [1778159134.264437113] [ros_gz_container.hardware_component.system.ControlSystem]: `status_publish_rate` is set to 0.0, hardware status publisher will not be created.
[component_container-3] [INFO] [1778159134.264498318] [ros_gz_container]: Successful initialization of hardware 'ControlSystem'
[component_container-3] [INFO] [1778159134.264625505] [resource_manager]: 'configure' hardware 'ControlSystem' 
[component_container-3] [INFO] [1778159134.264630404] [ros_gz_container]: System Successfully configured!
[component_container-3] [INFO] [1778159134.264638149] [resource_manager]: Successful 'configure' of hardware 'ControlSystem'
[component_container-3] [INFO] [1778159134.264644330] [resource_manager]: 'activate' hardware 'ControlSystem' 
[component_container-3] [INFO] [1778159134.264649490] [resource_manager]: Successful 'activate' of hardware 'ControlSystem'
[component_container-3] [INFO] [1778159134.264675208] [resource_manager]: 'configure' hardware 'gripper' 
[component_container-3] [INFO] [1778159134.264676220] [ros_gz_container]: System Successfully configured!
[component_container-3] [INFO] [1778159134.264678173] [resource_manager]: Successful 'configure' of hardware 'gripper'
[component_container-3] [INFO] [1778159134.264679496] [resource_manager]: 'activate' hardware 'gripper' 
[component_container-3] [INFO] [1778159134.264680728] [resource_manager]: Successful 'activate' of hardware 'gripper'
[component_container-3] [WARN] [1778159134.264687300] [controller_manager]: Component 'ControlSystem' does not have read or write statistics initialized, skipping registration.
[component_container-3] [WARN] [1778159134.264691729] [controller_manager]: Component 'gripper' does not have read or write statistics initialized, skipping registration.
[component_container-3] [INFO] [1778159134.264695636] [controller_manager]: Resource Manager has been successfully initialized. Starting Controller Manager services...
[2m2026-05-07T13:05:34.294660Z[0m [32m INFO[0m acc-0 ThreadId(04) [2mzenoh::net::routing::interceptor::access_control[0m[2m:[0m 5df27dc04a2315999ced3c9b416b79c1 did not match any configured ACL subject. Default permission `Allow` will be applied on all messages
[2m2026-05-07T13:05:34.294716Z[0m [32m INFO[0m acc-0 ThreadId(04) [2mzenoh::net::routing::interceptor::access_control[0m[2m:[0m 2abcba1e5d885abe5bd39ea11b4d5c10 did not match any configured ACL subject. Default permission `Allow` will be applied on all messages
[component_container-3] [INFO] [1778159134.313724804] [controller_manager]: Loading controller : 'fts_broadcaster' of type 'force_torque_sensor_broadcaster/ForceTorqueSensorBroadcaster'
[component_container-3] [INFO] [1778159134.313747426] [controller_manager]: Loading controller 'fts_broadcaster'
[component_container-3] [INFO] [1778159134.314295960] [controller_manager]: Controller 'fts_broadcaster' node arguments: --ros-args --params-file /ws_aic/install/share/aic_bringup/config/aic_ros2_controllers.yaml -p use_sim_time:=true --param use_sim_time:=true 
[spawner-9] [INFO] [1778159134.321933242] [spawner_fts_broadcaster]: Loaded fts_broadcaster
[component_container-3] [INFO] [1778159134.322187597] [controller_manager]: Configuring controller: 'fts_broadcaster'
[component_container-3] [INFO] [1778159134.323078860] [fts_broadcaster]: configure successful
[component_container-3] [INFO] [1778159134.324590231] [controller_manager]: Activating controllers: [ fts_broadcaster ]
[component_container-3] [INFO] [1778159134.324624154] [controller_manager]: Requested controller switch from non-realtime loop
[component_container-3] [INFO] [1778159134.324655943] [controller_manager]: Successfully switched controllers!
[component_container-3] (2026-05-07 13:05:36.259) [debug] [SystemManager.cc:80] Loaded system [gz_ros2_control::GazeboSimROS2ControlPlugin] for entity [31]
[component_container-3] (2026-05-07 13:05:36.260) [debug] [SystemManager.cc:80] Loaded system [gz::sim::systems::ForceTorque] for entity [31]
[component_container-3] (2026-05-07 13:05:36.260) [debug] [OffLimitContactsPlugin.cc:41] aic_gazebo::OffLimitContactsPlugin::Configure on entity: 31
[component_container-3] (2026-05-07 13:05:36.260) [debug] [OffLimitContactsPlugin.cc:165] Enabled collision [34]
[component_container-3] (2026-05-07 13:05:36.260) [debug] [OffLimitContactsPlugin.cc:165] Enabled collision [37]
[component_container-3] (2026-05-07 13:05:36.260) [debug] [OffLimitContactsPlugin.cc:165] Enabled collision [40]
[component_container-3] (2026-05-07 13:05:36.260) [debug] [OffLimitContactsPlugin.cc:165] Enabled collision [43]
[component_container-3] (2026-05-07 13:05:36.260) [debug] [OffLimitContactsPlugin.cc:165] Enabled collision [46]
[component_container-3] (2026-05-07 13:05:36.260) [debug] [OffLimitContactsPlugin.cc:165] Enabled collision [49]
[component_container-3] (2026-05-07 13:05:36.260) [debug] [OffLimitContactsPlugin.cc:165] Enabled collision [57]
[component_container-3] (2026-05-07 13:05:36.260) [debug] [OffLimitContactsPlugin.cc:165] Enabled collision [58]
[component_container-3] (2026-05-07 13:05:36.260) [debug] [OffLimitContactsPlugin.cc:165] Enabled collision [59]
[component_container-3] (2026-05-07 13:05:36.260) [debug] [OffLimitContactsPlugin.cc:165] Enabled collision [60]
[component_container-3] (2026-05-07 13:05:36.260) [debug] [OffLimitContactsPlugin.cc:165] Enabled collision [61]
[component_container-3] (2026-05-07 13:05:36.260) [debug] [OffLimitContactsPlugin.cc:165] Enabled collision [62]
[component_container-3] (2026-05-07 13:05:36.260) [debug] [OffLimitContactsPlugin.cc:165] Enabled collision [63]
[component_container-3] (2026-05-07 13:05:36.260) [debug] [OffLimitContactsPlugin.cc:165] Enabled collision [64]
[component_container-3] (2026-05-07 13:05:36.260) [debug] [OffLimitContactsPlugin.cc:165] Enabled collision [65]
[component_container-3] (2026-05-07 13:05:36.260) [debug] [OffLimitContactsPlugin.cc:165] Enabled collision [66]
[component_container-3] (2026-05-07 13:05:36.260) [debug] [OffLimitContactsPlugin.cc:165] Enabled collision [67]
[component_container-3] (2026-05-07 13:05:36.260) [debug] [OffLimitContactsPlugin.cc:165] Enabled collision [68]
[component_container-3] (2026-05-07 13:05:36.260) [debug] [OffLimitContactsPlugin.cc:165] Enabled collision [69]
[component_container-3] (2026-05-07 13:05:36.260) [debug] [OffLimitContactsPlugin.cc:165] Enabled collision [70]
[component_container-3] (2026-05-07 13:05:36.260) [debug] [OffLimitContactsPlugin.cc:165] Enabled collision [71]
[component_container-3] (2026-05-07 13:05:36.260) [debug] [OffLimitContactsPlugin.cc:165] Enabled collision [72]
[component_container-3] (2026-05-07 13:05:36.260) [debug] [OffLimitContactsPlugin.cc:165] Enabled collision [73]
[component_container-3] (2026-05-07 13:05:36.260) [debug] [OffLimitContactsPlugin.cc:165] Enabled collision [74]
[component_container-3] (2026-05-07 13:05:36.260) [debug] [OffLimitContactsPlugin.cc:165] Enabled collision [75]
[component_container-3] (2026-05-07 13:05:36.261) [debug] [OffLimitContactsPlugin.cc:165] Enabled collision [81]
[component_container-3] (2026-05-07 13:05:36.261) [debug] [OffLimitContactsPlugin.cc:165] Enabled collision [82]
[component_container-3] (2026-05-07 13:05:36.261) [debug] [OffLimitContactsPlugin.cc:165] Enabled collision [85]
[component_container-3] (2026-05-07 13:05:36.261) [debug] [OffLimitContactsPlugin.cc:165] Enabled collision [86]
[component_container-3] (2026-05-07 13:05:36.261) [debug] [OffLimitContactsPlugin.cc:165] Enabled collision [87]
[component_container-3] (2026-05-07 13:05:36.261) [debug] [OffLimitContactsPlugin.cc:165] Enabled collision [88]
[component_container-3] (2026-05-07 13:05:36.261) [debug] [OffLimitContactsPlugin.cc:165] Enabled collision [91]
[component_container-3] (2026-05-07 13:05:36.261) [debug] [OffLimitContactsPlugin.cc:165] Enabled collision [92]
[component_container-3] (2026-05-07 13:05:36.261) [debug] [OffLimitContactsPlugin.cc:165] Enabled collision [93]
[component_container-3] (2026-05-07 13:05:36.261) [debug] [OffLimitContactsPlugin.cc:165] Enabled collision [94]
[component_container-3] (2026-05-07 13:05:36.261) [debug] [SystemManager.cc:80] Loaded system [aic_gazebo::OffLimitContactsPlugin] for entity [31]
[component_container-3] (2026-05-07 13:05:36.261) [debug] [ResetJointsPlugin.cc:40] aic_gazebo::ResetJointsPlugin::Configure on entity: 31
[component_container-3] [WARN] [1778159136.261780270] [rcl.logging_rosout]: Publisher already registered for node name: 'ros_gz_container'. If this is due to multiple nodes with the same name then all logs for the logger named 'ros_gz_container' will go out over the existing publisher. As soon as any node with that name is destructed it will unregister the publisher, preventing any further logs for that name from being published on the rosout topic.
[component_container-3] (2026-05-07 13:05:36.262) [info] [ResetJointsPlugin.cc:117] Initialized ResetJointsPlugin!
[component_container-3] (2026-05-07 13:05:36.262) [debug] [SystemManager.cc:80] Loaded system [aic_gazebo::ResetJointsPlugin] for entity [31]
[component_container-3] (2026-05-07 13:05:36.262) [debug] [UserCommands.cc:1108] Created entity [31] named [ur5e]
[component_container-3] (2026-05-07 13:05:36.266) [debug] [Physics.cc:1171] Attempting to set physics options, but the physics engine doesn't support feature [CollisionPairMaxContacts]. Options will be ignored.
[component_container-3] (2026-05-07 13:05:36.271) [debug] [Sensors.cc:953] Initialization needed
[component_container-3] (2026-05-07 13:05:36.271) [debug] [Sensors.cc:349] Initializing render context
[component_container-3] (2026-05-07 13:05:36.271) [info] [RenderEngineManager.cc:514] Loading plugin [gz-rendering-ogre2]
[component_container-3] (2026-05-07 13:05:36.271) [info] [SceneBroadcaster.cc:634] Serving scene information on [/world/aic_world/scene/info]
[component_container-3] (2026-05-07 13:05:36.271) [info] [SceneBroadcaster.cc:643] Serving graph information on [/world/aic_world/scene/graph]
[component_container-3] (2026-05-07 13:05:36.271) [info] [SceneBroadcaster.cc:654] Serving full state on [/world/aic_world/state]
[component_container-3] (2026-05-07 13:05:36.271) [info] [SceneBroadcaster.cc:663] Serving full state (async) on [/world/aic_world/state_async]
[component_container-3] (2026-05-07 13:05:36.271) [info] [SceneBroadcaster.cc:671] Publishing scene information on [/world/aic_world/scene/info]
[component_container-3] (2026-05-07 13:05:36.271) [info] [SceneBroadcaster.cc:680] Publishing entity deletions on [/world/aic_world/scene/deletion]
[component_container-3] (2026-05-07 13:05:36.271) [info] [SceneBroadcaster.cc:689] Publishing state changes on [/world/aic_world/state]
[component_container-3] (2026-05-07 13:05:36.271) [info] [SceneBroadcaster.cc:700] Publishing pose messages on [/world/aic_world/pose/info]
[component_container-3] (2026-05-07 13:05:36.271) [info] [SceneBroadcaster.cc:711] Publishing dynamic pose messages on [/world/aic_world/dynamic_pose/info]
[component_container-3] (2026-05-07 13:05:36.276) [debug] [SimulationRunner.cc:600] Exiting postupdate worker thread (3)
[component_container-3] (2026-05-07 13:05:36.276) [debug] [SimulationRunner.cc:600] Exiting postupdate worker thread (2)
[component_container-3] (2026-05-07 13:05:36.276) [debug] [SimulationRunner.cc:600] Exiting postupdate worker thread (0)
[component_container-3] (2026-05-07 13:05:36.276) [debug] [SimulationRunner.cc:600] Exiting postupdate worker thread (1)
[component_container-3] (2026-05-07 13:05:36.276) [debug] [SimulationRunner.cc:573] Creating PostUpdate worker threads: 6
[component_container-3] (2026-05-07 13:05:36.276) [debug] [SimulationRunner.cc:584] Creating postupdate worker thread (0)
[component_container-3] (2026-05-07 13:05:36.276) [debug] [SimulationRunner.cc:584] Creating postupdate worker thread (1)
[component_container-3] (2026-05-07 13:05:36.276) [debug] [SimulationRunner.cc:584] Creating postupdate worker thread (2)
[component_container-3] (2026-05-07 13:05:36.276) [debug] [SimulationRunner.cc:584] Creating postupdate worker thread (3)
[component_container-3] (2026-05-07 13:05:36.276) [debug] [SimulationRunner.cc:584] Creating postupdate worker thread (4)
[component_container-3] (2026-05-07 13:05:36.276) [warning] [Ogre2RenderEngine.cc:556] Unable to open display: . Trying to run in headless mode.
[component_container-3] (2026-05-07 13:05:36.277) [debug] [EntityComponentManager.cc:1676] Updated state thread iterators: 16 threads processing around 8 entities each.
[spawner-9] [INFO] [1778159136.278439119] [spawner_fts_broadcaster]: Configured and activated fts_broadcaster
[INFO] [spawner-9]: process has finished cleanly [pid 251]
[component_container-3] [1;33mWarning [Utils.cc:119][0m [/sdf/model[@name="ur"]/link[@name="center_camera/sensor_link"]/sensor[@name="center_camera"]/camera[@name="center_camera"]/optical_frame_id]: SDF Element[optical_frame_id] is deprecated
[component_container-3] [1;33mWarning [Utils.cc:119][0m [/sdf/model[@name="ur"]/link[@name="left_camera/sensor_link"]/sensor[@name="left_camera"]/camera[@name="left_camera"]/optical_frame_id]: SDF Element[optical_frame_id] is deprecated
[component_container-3] [1;33mWarning [Utils.cc:119][0m [/sdf/model[@name="ur"]/link[@name="right_camera/sensor_link"]/sensor[@name="right_camera"]/camera[@name="right_camera"]/optical_frame_id]: SDF Element[optical_frame_id] is deprecated
[component_container-3] [INFO] [1778159136.318975838] [controller_manager]: Loading controller : 'joint_state_broadcaster' of type 'joint_state_broadcaster/JointStateBroadcaster'
[component_container-3] [INFO] [1778159136.319004832] [controller_manager]: Loading controller 'joint_state_broadcaster'
[component_container-3] [INFO] [1778159136.319719877] [controller_manager]: Controller 'joint_state_broadcaster' node arguments: --ros-args --params-file /ws_aic/install/share/aic_bringup/config/aic_ros2_controllers.yaml -p use_sim_time:=true --param use_sim_time:=true 
[component_container-3] [INFO] [1778159136.321929130] [gz_server]: InitializeCanonicalLinks
[component_container-3] [INFO] [1778159136.322073750] [gz_server]: Creating services on gz_server
[component_container-3] [INFO] [1778159136.322670233] [gz_server]: Created service /gz_server/delete_entity
[component_container-3] [INFO] [1778159136.322846842] [gz_server]: Created service /gz_server/get_entities
[component_container-3] [INFO] [1778159136.322955335] [gz_server]: Created service /gz_server/get_entity_info
[component_container-3] [INFO] [1778159136.323105525] [gz_server]: Created service /gz_server/get_entity_state
[component_container-3] [INFO] [1778159136.323211954] [gz_server]: Created service /gz_server/get_entities_states
[component_container-3] [INFO] [1778159136.323320937] [gz_server]: Created service /gz_server/get_simulation_state
[component_container-3] [INFO] [1778159136.323417607] [gz_server]: Created service /gz_server/get_simulator_features
[component_container-3] [INFO] [1778159136.323572276] [gz_server]: Created service /gz_server/reset_simulation
[component_container-3] [INFO] [1778159136.323677412] [gz_server]: Created service /gz_server/set_entity_state
[component_container-3] [INFO] [1778159136.323778581] [gz_server]: Created service /gz_server/set_simulation_state
[component_container-3] [INFO] [1778159136.323880181] [gz_server]: Created service /gz_server/spawn_entity
[component_container-3] [INFO] [1778159136.323963526] [gz_server]: Created service /gz_server/step_simulation
[component_container-3] [INFO] [1778159136.324534071] [gz_server]: Created action /gz_server/simulate_steps
[component_container-3] libEGL warning: pci id for fd 70: 10de:2c02, driver (null)
[component_container-3] 
[component_container-3] pci id for fd 72: 10de:2c02, driver (null)
[component_container-3] pci id for fd 73: 10de:2c02, driver (null)
[component_container-3] libEGL warning: egl: failed to create dri2 screen
[component_container-3] libEGL warning: pci id for fd 70: 10de:2c02, driver (null)
[component_container-3] 
[component_container-3] pci id for fd 72: 10de:2c02, driver (null)
[component_container-3] pci id for fd 73: 10de:2c02, driver (null)
[component_container-3] libEGL warning: egl: failed to create dri2 screen
[component_container-3] libEGL warning: pci id for fd 70: 10de:2c02, driver (null)
[component_container-3] 
[component_container-3] (2026-05-07 13:05:36.433) [debug] [RenderUtil.cc:2646] Create scene [scene]
[component_container-3] (2026-05-07 13:05:36.634) [debug] [Sensors.cc:391] Rendering Thread initialized
[component_container-3] (2026-05-07 13:05:36.634) [debug] [Sensors.cc:953] Initialization needed
[component_container-3] (2026-05-07 13:05:36.635) [debug] [ForceTorque.cc:162] Adding JointTransmittedWrench to: 110
[component_container-3] [INFO] [1778159136.636570021] [ros_gz_container]: ForceTorque AtiForceTorqueSensor has a topic name: /axia80_m20/wrench
[component_container-3] [INFO] [1778159136.636692169] [ros_gz_container]: ForceTorque AtiForceTorqueSensor has a topic name: /axia80_m20/wrench
[spawner-8] [INFO] [1778159136.643725314] [spawner_joint_state_broadcaster]: Loaded joint_state_broadcaster
[component_container-3] [INFO] [1778159136.644218905] [controller_manager]: Configuring controller: 'joint_state_broadcaster'
[component_container-3] [INFO] [1778159136.644277475] [joint_state_broadcaster]: 'joints' or 'interfaces' parameter is empty. All available state interfaces will be published
[2m2026-05-07T13:05:36.734911Z[0m [32m INFO[0m acc-0 ThreadId(04) [2mzenoh::net::routing::interceptor::access_control[0m[2m:[0m 4487425ac410d6427f9cbf5f688be00b did not match any configured ACL subject. Default permission `Allow` will be applied on all messages
[2m2026-05-07T13:05:36.826253Z[0m [32m INFO[0m acc-0 ThreadId(04) [2mzenoh::net::routing::interceptor::access_control[0m[2m:[0m 13fb3186deaebde6c8091a154ae65c11 did not match any configured ACL subject. Default permission `Allow` will be applied on all messages
[component_container-3] (2026-05-07 13:05:36.956) [debug] [CameraSensor.cc:342] Camera images for [ur5e::center_camera/sensor_link::center_camera] advertised on [/center_camera/image]
[component_container-3] (2026-05-07 13:05:36.956) [debug] [CameraSensor.cc:632] Camera info for [ur5e::center_camera/sensor_link::center_camera] advertised on [/center_camera/camera_info]
[component_container-3] (2026-05-07 13:05:36.956) [warning] [Ogre2Camera.cc:423] Ogre2Camera::SetVisibilityMask: Mask bits c0000000 are set but will be ignored as they conflict with the reserved bits used internally by the ogre2 backend.
[component_container-3] (2026-05-07 13:05:36.956) [debug] [CameraSensor.cc:342] Camera images for [ur5e::left_camera/sensor_link::left_camera] advertised on [/left_camera/image]
[component_container-3] (2026-05-07 13:05:36.956) [debug] [CameraSensor.cc:632] Camera info for [ur5e::left_camera/sensor_link::left_camera] advertised on [/left_camera/camera_info]
[component_container-3] (2026-05-07 13:05:36.956) [warning] [Ogre2Camera.cc:423] Ogre2Camera::SetVisibilityMask: Mask bits c0000000 are set but will be ignored as they conflict with the reserved bits used internally by the ogre2 backend.
[component_container-3] (2026-05-07 13:05:36.956) [debug] [CameraSensor.cc:342] Camera images for [ur5e::right_camera/sensor_link::right_camera] advertised on [/right_camera/image]
[component_container-3] (2026-05-07 13:05:36.956) [debug] [CameraSensor.cc:632] Camera info for [ur5e::right_camera/sensor_link::right_camera] advertised on [/right_camera/camera_info]
[component_container-3] (2026-05-07 13:05:36.956) [warning] [Ogre2Camera.cc:423] Ogre2Camera::SetVisibilityMask: Mask bits c0000000 are set but will be ignored as they conflict with the reserved bits used internally by the ogre2 backend.
[component_container-3] (2026-05-07 13:05:37.299) [debug] [CameraSensor.cc:441] Enabling camera sensor: 'ur5e::center_camera/sensor_link::center_camera' data generation.
[component_container-3] (2026-05-07 13:05:37.319) [debug] [CameraSensor.cc:441] Enabling camera sensor: 'ur5e::left_camera/sensor_link::left_camera' data generation.
[component_container-3] (2026-05-07 13:05:37.326) [debug] [CameraSensor.cc:441] Enabling camera sensor: 'ur5e::right_camera/sensor_link::right_camera' data generation.
[component_container-3] [INFO] [1778159137.333462980] [controller_manager]: Activating controllers: [ joint_state_broadcaster ]
[component_container-3] [INFO] [1778159137.333545023] [controller_manager]: Requested controller switch from non-realtime loop
[component_container-3] [INFO] [1778159137.333639489] [controller_manager]: Successfully switched controllers!
[spawner-8] [INFO] [1778159137.334664953] [spawner_joint_state_broadcaster]: Configured and activated joint_state_broadcaster
[INFO] [spawner-8]: process has finished cleanly [pid 250]
[INFO] [spawner-10]: process started with pid [472]
[2m2026-05-07T13:05:37.450432Z[0m [32m INFO[0m acc-0 ThreadId(04) [2mzenoh::net::routing::interceptor::access_control[0m[2m:[0m cc69185f1c5b8b9f6bb50ec3eec4cd61 did not match any configured ACL subject. Default permission `Allow` will be applied on all messages
[component_container-3] [INFO] [1778159137.471033904] [controller_manager]: Loading controller : 'aic_controller' of type 'aic/Controller'
[component_container-3] [INFO] [1778159137.471066946] [controller_manager]: Loading controller 'aic_controller'
[component_container-3] [INFO] [1778159137.472780354] [controller_manager]: Controller 'aic_controller' node arguments: --ros-args --params-file /ws_aic/install/share/aic_bringup/config/aic_ros2_controllers.yaml -p use_sim_time:=true --param use_sim_time:=true 
[component_container-3] (2026-05-07 13:05:37.559) [debug] [WorldSdfGeneratorPlugin.cc:79] Saving world: aic_world to: /tmp/aic.sdf
[component_container-3] (2026-05-07 13:05:37.559) [info] [WorldSdfGeneratorPlugin.cc:86] File: /tmp/aic.sdf could not be opened for saving. Please check that the directory containg the file exists and the correct permissions are set.
[spawner-10] [INFO] [1778159137.566884841] [spawner_aic_controller]: Loaded aic_controller
[component_container-3] [INFO] [1778159137.567381919] [controller_manager]: Configuring controller: 'aic_controller'
[component_container-3] [INFO] [1778159137.567447812] [aic_controller]: Control mode set to impedance
[component_container-3] [INFO] [1778159137.567454644] [aic_controller]: Target mode set to Cartesian. Accepting MotionUpdate targets.
[component_container-3] [INFO] [1778159137.572090195] [controller_manager]: Activating controllers: [ aic_controller ]
[component_container-3] [INFO] [1778159137.572163152] [controller_manager]: Requested controller switch from non-realtime loop
[component_container-3] [INFO] [1778159137.572231489] [controller_manager]: Successfully switched controllers!
[component_container-3] (2026-05-07 13:05:37.573) [warning] [Component.hh:144] Trying to serialize component with data type [St6vectorIdSaIdEE], which doesn't have `operator<<`. Component will not be serialized.
[component_container-3] (2026-05-07 13:05:37.573) [warning] [Component.hh:189] Trying to deserialize component with data type [St6vectorIdSaIdEE], which doesn't have `operator>>`. Component will not be deserialized.
[spawner-10] [INFO] [1778159137.573966687] [spawner_aic_controller]: Configured and activated all the parsed controllers list : ['aic_controller']!
[INFO] [spawner-10]: process has finished cleanly [pid 472]
[INFO] [rviz2-11]: process started with pid [492]
[rviz2-11] qt.qpa.xcb: could not connect to display 
[rviz2-11] qt.qpa.plugin: Could not load the Qt platform plugin "xcb" in "" even though it was found.
[rviz2-11] This application failed to start because no Qt platform plugin could be initialized. Reinstalling the application may fix this problem.
[rviz2-11] 
[rviz2-11] Available platform plugins are: eglfs, linuxfb, minimal, minimalegl, offscreen, vnc, wayland-egl, wayland, wayland-xcomposite-egl, wayland-xcomposite-glx, xcb.
[rviz2-11] 
[ERROR] [rviz2-11]: process has died [pid 492, exit code -6, cmd '/opt/ros/kilted/lib/rviz2/rviz2 -d /ws_aic/install/share/aic_bringup/rviz/aic.rviz --ros-args -r __node:=rviz2 --params-file /tmp/launch_params_7x9yuoqx'].
[2m2026-05-07T13:05:40.500458Z[0m [32m INFO[0m acc-0 ThreadId(04) [2mzenoh::net::routing::interceptor::access_control[0m[2m:[0m cefba49702ef02982b134c52908a798c did not match any configured ACL subject. Default permission `Allow` will be applied on all messages
[2m2026-05-07T13:05:50.349707Z[0m [32m INFO[0m acc-0 ThreadId(04) [2mzenoh::net::routing::interceptor::access_control[0m[2m:[0m 6a6b479065658f68153e8cb44451aae1 did not match any configured ACL subject. Default permission `Allow` will be applied on all messages
[component_container-3] (2026-05-07 13:05:51.479) [debug] [SdfEntityCreator.cc:547] Link has auto-inertial enabled: sc_port_0::sc_port_link
[component_container-3] (2026-05-07 13:05:51.479) [debug] [SdfEntityCreator.cc:549]   pose: 1.88554e-19 -0.00100271 0.000137321 0 0 0
[component_container-3] (2026-05-07 13:05:51.479) [debug] [SdfEntityCreator.cc:550]   mass: 0.04
[component_container-3] (2026-05-07 13:05:51.479) [debug] [SdfEntityCreator.cc:551]   ixx iyy izz: 1.86262e-06 5.50332e-06 6.55187e-06
[component_container-3] (2026-05-07 13:05:51.479) [debug] [SdfEntityCreator.cc:553]   ixy ixz iyz: -7.41324e-15 4.19415e-23 -5.5077e-09
[component_container-3] (2026-05-07 13:05:51.479) [debug] [SdfEntityCreator.cc:547] Link has auto-inertial enabled: nic_card_mount_0::nic_card_link
[component_container-3] (2026-05-07 13:05:51.479) [debug] [SdfEntityCreator.cc:549]   pose: 0.00150732 -0.00850988 0.00340281 0 0 0
[component_container-3] (2026-05-07 13:05:51.479) [debug] [SdfEntityCreator.cc:550]   mass: 0.15
[component_container-3] (2026-05-07 13:05:51.479) [debug] [SdfEntityCreator.cc:551]   ixx iyy izz: 0.000185176 4.95164e-05 0.000228127
[component_container-3] (2026-05-07 13:05:51.479) [debug] [SdfEntityCreator.cc:553]   ixy ixz iyz: -1.61776e-06 6.54063e-07 1.04636e-07
[component_container-3] (2026-05-07 13:05:51.480) [debug] [SystemManager.cc:80] Loaded system [gz::sim::systems::PosePublisher] for entity [118]
[component_container-3] (2026-05-07 13:05:51.481) [debug] [SystemManager.cc:80] Loaded system [gz::sim::systems::TouchPlugin] for entity [165]
[component_container-3] (2026-05-07 13:05:51.481) [debug] [SystemManager.cc:80] Loaded system [gz::sim::systems::TouchPlugin] for entity [188]
[component_container-3] (2026-05-07 13:05:51.481) [debug] [SystemManager.cc:80] Loaded system [gz::sim::systems::TouchPlugin] for entity [188]
[component_container-3] (2026-05-07 13:05:51.481) [debug] [UserCommands.cc:1108] Created entity [118] named [task_board]
[component_container-3] (2026-05-07 13:05:51.484) [info] [Contact.cc:125] Contact system publishing on world/aic_world/model/task_board/model/sc_port_0/link/sc_port_link/sensor/sc_port_sensor/contact
[component_container-3] (2026-05-07 13:05:51.484) [info] [Contact.cc:125] Contact system publishing on world/aic_world/model/task_board/model/nic_card_mount_0/link/nic_card_link/sensor/sfp_port_sensor/contact
[component_container-3] [INFO] [1778159151.485821894] [aic_controller]: Received service request to tare force torque sensor!
[component_container-3] [INFO] [1778159151.485848964] [aic_controller]: Successfully tared force torque sensor.
[component_container-3] [INFO] [1778159151.486393060] [gz_server]: InitializeCanonicalLinks
[component_container-3] (2026-05-07 13:05:51.486) [warning] [Component.hh:127] Trying to serialize component with data type [St10shared_ptrIN3sdf3v157ElementEE], which doesn't have `operator<<`. Component will not be serialized.
[component_container-3] (2026-05-07 13:05:51.487) [debug] [SimulationRunner.cc:600] Exiting postupdate worker thread (1)
[component_container-3] (2026-05-07 13:05:51.487) [debug] [SimulationRunner.cc:600] Exiting postupdate worker thread (3)
[component_container-3] (2026-05-07 13:05:51.487) [debug] [SimulationRunner.cc:600] Exiting postupdate worker thread (0)
[component_container-3] (2026-05-07 13:05:51.487) [debug] [SimulationRunner.cc:600] Exiting postupdate worker thread (2)
[component_container-3] (2026-05-07 13:05:51.487) [debug] [SimulationRunner.cc:600] Exiting postupdate worker thread (4)
[component_container-3] (2026-05-07 13:05:51.487) [debug] [SimulationRunner.cc:573] Creating PostUpdate worker threads: 10
[component_container-3] (2026-05-07 13:05:51.487) [debug] [SimulationRunner.cc:584] Creating postupdate worker thread (0)
[component_container-3] (2026-05-07 13:05:51.487) [debug] [SimulationRunner.cc:584] Creating postupdate worker thread (1)
[component_container-3] (2026-05-07 13:05:51.487) [debug] [SimulationRunner.cc:584] Creating postupdate worker thread (2)
[component_container-3] (2026-05-07 13:05:51.487) [debug] [SimulationRunner.cc:584] Creating postupdate worker thread (3)
[component_container-3] (2026-05-07 13:05:51.487) [debug] [SimulationRunner.cc:584] Creating postupdate worker thread (4)
[component_container-3] (2026-05-07 13:05:51.487) [debug] [SimulationRunner.cc:584] Creating postupdate worker thread (5)
[component_container-3] (2026-05-07 13:05:51.487) [debug] [SimulationRunner.cc:584] Creating postupdate worker thread (6)
[component_container-3] (2026-05-07 13:05:51.487) [debug] [SimulationRunner.cc:584] Creating postupdate worker thread (7)
[component_container-3] (2026-05-07 13:05:51.487) [debug] [SimulationRunner.cc:584] Creating postupdate worker thread (8)
[component_container-3] (2026-05-07 13:05:51.488) [warning] [Component.hh:172] Trying to deserialize component with data type [St10shared_ptrIN3sdf3v157ElementEE], which doesn't have `operator>>`. Component will not be deserialized.
[component_container-3] (2026-05-07 13:05:51.488) [debug] [TouchPlugin.cc:267] Started touch plugin [sc_port_0/sc_port_base]
[component_container-3] (2026-05-07 13:05:51.488) [debug] [TouchPlugin.cc:267] Started touch plugin [nic_card_mount_0/sfp_port_0]
[component_container-3] (2026-05-07 13:05:51.488) [debug] [TouchPlugin.cc:267] Started touch plugin [nic_card_mount_0/sfp_port_1]
[component_container-3] (2026-05-07 13:05:53.636) [debug] [SdfEntityCreator.cc:547] Link has auto-inertial enabled: cable_0::lc_plug_link
[component_container-3] (2026-05-07 13:05:53.636) [debug] [SdfEntityCreator.cc:549]   pose: 0 0.0197 0 0 0 0
[component_container-3] (2026-05-07 13:05:53.636) [debug] [SdfEntityCreator.cc:550]   mass: 0.01
[component_container-3] (2026-05-07 13:05:53.636) [debug] [SdfEntityCreator.cc:551]   ixx iyy izz: 8.49658e-09 9.96094e-08 1.06153e-07
[component_container-3] (2026-05-07 13:05:53.636) [debug] [SdfEntityCreator.cc:553]   ixy ixz iyz: 0 0 2.13837e-15
[component_container-3] (2026-05-07 13:05:53.637) [debug] [SdfEntityCreator.cc:547] Link has auto-inertial enabled: cable_0::sc_plug_link
[component_container-3] (2026-05-07 13:05:53.637) [debug] [SdfEntityCreator.cc:549]   pose: -0.00907511 4.9566e-05 8.71699e-06 0 0 0
[component_container-3] (2026-05-07 13:05:53.637) [debug] [SdfEntityCreator.cc:550]   mass: 0.04
[component_container-3] (2026-05-07 13:05:53.637) [debug] [SdfEntityCreator.cc:551]   ixx iyy izz: 2.12257e-06 7.17318e-06 8.85404e-06
[component_container-3] (2026-05-07 13:05:53.637) [debug] [SdfEntityCreator.cc:553]   ixy ixz iyz: 1.24369e-08 -3.73363e-09 1.72827e-11
[component_container-3] (2026-05-07 13:05:53.637) [debug] [SdfEntityCreator.cc:547] Link has auto-inertial enabled: cable_0::sfp_module_link
[component_container-3] (2026-05-07 13:05:53.637) [debug] [SdfEntityCreator.cc:549]   pose: 0.00024115 0.00702224 0.000553372 0 0 0
[component_container-3] (2026-05-07 13:05:53.637) [debug] [SdfEntityCreator.cc:550]   mass: 0.02
[component_container-3] (2026-05-07 13:05:53.637) [debug] [SdfEntityCreator.cc:551]   ixx iyy izz: 2.81022e-06 5.74024e-07 3.07134e-06
[component_container-3] (2026-05-07 13:05:53.637) [debug] [SdfEntityCreator.cc:553]   ixy ixz iyz: 2.90452e-08 2.66891e-09 9.66165e-08
[component_container-3] (2026-05-07 13:05:53.638) [debug] [CablePlugin.cc:86] aic_gazebo::CablePlugin::Configure on entity: 242
[component_container-3] (2026-05-07 13:05:53.639) [info] [CablePlugin.cc:150] Cable transitioning to HARNESS state.
[component_container-3] (2026-05-07 13:05:53.639) [debug] [SystemManager.cc:80] Loaded system [aic_gazebo::CablePlugin] for entity [242]
[component_container-3] (2026-05-07 13:05:53.639) [debug] [SystemManager.cc:80] Loaded system [gz::sim::systems::PosePublisher] for entity [242]
[component_container-3] (2026-05-07 13:05:53.639) [debug] [UserCommands.cc:1108] Created entity [242] named [cable_0]
[component_container-3] [INFO] [1778159153.645387944] [gz_server]: InitializeCanonicalLinks
[component_container-3] (2026-05-07 13:05:53.647) [debug] [SimulationRunner.cc:600] Exiting postupdate worker thread (5)
[component_container-3] (2026-05-07 13:05:53.647) [debug] [SimulationRunner.cc:600] Exiting postupdate worker thread (1)
[component_container-3] (2026-05-07 13:05:53.647) [debug] [SimulationRunner.cc:600] Exiting postupdate worker thread (7)
[component_container-3] (2026-05-07 13:05:53.647) [debug] [SimulationRunner.cc:600] Exiting postupdate worker thread (0)
[component_container-3] (2026-05-07 13:05:53.647) [debug] [SimulationRunner.cc:600] Exiting postupdate worker thread (6)
[component_container-3] (2026-05-07 13:05:53.647) [debug] [SimulationRunner.cc:600] Exiting postupdate worker thread (3)
[component_container-3] (2026-05-07 13:05:53.647) [debug] [SimulationRunner.cc:600] Exiting postupdate worker thread (8)
[component_container-3] (2026-05-07 13:05:53.647) [debug] [SimulationRunner.cc:600] Exiting postupdate worker thread (2)
[component_container-3] (2026-05-07 13:05:53.647) [debug] [SimulationRunner.cc:600] Exiting postupdate worker thread (4)
[component_container-3] (2026-05-07 13:05:53.647) [debug] [SimulationRunner.cc:573] Creating PostUpdate worker threads: 12
[component_container-3] (2026-05-07 13:05:53.647) [debug] [SimulationRunner.cc:584] Creating postupdate worker thread (0)
[component_container-3] (2026-05-07 13:05:53.647) [debug] [SimulationRunner.cc:584] Creating postupdate worker thread (1)
[component_container-3] (2026-05-07 13:05:53.647) [debug] [SimulationRunner.cc:584] Creating postupdate worker thread (2)
[component_container-3] (2026-05-07 13:05:53.647) [debug] [SimulationRunner.cc:584] Creating postupdate worker thread (3)
[component_container-3] (2026-05-07 13:05:53.647) [debug] [SimulationRunner.cc:584] Creating postupdate worker thread (4)
[component_container-3] (2026-05-07 13:05:53.647) [debug] [SimulationRunner.cc:584] Creating postupdate worker thread (5)
[component_container-3] (2026-05-07 13:05:53.647) [debug] [SimulationRunner.cc:584] Creating postupdate worker thread (6)
[component_container-3] (2026-05-07 13:05:53.647) [debug] [SimulationRunner.cc:584] Creating postupdate worker thread (7)
[component_container-3] (2026-05-07 13:05:53.647) [debug] [SimulationRunner.cc:584] Creating postupdate worker thread (8)
[component_container-3] (2026-05-07 13:05:53.647) [debug] [SimulationRunner.cc:584] Creating postupdate worker thread (9)
[component_container-3] (2026-05-07 13:05:53.647) [debug] [SimulationRunner.cc:584] Creating postupdate worker thread (10)
[component_container-3] (2026-05-07 13:05:53.651) [info] [CablePlugin.cc:201] Cable transitioning to WAITING state.
[component_container-3] (2026-05-07 13:05:53.651) [info] [CablePlugin.cc:213] Cable transitioning to CREATE_CONNECTIONS state.
[component_container-3] (2026-05-07 13:05:53.651) [debug] [Physics.cc:2015] Creating detachable joint [418]
[component_container-3] (2026-05-07 13:05:53.651) [debug] [Physics.cc:2015] Creating detachable joint [421]
[component_container-3] (2026-05-07 13:05:53.651) [debug] [Physics.cc:2136] Detaching joint [418]
[component_container-3] (2026-05-07 13:05:53.651) [debug] [Physics.cc:2136] Detaching joint [421]
[component_container-3] (2026-05-07 13:05:53.652) [info] [CablePlugin.cc:247] Cable transitioning to CABLE_ATTACHED_TO_GRIPPER state.
[component_container-3] (2026-05-07 13:05:53.652) [debug] [Physics.cc:2015] Creating detachable joint [422]
[component_container-3] [INFO] [1778159153.686707977] [gz_server]: InitializeCanonicalLinks
[component_container-3] [INFO] [1778159158.262881053] [aic_controller]: Controller is already in Cartesian target mode.
[component_container-3] (2026-05-07 13:06:07.049) [debug] [TouchPlugin.cc:352] Model [nic_card_mount_0] started touching [sfp_tip_link/collision/contact_collision] at 24.45 s
[component_container-3] (2026-05-07 13:06:08.051) [debug] [TouchPlugin.cc:366] Model [nic_card_mount_0] touched [sfp_tip_link/collision/contact_collision] exclusively for 1 s
[component_container-3] (2026-05-07 13:06:08.051) [debug] [TouchPlugin.cc:273] Stopped touch plugin [nic_card_mount_0/sfp_port_0]
[component_container-3] (2026-05-07 13:06:08.051) [debug] [CablePlugin.cc:271] Cable connection 0 touched: 1. Topic: /nic_card_mount_0/sfp_port_0/touched
[component_container-3] (2026-05-07 13:06:08.052) [info] [CablePlugin.cc:281] Cable transitioning to ATTACH_CABLE_TO_PORT state.
[component_container-3] (2026-05-07 13:06:08.053) [debug] [Physics.cc:2136] Detaching joint [422]
[component_container-3] (2026-05-07 13:06:08.054) [info] [CablePlugin.cc:326] Cable transitioning to COMPLETED state.
[component_container-3] (2026-05-07 13:06:08.054) [debug] [Physics.cc:2015] Creating detachable joint [423]
[component_container-3] (2026-05-07 13:06:08.054) [debug] [Physics.cc:2015] Creating detachable joint [424]
[component_container-3] (2026-05-07 13:06:08.054) [debug] [Physics.cc:2015] Creating detachable joint [427]
[component_container-3] [INFO] [1778159168.055850739] [gz_server]: InitializeCanonicalLinks
[component_container-3] (2026-05-07 13:06:18.594) [debug] [UserCommands.cc:1158] Requesting removal of entity [118]
[component_container-3] (2026-05-07 13:06:18.611) [debug] [SimulationRunner.cc:600] Exiting postupdate worker thread (5)
[component_container-3] (2026-05-07 13:06:18.611) [debug] [SimulationRunner.cc:600] Exiting postupdate worker thread (4)
[component_container-3] (2026-05-07 13:06:18.611) [debug] [SimulationRunner.cc:600] Exiting postupdate worker thread (9)
[component_container-3] (2026-05-07 13:06:18.611) [debug] [SimulationRunner.cc:600] Exiting postupdate worker thread (10)
[component_container-3] (2026-05-07 13:06:18.611) [debug] [SimulationRunner.cc:600] Exiting postupdate worker thread (8)
[component_container-3] (2026-05-07 13:06:18.611) [debug] [SimulationRunner.cc:600] Exiting postupdate worker thread (1)
[component_container-3] (2026-05-07 13:06:18.611) [debug] [SimulationRunner.cc:600] Exiting postupdate worker thread (6)
[component_container-3] (2026-05-07 13:06:18.611) [debug] [SimulationRunner.cc:600] Exiting postupdate worker thread (2)
[component_container-3] (2026-05-07 13:06:18.611) [debug] [SimulationRunner.cc:600] Exiting postupdate worker thread (0)
[component_container-3] (2026-05-07 13:06:18.611) [debug] [SimulationRunner.cc:600] Exiting postupdate worker thread (7)
[component_container-3] (2026-05-07 13:06:18.611) [debug] [SimulationRunner.cc:600] Exiting postupdate worker thread (3)
[component_container-3] (2026-05-07 13:06:18.614) [debug] [SimulationRunner.cc:573] Creating PostUpdate worker threads: 8
[component_container-3] (2026-05-07 13:06:18.614) [debug] [SimulationRunner.cc:584] Creating postupdate worker thread (0)
[component_container-3] (2026-05-07 13:06:18.614) [debug] [SimulationRunner.cc:584] Creating postupdate worker thread (1)
[component_container-3] (2026-05-07 13:06:18.614) [debug] [SimulationRunner.cc:584] Creating postupdate worker thread (2)
[component_container-3] (2026-05-07 13:06:18.614) [debug] [SimulationRunner.cc:584] Creating postupdate worker thread (3)
[component_container-3] (2026-05-07 13:06:18.614) [debug] [SimulationRunner.cc:584] Creating postupdate worker thread (4)
[component_container-3] (2026-05-07 13:06:18.614) [debug] [SimulationRunner.cc:584] Creating postupdate worker thread (5)
[component_container-3] (2026-05-07 13:06:18.614) [debug] [SimulationRunner.cc:584] Creating postupdate worker thread (6)
[component_container-3] (2026-05-07 13:06:18.614) [debug] [UserCommands.cc:1158] Requesting removal of entity [242]
[component_container-3] (2026-05-07 13:06:18.615) [info] [CablePlugin.cc:162] Cable transitioning to CABLE_REMOVED state.
[component_container-3] [INFO] [1778159178.615257206] [controller_manager]: Deactivating controllers: [ aic_controller ]
[component_container-3] [INFO] [1778159178.615330623] [controller_manager]: Switch controller timeout is set to 0, using default 1s!
[component_container-3] [INFO] [1778159178.615333409] [controller_manager]: Requested controller switch from non-realtime loop
[component_container-3] [INFO] [1778159178.615404401] [controller_manager]: Deactivated controllers: [ aic_controller ]
[component_container-3] [INFO] [1778159178.615407617] [controller_manager]: Successfully switched controllers!
[component_container-3] (2026-05-07 13:06:18.616) [debug] [Physics.cc:2136] Detaching joint [423]
[component_container-3] (2026-05-07 13:06:18.616) [debug] [Physics.cc:2136] Detaching joint [424]
[component_container-3] (2026-05-07 13:06:18.616) [debug] [Physics.cc:2136] Detaching joint [427]
[component_container-3] (2026-05-07 13:06:18.617) [info] [ResetJointsPlugin.cc:105] Received reset request for joint: shoulder_pan_joint
[component_container-3] (2026-05-07 13:06:18.617) [info] [ResetJointsPlugin.cc:105] Received reset request for joint: shoulder_lift_joint
[component_container-3] (2026-05-07 13:06:18.617) [info] [ResetJointsPlugin.cc:105] Received reset request for joint: elbow_joint
[component_container-3] (2026-05-07 13:06:18.617) [info] [ResetJointsPlugin.cc:105] Received reset request for joint: wrist_1_joint
[component_container-3] (2026-05-07 13:06:18.617) [info] [ResetJointsPlugin.cc:105] Received reset request for joint: wrist_2_joint
[component_container-3] (2026-05-07 13:06:18.617) [info] [ResetJointsPlugin.cc:105] Received reset request for joint: wrist_3_joint
[component_container-3] (2026-05-07 13:06:18.639) [debug] [SimulationRunner.cc:600] Exiting postupdate worker thread (6)
[component_container-3] (2026-05-07 13:06:18.639) [debug] [SimulationRunner.cc:600] Exiting postupdate worker thread (4)
[component_container-3] (2026-05-07 13:06:18.639) [debug] [SimulationRunner.cc:600] Exiting postupdate worker thread (2)
[component_container-3] (2026-05-07 13:06:18.639) [debug] [SimulationRunner.cc:600] Exiting postupdate worker thread (1)
[component_container-3] (2026-05-07 13:06:18.639) [debug] [SimulationRunner.cc:600] Exiting postupdate worker thread (5)
[component_container-3] (2026-05-07 13:06:18.639) [debug] [SimulationRunner.cc:600] Exiting postupdate worker thread (0)
[component_container-3] (2026-05-07 13:06:18.639) [debug] [SimulationRunner.cc:600] Exiting postupdate worker thread (3)
[component_container-3] (2026-05-07 13:06:18.639) [debug] [SimulationRunner.cc:573] Creating PostUpdate worker threads: 6
[component_container-3] (2026-05-07 13:06:18.639) [debug] [SimulationRunner.cc:584] Creating postupdate worker thread (0)
[component_container-3] (2026-05-07 13:06:18.639) [debug] [SimulationRunner.cc:584] Creating postupdate worker thread (1)
[component_container-3] (2026-05-07 13:06:18.639) [debug] [SimulationRunner.cc:584] Creating postupdate worker thread (2)
[component_container-3] (2026-05-07 13:06:18.639) [debug] [SimulationRunner.cc:584] Creating postupdate worker thread (3)
[component_container-3] (2026-05-07 13:06:18.639) [debug] [SimulationRunner.cc:584] Creating postupdate worker thread (4)
[component_container-3] (2026-05-07 13:06:18.645) [info] [ResetJointsPlugin.cc:149] Joint wrist_3_joint reset to initial position: 1.411
[component_container-3] (2026-05-07 13:06:18.645) [info] [ResetJointsPlugin.cc:149] Joint wrist_2_joint reset to initial position: 1.571
[component_container-3] (2026-05-07 13:06:18.645) [info] [ResetJointsPlugin.cc:149] Joint wrist_1_joint reset to initial position: -1.6933
[component_container-3] (2026-05-07 13:06:18.645) [info] [ResetJointsPlugin.cc:149] Joint elbow_joint reset to initial position: -1.6648
[component_container-3] (2026-05-07 13:06:18.645) [info] [ResetJointsPlugin.cc:149] Joint shoulder_lift_joint reset to initial position: -1.3542
[component_container-3] (2026-05-07 13:06:18.645) [info] [ResetJointsPlugin.cc:149] Joint shoulder_pan_joint reset to initial position: -0.1597
[component_container-3] (2026-05-07 13:06:18.645) [warning] [Physics.cc:2467] Found both JointVelocityReset and JointVelocityCmd components for Joint [shoulder_pan_joint(Entity=102]). Ignoring JointVelocityCmd component.
[component_container-3] (2026-05-07 13:06:18.645) [warning] [Physics.cc:2467] Found both JointVelocityReset and JointVelocityCmd components for Joint [shoulder_lift_joint(Entity=103]). Ignoring JointVelocityCmd component.
[component_container-3] (2026-05-07 13:06:18.645) [warning] [Physics.cc:2467] Found both JointVelocityReset and JointVelocityCmd components for Joint [elbow_joint(Entity=104]). Ignoring JointVelocityCmd component.
[component_container-3] (2026-05-07 13:06:18.645) [warning] [Physics.cc:2467] Found both JointVelocityReset and JointVelocityCmd components for Joint [wrist_1_joint(Entity=105]). Ignoring JointVelocityCmd component.
[component_container-3] (2026-05-07 13:06:18.645) [warning] [Physics.cc:2467] Found both JointVelocityReset and JointVelocityCmd components for Joint [wrist_2_joint(Entity=106]). Ignoring JointVelocityCmd component.
[component_container-3] (2026-05-07 13:06:18.645) [warning] [Physics.cc:2467] Found both JointVelocityReset and JointVelocityCmd components for Joint [wrist_3_joint(Entity=107]). Ignoring JointVelocityCmd component.
[component_container-3] [INFO] [1778159178.645767217] [controller_manager]: Activating controllers: [ aic_controller ]
[component_container-3] [INFO] [1778159178.645854420] [controller_manager]: Requested controller switch from non-realtime loop
[component_container-3] [INFO] [1778159178.645933848] [controller_manager]: Activated controllers: [ aic_controller ]
[component_container-3] [INFO] [1778159178.645936593] [controller_manager]: Successfully switched controllers!
[component_container-3] (2026-05-07 13:06:18.731) [debug] [SdfEntityCreator.cc:547] Link has auto-inertial enabled: sc_port_1::sc_port_link
[component_container-3] (2026-05-07 13:06:18.731) [debug] [SdfEntityCreator.cc:549]   pose: 1.88554e-19 -0.00100271 0.000137321 0 0 0
[component_container-3] (2026-05-07 13:06:18.731) [debug] [SdfEntityCreator.cc:550]   mass: 0.04
[component_container-3] (2026-05-07 13:06:18.731) [debug] [SdfEntityCreator.cc:551]   ixx iyy izz: 1.86262e-06 5.50332e-06 6.55187e-06
[component_container-3] (2026-05-07 13:06:18.731) [debug] [SdfEntityCreator.cc:553]   ixy ixz iyz: -7.41324e-15 4.19415e-23 -5.5077e-09
[component_container-3] (2026-05-07 13:06:18.732) [debug] [SystemManager.cc:80] Loaded system [gz::sim::systems::PosePublisher] for entity [428]
[component_container-3] (2026-05-07 13:06:18.732) [debug] [SystemManager.cc:80] Loaded system [gz::sim::systems::TouchPlugin] for entity [465]
[component_container-3] (2026-05-07 13:06:18.732) [debug] [UserCommands.cc:1108] Created entity [428] named [task_board]
[component_container-3] (2026-05-07 13:06:18.734) [info] [Contact.cc:125] Contact system publishing on world/aic_world/model/task_board/model/sc_port_1/link/sc_port_link/sensor/sc_port_sensor/contact
[component_container-3] (2026-05-07 13:06:18.735) [warning] [Component.hh:127] Trying to serialize component with data type [St10shared_ptrIN3sdf3v157ElementEE], which doesn't have `operator<<`. Component will not be serialized.
[component_container-3] [INFO] [1778159178.735909959] [gz_server]: InitializeCanonicalLinks
[component_container-3] (2026-05-07 13:06:18.736) [debug] [SimulationRunner.cc:600] Exiting postupdate worker thread (3)
[component_container-3] (2026-05-07 13:06:18.736) [debug] [SimulationRunner.cc:600] Exiting postupdate worker thread (2)
[component_container-3] (2026-05-07 13:06:18.736) [debug] [SimulationRunner.cc:600] Exiting postupdate worker thread (4)
[component_container-3] (2026-05-07 13:06:18.736) [debug] [SimulationRunner.cc:600] Exiting postupdate worker thread (1)
[component_container-3] (2026-05-07 13:06:18.736) [debug] [SimulationRunner.cc:600] Exiting postupdate worker thread (0)
[component_container-3] (2026-05-07 13:06:18.736) [debug] [SimulationRunner.cc:573] Creating PostUpdate worker threads: 8
[component_container-3] (2026-05-07 13:06:18.736) [debug] [SimulationRunner.cc:584] Creating postupdate worker thread (0)
[component_container-3] (2026-05-07 13:06:18.736) [debug] [SimulationRunner.cc:584] Creating postupdate worker thread (1)
[component_container-3] (2026-05-07 13:06:18.736) [debug] [SimulationRunner.cc:584] Creating postupdate worker thread (2)
[component_container-3] (2026-05-07 13:06:18.736) [debug] [SimulationRunner.cc:584] Creating postupdate worker thread (3)
[component_container-3] (2026-05-07 13:06:18.736) [debug] [SimulationRunner.cc:584] Creating postupdate worker thread (4)
[component_container-3] (2026-05-07 13:06:18.736) [debug] [SimulationRunner.cc:584] Creating postupdate worker thread (5)
[component_container-3] (2026-05-07 13:06:18.736) [debug] [SimulationRunner.cc:584] Creating postupdate worker thread (6)
[component_container-3] (2026-05-07 13:06:18.736) [debug] [TouchPlugin.cc:267] Started touch plugin [sc_port_1/sc_port_base]
[component_container-3] [INFO] [1778159178.737111371] [aic_controller]: Received service request to tare force torque sensor!
[component_container-3] [INFO] [1778159178.737123494] [aic_controller]: Successfully tared force torque sensor.
[component_container-3] (2026-05-07 13:06:18.878) [debug] [SdfEntityCreator.cc:547] Link has auto-inertial enabled: cable_1::sc_plug_link
[component_container-3] (2026-05-07 13:06:18.878) [debug] [SdfEntityCreator.cc:549]   pose: -0.00907511 4.9566e-05 8.71699e-06 0 0 0
[component_container-3] (2026-05-07 13:06:18.878) [debug] [SdfEntityCreator.cc:550]   mass: 0.04
[component_container-3] (2026-05-07 13:06:18.878) [debug] [SdfEntityCreator.cc:551]   ixx iyy izz: 2.12257e-06 7.17318e-06 8.85404e-06
[component_container-3] (2026-05-07 13:06:18.878) [debug] [SdfEntityCreator.cc:553]   ixy ixz iyz: 1.24369e-08 -3.73363e-09 1.72827e-11
[component_container-3] (2026-05-07 13:06:18.878) [debug] [SdfEntityCreator.cc:547] Link has auto-inertial enabled: cable_1::lc_plug_link
[component_container-3] (2026-05-07 13:06:18.878) [debug] [SdfEntityCreator.cc:549]   pose: 0 -0.00428702 8.58528e-05 0 0 0
[component_container-3] (2026-05-07 13:06:18.878) [debug] [SdfEntityCreator.cc:550]   mass: 0.01
[component_container-3] (2026-05-07 13:06:18.878) [debug] [SdfEntityCreator.cc:551]   ixx iyy izz: 1.73585e-06 1.30886e-07 1.82579e-06
[component_container-3] (2026-05-07 13:06:18.878) [debug] [SdfEntityCreator.cc:553]   ixy ixz iyz: -3.13192e-14 3.63653e-15 -5.82954e-09
[component_container-3] (2026-05-07 13:06:18.878) [debug] [SdfEntityCreator.cc:547] Link has auto-inertial enabled: cable_1::sfp_module_link
[component_container-3] (2026-05-07 13:06:18.878) [debug] [SdfEntityCreator.cc:549]   pose: 0.000140388 0.0140944 0.000755794 0 0 0
[component_container-3] (2026-05-07 13:06:18.878) [debug] [SdfEntityCreator.cc:550]   mass: 0.02
[component_container-3] (2026-05-07 13:06:18.878) [debug] [SdfEntityCreator.cc:551]   ixx iyy izz: 3.52972e-06 5.95336e-07 3.76244e-06
[component_container-3] (2026-05-07 13:06:18.878) [debug] [SdfEntityCreator.cc:553]   ixy ixz iyz: 3.87677e-08 3.1005e-09 9.04204e-09
[component_container-3] (2026-05-07 13:06:18.879) [debug] [CablePlugin.cc:86] aic_gazebo::CablePlugin::Configure on entity: 488
[component_container-3] (2026-05-07 13:06:18.880) [info] [CablePlugin.cc:150] Cable transitioning to HARNESS state.
[component_container-3] (2026-05-07 13:06:18.880) [debug] [SystemManager.cc:80] Loaded system [aic_gazebo::CablePlugin] for entity [488]
[component_container-3] (2026-05-07 13:06:18.880) [debug] [SystemManager.cc:80] Loaded system [gz::sim::systems::PosePublisher] for entity [488]
[component_container-3] (2026-05-07 13:06:18.880) [debug] [UserCommands.cc:1108] Created entity [488] named [cable_1]
[component_container-3] [INFO] [1778159178.886664300] [gz_server]: InitializeCanonicalLinks
[component_container-3] (2026-05-07 13:06:18.888) [debug] [SimulationRunner.cc:600] Exiting postupdate worker thread (3)
[component_container-3] (2026-05-07 13:06:18.888) [debug] [SimulationRunner.cc:600] Exiting postupdate worker thread (1)
[component_container-3] (2026-05-07 13:06:18.888) [debug] [SimulationRunner.cc:600] Exiting postupdate worker thread (5)
[component_container-3] (2026-05-07 13:06:18.888) [debug] [SimulationRunner.cc:600] Exiting postupdate worker thread (6)
[component_container-3] (2026-05-07 13:06:18.888) [debug] [SimulationRunner.cc:600] Exiting postupdate worker thread (2)
[component_container-3] (2026-05-07 13:06:18.888) [debug] [SimulationRunner.cc:600] Exiting postupdate worker thread (0)
[component_container-3] (2026-05-07 13:06:18.888) [debug] [SimulationRunner.cc:600] Exiting postupdate worker thread (4)
[component_container-3] (2026-05-07 13:06:18.888) [debug] [SimulationRunner.cc:573] Creating PostUpdate worker threads: 10
[component_container-3] (2026-05-07 13:06:18.888) [debug] [SimulationRunner.cc:584] Creating postupdate worker thread (0)
[component_container-3] (2026-05-07 13:06:18.888) [debug] [SimulationRunner.cc:584] Creating postupdate worker thread (1)
[component_container-3] (2026-05-07 13:06:18.888) [debug] [SimulationRunner.cc:584] Creating postupdate worker thread (2)
[component_container-3] (2026-05-07 13:06:18.888) [debug] [SimulationRunner.cc:584] Creating postupdate worker thread (3)
[component_container-3] (2026-05-07 13:06:18.888) [debug] [SimulationRunner.cc:584] Creating postupdate worker thread (4)
[component_container-3] (2026-05-07 13:06:18.888) [debug] [SimulationRunner.cc:584] Creating postupdate worker thread (5)
[component_container-3] (2026-05-07 13:06:18.888) [debug] [SimulationRunner.cc:584] Creating postupdate worker thread (6)
[component_container-3] (2026-05-07 13:06:18.888) [debug] [SimulationRunner.cc:584] Creating postupdate worker thread (7)
[component_container-3] (2026-05-07 13:06:18.888) [debug] [SimulationRunner.cc:584] Creating postupdate worker thread (8)
[component_container-3] (2026-05-07 13:06:18.889) [info] [CablePlugin.cc:201] Cable transitioning to WAITING state.
[component_container-3] (2026-05-07 13:06:18.889) [info] [CablePlugin.cc:213] Cable transitioning to CREATE_CONNECTIONS state.
[component_container-3] (2026-05-07 13:06:18.889) [debug] [Physics.cc:2015] Creating detachable joint [686]
[component_container-3] (2026-05-07 13:06:18.889) [debug] [Physics.cc:2015] Creating detachable joint [689]
[component_container-3] (2026-05-07 13:06:18.889) [debug] [Physics.cc:2136] Detaching joint [686]
[component_container-3] (2026-05-07 13:06:18.889) [debug] [Physics.cc:2136] Detaching joint [689]
[component_container-3] (2026-05-07 13:06:18.890) [info] [CablePlugin.cc:247] Cable transitioning to CABLE_ATTACHED_TO_GRIPPER state.
[component_container-3] (2026-05-07 13:06:18.890) [debug] [Physics.cc:2015] Creating detachable joint [690]
[component_container-3] [INFO] [1778159178.912213954] [gz_server]: InitializeCanonicalLinks
[component_container-3] (2026-05-07 13:06:34.725) [debug] [TouchPlugin.cc:352] Model [sc_port_1] started touching [sc_plug] at 51.74 s
[component_container-3] (2026-05-07 13:06:35.727) [debug] [TouchPlugin.cc:366] Model [sc_port_1] touched [sc_plug] exclusively for 1 s
[component_container-3] (2026-05-07 13:06:35.727) [debug] [TouchPlugin.cc:273] Stopped touch plugin [sc_port_1/sc_port_base]
[component_container-3] (2026-05-07 13:06:35.727) [debug] [CablePlugin.cc:271] Cable connection 0 touched: 1. Topic: /sc_port_1/sc_port_base/touched
[component_container-3] (2026-05-07 13:06:35.729) [info] [CablePlugin.cc:281] Cable transitioning to ATTACH_CABLE_TO_PORT state.
[component_container-3] (2026-05-07 13:06:35.729) [debug] [Physics.cc:2136] Detaching joint [690]
[component_container-3] (2026-05-07 13:06:35.731) [info] [CablePlugin.cc:326] Cable transitioning to COMPLETED state.
[component_container-3] (2026-05-07 13:06:35.731) [debug] [Physics.cc:2015] Creating detachable joint [691]
[component_container-3] (2026-05-07 13:06:35.731) [debug] [Physics.cc:2015] Creating detachable joint [692]
[component_container-3] (2026-05-07 13:06:35.731) [debug] [Physics.cc:2015] Creating detachable joint [695]
[component_container-3] [INFO] [1778159195.732215181] [gz_server]: InitializeCanonicalLinks
[component_container-3] (2026-05-07 13:06:42.513) [debug] [UserCommands.cc:1158] Requesting removal of entity [428]
[component_container-3] (2026-05-07 13:06:42.521) [debug] [SimulationRunner.cc:600] Exiting postupdate worker thread (8)
[component_container-3] (2026-05-07 13:06:42.521) [debug] [SimulationRunner.cc:600] Exiting postupdate worker thread (4)
[component_container-3] (2026-05-07 13:06:42.521) [debug] [SimulationRunner.cc:600] Exiting postupdate worker thread (5)
[component_container-3] (2026-05-07 13:06:42.521) [debug] [SimulationRunner.cc:600] Exiting postupdate worker thread (3)
[component_container-3] (2026-05-07 13:06:42.521) [debug] [SimulationRunner.cc:600] Exiting postupdate worker thread (0)
[component_container-3] (2026-05-07 13:06:42.521) [debug] [SimulationRunner.cc:600] Exiting postupdate worker thread (2)
[component_container-3] (2026-05-07 13:06:42.521) [debug] [SimulationRunner.cc:600] Exiting postupdate worker thread (6)
[component_container-3] (2026-05-07 13:06:42.521) [debug] [SimulationRunner.cc:600] Exiting postupdate worker thread (1)
[component_container-3] (2026-05-07 13:06:42.521) [debug] [SimulationRunner.cc:600] Exiting postupdate worker thread (7)
[component_container-3] (2026-05-07 13:06:42.521) [debug] [SimulationRunner.cc:573] Creating PostUpdate worker threads: 8
[component_container-3] (2026-05-07 13:06:42.521) [debug] [SimulationRunner.cc:584] Creating postupdate worker thread (0)
[component_container-3] (2026-05-07 13:06:42.521) [debug] [SimulationRunner.cc:584] Creating postupdate worker thread (1)
[component_container-3] (2026-05-07 13:06:42.521) [debug] [SimulationRunner.cc:584] Creating postupdate worker thread (2)
[component_container-3] (2026-05-07 13:06:42.522) [debug] [SimulationRunner.cc:584] Creating postupdate worker thread (3)
[component_container-3] (2026-05-07 13:06:42.522) [debug] [SimulationRunner.cc:584] Creating postupdate worker thread (4)
[component_container-3] (2026-05-07 13:06:42.522) [debug] [SimulationRunner.cc:584] Creating postupdate worker thread (5)
[component_container-3] (2026-05-07 13:06:42.522) [debug] [SimulationRunner.cc:584] Creating postupdate worker thread (6)
[component_container-3] (2026-05-07 13:06:42.522) [debug] [UserCommands.cc:1158] Requesting removal of entity [488]
[component_container-3] (2026-05-07 13:06:42.522) [info] [CablePlugin.cc:162] Cable transitioning to CABLE_REMOVED state.
[component_container-3] [INFO] [1778159202.523117887] [controller_manager]: Deactivating controllers: [ aic_controller ]
[component_container-3] [INFO] [1778159202.523193210] [controller_manager]: Requested controller switch from non-realtime loop
[component_container-3] [INFO] [1778159202.523266598] [controller_manager]: Deactivated controllers: [ aic_controller ]
[component_container-3] [INFO] [1778159202.523271147] [controller_manager]: Successfully switched controllers!
[component_container-3] (2026-05-07 13:06:42.523) [debug] [Physics.cc:2136] Detaching joint [691]
[component_container-3] (2026-05-07 13:06:42.523) [debug] [Physics.cc:2136] Detaching joint [692]
[component_container-3] (2026-05-07 13:06:42.523) [debug] [Physics.cc:2136] Detaching joint [695]
[component_container-3] (2026-05-07 13:06:42.525) [info] [ResetJointsPlugin.cc:105] Received reset request for joint: shoulder_pan_joint
[component_container-3] (2026-05-07 13:06:42.525) [info] [ResetJointsPlugin.cc:105] Received reset request for joint: shoulder_lift_joint
[component_container-3] (2026-05-07 13:06:42.525) [info] [ResetJointsPlugin.cc:105] Received reset request for joint: elbow_joint
[component_container-3] (2026-05-07 13:06:42.525) [info] [ResetJointsPlugin.cc:105] Received reset request for joint: wrist_1_joint
[component_container-3] (2026-05-07 13:06:42.525) [info] [ResetJointsPlugin.cc:105] Received reset request for joint: wrist_2_joint
[component_container-3] (2026-05-07 13:06:42.525) [info] [ResetJointsPlugin.cc:105] Received reset request for joint: wrist_3_joint
[component_container-3] (2026-05-07 13:06:42.549) [debug] [SimulationRunner.cc:600] Exiting postupdate worker thread (4)
[component_container-3] (2026-05-07 13:06:42.549) [debug] [SimulationRunner.cc:600] Exiting postupdate worker thread (5)
[component_container-3] (2026-05-07 13:06:42.549) [debug] [SimulationRunner.cc:600] Exiting postupdate worker thread (2)
[component_container-3] (2026-05-07 13:06:42.549) [debug] [SimulationRunner.cc:600] Exiting postupdate worker thread (6)
[component_container-3] (2026-05-07 13:06:42.549) [debug] [SimulationRunner.cc:600] Exiting postupdate worker thread (1)
[component_container-3] (2026-05-07 13:06:42.549) [debug] [SimulationRunner.cc:600] Exiting postupdate worker thread (3)
[component_container-3] (2026-05-07 13:06:42.549) [debug] [SimulationRunner.cc:600] Exiting postupdate worker thread (0)
[component_container-3] (2026-05-07 13:06:42.549) [debug] [SimulationRunner.cc:573] Creating PostUpdate worker threads: 6
[component_container-3] (2026-05-07 13:06:42.549) [debug] [SimulationRunner.cc:584] Creating postupdate worker thread (0)
[component_container-3] (2026-05-07 13:06:42.549) [debug] [SimulationRunner.cc:584] Creating postupdate worker thread (1)
[component_container-3] (2026-05-07 13:06:42.549) [debug] [SimulationRunner.cc:584] Creating postupdate worker thread (2)
[component_container-3] (2026-05-07 13:06:42.549) [debug] [SimulationRunner.cc:584] Creating postupdate worker thread (3)
[component_container-3] (2026-05-07 13:06:42.549) [debug] [SimulationRunner.cc:584] Creating postupdate worker thread (4)
[component_container-3] (2026-05-07 13:06:43.017) [info] [ResetJointsPlugin.cc:149] Joint wrist_3_joint reset to initial position: 1.411
[component_container-3] (2026-05-07 13:06:43.017) [info] [ResetJointsPlugin.cc:149] Joint wrist_2_joint reset to initial position: 1.571
[component_container-3] (2026-05-07 13:06:43.017) [info] [ResetJointsPlugin.cc:149] Joint wrist_1_joint reset to initial position: -1.6933
[component_container-3] (2026-05-07 13:06:43.017) [info] [ResetJointsPlugin.cc:149] Joint elbow_joint reset to initial position: -1.6648
[component_container-3] (2026-05-07 13:06:43.017) [info] [ResetJointsPlugin.cc:149] Joint shoulder_lift_joint reset to initial position: -1.3542
[component_container-3] (2026-05-07 13:06:43.017) [info] [ResetJointsPlugin.cc:149] Joint shoulder_pan_joint reset to initial position: -0.1597
[component_container-3] (2026-05-07 13:06:43.017) [warning] [Physics.cc:2467] Found both JointVelocityReset and JointVelocityCmd components for Joint [shoulder_pan_joint(Entity=102]). Ignoring JointVelocityCmd component.
[component_container-3] (2026-05-07 13:06:43.017) [warning] [Physics.cc:2467] Found both JointVelocityReset and JointVelocityCmd components for Joint [shoulder_lift_joint(Entity=103]). Ignoring JointVelocityCmd component.
[component_container-3] (2026-05-07 13:06:43.017) [warning] [Physics.cc:2467] Found both JointVelocityReset and JointVelocityCmd components for Joint [elbow_joint(Entity=104]). Ignoring JointVelocityCmd component.
[component_container-3] (2026-05-07 13:06:43.017) [warning] [Physics.cc:2467] Found both JointVelocityReset and JointVelocityCmd components for Joint [wrist_1_joint(Entity=105]). Ignoring JointVelocityCmd component.
[component_container-3] (2026-05-07 13:06:43.017) [warning] [Physics.cc:2467] Found both JointVelocityReset and JointVelocityCmd components for Joint [wrist_2_joint(Entity=106]). Ignoring JointVelocityCmd component.
[component_container-3] (2026-05-07 13:06:43.017) [warning] [Physics.cc:2467] Found both JointVelocityReset and JointVelocityCmd components for Joint [wrist_3_joint(Entity=107]). Ignoring JointVelocityCmd component.
[component_container-3] [INFO] [1778159203.017397112] [controller_manager]: Activating controllers: [ aic_controller ]
[component_container-3] [INFO] [1778159203.017475720] [controller_manager]: Requested controller switch from non-realtime loop
[component_container-3] [INFO] [1778159203.017573635] [controller_manager]: Activated controllers: [ aic_controller ]
[component_container-3] [INFO] [1778159203.017583814] [controller_manager]: Successfully switched controllers!
[component_container-3] (2026-05-07 13:06:43.096) [debug] [SdfEntityCreator.cc:547] Link has auto-inertial enabled: sc_port_1::sc_port_link
[component_container-3] (2026-05-07 13:06:43.096) [debug] [SdfEntityCreator.cc:549]   pose: 1.88554e-19 -0.00100271 0.000137321 0 0 0
[component_container-3] (2026-05-07 13:06:43.096) [debug] [SdfEntityCreator.cc:550]   mass: 0.04
[component_container-3] (2026-05-07 13:06:43.096) [debug] [SdfEntityCreator.cc:551]   ixx iyy izz: 1.86262e-06 5.50332e-06 6.55187e-06
[component_container-3] (2026-05-07 13:06:43.096) [debug] [SdfEntityCreator.cc:553]   ixy ixz iyz: -7.41324e-15 4.19415e-23 -5.5077e-09
[component_container-3] (2026-05-07 13:06:43.097) [debug] [SystemManager.cc:80] Loaded system [gz::sim::systems::PosePublisher] for entity [696]
[component_container-3] (2026-05-07 13:06:43.097) [debug] [SystemManager.cc:80] Loaded system [gz::sim::systems::TouchPlugin] for entity [733]
[component_container-3] (2026-05-07 13:06:43.097) [debug] [UserCommands.cc:1108] Created entity [696] named [task_board]
[component_container-3] (2026-05-07 13:06:43.100) [info] [Contact.cc:125] Contact system publishing on world/aic_world/model/task_board/model/sc_port_1/link/sc_port_link/sensor/sc_port_sensor/contact
[component_container-3] [INFO] [1778159203.100422061] [aic_controller]: Received service request to tare force torque sensor!
[component_container-3] [INFO] [1778159203.100442479] [aic_controller]: Successfully tared force torque sensor.
[component_container-3] [INFO] [1778159203.101348069] [gz_server]: InitializeCanonicalLinks
[component_container-3] (2026-05-07 13:06:43.102) [debug] [SimulationRunner.cc:600] Exiting postupdate worker thread (3)
[component_container-3] (2026-05-07 13:06:43.102) [debug] [SimulationRunner.cc:600] Exiting postupdate worker thread (2)
[component_container-3] (2026-05-07 13:06:43.102) [debug] [SimulationRunner.cc:600] Exiting postupdate worker thread (0)
[component_container-3] (2026-05-07 13:06:43.102) [debug] [SimulationRunner.cc:600] Exiting postupdate worker thread (1)
[component_container-3] (2026-05-07 13:06:43.102) [debug] [SimulationRunner.cc:600] Exiting postupdate worker thread (4)
[component_container-3] (2026-05-07 13:06:43.102) [debug] [SimulationRunner.cc:573] Creating PostUpdate worker threads: 8
[component_container-3] (2026-05-07 13:06:43.102) [debug] [SimulationRunner.cc:584] Creating postupdate worker thread (0)
[component_container-3] (2026-05-07 13:06:43.102) [debug] [SimulationRunner.cc:584] Creating postupdate worker thread (1)
[component_container-3] (2026-05-07 13:06:43.102) [debug] [SimulationRunner.cc:584] Creating postupdate worker thread (2)
[component_container-3] (2026-05-07 13:06:43.102) [debug] [SimulationRunner.cc:584] Creating postupdate worker thread (3)
[component_container-3] (2026-05-07 13:06:43.102) [debug] [SimulationRunner.cc:584] Creating postupdate worker thread (4)
[component_container-3] (2026-05-07 13:06:43.102) [debug] [SimulationRunner.cc:584] Creating postupdate worker thread (5)
[component_container-3] (2026-05-07 13:06:43.102) [debug] [SimulationRunner.cc:584] Creating postupdate worker thread (6)
[component_container-3] (2026-05-07 13:06:43.102) [debug] [TouchPlugin.cc:267] Started touch plugin [sc_port_1/sc_port_base]
[component_container-3] (2026-05-07 13:06:43.246) [debug] [SdfEntityCreator.cc:547] Link has auto-inertial enabled: cable_1::sc_plug_link
[component_container-3] (2026-05-07 13:06:43.246) [debug] [SdfEntityCreator.cc:549]   pose: -0.00907511 4.9566e-05 8.71699e-06 0 0 0
[component_container-3] (2026-05-07 13:06:43.246) [debug] [SdfEntityCreator.cc:550]   mass: 0.04
[component_container-3] (2026-05-07 13:06:43.246) [debug] [SdfEntityCreator.cc:551]   ixx iyy izz: 2.12257e-06 7.17318e-06 8.85404e-06
[component_container-3] (2026-05-07 13:06:43.246) [debug] [SdfEntityCreator.cc:553]   ixy ixz iyz: 1.24369e-08 -3.73363e-09 1.72827e-11
[component_container-3] (2026-05-07 13:06:43.246) [debug] [SdfEntityCreator.cc:547] Link has auto-inertial enabled: cable_1::lc_plug_link
[component_container-3] (2026-05-07 13:06:43.246) [debug] [SdfEntityCreator.cc:549]   pose: 0 -0.00428702 8.58528e-05 0 0 0
[component_container-3] (2026-05-07 13:06:43.246) [debug] [SdfEntityCreator.cc:550]   mass: 0.01
[component_container-3] (2026-05-07 13:06:43.246) [debug] [SdfEntityCreator.cc:551]   ixx iyy izz: 1.73585e-06 1.30886e-07 1.82579e-06
[component_container-3] (2026-05-07 13:06:43.246) [debug] [SdfEntityCreator.cc:553]   ixy ixz iyz: -3.13192e-14 3.63653e-15 -5.82954e-09
[component_container-3] (2026-05-07 13:06:43.246) [debug] [SdfEntityCreator.cc:547] Link has auto-inertial enabled: cable_1::sfp_module_link
[component_container-3] (2026-05-07 13:06:43.246) [debug] [SdfEntityCreator.cc:549]   pose: 0.000140388 0.0140944 0.000755794 0 0 0
[component_container-3] (2026-05-07 13:06:43.246) [debug] [SdfEntityCreator.cc:550]   mass: 0.02
[component_container-3] (2026-05-07 13:06:43.246) [debug] [SdfEntityCreator.cc:551]   ixx iyy izz: 3.52972e-06 5.95336e-07 3.76244e-06
[component_container-3] (2026-05-07 13:06:43.246) [debug] [SdfEntityCreator.cc:553]   ixy ixz iyz: 3.87677e-08 3.1005e-09 9.04204e-09
[component_container-3] (2026-05-07 13:06:43.247) [debug] [CablePlugin.cc:86] aic_gazebo::CablePlugin::Configure on entity: 756
[component_container-3] (2026-05-07 13:06:43.248) [info] [CablePlugin.cc:150] Cable transitioning to HARNESS state.
[component_container-3] (2026-05-07 13:06:43.248) [debug] [SystemManager.cc:80] Loaded system [aic_gazebo::CablePlugin] for entity [756]
[component_container-3] (2026-05-07 13:06:43.248) [debug] [SystemManager.cc:80] Loaded system [gz::sim::systems::PosePublisher] for entity [756]
[component_container-3] (2026-05-07 13:06:43.248) [debug] [UserCommands.cc:1108] Created entity [756] named [cable_1]
[component_container-3] [INFO] [1778159203.254675310] [gz_server]: InitializeCanonicalLinks
[component_container-3] (2026-05-07 13:06:43.256) [debug] [SimulationRunner.cc:600] Exiting postupdate worker thread (3)
[component_container-3] (2026-05-07 13:06:43.256) [debug] [SimulationRunner.cc:600] Exiting postupdate worker thread (6)
[component_container-3] (2026-05-07 13:06:43.256) [debug] [SimulationRunner.cc:600] Exiting postupdate worker thread (0)
[component_container-3] (2026-05-07 13:06:43.256) [debug] [SimulationRunner.cc:600] Exiting postupdate worker thread (2)
[component_container-3] (2026-05-07 13:06:43.256) [debug] [SimulationRunner.cc:600] Exiting postupdate worker thread (5)
[component_container-3] (2026-05-07 13:06:43.256) [debug] [SimulationRunner.cc:600] Exiting postupdate worker thread (4)
[component_container-3] (2026-05-07 13:06:43.256) [debug] [SimulationRunner.cc:600] Exiting postupdate worker thread (1)
[component_container-3] (2026-05-07 13:06:43.256) [debug] [SimulationRunner.cc:573] Creating PostUpdate worker threads: 10
[component_container-3] (2026-05-07 13:06:43.256) [debug] [SimulationRunner.cc:584] Creating postupdate worker thread (0)
[component_container-3] (2026-05-07 13:06:43.256) [debug] [SimulationRunner.cc:584] Creating postupdate worker thread (1)
[component_container-3] (2026-05-07 13:06:43.256) [debug] [SimulationRunner.cc:584] Creating postupdate worker thread (2)
[component_container-3] (2026-05-07 13:06:43.256) [debug] [SimulationRunner.cc:584] Creating postupdate worker thread (3)
[component_container-3] (2026-05-07 13:06:43.256) [debug] [SimulationRunner.cc:584] Creating postupdate worker thread (4)
[component_container-3] (2026-05-07 13:06:43.256) [debug] [SimulationRunner.cc:584] Creating postupdate worker thread (5)
[component_container-3] (2026-05-07 13:06:43.256) [debug] [SimulationRunner.cc:584] Creating postupdate worker thread (6)
[component_container-3] (2026-05-07 13:06:43.256) [debug] [SimulationRunner.cc:584] Creating postupdate worker thread (7)
[component_container-3] (2026-05-07 13:06:43.256) [debug] [SimulationRunner.cc:584] Creating postupdate worker thread (8)
[component_container-3] (2026-05-07 13:06:43.257) [info] [CablePlugin.cc:201] Cable transitioning to WAITING state.
[component_container-3] (2026-05-07 13:06:43.257) [info] [CablePlugin.cc:213] Cable transitioning to CREATE_CONNECTIONS state.
[component_container-3] (2026-05-07 13:06:43.257) [debug] [Physics.cc:2015] Creating detachable joint [954]
[component_container-3] (2026-05-07 13:06:43.257) [debug] [Physics.cc:2015] Creating detachable joint [957]
[component_container-3] (2026-05-07 13:06:43.257) [debug] [Physics.cc:2136] Detaching joint [954]
[component_container-3] (2026-05-07 13:06:43.257) [debug] [Physics.cc:2136] Detaching joint [957]
[component_container-3] (2026-05-07 13:06:43.258) [info] [CablePlugin.cc:247] Cable transitioning to CABLE_ATTACHED_TO_GRIPPER state.
[component_container-3] (2026-05-07 13:06:43.258) [debug] [Physics.cc:2015] Creating detachable joint [958]
[component_container-3] [INFO] [1778159203.279714708] [gz_server]: InitializeCanonicalLinks
[component_container-3] (2026-05-07 13:06:58.366) [debug] [TouchPlugin.cc:352] Model [sc_port_1] started touching [sc_plug] at 75.008 s
[component_container-3] (2026-05-07 13:06:59.368) [debug] [TouchPlugin.cc:366] Model [sc_port_1] touched [sc_plug] exclusively for 1 s
[component_container-3] (2026-05-07 13:06:59.368) [debug] [TouchPlugin.cc:273] Stopped touch plugin [sc_port_1/sc_port_base]
[component_container-3] (2026-05-07 13:06:59.368) [debug] [CablePlugin.cc:271] Cable connection 0 touched: 1. Topic: /sc_port_1/sc_port_base/touched
[component_container-3] (2026-05-07 13:06:59.369) [info] [CablePlugin.cc:281] Cable transitioning to ATTACH_CABLE_TO_PORT state.
[component_container-3] (2026-05-07 13:06:59.370) [debug] [Physics.cc:2136] Detaching joint [958]
[component_container-3] (2026-05-07 13:06:59.371) [info] [CablePlugin.cc:326] Cable transitioning to COMPLETED state.
[component_container-3] (2026-05-07 13:06:59.371) [debug] [Physics.cc:2015] Creating detachable joint [959]
[component_container-3] (2026-05-07 13:06:59.371) [debug] [Physics.cc:2015] Creating detachable joint [960]
[component_container-3] (2026-05-07 13:06:59.371) [debug] [Physics.cc:2015] Creating detachable joint [963]
[component_container-3] [INFO] [1778159219.372670936] [gz_server]: InitializeCanonicalLinks
[component_container-3] (2026-05-07 13:07:06.069) [debug] [UserCommands.cc:1158] Requesting removal of entity [696]
[component_container-3] (2026-05-07 13:07:06.077) [debug] [SimulationRunner.cc:600] Exiting postupdate worker thread (8)
[component_container-3] (2026-05-07 13:07:06.077) [debug] [SimulationRunner.cc:600] Exiting postupdate worker thread (5)
[component_container-3] (2026-05-07 13:07:06.077) [debug] [SimulationRunner.cc:600] Exiting postupdate worker thread (6)
[component_container-3] (2026-05-07 13:07:06.077) [debug] [SimulationRunner.cc:600] Exiting postupdate worker thread (0)
[component_container-3] (2026-05-07 13:07:06.077) [debug] [SimulationRunner.cc:600] Exiting postupdate worker thread (4)
[component_container-3] (2026-05-07 13:07:06.077) [debug] [SimulationRunner.cc:600] Exiting postupdate worker thread (2)
[component_container-3] (2026-05-07 13:07:06.077) [debug] [SimulationRunner.cc:600] Exiting postupdate worker thread (3)
[component_container-3] (2026-05-07 13:07:06.077) [debug] [SimulationRunner.cc:600] Exiting postupdate worker thread (7)
[component_container-3] (2026-05-07 13:07:06.077) [debug] [SimulationRunner.cc:600] Exiting postupdate worker thread (1)
[component_container-3] (2026-05-07 13:07:06.077) [debug] [SimulationRunner.cc:573] Creating PostUpdate worker threads: 8
[component_container-3] (2026-05-07 13:07:06.077) [debug] [SimulationRunner.cc:584] Creating postupdate worker thread (0)
[component_container-3] (2026-05-07 13:07:06.077) [debug] [SimulationRunner.cc:584] Creating postupdate worker thread (1)
[component_container-3] (2026-05-07 13:07:06.077) [debug] [SimulationRunner.cc:584] Creating postupdate worker thread (2)
[component_container-3] (2026-05-07 13:07:06.077) [debug] [SimulationRunner.cc:584] Creating postupdate worker thread (3)
[component_container-3] (2026-05-07 13:07:06.077) [debug] [SimulationRunner.cc:584] Creating postupdate worker thread (4)
[component_container-3] (2026-05-07 13:07:06.078) [debug] [SimulationRunner.cc:584] Creating postupdate worker thread (5)
[component_container-3] (2026-05-07 13:07:06.078) [debug] [SimulationRunner.cc:584] Creating postupdate worker thread (6)
[component_container-3] (2026-05-07 13:07:06.078) [debug] [UserCommands.cc:1158] Requesting removal of entity [756]
[component_container-3] (2026-05-07 13:07:06.078) [info] [CablePlugin.cc:162] Cable transitioning to CABLE_REMOVED state.
[component_container-3] [INFO] [1778159226.078989932] [controller_manager]: Deactivating controllers: [ aic_controller ]
[component_container-3] [INFO] [1778159226.079059083] [controller_manager]: Requested controller switch from non-realtime loop
[component_container-3] [INFO] [1778159226.079129626] [controller_manager]: Deactivated controllers: [ aic_controller ]
[component_container-3] [INFO] [1778159226.079134214] [controller_manager]: Successfully switched controllers!
[component_container-3] (2026-05-07 13:07:06.079) [debug] [Physics.cc:2136] Detaching joint [959]
[component_container-3] (2026-05-07 13:07:06.079) [debug] [Physics.cc:2136] Detaching joint [960]
[component_container-3] (2026-05-07 13:07:06.079) [debug] [Physics.cc:2136] Detaching joint [963]
[component_container-3] (2026-05-07 13:07:06.081) [info] [ResetJointsPlugin.cc:105] Received reset request for joint: shoulder_pan_joint
[component_container-3] (2026-05-07 13:07:06.081) [info] [ResetJointsPlugin.cc:105] Received reset request for joint: shoulder_lift_joint
[component_container-3] (2026-05-07 13:07:06.081) [info] [ResetJointsPlugin.cc:105] Received reset request for joint: elbow_joint
[component_container-3] (2026-05-07 13:07:06.081) [info] [ResetJointsPlugin.cc:105] Received reset request for joint: wrist_1_joint
[component_container-3] (2026-05-07 13:07:06.081) [info] [ResetJointsPlugin.cc:105] Received reset request for joint: wrist_2_joint
[component_container-3] (2026-05-07 13:07:06.081) [info] [ResetJointsPlugin.cc:105] Received reset request for joint: wrist_3_joint
[component_container-3] (2026-05-07 13:07:06.107) [debug] [SimulationRunner.cc:600] Exiting postupdate worker thread (6)
[component_container-3] (2026-05-07 13:07:06.107) [debug] [SimulationRunner.cc:600] Exiting postupdate worker thread (3)
[component_container-3] (2026-05-07 13:07:06.107) [debug] [SimulationRunner.cc:600] Exiting postupdate worker thread (0)
[component_container-3] (2026-05-07 13:07:06.107) [debug] [SimulationRunner.cc:600] Exiting postupdate worker thread (2)
[component_container-3] (2026-05-07 13:07:06.107) [debug] [SimulationRunner.cc:600] Exiting postupdate worker thread (5)
[component_container-3] (2026-05-07 13:07:06.107) [debug] [SimulationRunner.cc:600] Exiting postupdate worker thread (4)
[component_container-3] (2026-05-07 13:07:06.107) [debug] [SimulationRunner.cc:600] Exiting postupdate worker thread (1)
[component_container-3] (2026-05-07 13:07:06.107) [debug] [SimulationRunner.cc:573] Creating PostUpdate worker threads: 6
[component_container-3] (2026-05-07 13:07:06.107) [debug] [SimulationRunner.cc:584] Creating postupdate worker thread (0)
[component_container-3] (2026-05-07 13:07:06.107) [debug] [SimulationRunner.cc:584] Creating postupdate worker thread (1)
[component_container-3] (2026-05-07 13:07:06.107) [debug] [SimulationRunner.cc:584] Creating postupdate worker thread (2)
[component_container-3] (2026-05-07 13:07:06.107) [debug] [SimulationRunner.cc:584] Creating postupdate worker thread (3)
[component_container-3] (2026-05-07 13:07:06.107) [debug] [SimulationRunner.cc:584] Creating postupdate worker thread (4)
[component_container-3] (2026-05-07 13:07:06.393) [info] [ResetJointsPlugin.cc:149] Joint wrist_3_joint reset to initial position: 1.411
[component_container-3] (2026-05-07 13:07:06.393) [info] [ResetJointsPlugin.cc:149] Joint wrist_2_joint reset to initial position: 1.571
[component_container-3] (2026-05-07 13:07:06.393) [info] [ResetJointsPlugin.cc:149] Joint wrist_1_joint reset to initial position: -1.6933
[component_container-3] (2026-05-07 13:07:06.393) [info] [ResetJointsPlugin.cc:149] Joint elbow_joint reset to initial position: -1.6648
[component_container-3] (2026-05-07 13:07:06.393) [info] [ResetJointsPlugin.cc:149] Joint shoulder_lift_joint reset to initial position: -1.3542
[component_container-3] (2026-05-07 13:07:06.393) [info] [ResetJointsPlugin.cc:149] Joint shoulder_pan_joint reset to initial position: -0.1597
[component_container-3] (2026-05-07 13:07:06.393) [warning] [Physics.cc:2467] Found both JointVelocityReset and JointVelocityCmd components for Joint [shoulder_pan_joint(Entity=102]). Ignoring JointVelocityCmd component.
[component_container-3] (2026-05-07 13:07:06.393) [warning] [Physics.cc:2467] Found both JointVelocityReset and JointVelocityCmd components for Joint [shoulder_lift_joint(Entity=103]). Ignoring JointVelocityCmd component.
[component_container-3] (2026-05-07 13:07:06.393) [warning] [Physics.cc:2467] Found both JointVelocityReset and JointVelocityCmd components for Joint [elbow_joint(Entity=104]). Ignoring JointVelocityCmd component.
[component_container-3] (2026-05-07 13:07:06.393) [warning] [Physics.cc:2467] Found both JointVelocityReset and JointVelocityCmd components for Joint [wrist_1_joint(Entity=105]). Ignoring JointVelocityCmd component.
[component_container-3] (2026-05-07 13:07:06.393) [warning] [Physics.cc:2467] Found both JointVelocityReset and JointVelocityCmd components for Joint [wrist_2_joint(Entity=106]). Ignoring JointVelocityCmd component.
[component_container-3] (2026-05-07 13:07:06.393) [warning] [Physics.cc:2467] Found both JointVelocityReset and JointVelocityCmd components for Joint [wrist_3_joint(Entity=107]). Ignoring JointVelocityCmd component.
[component_container-3] [INFO] [1778159226.393821364] [controller_manager]: Activating controllers: [ aic_controller ]
[component_container-3] [INFO] [1778159226.393902036] [controller_manager]: Requested controller switch from non-realtime loop
[component_container-3] [INFO] [1778159226.393978139] [controller_manager]: Activated controllers: [ aic_controller ]
[component_container-3] [INFO] [1778159226.393981195] [controller_manager]: Successfully switched controllers!
