ZENOH_CONFIG_OVERRIDE_ROUTER=mode="router";listen/endpoints=["tcp/[::]:7447"];connect/endpoints=[];routing/router/peers_failover_brokering=true;transport/shared_memory/enabled=false
ZENOH_CONFIG_OVERRIDE_PEER=;transport/shared_memory/enabled=false
[2m2026-04-05T12:05:00.887462Z[0m [32m INFO[0m ThreadId(02) [2mzenoh::net::runtime[0m[2m:[0m Using ZID: 15832aa5cfd87d572d88e7c3da9f30d9
[2m2026-04-05T12:05:00.887487Z[0m [33m WARN[0m ThreadId(02) [2mzenoh::net::routing::interceptor::authorization[0m[2m:[0m Rule 'deny_rule' flows list is not set. Setting it to both Ingress and Egress
[2m2026-04-05T12:05:00.887843Z[0m [32m INFO[0m ThreadId(02) [2mzenoh::net::runtime::orchestrator[0m[2m:[0m Zenoh can be reached at: tcp/[fd7a:115c:a1e0::ef01:8616]:7447
[2m2026-04-05T12:05:00.887847Z[0m [32m INFO[0m ThreadId(02) [2mzenoh::net::runtime::orchestrator[0m[2m:[0m Zenoh can be reached at: tcp/100.72.134.15:7447
[2m2026-04-05T12:05:00.887848Z[0m [32m INFO[0m ThreadId(02) [2mzenoh::net::runtime::orchestrator[0m[2m:[0m Zenoh can be reached at: tcp/[fe80::9df:42b2:b8a7:2ac4]:7447
[2m2026-04-05T12:05:00.887848Z[0m [32m INFO[0m ThreadId(02) [2mzenoh::net::runtime::orchestrator[0m[2m:[0m Zenoh can be reached at: tcp/172.30.1.38:7447
[INFO] [launch]: All log files can be found below /home/weed/.ros/log/2026-04-05-21-05-00-933301-aic_eval.weed-System-Product-Name-979860
[INFO] [launch]: Default logging verbosity is set to INFO
[2m2026-04-05T12:05:01.184237Z[0m [32m INFO[0m acc-0 ThreadId(04) [2mzenoh::net::routing::interceptor::access_control[0m[2m:[0m 79357017c526c59e02e647e38d3d21b9 did not match any configured ACL subject. Default permission `Allow` will be applied on all messages
[INFO] [robot_state_publisher-1]: process started with pid [979957]
[INFO] [aic_adapter-2]: process started with pid [979958]
[INFO] [component_container-3]: process started with pid [979959]
[INFO] [gz-4]: process started with pid [979960]
[INFO] [create-5]: process started with pid [979961]
[INFO] [relay-6]: process started with pid [979962]
[INFO] [static_transform_publisher-7]: process started with pid [979963]
[2m2026-04-05T12:05:01.285443Z[0m [32m INFO[0m acc-0 ThreadId(04) [2mzenoh::net::routing::interceptor::access_control[0m[2m:[0m 59408e80c4781ca97fef17681af4ff9f did not match any configured ACL subject. Default permission `Allow` will be applied on all messages
[2m2026-04-05T12:05:01.285529Z[0m [32m INFO[0m acc-0 ThreadId(04) [2mzenoh::net::routing::interceptor::access_control[0m[2m:[0m 646de438038d27725353bd4ecdd4819e did not match any configured ACL subject. Default permission `Allow` will be applied on all messages
[2m2026-04-05T12:05:01.285565Z[0m [32m INFO[0m acc-0 ThreadId(04) [2mzenoh::net::routing::interceptor::access_control[0m[2m:[0m db0b1ba0a46c700cdbfb1a8e9c2522c9 did not match any configured ACL subject. Default permission `Allow` will be applied on all messages
[2m2026-04-05T12:05:01.285959Z[0m [32m INFO[0m acc-0 ThreadId(04) [2mzenoh::net::routing::interceptor::access_control[0m[2m:[0m a132d6096b89f1dab8acd38480642bce did not match any configured ACL subject. Default permission `Allow` will be applied on all messages
[2m2026-04-05T12:05:01.286302Z[0m [32m INFO[0m acc-0 ThreadId(04) [2mzenoh::net::routing::interceptor::access_control[0m[2m:[0m 520822c57a1b47c8cb5d86fde86cce0f did not match any configured ACL subject. Default permission `Allow` will be applied on all messages
[2m2026-04-05T12:05:01.291400Z[0m [32m INFO[0m acc-0 ThreadId(04) [2mzenoh::net::routing::interceptor::access_control[0m[2m:[0m 12ad117bd93a9976cb72e9f108886d5b did not match any configured ACL subject. Default permission `Allow` will be applied on all messages
[robot_state_publisher-1] [INFO] [1775390701.293025752] [robot_state_publisher]: Robot initialized
[static_transform_publisher-7] [INFO] [1775390701.293124005] [ground_truth_static_tf_publisher]: Spinning until stopped - publishing transform
[static_transform_publisher-7] translation: ('0.000000', '0.000000', '0.000000')
[static_transform_publisher-7] rotation: ('0.000000', '0.000000', '0.000000', '1.000000')
[static_transform_publisher-7] from 'world' to 'aic_world'
[aic_adapter-2] [INFO] [1775390701.294934766] [aic_adapter_node]: Adapter node initialization complete.
[create-5] [INFO] [1775390701.298162933] [ros_gz_sim]: Requesting list of world names.
[gz-4] qt.qpa.xcb: could not connect to display 
[gz-4] qt.qpa.plugin: Could not load the Qt platform plugin "xcb" in "" even though it was found.
[gz-4] This application failed to start because no Qt platform plugin could be initialized. Reinstalling the application may fix this problem.
[gz-4] 
[gz-4] Available platform plugins are: eglfs, linuxfb, minimal, minimalegl, offscreen, vnc, wayland-egl, wayland, wayland-xcomposite-egl, wayland-xcomposite-glx, xcb.
[gz-4] 
[gz-4] Stack trace (most recent call last):
[gz-4] #29   Object "[0xffffffffffffffff]", at 0xffffffffffffffff, in 
[gz-4] #28   Object "gz sim -g", at 0x55ddf7e8b1d4, in _start
[gz-4] #27   Object "/lib/x86_64-linux-gnu/libc.so.6", at 0x7f2335d5928a, in __libc_start_main
[gz-4] #26   Object "/lib/x86_64-linux-gnu/libc.so.6", at 0x7f2335d591c9, in 
[gz-4] #25   Object "gz sim -g", at 0x55ddf7e8b186, in 
[gz-4] #24   Object "/lib/x86_64-linux-gnu/libruby-3.2.so.3.2", at 0x7f23361bf152, in ruby_run_node
[gz-4] #23   Object "/lib/x86_64-linux-gnu/libruby-3.2.so.3.2", at 0x7f23361bae2b, in 
[gz-4] #22   Object "/lib/x86_64-linux-gnu/libruby-3.2.so.3.2", at 0x7f233635db49, in rb_vm_exec
[gz-4] #21   Object "/lib/x86_64-linux-gnu/libruby-3.2.so.3.2", at 0x7f233635a62b, in 
[gz-4] #20   Object "/lib/x86_64-linux-gnu/libruby-3.2.so.3.2", at 0x7f233635613e, in 
[gz-4] #19   Object "/lib/x86_64-linux-gnu/libruby-3.2.so.3.2", at 0x7f233635392f, in 
[gz-4] #18   Object "/usr/lib/x86_64-linux-gnu/ruby/3.2.0/fiddle.so", at 0x7f2335477b13, in 
[gz-4] #17   Object "/lib/x86_64-linux-gnu/libruby-3.2.so.3.2", at 0x7f233631c37b, in rb_nogvl
[gz-4] #16   Object "/usr/lib/x86_64-linux-gnu/ruby/3.2.0/fiddle.so", at 0x7f233547743b, in 
[gz-4] #15   Object "/lib/x86_64-linux-gnu/libffi.so.8", at 0x7f233540b0bd, in ffi_call
[gz-4] #14   Object "/lib/x86_64-linux-gnu/libffi.so.8", at 0x7f23354083ee, in 
[gz-4] #13   Object "/lib/x86_64-linux-gnu/libffi.so.8", at 0x7f233540bb15, in 
[gz-4] #12   Object "/ws_aic/install/lib/libgz-sim9-gz.so.9.5.0", at 0x7f2330413a65, in runGui
[gz-4] #11   Object "/ws_aic/install/lib/libgz-sim9-gui.so.9", at 0x7f2330246c8c, in gz::sim::v9::gui::runGui(int&, char**, char const*, char const*, int, char const*, char const*)
[gz-4] #10   Object "/ws_aic/install/lib/libgz-sim9-gui.so.9", at 0x7f2330243970, in gz::sim::v9::gui::createGui(int&, char**, char const*, char const*, bool, char const*, int, char const*, char const*)
[gz-4] #9    Object "/ws_aic/install/lib/libgz-gui9.so.9", at 0x7f232ee1866b, in gz::gui::Application::Application(int&, char**, gz::gui::WindowType, char const*)
[gz-4] #8    Object "/lib/x86_64-linux-gnu/libQt5Widgets.so.5", at 0x7f232de9b5b4, in QApplicationPrivate::init()
[gz-4] #7    Object "/lib/x86_64-linux-gnu/libQt5Gui.so.5", at 0x7f232d771b9e, in QGuiApplicationPrivate::init()
[gz-4] #6    Object "/lib/x86_64-linux-gnu/libQt5Core.so.5", at 0x7f232f178ff4, in QCoreApplicationPrivate::init()
[gz-4] #5    Object "/lib/x86_64-linux-gnu/libQt5Gui.so.5", at 0x7f232d76ec1f, in QGuiApplicationPrivate::createEventDispatcher()
[gz-4] #4    Object "/lib/x86_64-linux-gnu/libQt5Gui.so.5", at 0x7f232d76e6dc, in QGuiApplicationPrivate::createPlatformIntegration()
[gz-4] #3    Object "/lib/x86_64-linux-gnu/libQt5Core.so.5", at 0x7f232ef2b103, in QMessageLogger::fatal(char const*, ...) const
[gz-4] #2    Object "/lib/x86_64-linux-gnu/libc.so.6", at 0x7f2335d578fe, in abort
[gz-4] #1    Object "/lib/x86_64-linux-gnu/libc.so.6", at 0x7f2335d7427d, in gsignal
[gz-4] #0    Object "/lib/x86_64-linux-gnu/libc.so.6", at 0x7f2335dcdb2c, in pthread_kill
[gz-4] Aborted (Signal sent by tkill() 979960 0)
Started Zenoh router with id 15832aa5cfd87d572d88e7c3da9f30d9
[component_container-3] [INFO] [1775390701.445794803] [ros_gz_container]: Load Library: /ws_aic/install/lib/libgzserver_component.so
[component_container-3] [INFO] [1775390701.462366783] [ros_gz_container]: Found class: rclcpp_components::NodeFactoryTemplate<ros_gz_sim::GzServer>
[component_container-3] [INFO] [1775390701.462408922] [ros_gz_container]: Instantiate class: rclcpp_components::NodeFactoryTemplate<ros_gz_sim::GzServer>
[INFO] [launch_ros.actions.load_composable_nodes]: Loaded node '/gz_server' in container '/ros_gz_container'
[component_container-3] [INFO] [1775390701.463849261] [ros_gz_container]: Load Library: /ws_aic/install/lib/libros_gz_bridge.so
[component_container-3] [INFO] [1775390701.479854933] [ros_gz_container]: Found class: rclcpp_components::NodeFactoryTemplate<ros_gz_bridge::RosGzBridge>
[component_container-3] [INFO] [1775390701.479872606] [ros_gz_container]: Instantiate class: rclcpp_components::NodeFactoryTemplate<ros_gz_bridge::RosGzBridge>
[ERROR] [gz-4]: process has died [pid 979960, exit code -6, cmd 'gz sim -g'].
[INFO] [launch_ros.actions.load_composable_nodes]: Loaded node '/ros_gz_bridge' in container 'ros_gz_container'
[component_container-3] (2026-04-05 21:05:01.501) [info] [ServerPrivate.cc:664] Loading SDF world file[/ws_aic/install/share/aic_description/world/aic.sdf].
[component_container-3] [INFO] [1775390702.490501310] [ros_gz_bridge]: Creating GZ->ROS Bridge: [/clock (gz.msgs.Clock) -> /clock (rosgraph_msgs/msg/Clock)] (Lazy 0)
[component_container-3] [INFO] [1775390702.491156854] [ros_gz_bridge]: Creating GZ->ROS Bridge: [/left_camera/image (gz.msgs.Image) -> /left_camera/image (sensor_msgs/msg/Image)] (Lazy 1)
[component_container-3] [INFO] [1775390702.491705449] [ros_gz_bridge]: Creating GZ->ROS Bridge: [/center_camera/image (gz.msgs.Image) -> /center_camera/image (sensor_msgs/msg/Image)] (Lazy 1)
[component_container-3] [INFO] [1775390702.491801418] [ros_gz_bridge]: Creating GZ->ROS Bridge: [/right_camera/image (gz.msgs.Image) -> /right_camera/image (sensor_msgs/msg/Image)] (Lazy 1)
[component_container-3] [INFO] [1775390702.491882349] [ros_gz_bridge]: Creating GZ->ROS Bridge: [/left_camera/camera_info (gz.msgs.CameraInfo) -> /left_camera/camera_info (sensor_msgs/msg/CameraInfo)] (Lazy 1)
[component_container-3] [INFO] [1775390702.492010919] [ros_gz_bridge]: Creating GZ->ROS Bridge: [/center_camera/camera_info (gz.msgs.CameraInfo) -> /center_camera/camera_info (sensor_msgs/msg/CameraInfo)] (Lazy 1)
[component_container-3] [INFO] [1775390702.492100897] [ros_gz_bridge]: Creating GZ->ROS Bridge: [/right_camera/camera_info (gz.msgs.CameraInfo) -> /right_camera/camera_info (sensor_msgs/msg/CameraInfo)] (Lazy 1)
[component_container-3] [INFO] [1775390702.492175246] [ros_gz_bridge]: Creating GZ->ROS Bridge: [/aic/gazebo/contacts/off_limit (gz.msgs.Contacts) -> /aic/gazebo/contacts/off_limit (ros_gz_interfaces/msg/Contacts)] (Lazy 1)
[component_container-3] [INFO] [1775390702.492552139] [ros_gz_bridge]: Creating GZ->ROS Bridge: [/cable_0/pose (gz.msgs.Pose_V) -> /scoring/tf (tf2_msgs/msg/TFMessage)] (Lazy 1)
[component_container-3] [INFO] [1775390702.492884229] [ros_gz_bridge]: Creating GZ->ROS Bridge: [/cable_1/pose (gz.msgs.Pose_V) -> /scoring/tf (tf2_msgs/msg/TFMessage)] (Lazy 1)
[component_container-3] [INFO] [1775390702.492991279] [ros_gz_bridge]: Creating GZ->ROS Bridge: [/cable_2/pose (gz.msgs.Pose_V) -> /scoring/tf (tf2_msgs/msg/TFMessage)] (Lazy 1)
[component_container-3] [INFO] [1775390702.493046001] [ros_gz_bridge]: Creating GZ->ROS Bridge: [/cable_3/pose (gz.msgs.Pose_V) -> /scoring/tf (tf2_msgs/msg/TFMessage)] (Lazy 1)
[component_container-3] [INFO] [1775390702.493099932] [ros_gz_bridge]: Creating GZ->ROS Bridge: [/cable_4/pose (gz.msgs.Pose_V) -> /scoring/tf (tf2_msgs/msg/TFMessage)] (Lazy 1)
[component_container-3] [INFO] [1775390702.493150366] [ros_gz_bridge]: Creating GZ->ROS Bridge: [/task_board/pose_static (gz.msgs.Pose_V) -> /scoring/tf (tf2_msgs/msg/TFMessage)] (Lazy 1)
[component_container-3] [INFO] [1775390702.493199728] [ros_gz_bridge]: Creating GZ->ROS Bridge: [/cable_0/insertion_event (gz.msgs.StringMsg) -> /scoring/insertion_event (std_msgs/msg/String)] (Lazy 1)
[component_container-3] [INFO] [1775390702.493326665] [ros_gz_bridge]: Creating GZ->ROS Bridge: [/cable_1/insertion_event (gz.msgs.StringMsg) -> /scoring/insertion_event (std_msgs/msg/String)] (Lazy 1)
[component_container-3] (2026-04-05 21:05:03.481) [info] [SystemManager.cc:54] Serving entity system service on [/entity/system/add]
[component_container-3] (2026-04-05 21:05:03.483) [info] [UserCommands.cc:752] Create service on [/world/aic_world/create_multiple] (async)
[component_container-3] (2026-04-05 21:05:03.483) [info] [UserCommands.cc:754] Create service on [/world/aic_world/create_multiple/blocking] (blocking)
[component_container-3] (2026-04-05 21:05:03.483) [info] [UserCommands.cc:752] Remove service on [/world/aic_world/remove] (async)
[component_container-3] (2026-04-05 21:05:03.483) [info] [UserCommands.cc:754] Remove service on [/world/aic_world/remove/blocking] (blocking)
[component_container-3] (2026-04-05 21:05:03.483) [info] [UserCommands.cc:752] Pose service on [/world/aic_world/set_pose] (async)
[component_container-3] (2026-04-05 21:05:03.483) [info] [UserCommands.cc:754] Pose service on [/world/aic_world/set_pose/blocking] (blocking)
[component_container-3] (2026-04-05 21:05:03.483) [info] [UserCommands.cc:752] Pose service on [/world/aic_world/set_pose_vector] (async)
[component_container-3] (2026-04-05 21:05:03.483) [info] [UserCommands.cc:754] Pose service on [/world/aic_world/set_pose_vector/blocking] (blocking)
[component_container-3] (2026-04-05 21:05:03.483) [info] [UserCommands.cc:752] Light configuration service on [/world/aic_world/light_config] (async)
[component_container-3] (2026-04-05 21:05:03.483) [info] [UserCommands.cc:754] Light configuration service on [/world/aic_world/light_config/blocking] (blocking)
[component_container-3] (2026-04-05 21:05:03.483) [info] [UserCommands.cc:752] Physics service on [/world/aic_world/set_physics] (async)
[component_container-3] (2026-04-05 21:05:03.483) [info] [UserCommands.cc:754] Physics service on [/world/aic_world/set_physics/blocking] (blocking)
[component_container-3] (2026-04-05 21:05:03.483) [info] [UserCommands.cc:752] SphericalCoordinates service on [/world/aic_world/set_spherical_coordinates] (async)
[component_container-3] (2026-04-05 21:05:03.483) [info] [UserCommands.cc:754] SphericalCoordinates service on [/world/aic_world/set_spherical_coordinates/blocking] (blocking)
[component_container-3] (2026-04-05 21:05:03.484) [info] [UserCommands.cc:752] Enable collision service on [/world/aic_world/enable_collision] (async)
[component_container-3] (2026-04-05 21:05:03.484) [info] [UserCommands.cc:754] Enable collision service on [/world/aic_world/enable_collision/blocking] (blocking)
[component_container-3] (2026-04-05 21:05:03.484) [info] [UserCommands.cc:752] Disable collision service on [/world/aic_world/disable_collision] (async)
[component_container-3] (2026-04-05 21:05:03.484) [info] [UserCommands.cc:754] Disable collision service on [/world/aic_world/disable_collision/blocking] (blocking)
[component_container-3] (2026-04-05 21:05:03.484) [info] [UserCommands.cc:752] Material service on [/world/aic_world/visual_config] (async)
[component_container-3] (2026-04-05 21:05:03.484) [info] [UserCommands.cc:754] Material service on [/world/aic_world/visual_config/blocking] (blocking)
[component_container-3] (2026-04-05 21:05:03.484) [info] [UserCommands.cc:752] Material service on [/world/aic_world/wheel_slip] (async)
[component_container-3] (2026-04-05 21:05:03.484) [info] [UserCommands.cc:754] Material service on [/world/aic_world/wheel_slip/blocking] (blocking)
[component_container-3] (2026-04-05 21:05:03.484) [debug] [SystemManager.cc:80] Loaded system [gz::sim::systems::UserCommands] for entity [1]
[component_container-3] (2026-04-05 21:05:03.501) [debug] [Physics.cc:967] Loaded [gz::physics::bullet_featherstone::Plugin] from library [/ws_aic/install/lib/gz-physics-8/engine-plugins/libgz-physics-bullet-featherstone-plugin.so]
[component_container-3] (2026-04-05 21:05:03.501) [debug] [SystemManager.cc:80] Loaded system [gz::sim::systems::Physics] for entity [1]
[component_container-3] (2026-04-05 21:05:03.503) [debug] [Sensors.cc:697] Configuring Sensors system
[component_container-3] (2026-04-05 21:05:03.503) [debug] [Sensors.cc:557] SensorsPrivate::Run
[component_container-3] (2026-04-05 21:05:03.503) [debug] [SystemManager.cc:80] Loaded system [gz::sim::systems::Sensors] for entity [1]
[component_container-3] (2026-04-05 21:05:03.503) [debug] [Sensors.cc:532] SensorsPrivate::RenderThread started
[component_container-3] (2026-04-05 21:05:03.503) [debug] [Sensors.cc:337] Waiting for init
[component_container-3] (2026-04-05 21:05:03.504) [debug] [ScoringPlugin.cc:45] aic_gazebo::ScoringPlugin::Configure on entity: 1
[component_container-3] (2026-04-05 21:05:03.504) [debug] [SystemManager.cc:80] Loaded system [aic_gazebo::ScoringPlugin] for entity [1]
[component_container-3] (2026-04-05 21:05:03.505) [debug] [WorldSdfGeneratorPlugin.cc:47] aic_gazebo::WorldSdfGeneratorPlugin::Configure
[component_container-3] (2026-04-05 21:05:03.505) [debug] [SystemManager.cc:80] Loaded system [aic_gazebo::WorldSdfGeneratorPlugin] for entity [1]
[component_container-3] (2026-04-05 21:05:03.505) [debug] [SystemManager.cc:80] Loaded system [gz::sim::systems::Contact] for entity [1]
[component_container-3] (2026-04-05 21:05:03.505) [info] [LevelManager.cc:646] Loaded level [default]
[component_container-3] (2026-04-05 21:05:03.506) [debug] [ServerConfig.cc:1025] Loading (3) plugins from file [/home/weed/.gz/sim/9/server.config]
[component_container-3] (2026-04-05 21:05:03.506) [debug] [SimulationRunner.cc:1696] Additional plugins to load:
[component_container-3] (2026-04-05 21:05:03.506) [debug] [SimulationRunner.cc:1699] gz::sim::systems::SceneBroadcaster gz-sim-scene-broadcaster-system
[component_container-3] (2026-04-05 21:05:03.506) [debug] [SystemManager.cc:80] Loaded system [gz::sim::systems::SceneBroadcaster] for entity [1]
[component_container-3] (2026-04-05 21:05:03.507) [info] [SimulationRunner.cc:275] Serving world controls on [/world/aic_world/control], [/world/aic_world/control/state] and [/world/aic_world/playback/control]
[component_container-3] (2026-04-05 21:05:03.507) [info] [SimulationRunner.cc:301] Serving GUI information on [/world/aic_world/gui/info]
[component_container-3] (2026-04-05 21:05:03.507) [info] [SimulationRunner.cc:304] World [aic_world] initialized with [2ms] physics profile.
[component_container-3] (2026-04-05 21:05:03.507) [info] [SimulationRunner.cc:311] Serving world SDF generation service on [/world/aic_world/generate_world_sdf]
[component_container-3] (2026-04-05 21:05:03.507) [info] [ServerPrivate.cc:344] Serving world names on [/gazebo/worlds]
[component_container-3] (2026-04-05 21:05:03.507) [info] [ServerPrivate.cc:357] Resource path add service on [/gazebo/resource_paths/add].
[component_container-3] (2026-04-05 21:05:03.507) [info] [ServerPrivate.cc:370] Resource path get service on [/gazebo/resource_paths/get].
[component_container-3] (2026-04-05 21:05:03.507) [info] [ServerPrivate.cc:385] Resource path resolve service on [/gazebo/resource_paths/resolve].
[component_container-3] (2026-04-05 21:05:03.507) [info] [ServerPrivate.cc:399] Resource paths published on [/gazebo/resource_paths].
[component_container-3] (2026-04-05 21:05:03.507) [info] [ServerPrivate.cc:412] Server control service on [/server_control].
[component_container-3] (2026-04-05 21:05:03.607) [info] [SimulationRunner.cc:769] Found no publishers on /stats, adding root stats topic
[component_container-3] (2026-04-05 21:05:03.607) [info] [SimulationRunner.cc:803] Found no publishers on /clock, adding root clock topic
[component_container-3] (2026-04-05 21:05:03.607) [debug] [SimulationRunner.cc:573] Creating PostUpdate worker threads: 5
[component_container-3] (2026-04-05 21:05:03.607) [debug] [SimulationRunner.cc:584] Creating postupdate worker thread (0)
[component_container-3] (2026-04-05 21:05:03.607) [debug] [SimulationRunner.cc:584] Creating postupdate worker thread (1)
[component_container-3] (2026-04-05 21:05:03.607) [debug] [SimulationRunner.cc:584] Creating postupdate worker thread (2)
[component_container-3] (2026-04-05 21:05:03.607) [debug] [SimulationRunner.cc:584] Creating postupdate worker thread (3)
[create-5] [INFO] [1775390703.607935528] [ros_gz_sim]: Entity creation successful.
[INFO] [create-5]: process has finished cleanly [pid 979961]
[INFO] [spawner-8]: process started with pid [980103]
[INFO] [spawner-9]: process started with pid [980104]
[component_container-3] [1;33mWarning [Utils.cc:119][0m [/sdf/model[@name="ur"]/link[@name="center_camera/sensor_link"]/sensor[@name="center_camera"]/camera[@name="center_camera"]/optical_frame_id]: SDF Element[optical_frame_id] is deprecated
[component_container-3] [1;33mWarning [Utils.cc:119][0m [/sdf/model[@name="ur"]/link[@name="left_camera/sensor_link"]/sensor[@name="left_camera"]/camera[@name="left_camera"]/optical_frame_id]: SDF Element[optical_frame_id] is deprecated
[component_container-3] [1;33mWarning [Utils.cc:119][0m [/sdf/model[@name="ur"]/link[@name="right_camera/sensor_link"]/sensor[@name="right_camera"]/camera[@name="right_camera"]/optical_frame_id]: SDF Element[optical_frame_id] is deprecated
[component_container-3] [WARN] [1775390703.661578320] [rcl.logging_rosout]: Publisher already registered for node name: 'ros_gz_container'. If this is due to multiple nodes with the same name then all logs for the logger named 'ros_gz_container' will go out over the existing publisher. As soon as any node with that name is destructed it will unregister the publisher, preventing any further logs for that name from being published on the rosout topic.
[component_container-3] [INFO] [1775390703.662329843] [ros_gz_container]: [gz_ros2_control] Fixed joint [tabletop_joint] (Entity=101)] is skipped
[component_container-3] [INFO] [1775390703.662350472] [ros_gz_container]: [gz_ros2_control] Fixed joint [center_camera/attach_sensor_link] (Entity=108)] is skipped
[component_container-3] [INFO] [1775390703.662372744] [ros_gz_container]: [gz_ros2_control] Fixed joint [center_camera/attach_optical] (Entity=109)] is skipped
[component_container-3] [INFO] [1775390703.662390316] [ros_gz_container]: [gz_ros2_control] Fixed joint [ati/attach_joint] (Entity=110)] is skipped
[component_container-3] [INFO] [1775390703.662395807] [ros_gz_container]: [gz_ros2_control] Fixed joint [left_camera/attach_sensor_link] (Entity=114)] is skipped
[component_container-3] [INFO] [1775390703.662398772] [ros_gz_container]: [gz_ros2_control] Fixed joint [left_camera/attach_optical] (Entity=115)] is skipped
[component_container-3] [INFO] [1775390703.662401798] [ros_gz_container]: [gz_ros2_control] Fixed joint [right_camera/attach_sensor_link] (Entity=116)] is skipped
[component_container-3] [INFO] [1775390703.662404473] [ros_gz_container]: [gz_ros2_control] Fixed joint [right_camera/attach_optical] (Entity=117)] is skipped
[component_container-3] [INFO] [1775390703.665701809] [ros_gz_container]: Loading controller_manager
[component_container-3] [INFO] [1775390703.670952222] [controller_manager]: Using ROS clock for triggering controller manager cycles.
[component_container-3] [INFO] [1775390703.678953270] [controller_manager]: Subscribing to '/robot_description' topic for robot description.
[component_container-3] [INFO] [1775390703.683503415] [controller_manager]: Enforcing command limits is enabled...
[component_container-3] [WARN] [1775390703.683760886] [ros_gz_container]: Waiting RM to load and initialize hardware...
[component_container-3] [INFO] [1775390703.683940681] [controller_manager]: Received robot description from topic.
[component_container-3] [INFO] [1775390703.686041423] [ros_gz_container]: Using JointLimiter for joint 'gripper/left_finger_joint' in hardware 'gripper' : '  has position limits: true [0, 0.025]
[component_container-3]   has velocity limits: true [0.05]
[component_container-3]   has acceleration limits: false [nan]
[component_container-3]   has deceleration limits: false [nan]
[component_container-3]   has jerk limits: false [nan]
[component_container-3]   has effort limits: true [20]
[component_container-3]   angle wraparound: false'
[component_container-3] [INFO] [1775390703.686066230] [ros_gz_container]: Creating JointSaturationLimiter for joint 'gripper/left_finger_joint' in hardware 'gripper'
[component_container-3] [INFO] [1775390703.686086608] [ros_gz_container]: Using JointLimiter for joint 'wrist_3_joint' in hardware 'ControlSystem' : '  has position limits: true [-6.28319, 6.28319]
[component_container-3]   has velocity limits: true [3.14159]
[component_container-3]   has acceleration limits: false [nan]
[component_container-3]   has deceleration limits: false [nan]
[component_container-3]   has jerk limits: false [nan]
[component_container-3]   has effort limits: true [28]
[component_container-3]   angle wraparound: false'
[component_container-3] [INFO] [1775390703.686090916] [ros_gz_container]: Creating JointSaturationLimiter for joint 'wrist_3_joint' in hardware 'ControlSystem'
[component_container-3] [INFO] [1775390703.686097087] [ros_gz_container]: Using JointLimiter for joint 'wrist_2_joint' in hardware 'ControlSystem' : '  has position limits: true [-6.28319, 6.28319]
[component_container-3]   has velocity limits: true [3.14159]
[component_container-3]   has acceleration limits: false [nan]
[component_container-3]   has deceleration limits: false [nan]
[component_container-3]   has jerk limits: false [nan]
[component_container-3]   has effort limits: true [28]
[component_container-3]   angle wraparound: false'
[component_container-3] [INFO] [1775390703.686100504] [ros_gz_container]: Creating JointSaturationLimiter for joint 'wrist_2_joint' in hardware 'ControlSystem'
[component_container-3] [INFO] [1775390703.686105393] [ros_gz_container]: Using JointLimiter for joint 'wrist_1_joint' in hardware 'ControlSystem' : '  has position limits: true [-6.28319, 6.28319]
[component_container-3]   has velocity limits: true [3.14159]
[component_container-3]   has acceleration limits: false [nan]
[component_container-3]   has deceleration limits: false [nan]
[component_container-3]   has jerk limits: false [nan]
[component_container-3]   has effort limits: true [28]
[component_container-3]   angle wraparound: false'
[component_container-3] [INFO] [1775390703.686108869] [ros_gz_container]: Creating JointSaturationLimiter for joint 'wrist_1_joint' in hardware 'ControlSystem'
[component_container-3] [INFO] [1775390703.686114099] [ros_gz_container]: Using JointLimiter for joint 'elbow_joint' in hardware 'ControlSystem' : '  has position limits: true [-3.14159, 3.14159]
[component_container-3]   has velocity limits: true [3.14159]
[component_container-3]   has acceleration limits: false [nan]
[component_container-3]   has deceleration limits: false [nan]
[component_container-3]   has jerk limits: false [nan]
[component_container-3]   has effort limits: true [150]
[component_container-3]   angle wraparound: false'
[component_container-3] [INFO] [1775390703.686117215] [ros_gz_container]: Creating JointSaturationLimiter for joint 'elbow_joint' in hardware 'ControlSystem'
[component_container-3] [INFO] [1775390703.686122876] [ros_gz_container]: Using JointLimiter for joint 'shoulder_lift_joint' in hardware 'ControlSystem' : '  has position limits: true [-6.28319, 6.28319]
[component_container-3]   has velocity limits: true [3.14159]
[component_container-3]   has acceleration limits: false [nan]
[component_container-3]   has deceleration limits: false [nan]
[component_container-3]   has jerk limits: false [nan]
[component_container-3]   has effort limits: true [150]
[component_container-3]   angle wraparound: false'
[component_container-3] [INFO] [1775390703.686139026] [ros_gz_container]: Creating JointSaturationLimiter for joint 'shoulder_lift_joint' in hardware 'ControlSystem'
[component_container-3] [INFO] [1775390703.686145498] [ros_gz_container]: Using JointLimiter for joint 'shoulder_pan_joint' in hardware 'ControlSystem' : '  has position limits: true [-6.28319, 6.28319]
[component_container-3]   has velocity limits: true [3.14159]
[component_container-3]   has acceleration limits: false [nan]
[component_container-3]   has deceleration limits: false [nan]
[component_container-3]   has jerk limits: false [nan]
[component_container-3]   has effort limits: true [150]
[component_container-3]   angle wraparound: false'
[component_container-3] [INFO] [1775390703.686148904] [ros_gz_container]: Creating JointSaturationLimiter for joint 'shoulder_pan_joint' in hardware 'ControlSystem'
[component_container-3] [INFO] [1775390703.697747790] [ros_gz_container]: The position_proportional_gain has been set to: 0.1
[component_container-3] [INFO] [1775390703.697784708] [ros_gz_container]: Loading joint: gripper/left_finger_joint
[component_container-3] [INFO] [1775390703.697788896] [ros_gz_container]: 	State:
[component_container-3] [INFO] [1775390703.697794907] [ros_gz_container]: 		 position
[component_container-3] [INFO] [1775390703.697804786] [ros_gz_container]: 			 found initial value: 0.007300
[component_container-3] [INFO] [1775390703.697809034] [ros_gz_container]: 		 velocity
[component_container-3] [INFO] [1775390703.697815255] [ros_gz_container]: 			 found initial value: 0.000000
[component_container-3] [INFO] [1775390703.697818492] [ros_gz_container]: 		 effort
[component_container-3] [INFO] [1775390703.697823200] [ros_gz_container]: 			 found initial value: 0.000000
[component_container-3] [INFO] [1775390703.697826106] [ros_gz_container]: 	Command:
[component_container-3] [INFO] [1775390703.697828911] [ros_gz_container]: 		 position
[component_container-3] [INFO] [1775390703.697836685] [ros_gz_container]: 		 effort
[component_container-3] [INFO] [1775390703.697891087] [ros_gz_container]: Loading sensor: AtiForceTorqueSensor
[component_container-3] [INFO] [1775390703.697895525] [ros_gz_container]: 	State:
[component_container-3] [INFO] [1775390703.697947613] [ros_gz_container]: Initialize hardware 'gripper' 
[component_container-3] [WARN] [1775390703.698020619] [rcl.logging_rosout]: Publisher already registered for node name: 'ros_gz_container'. If this is due to multiple nodes with the same name then all logs for the logger named 'ros_gz_container' will go out over the existing publisher. As soon as any node with that name is destructed it will unregister the publisher, preventing any further logs for that name from being published on the rosout topic.
[component_container-3] [INFO] [1775390703.698537925] [ros_gz_container.hardware_component.system.gripper]: `status_publish_rate` is set to 0.0, hardware status publisher will not be created.
[component_container-3] [INFO] [1775390703.698600602] [ros_gz_container]: Successful initialization of hardware 'gripper'
[component_container-3] [INFO] [1775390703.698721517] [ros_gz_container]: The position_proportional_gain has been set to: 0.1
[component_container-3] [INFO] [1775390703.698735433] [ros_gz_container]: Loading joint: shoulder_pan_joint
[component_container-3] [INFO] [1775390703.698738449] [ros_gz_container]: 	State:
[component_container-3] [INFO] [1775390703.698741304] [ros_gz_container]: 		 position
[component_container-3] [INFO] [1775390703.698747506] [ros_gz_container]: 			 found initial value: -0.159700
[component_container-3] [INFO] [1775390703.698750902] [ros_gz_container]: 		 velocity
[component_container-3] [INFO] [1775390703.698754379] [ros_gz_container]: 			 found initial value: 0.000000
[component_container-3] [INFO] [1775390703.698757595] [ros_gz_container]: 		 effort
[component_container-3] [INFO] [1775390703.698760981] [ros_gz_container]: 			 found initial value: 0.000000
[component_container-3] [INFO] [1775390703.698763736] [ros_gz_container]: 	Command:
[component_container-3] [INFO] [1775390703.698766391] [ros_gz_container]: 		 position
[component_container-3] [INFO] [1775390703.698771711] [ros_gz_container]: 		 velocity
[component_container-3] [INFO] [1775390703.698775578] [ros_gz_container]: 		 effort
[component_container-3] [INFO] [1775390703.698781590] [ros_gz_container]: Loading joint: shoulder_lift_joint
[component_container-3] [INFO] [1775390703.698784184] [ros_gz_container]: 	State:
[component_container-3] [INFO] [1775390703.698786619] [ros_gz_container]: 		 position
[component_container-3] [INFO] [1775390703.698789905] [ros_gz_container]: 			 found initial value: -1.354200
[component_container-3] [INFO] [1775390703.698792600] [ros_gz_container]: 		 velocity
[component_container-3] [INFO] [1775390703.698798862] [ros_gz_container]: 			 found initial value: 0.000000
[component_container-3] [INFO] [1775390703.698801557] [ros_gz_container]: 		 effort
[component_container-3] [INFO] [1775390703.698811886] [ros_gz_container]: 			 found initial value: 0.000000
[component_container-3] [INFO] [1775390703.698814541] [ros_gz_container]: 	Command:
[component_container-3] [INFO] [1775390703.698816916] [ros_gz_container]: 		 position
[component_container-3] [INFO] [1775390703.698820743] [ros_gz_container]: 		 velocity
[component_container-3] [INFO] [1775390703.698824119] [ros_gz_container]: 		 effort
[component_container-3] [INFO] [1775390703.698829148] [ros_gz_container]: Loading joint: elbow_joint
[component_container-3] [INFO] [1775390703.698831553] [ros_gz_container]: 	State:
[component_container-3] [INFO] [1775390703.698833857] [ros_gz_container]: 		 position
[component_container-3] [INFO] [1775390703.698836713] [ros_gz_container]: 			 found initial value: -1.664800
[component_container-3] [INFO] [1775390703.698839307] [ros_gz_container]: 		 velocity
[component_container-3] [INFO] [1775390703.698842273] [ros_gz_container]: 			 found initial value: 0.000000
[component_container-3] [INFO] [1775390703.698844878] [ros_gz_container]: 		 effort
[component_container-3] [INFO] [1775390703.698848074] [ros_gz_container]: 			 found initial value: 0.000000
[component_container-3] [INFO] [1775390703.698852402] [ros_gz_container]: 	Command:
[component_container-3] [INFO] [1775390703.698854746] [ros_gz_container]: 		 position
[component_container-3] [INFO] [1775390703.698858273] [ros_gz_container]: 		 velocity
[component_container-3] [INFO] [1775390703.698861178] [ros_gz_container]: 		 effort
[component_container-3] [INFO] [1775390703.698866318] [ros_gz_container]: Loading joint: wrist_1_joint
[component_container-3] [INFO] [1775390703.698868642] [ros_gz_container]: 	State:
[component_container-3] [INFO] [1775390703.698870946] [ros_gz_container]: 		 position
[component_container-3] [INFO] [1775390703.698873651] [ros_gz_container]: 			 found initial value: -1.693300
[component_container-3] [INFO] [1775390703.698876196] [ros_gz_container]: 		 velocity
[component_container-3] [INFO] [1775390703.698878661] [ros_gz_container]: 			 found initial value: 0.000000
[component_container-3] [INFO] [1775390703.698881226] [ros_gz_container]: 		 effort
[component_container-3] [INFO] [1775390703.698883700] [ros_gz_container]: 			 found initial value: 0.000000
[component_container-3] [INFO] [1775390703.698886235] [ros_gz_container]: 	Command:
[component_container-3] [INFO] [1775390703.698888469] [ros_gz_container]: 		 position
[component_container-3] [INFO] [1775390703.698891835] [ros_gz_container]: 		 velocity
[component_container-3] [INFO] [1775390703.698894671] [ros_gz_container]: 		 effort
[component_container-3] [INFO] [1775390703.698899079] [ros_gz_container]: Loading joint: wrist_2_joint
[component_container-3] [INFO] [1775390703.698901383] [ros_gz_container]: 	State:
[component_container-3] [INFO] [1775390703.698904609] [ros_gz_container]: 		 position
[component_container-3] [INFO] [1775390703.698907395] [ros_gz_container]: 			 found initial value: 1.571000
[component_container-3] [INFO] [1775390703.698910160] [ros_gz_container]: 		 velocity
[component_container-3] [INFO] [1775390703.698912664] [ros_gz_container]: 			 found initial value: 0.000000
[component_container-3] [INFO] [1775390703.698915289] [ros_gz_container]: 		 effort
[component_container-3] [INFO] [1775390703.698917744] [ros_gz_container]: 			 found initial value: 0.000000
[component_container-3] [INFO] [1775390703.698920309] [ros_gz_container]: 	Command:
[component_container-3] [INFO] [1775390703.698922523] [ros_gz_container]: 		 position
[component_container-3] [INFO] [1775390703.698925889] [ros_gz_container]: 		 velocity
[component_container-3] [INFO] [1775390703.698928704] [ros_gz_container]: 		 effort
[component_container-3] [INFO] [1775390703.698933193] [ros_gz_container]: Loading joint: wrist_3_joint
[component_container-3] [INFO] [1775390703.698935487] [ros_gz_container]: 	State:
[component_container-3] [INFO] [1775390703.698937771] [ros_gz_container]: 		 position
[component_container-3] [INFO] [1775390703.698940446] [ros_gz_container]: 			 found initial value: 1.411000
[component_container-3] [INFO] [1775390703.698943051] [ros_gz_container]: 		 velocity
[component_container-3] [INFO] [1775390703.698946568] [ros_gz_container]: 			 found initial value: 0.000000
[component_container-3] [INFO] [1775390703.698949263] [ros_gz_container]: 		 effort
[component_container-3] [INFO] [1775390703.698951757] [ros_gz_container]: 			 found initial value: 0.000000
[component_container-3] [INFO] [1775390703.698954332] [ros_gz_container]: 	Command:
[component_container-3] [INFO] [1775390703.698956556] [ros_gz_container]: 		 position
[component_container-3] [INFO] [1775390703.698960023] [ros_gz_container]: 		 velocity
[component_container-3] [INFO] [1775390703.698964020] [ros_gz_container]: 		 effort
[component_container-3] [INFO] [1775390703.698975361] [ros_gz_container]: Loading sensor: AtiForceTorqueSensor
[component_container-3] [INFO] [1775390703.698978247] [ros_gz_container]: 	State:
[component_container-3] [INFO] [1775390703.698983086] [ros_gz_container]: 		 force.x
[component_container-3] [INFO] [1775390703.698985821] [ros_gz_container]: 		 force.y
[component_container-3] [INFO] [1775390703.698988215] [ros_gz_container]: 		 force.z
[component_container-3] [INFO] [1775390703.698990650] [ros_gz_container]: 		 torque.x
[component_container-3] [INFO] [1775390703.698993044] [ros_gz_container]: 		 torque.y
[component_container-3] [INFO] [1775390703.698997823] [ros_gz_container]: 		 torque.z
[component_container-3] [INFO] [1775390703.699033420] [ros_gz_container]: Initialize hardware 'ControlSystem' 
[component_container-3] [WARN] [1775390703.699099453] [rcl.logging_rosout]: Publisher already registered for node name: 'ros_gz_container'. If this is due to multiple nodes with the same name then all logs for the logger named 'ros_gz_container' will go out over the existing publisher. As soon as any node with that name is destructed it will unregister the publisher, preventing any further logs for that name from being published on the rosout topic.
[component_container-3] [INFO] [1775390703.703822070] [ros_gz_container.hardware_component.system.ControlSystem]: `status_publish_rate` is set to 0.0, hardware status publisher will not be created.
[component_container-3] [INFO] [1775390703.703894736] [ros_gz_container]: Successful initialization of hardware 'ControlSystem'
[component_container-3] [INFO] [1775390703.704049204] [resource_manager]: 'configure' hardware 'ControlSystem' 
[component_container-3] [INFO] [1775390703.704054214] [ros_gz_container]: System Successfully configured!
[component_container-3] [INFO] [1775390703.704059323] [resource_manager]: Successful 'configure' of hardware 'ControlSystem'
[component_container-3] [INFO] [1775390703.704068370] [resource_manager]: 'activate' hardware 'ControlSystem' 
[component_container-3] [INFO] [1775390703.704076175] [resource_manager]: Successful 'activate' of hardware 'ControlSystem'
[component_container-3] [INFO] [1775390703.704117572] [resource_manager]: 'configure' hardware 'gripper' 
[component_container-3] [INFO] [1775390703.704119405] [ros_gz_container]: System Successfully configured!
[component_container-3] [INFO] [1775390703.704124625] [resource_manager]: Successful 'configure' of hardware 'gripper'
[component_container-3] [INFO] [1775390703.704126729] [resource_manager]: 'activate' hardware 'gripper' 
[component_container-3] [INFO] [1775390703.704128923] [resource_manager]: Successful 'activate' of hardware 'gripper'
[component_container-3] [WARN] [1775390703.704139323] [controller_manager]: Component 'ControlSystem' does not have read or write statistics initialized, skipping registration.
[component_container-3] [WARN] [1775390703.704146306] [controller_manager]: Component 'gripper' does not have read or write statistics initialized, skipping registration.
[component_container-3] [INFO] [1775390703.704152457] [controller_manager]: Resource Manager has been successfully initialized. Starting Controller Manager services...
[2m2026-04-05T12:05:03.758759Z[0m [32m INFO[0m acc-0 ThreadId(04) [2mzenoh::net::routing::interceptor::access_control[0m[2m:[0m 62836983cc33fde1be2e945258a075bc did not match any configured ACL subject. Default permission `Allow` will be applied on all messages
[2m2026-04-05T12:05:03.758819Z[0m [32m INFO[0m acc-0 ThreadId(04) [2mzenoh::net::routing::interceptor::access_control[0m[2m:[0m c1528943b7537fa2b1d93982db74e4ba did not match any configured ACL subject. Default permission `Allow` will be applied on all messages
[component_container-3] [INFO] [1775390703.779420815] [controller_manager]: Loading controller : 'joint_state_broadcaster' of type 'joint_state_broadcaster/JointStateBroadcaster'
[component_container-3] [INFO] [1775390703.779455910] [controller_manager]: Loading controller 'joint_state_broadcaster'
[component_container-3] [INFO] [1775390703.780259721] [controller_manager]: Controller 'joint_state_broadcaster' node arguments: --ros-args --params-file /ws_aic/install/share/aic_bringup/config/aic_ros2_controllers.yaml -p use_sim_time:=true --param use_sim_time:=true 
[spawner-8] [INFO] [1775390703.788873984] [spawner_joint_state_broadcaster]: Loaded joint_state_broadcaster
[component_container-3] [INFO] [1775390703.789153866] [controller_manager]: Configuring controller: 'joint_state_broadcaster'
[component_container-3] [INFO] [1775390703.789226051] [joint_state_broadcaster]: 'joints' or 'interfaces' parameter is empty. All available state interfaces will be published
[component_container-3] [INFO] [1775390703.793998742] [controller_manager]: Activating controllers: [ joint_state_broadcaster ]
[component_container-3] [INFO] [1775390703.794048966] [controller_manager]: Requested controller switch from non-realtime loop
[component_container-3] [INFO] [1775390703.794131379] [controller_manager]: Successfully switched controllers!
[component_container-3] (2026-04-05 21:05:05.684) [debug] [SystemManager.cc:80] Loaded system [gz_ros2_control::GazeboSimROS2ControlPlugin] for entity [31]
[component_container-3] (2026-04-05 21:05:05.685) [debug] [SystemManager.cc:80] Loaded system [gz::sim::systems::ForceTorque] for entity [31]
[component_container-3] (2026-04-05 21:05:05.685) [debug] [OffLimitContactsPlugin.cc:41] aic_gazebo::OffLimitContactsPlugin::Configure on entity: 31
[component_container-3] (2026-04-05 21:05:05.685) [debug] [OffLimitContactsPlugin.cc:165] Enabled collision [34]
[component_container-3] (2026-04-05 21:05:05.685) [debug] [OffLimitContactsPlugin.cc:165] Enabled collision [37]
[component_container-3] (2026-04-05 21:05:05.685) [debug] [OffLimitContactsPlugin.cc:165] Enabled collision [40]
[component_container-3] (2026-04-05 21:05:05.685) [debug] [OffLimitContactsPlugin.cc:165] Enabled collision [43]
[component_container-3] (2026-04-05 21:05:05.685) [debug] [OffLimitContactsPlugin.cc:165] Enabled collision [46]
[component_container-3] (2026-04-05 21:05:05.685) [debug] [OffLimitContactsPlugin.cc:165] Enabled collision [49]
[component_container-3] (2026-04-05 21:05:05.685) [debug] [OffLimitContactsPlugin.cc:165] Enabled collision [57]
[component_container-3] (2026-04-05 21:05:05.685) [debug] [OffLimitContactsPlugin.cc:165] Enabled collision [58]
[component_container-3] (2026-04-05 21:05:05.685) [debug] [OffLimitContactsPlugin.cc:165] Enabled collision [59]
[component_container-3] (2026-04-05 21:05:05.685) [debug] [OffLimitContactsPlugin.cc:165] Enabled collision [60]
[component_container-3] (2026-04-05 21:05:05.685) [debug] [OffLimitContactsPlugin.cc:165] Enabled collision [61]
[component_container-3] (2026-04-05 21:05:05.685) [debug] [OffLimitContactsPlugin.cc:165] Enabled collision [62]
[component_container-3] (2026-04-05 21:05:05.685) [debug] [OffLimitContactsPlugin.cc:165] Enabled collision [63]
[component_container-3] (2026-04-05 21:05:05.685) [debug] [OffLimitContactsPlugin.cc:165] Enabled collision [64]
[component_container-3] (2026-04-05 21:05:05.685) [debug] [OffLimitContactsPlugin.cc:165] Enabled collision [65]
[component_container-3] (2026-04-05 21:05:05.685) [debug] [OffLimitContactsPlugin.cc:165] Enabled collision [66]
[component_container-3] (2026-04-05 21:05:05.685) [debug] [OffLimitContactsPlugin.cc:165] Enabled collision [67]
[component_container-3] (2026-04-05 21:05:05.685) [debug] [OffLimitContactsPlugin.cc:165] Enabled collision [68]
[component_container-3] (2026-04-05 21:05:05.685) [debug] [OffLimitContactsPlugin.cc:165] Enabled collision [69]
[component_container-3] (2026-04-05 21:05:05.685) [debug] [OffLimitContactsPlugin.cc:165] Enabled collision [70]
[component_container-3] (2026-04-05 21:05:05.685) [debug] [OffLimitContactsPlugin.cc:165] Enabled collision [71]
[component_container-3] (2026-04-05 21:05:05.685) [debug] [OffLimitContactsPlugin.cc:165] Enabled collision [72]
[component_container-3] (2026-04-05 21:05:05.685) [debug] [OffLimitContactsPlugin.cc:165] Enabled collision [73]
[component_container-3] (2026-04-05 21:05:05.685) [debug] [OffLimitContactsPlugin.cc:165] Enabled collision [74]
[component_container-3] (2026-04-05 21:05:05.685) [debug] [OffLimitContactsPlugin.cc:165] Enabled collision [75]
[component_container-3] (2026-04-05 21:05:05.685) [debug] [OffLimitContactsPlugin.cc:165] Enabled collision [81]
[component_container-3] (2026-04-05 21:05:05.685) [debug] [OffLimitContactsPlugin.cc:165] Enabled collision [82]
[component_container-3] (2026-04-05 21:05:05.685) [debug] [OffLimitContactsPlugin.cc:165] Enabled collision [85]
[component_container-3] (2026-04-05 21:05:05.685) [debug] [OffLimitContactsPlugin.cc:165] Enabled collision [86]
[component_container-3] (2026-04-05 21:05:05.685) [debug] [OffLimitContactsPlugin.cc:165] Enabled collision [87]
[component_container-3] (2026-04-05 21:05:05.685) [debug] [OffLimitContactsPlugin.cc:165] Enabled collision [88]
[component_container-3] (2026-04-05 21:05:05.685) [debug] [OffLimitContactsPlugin.cc:165] Enabled collision [91]
[component_container-3] (2026-04-05 21:05:05.685) [debug] [OffLimitContactsPlugin.cc:165] Enabled collision [92]
[component_container-3] (2026-04-05 21:05:05.685) [debug] [OffLimitContactsPlugin.cc:165] Enabled collision [93]
[component_container-3] (2026-04-05 21:05:05.685) [debug] [OffLimitContactsPlugin.cc:165] Enabled collision [94]
[component_container-3] (2026-04-05 21:05:05.685) [debug] [SystemManager.cc:80] Loaded system [aic_gazebo::OffLimitContactsPlugin] for entity [31]
[component_container-3] (2026-04-05 21:05:05.686) [debug] [ResetJointsPlugin.cc:40] aic_gazebo::ResetJointsPlugin::Configure on entity: 31
[component_container-3] [WARN] [1775390705.686718730] [rcl.logging_rosout]: Publisher already registered for node name: 'ros_gz_container'. If this is due to multiple nodes with the same name then all logs for the logger named 'ros_gz_container' will go out over the existing publisher. As soon as any node with that name is destructed it will unregister the publisher, preventing any further logs for that name from being published on the rosout topic.
[component_container-3] (2026-04-05 21:05:05.687) [info] [ResetJointsPlugin.cc:117] Initialized ResetJointsPlugin!
[component_container-3] (2026-04-05 21:05:05.687) [debug] [SystemManager.cc:80] Loaded system [aic_gazebo::ResetJointsPlugin] for entity [31]
[component_container-3] (2026-04-05 21:05:05.687) [debug] [UserCommands.cc:1108] Created entity [31] named [ur5e]
[component_container-3] (2026-04-05 21:05:05.691) [debug] [Physics.cc:1171] Attempting to set physics options, but the physics engine doesn't support feature [CollisionPairMaxContacts]. Options will be ignored.
[component_container-3] (2026-04-05 21:05:05.704) [debug] [Sensors.cc:953] Initialization needed
[component_container-3] (2026-04-05 21:05:05.704) [debug] [Sensors.cc:349] Initializing render context
[component_container-3] (2026-04-05 21:05:05.704) [info] [RenderEngineManager.cc:514] Loading plugin [gz-rendering-ogre2]
[component_container-3] (2026-04-05 21:05:05.705) [info] [SceneBroadcaster.cc:634] Serving scene information on [/world/aic_world/scene/info]
[component_container-3] (2026-04-05 21:05:05.705) [info] [SceneBroadcaster.cc:643] Serving graph information on [/world/aic_world/scene/graph]
[component_container-3] (2026-04-05 21:05:05.705) [info] [SceneBroadcaster.cc:654] Serving full state on [/world/aic_world/state]
[component_container-3] (2026-04-05 21:05:05.705) [info] [SceneBroadcaster.cc:663] Serving full state (async) on [/world/aic_world/state_async]
[component_container-3] (2026-04-05 21:05:05.705) [info] [SceneBroadcaster.cc:671] Publishing scene information on [/world/aic_world/scene/info]
[component_container-3] (2026-04-05 21:05:05.705) [info] [SceneBroadcaster.cc:680] Publishing entity deletions on [/world/aic_world/scene/deletion]
[component_container-3] (2026-04-05 21:05:05.705) [info] [SceneBroadcaster.cc:689] Publishing state changes on [/world/aic_world/state]
[component_container-3] (2026-04-05 21:05:05.705) [info] [SceneBroadcaster.cc:700] Publishing pose messages on [/world/aic_world/pose/info]
[component_container-3] (2026-04-05 21:05:05.705) [info] [SceneBroadcaster.cc:711] Publishing dynamic pose messages on [/world/aic_world/dynamic_pose/info]
[component_container-3] (2026-04-05 21:05:05.709) [debug] [SimulationRunner.cc:600] Exiting postupdate worker thread (0)
[component_container-3] (2026-04-05 21:05:05.709) [debug] [SimulationRunner.cc:600] Exiting postupdate worker thread (3)
[component_container-3] (2026-04-05 21:05:05.709) [debug] [SimulationRunner.cc:600] Exiting postupdate worker thread (2)
[component_container-3] (2026-04-05 21:05:05.709) [debug] [SimulationRunner.cc:600] Exiting postupdate worker thread (1)
[component_container-3] (2026-04-05 21:05:05.709) [debug] [SimulationRunner.cc:573] Creating PostUpdate worker threads: 6
[component_container-3] (2026-04-05 21:05:05.709) [debug] [SimulationRunner.cc:584] Creating postupdate worker thread (0)
[component_container-3] (2026-04-05 21:05:05.709) [debug] [SimulationRunner.cc:584] Creating postupdate worker thread (1)
[component_container-3] (2026-04-05 21:05:05.709) [debug] [SimulationRunner.cc:584] Creating postupdate worker thread (2)
[component_container-3] (2026-04-05 21:05:05.709) [debug] [SimulationRunner.cc:584] Creating postupdate worker thread (3)
[component_container-3] (2026-04-05 21:05:05.709) [debug] [SimulationRunner.cc:584] Creating postupdate worker thread (4)
[component_container-3] (2026-04-05 21:05:05.710) [warning] [Ogre2RenderEngine.cc:556] Unable to open display: . Trying to run in headless mode.
[component_container-3] (2026-04-05 21:05:05.710) [debug] [EntityComponentManager.cc:1676] Updated state thread iterators: 16 threads processing around 8 entities each.
[spawner-8] [INFO] [1775390705.712126948] [spawner_joint_state_broadcaster]: Configured and activated joint_state_broadcaster
[component_container-3] [INFO] [1775390705.739400979] [controller_manager]: Loading controller : 'fts_broadcaster' of type 'force_torque_sensor_broadcaster/ForceTorqueSensorBroadcaster'
[component_container-3] [INFO] [1775390705.739433049] [controller_manager]: Loading controller 'fts_broadcaster'
[INFO] [spawner-8]: process has finished cleanly [pid 980103]
[component_container-3] [INFO] [1775390705.740498959] [controller_manager]: Controller 'fts_broadcaster' node arguments: --ros-args --params-file /ws_aic/install/share/aic_bringup/config/aic_ros2_controllers.yaml -p use_sim_time:=true --param use_sim_time:=true 
[INFO] [spawner-10]: process started with pid [980273]
[component_container-3] [1;33mWarning [Utils.cc:119][0m [/sdf/model[@name="ur"]/link[@name="center_camera/sensor_link"]/sensor[@name="center_camera"]/camera[@name="center_camera"]/optical_frame_id]: SDF Element[optical_frame_id] is deprecated
[component_container-3] [1;33mWarning [Utils.cc:119][0m [/sdf/model[@name="ur"]/link[@name="left_camera/sensor_link"]/sensor[@name="left_camera"]/camera[@name="left_camera"]/optical_frame_id]: SDF Element[optical_frame_id] is deprecated
[component_container-3] [1;33mWarning [Utils.cc:119][0m [/sdf/model[@name="ur"]/link[@name="right_camera/sensor_link"]/sensor[@name="right_camera"]/camera[@name="right_camera"]/optical_frame_id]: SDF Element[optical_frame_id] is deprecated
[component_container-3] [INFO] [1775390705.761390795] [gz_server]: InitializeCanonicalLinks
[component_container-3] [INFO] [1775390705.761544031] [gz_server]: Creating services on gz_server
[component_container-3] [INFO] [1775390705.762193604] [gz_server]: Created service /gz_server/delete_entity
[component_container-3] [INFO] [1775390705.762356307] [gz_server]: Created service /gz_server/get_entities
[component_container-3] [INFO] [1775390705.762470701] [gz_server]: Created service /gz_server/get_entity_info
[component_container-3] [INFO] [1775390705.762632683] [gz_server]: Created service /gz_server/get_entity_state
[component_container-3] [INFO] [1775390705.762754891] [gz_server]: Created service /gz_server/get_entities_states
[component_container-3] [INFO] [1775390705.762869976] [gz_server]: Created service /gz_server/get_simulation_state
[component_container-3] [INFO] [1775390705.762968280] [gz_server]: Created service /gz_server/get_simulator_features
[component_container-3] [INFO] [1775390705.763082273] [gz_server]: Created service /gz_server/reset_simulation
[component_container-3] [INFO] [1775390705.763233595] [gz_server]: Created service /gz_server/set_entity_state
[component_container-3] [INFO] [1775390705.763354000] [gz_server]: Created service /gz_server/set_simulation_state
[component_container-3] [INFO] [1775390705.763473844] [gz_server]: Created service /gz_server/spawn_entity
[component_container-3] [INFO] [1775390705.763583078] [gz_server]: Created service /gz_server/step_simulation
[component_container-3] [INFO] [1775390705.764274358] [gz_server]: Created action /gz_server/simulate_steps
[component_container-3] libEGL warning: pci id for fd 89: 10de:2c02, driver (null)
[component_container-3] 
[component_container-3] pci id for fd 91: 10de:2c02, driver (null)
[component_container-3] pci id for fd 92: 10de:2c02, driver (null)
[component_container-3] libEGL warning: egl: failed to create dri2 screen
[component_container-3] libEGL warning: pci id for fd 89: 10de:2c02, driver (null)
[component_container-3] 
[component_container-3] pci id for fd 91: 10de:2c02, driver (null)
[component_container-3] pci id for fd 92: 10de:2c02, driver (null)
[component_container-3] libEGL warning: egl: failed to create dri2 screen
[component_container-3] libEGL warning: pci id for fd 89: 10de:2c02, driver (null)
[component_container-3] 
[2m2026-04-05T12:05:05.868147Z[0m [32m INFO[0m acc-0 ThreadId(04) [2mzenoh::net::routing::interceptor::access_control[0m[2m:[0m 2d07f7720eea77a7de12b043844636f4 did not match any configured ACL subject. Default permission `Allow` will be applied on all messages
[component_container-3] (2026-04-05 21:05:05.899) [debug] [RenderUtil.cc:2646] Create scene [scene]
[2m2026-04-05T12:05:06.087603Z[0m [32m INFO[0m acc-0 ThreadId(04) [2mzenoh::net::routing::interceptor::access_control[0m[2m:[0m 69cd56dbcc665e4bb4b9ef609b7de4a4 did not match any configured ACL subject. Default permission `Allow` will be applied on all messages
[2m2026-04-05T12:05:06.192179Z[0m [32m INFO[0m acc-0 ThreadId(04) [2mzenoh::net::routing::interceptor::access_control[0m[2m:[0m 7c7b1ef63eceaf70f431c9f9af5fbb00 did not match any configured ACL subject. Default permission `Allow` will be applied on all messages
[component_container-3] (2026-04-05 21:05:06.262) [debug] [Sensors.cc:391] Rendering Thread initialized
[component_container-3] (2026-04-05 21:05:06.262) [debug] [Sensors.cc:953] Initialization needed
[component_container-3] (2026-04-05 21:05:06.263) [debug] [ForceTorque.cc:162] Adding JointTransmittedWrench to: 110
[component_container-3] [INFO] [1775390706.264166614] [ros_gz_container]: ForceTorque AtiForceTorqueSensor has a topic name: /axia80_m20/wrench
[component_container-3] [INFO] [1775390706.264286368] [ros_gz_container]: ForceTorque AtiForceTorqueSensor has a topic name: /axia80_m20/wrench
[spawner-9] [INFO] [1775390706.271837887] [spawner_fts_broadcaster]: Loaded fts_broadcaster
[component_container-3] [INFO] [1775390706.272318384] [controller_manager]: Configuring controller: 'fts_broadcaster'
[component_container-3] [INFO] [1775390706.275426447] [fts_broadcaster]: configure successful
[component_container-3] (2026-04-05 21:05:06.612) [debug] [CameraSensor.cc:342] Camera images for [ur5e::center_camera/sensor_link::center_camera] advertised on [/center_camera/image]
[component_container-3] (2026-04-05 21:05:06.612) [debug] [CameraSensor.cc:632] Camera info for [ur5e::center_camera/sensor_link::center_camera] advertised on [/center_camera/camera_info]
[component_container-3] (2026-04-05 21:05:06.613) [warning] [Ogre2Camera.cc:423] Ogre2Camera::SetVisibilityMask: Mask bits c0000000 are set but will be ignored as they conflict with the reserved bits used internally by the ogre2 backend.
[component_container-3] (2026-04-05 21:05:06.613) [debug] [CameraSensor.cc:342] Camera images for [ur5e::left_camera/sensor_link::left_camera] advertised on [/left_camera/image]
[component_container-3] (2026-04-05 21:05:06.613) [debug] [CameraSensor.cc:632] Camera info for [ur5e::left_camera/sensor_link::left_camera] advertised on [/left_camera/camera_info]
[component_container-3] (2026-04-05 21:05:06.613) [warning] [Ogre2Camera.cc:423] Ogre2Camera::SetVisibilityMask: Mask bits c0000000 are set but will be ignored as they conflict with the reserved bits used internally by the ogre2 backend.
[component_container-3] (2026-04-05 21:05:06.613) [debug] [CameraSensor.cc:342] Camera images for [ur5e::right_camera/sensor_link::right_camera] advertised on [/right_camera/image]
[component_container-3] (2026-04-05 21:05:06.613) [debug] [CameraSensor.cc:632] Camera info for [ur5e::right_camera/sensor_link::right_camera] advertised on [/right_camera/camera_info]
[component_container-3] (2026-04-05 21:05:06.613) [warning] [Ogre2Camera.cc:423] Ogre2Camera::SetVisibilityMask: Mask bits c0000000 are set but will be ignored as they conflict with the reserved bits used internally by the ogre2 backend.
[component_container-3] (2026-04-05 21:05:07.391) [debug] [CameraSensor.cc:441] Enabling camera sensor: 'ur5e::center_camera/sensor_link::center_camera' data generation.
[component_container-3] (2026-04-05 21:05:07.419) [debug] [CameraSensor.cc:441] Enabling camera sensor: 'ur5e::left_camera/sensor_link::left_camera' data generation.
[component_container-3] (2026-04-05 21:05:07.426) [debug] [CameraSensor.cc:441] Enabling camera sensor: 'ur5e::right_camera/sensor_link::right_camera' data generation.
[component_container-3] [INFO] [1775390707.433881156] [controller_manager]: Activating controllers: [ fts_broadcaster ]
[component_container-3] [INFO] [1775390707.433932081] [controller_manager]: Requested controller switch from non-realtime loop
[component_container-3] [INFO] [1775390707.433978728] [controller_manager]: Successfully switched controllers!
[spawner-9] [INFO] [1775390707.435244562] [spawner_fts_broadcaster]: Configured and activated fts_broadcaster
[INFO] [spawner-9]: process has finished cleanly [pid 980104]
[component_container-3] [INFO] [1775390707.499934641] [controller_manager]: Loading controller : 'aic_controller' of type 'aic/Controller'
[component_container-3] [INFO] [1775390707.499964577] [controller_manager]: Loading controller 'aic_controller'
[component_container-3] [INFO] [1775390707.501635546] [controller_manager]: Controller 'aic_controller' node arguments: --ros-args --params-file /ws_aic/install/share/aic_bringup/config/aic_ros2_controllers.yaml -p use_sim_time:=true --param use_sim_time:=true 
[spawner-10] [INFO] [1775390707.511218709] [spawner_aic_controller]: Loaded aic_controller
[component_container-3] [INFO] [1775390707.511514711] [controller_manager]: Configuring controller: 'aic_controller'
[component_container-3] [INFO] [1775390707.511562190] [aic_controller]: Control mode set to impedance
[component_container-3] [INFO] [1775390707.511567289] [aic_controller]: Target mode set to Cartesian. Accepting MotionUpdate targets.
[component_container-3] [INFO] [1775390707.520847025] [controller_manager]: Activating controllers: [ aic_controller ]
[component_container-3] [INFO] [1775390707.520917487] [controller_manager]: Requested controller switch from non-realtime loop
[component_container-3] [INFO] [1775390707.520978460] [controller_manager]: Successfully switched controllers!
[component_container-3] (2026-04-05 21:05:07.522) [warning] [Component.hh:144] Trying to serialize component with data type [St6vectorIdSaIdEE], which doesn't have `operator<<`. Component will not be serialized.
[component_container-3] (2026-04-05 21:05:07.522) [warning] [Component.hh:189] Trying to deserialize component with data type [St6vectorIdSaIdEE], which doesn't have `operator>>`. Component will not be deserialized.
[spawner-10] [INFO] [1775390707.523949548] [spawner_aic_controller]: Configured and activated all the parsed controllers list : ['aic_controller']!
[INFO] [spawner-10]: process has finished cleanly [pid 980273]
[INFO] [rviz2-11]: process started with pid [980451]
[rviz2-11] qt.qpa.xcb: could not connect to display 
[rviz2-11] qt.qpa.plugin: Could not load the Qt platform plugin "xcb" in "" even though it was found.
[rviz2-11] This application failed to start because no Qt platform plugin could be initialized. Reinstalling the application may fix this problem.
[rviz2-11] 
[rviz2-11] Available platform plugins are: eglfs, linuxfb, minimal, minimalegl, offscreen, vnc, wayland-egl, wayland, wayland-xcomposite-egl, wayland-xcomposite-glx, xcb.
[rviz2-11] 
[ERROR] [rviz2-11]: process has died [pid 980451, exit code -6, cmd '/opt/ros/kilted/lib/rviz2/rviz2 -d /ws_aic/install/share/aic_bringup/rviz/aic.rviz --ros-args -r __node:=rviz2 --params-file /tmp/launch_params_2qovki6m'].
[component_container-3] (2026-04-05 21:05:07.661) [debug] [WorldSdfGeneratorPlugin.cc:79] Saving world: aic_world to: /tmp/aic.sdf
[component_container-3] (2026-04-05 21:05:07.661) [info] [WorldSdfGeneratorPlugin.cc:86] File: /tmp/aic.sdf could not be opened for saving. Please check that the directory containg the file exists and the correct permissions are set.
[2m2026-04-05T12:05:10.060466Z[0m [32m INFO[0m acc-0 ThreadId(04) [2mzenoh::net::routing::interceptor::access_control[0m[2m:[0m 7fe80bd3568ac16db725171f883e3811 did not match any configured ACL subject. Default permission `Allow` will be applied on all messages
[2m2026-04-05T12:05:19.831401Z[0m [32m INFO[0m acc-0 ThreadId(04) [2mzenoh::net::routing::interceptor::access_control[0m[2m:[0m 7f4825e4b84b3ed62c495eca6d820739 did not match any configured ACL subject. Default permission `Allow` will be applied on all messages
[component_container-3] (2026-04-05 21:05:20.948) [debug] [SdfEntityCreator.cc:547] Link has auto-inertial enabled: sc_port_0::sc_port_link
[component_container-3] (2026-04-05 21:05:20.948) [debug] [SdfEntityCreator.cc:549]   pose: 1.88554e-19 -0.00100271 0.000137321 0 0 0
[component_container-3] (2026-04-05 21:05:20.948) [debug] [SdfEntityCreator.cc:550]   mass: 0.04
[component_container-3] (2026-04-05 21:05:20.948) [debug] [SdfEntityCreator.cc:551]   ixx iyy izz: 1.86262e-06 5.50332e-06 6.55187e-06
[component_container-3] (2026-04-05 21:05:20.948) [debug] [SdfEntityCreator.cc:553]   ixy ixz iyz: -7.41324e-15 4.19415e-23 -5.5077e-09
[component_container-3] (2026-04-05 21:05:20.949) [debug] [SdfEntityCreator.cc:547] Link has auto-inertial enabled: nic_card_mount_0::nic_card_link
[component_container-3] (2026-04-05 21:05:20.949) [debug] [SdfEntityCreator.cc:549]   pose: 0.00150732 -0.00850988 0.00340281 0 0 0
[component_container-3] (2026-04-05 21:05:20.949) [debug] [SdfEntityCreator.cc:550]   mass: 0.15
[component_container-3] (2026-04-05 21:05:20.949) [debug] [SdfEntityCreator.cc:551]   ixx iyy izz: 0.000185176 4.95164e-05 0.000228127
[component_container-3] (2026-04-05 21:05:20.949) [debug] [SdfEntityCreator.cc:553]   ixy ixz iyz: -1.61776e-06 6.54063e-07 1.04636e-07
[component_container-3] (2026-04-05 21:05:20.950) [debug] [SystemManager.cc:80] Loaded system [gz::sim::systems::PosePublisher] for entity [118]
[component_container-3] (2026-04-05 21:05:20.950) [debug] [SystemManager.cc:80] Loaded system [gz::sim::systems::TouchPlugin] for entity [165]
[component_container-3] (2026-04-05 21:05:20.951) [debug] [SystemManager.cc:80] Loaded system [gz::sim::systems::TouchPlugin] for entity [188]
[component_container-3] (2026-04-05 21:05:20.951) [debug] [SystemManager.cc:80] Loaded system [gz::sim::systems::TouchPlugin] for entity [188]
[component_container-3] (2026-04-05 21:05:20.951) [debug] [UserCommands.cc:1108] Created entity [118] named [task_board]
[component_container-3] (2026-04-05 21:05:20.954) [info] [Contact.cc:125] Contact system publishing on world/aic_world/model/task_board/model/sc_port_0/link/sc_port_link/sensor/sc_port_sensor/contact
[component_container-3] (2026-04-05 21:05:20.954) [info] [Contact.cc:125] Contact system publishing on world/aic_world/model/task_board/model/nic_card_mount_0/link/nic_card_link/sensor/sfp_port_sensor/contact
[component_container-3] [INFO] [1775390720.955599648] [aic_controller]: Received service request to tare force torque sensor!
[component_container-3] [INFO] [1775390720.955625386] [aic_controller]: Successfully tared force torque sensor.
[component_container-3] [INFO] [1775390720.956218073] [gz_server]: InitializeCanonicalLinks
[component_container-3] (2026-04-05 21:05:20.956) [warning] [Component.hh:127] Trying to serialize component with data type [St10shared_ptrIN3sdf3v157ElementEE], which doesn't have `operator<<`. Component will not be serialized.
[component_container-3] (2026-04-05 21:05:20.957) [debug] [SimulationRunner.cc:600] Exiting postupdate worker thread (3)
[component_container-3] (2026-04-05 21:05:20.957) [debug] [SimulationRunner.cc:600] Exiting postupdate worker thread (0)
[component_container-3] (2026-04-05 21:05:20.957) [debug] [SimulationRunner.cc:600] Exiting postupdate worker thread (4)
[component_container-3] (2026-04-05 21:05:20.957) [debug] [SimulationRunner.cc:600] Exiting postupdate worker thread (1)
[component_container-3] (2026-04-05 21:05:20.957) [debug] [SimulationRunner.cc:600] Exiting postupdate worker thread (2)
[component_container-3] (2026-04-05 21:05:20.957) [warning] [Component.hh:172] Trying to deserialize component with data type [St10shared_ptrIN3sdf3v157ElementEE], which doesn't have `operator>>`. Component will not be deserialized.
[component_container-3] (2026-04-05 21:05:20.957) [debug] [SimulationRunner.cc:573] Creating PostUpdate worker threads: 10
[component_container-3] (2026-04-05 21:05:20.957) [debug] [SimulationRunner.cc:584] Creating postupdate worker thread (0)
[component_container-3] (2026-04-05 21:05:20.957) [debug] [SimulationRunner.cc:584] Creating postupdate worker thread (1)
[component_container-3] (2026-04-05 21:05:20.957) [debug] [SimulationRunner.cc:584] Creating postupdate worker thread (2)
[component_container-3] (2026-04-05 21:05:20.957) [debug] [SimulationRunner.cc:584] Creating postupdate worker thread (3)
[component_container-3] (2026-04-05 21:05:20.957) [debug] [SimulationRunner.cc:584] Creating postupdate worker thread (4)
[component_container-3] (2026-04-05 21:05:20.957) [debug] [SimulationRunner.cc:584] Creating postupdate worker thread (5)
[component_container-3] (2026-04-05 21:05:20.957) [debug] [SimulationRunner.cc:584] Creating postupdate worker thread (6)
[component_container-3] (2026-04-05 21:05:20.957) [debug] [SimulationRunner.cc:584] Creating postupdate worker thread (7)
[component_container-3] (2026-04-05 21:05:20.957) [debug] [SimulationRunner.cc:584] Creating postupdate worker thread (8)
[component_container-3] (2026-04-05 21:05:20.957) [debug] [TouchPlugin.cc:267] Started touch plugin [sc_port_0/sc_port_base]
[component_container-3] (2026-04-05 21:05:20.958) [debug] [TouchPlugin.cc:267] Started touch plugin [nic_card_mount_0/sfp_port_0]
[component_container-3] (2026-04-05 21:05:20.958) [debug] [TouchPlugin.cc:267] Started touch plugin [nic_card_mount_0/sfp_port_1]
[component_container-3] (2026-04-05 21:05:23.164) [debug] [SdfEntityCreator.cc:547] Link has auto-inertial enabled: cable_0::lc_plug_link
[component_container-3] (2026-04-05 21:05:23.164) [debug] [SdfEntityCreator.cc:549]   pose: 0 0.0197 0 0 0 0
[component_container-3] (2026-04-05 21:05:23.164) [debug] [SdfEntityCreator.cc:550]   mass: 0.01
[component_container-3] (2026-04-05 21:05:23.164) [debug] [SdfEntityCreator.cc:551]   ixx iyy izz: 8.49658e-09 9.96094e-08 1.06153e-07
[component_container-3] (2026-04-05 21:05:23.164) [debug] [SdfEntityCreator.cc:553]   ixy ixz iyz: 0 0 2.13837e-15
[component_container-3] (2026-04-05 21:05:23.165) [debug] [SdfEntityCreator.cc:547] Link has auto-inertial enabled: cable_0::sc_plug_link
[component_container-3] (2026-04-05 21:05:23.165) [debug] [SdfEntityCreator.cc:549]   pose: -0.00907511 4.9566e-05 8.71699e-06 0 0 0
[component_container-3] (2026-04-05 21:05:23.165) [debug] [SdfEntityCreator.cc:550]   mass: 0.04
[component_container-3] (2026-04-05 21:05:23.165) [debug] [SdfEntityCreator.cc:551]   ixx iyy izz: 2.12257e-06 7.17318e-06 8.85404e-06
[component_container-3] (2026-04-05 21:05:23.165) [debug] [SdfEntityCreator.cc:553]   ixy ixz iyz: 1.24369e-08 -3.73363e-09 1.72827e-11
[component_container-3] (2026-04-05 21:05:23.165) [debug] [SdfEntityCreator.cc:547] Link has auto-inertial enabled: cable_0::sfp_module_link
[component_container-3] (2026-04-05 21:05:23.165) [debug] [SdfEntityCreator.cc:549]   pose: 0.00024115 0.00702224 0.000553372 0 0 0
[component_container-3] (2026-04-05 21:05:23.165) [debug] [SdfEntityCreator.cc:550]   mass: 0.02
[component_container-3] (2026-04-05 21:05:23.165) [debug] [SdfEntityCreator.cc:551]   ixx iyy izz: 2.81022e-06 5.74024e-07 3.07134e-06
[component_container-3] (2026-04-05 21:05:23.165) [debug] [SdfEntityCreator.cc:553]   ixy ixz iyz: 2.90452e-08 2.66891e-09 9.66165e-08
[component_container-3] (2026-04-05 21:05:23.169) [debug] [CablePlugin.cc:86] aic_gazebo::CablePlugin::Configure on entity: 242
[component_container-3] (2026-04-05 21:05:23.169) [info] [CablePlugin.cc:150] Cable transitioning to HARNESS state.
[component_container-3] (2026-04-05 21:05:23.169) [debug] [SystemManager.cc:80] Loaded system [aic_gazebo::CablePlugin] for entity [242]
[component_container-3] (2026-04-05 21:05:23.169) [debug] [SystemManager.cc:80] Loaded system [gz::sim::systems::PosePublisher] for entity [242]
[component_container-3] (2026-04-05 21:05:23.169) [debug] [UserCommands.cc:1108] Created entity [242] named [cable_0]
[component_container-3] [INFO] [1775390723.176355657] [gz_server]: InitializeCanonicalLinks
[component_container-3] (2026-04-05 21:05:23.178) [debug] [SimulationRunner.cc:600] Exiting postupdate worker thread (3)
[component_container-3] (2026-04-05 21:05:23.178) [debug] [SimulationRunner.cc:600] Exiting postupdate worker thread (7)
[component_container-3] (2026-04-05 21:05:23.178) [debug] [SimulationRunner.cc:600] Exiting postupdate worker thread (2)
[component_container-3] (2026-04-05 21:05:23.178) [debug] [SimulationRunner.cc:600] Exiting postupdate worker thread (4)
[component_container-3] (2026-04-05 21:05:23.178) [debug] [SimulationRunner.cc:600] Exiting postupdate worker thread (1)
[component_container-3] (2026-04-05 21:05:23.178) [debug] [SimulationRunner.cc:600] Exiting postupdate worker thread (6)
[component_container-3] (2026-04-05 21:05:23.178) [debug] [SimulationRunner.cc:600] Exiting postupdate worker thread (5)
[component_container-3] (2026-04-05 21:05:23.178) [debug] [SimulationRunner.cc:600] Exiting postupdate worker thread (0)
[component_container-3] (2026-04-05 21:05:23.178) [debug] [SimulationRunner.cc:600] Exiting postupdate worker thread (8)
[component_container-3] (2026-04-05 21:05:23.178) [debug] [SimulationRunner.cc:573] Creating PostUpdate worker threads: 12
[component_container-3] (2026-04-05 21:05:23.178) [debug] [SimulationRunner.cc:584] Creating postupdate worker thread (0)
[component_container-3] (2026-04-05 21:05:23.178) [debug] [SimulationRunner.cc:584] Creating postupdate worker thread (1)
[component_container-3] (2026-04-05 21:05:23.178) [debug] [SimulationRunner.cc:584] Creating postupdate worker thread (2)
[component_container-3] (2026-04-05 21:05:23.178) [debug] [SimulationRunner.cc:584] Creating postupdate worker thread (3)
[component_container-3] (2026-04-05 21:05:23.178) [debug] [SimulationRunner.cc:584] Creating postupdate worker thread (4)
[component_container-3] (2026-04-05 21:05:23.178) [debug] [SimulationRunner.cc:584] Creating postupdate worker thread (5)
[component_container-3] (2026-04-05 21:05:23.178) [debug] [SimulationRunner.cc:584] Creating postupdate worker thread (6)
[component_container-3] (2026-04-05 21:05:23.178) [debug] [SimulationRunner.cc:584] Creating postupdate worker thread (7)
[component_container-3] (2026-04-05 21:05:23.178) [debug] [SimulationRunner.cc:584] Creating postupdate worker thread (8)
[component_container-3] (2026-04-05 21:05:23.178) [debug] [SimulationRunner.cc:584] Creating postupdate worker thread (9)
[component_container-3] (2026-04-05 21:05:23.178) [debug] [SimulationRunner.cc:584] Creating postupdate worker thread (10)
[component_container-3] (2026-04-05 21:05:23.182) [info] [CablePlugin.cc:201] Cable transitioning to WAITING state.
[component_container-3] (2026-04-05 21:05:23.182) [info] [CablePlugin.cc:213] Cable transitioning to CREATE_CONNECTIONS state.
[component_container-3] (2026-04-05 21:05:23.182) [debug] [Physics.cc:2015] Creating detachable joint [418]
[component_container-3] (2026-04-05 21:05:23.182) [debug] [Physics.cc:2015] Creating detachable joint [421]
[component_container-3] (2026-04-05 21:05:23.182) [debug] [Physics.cc:2136] Detaching joint [418]
[component_container-3] (2026-04-05 21:05:23.182) [debug] [Physics.cc:2136] Detaching joint [421]
[component_container-3] (2026-04-05 21:05:23.183) [info] [CablePlugin.cc:247] Cable transitioning to CABLE_ATTACHED_TO_GRIPPER state.
[component_container-3] (2026-04-05 21:05:23.183) [debug] [Physics.cc:2015] Creating detachable joint [422]
[component_container-3] [INFO] [1775390723.212189253] [gz_server]: InitializeCanonicalLinks
[component_container-3] [INFO] [1775390728.928504683] [aic_controller]: Controller is already in Cartesian target mode.
[component_container-3] (2026-04-05 21:05:37.853) [debug] [TouchPlugin.cc:352] Model [nic_card_mount_0] started touching [sfp_tip_link/collision/contact_collision] at 24.99 s
[component_container-3] (2026-04-05 21:05:38.855) [debug] [TouchPlugin.cc:366] Model [nic_card_mount_0] touched [sfp_tip_link/collision/contact_collision] exclusively for 1 s
[component_container-3] (2026-04-05 21:05:38.855) [debug] [TouchPlugin.cc:273] Stopped touch plugin [nic_card_mount_0/sfp_port_0]
[component_container-3] (2026-04-05 21:05:38.855) [debug] [CablePlugin.cc:271] Cable connection 0 touched: 1. Topic: /nic_card_mount_0/sfp_port_0/touched
[component_container-3] (2026-04-05 21:05:38.856) [info] [CablePlugin.cc:281] Cable transitioning to ATTACH_CABLE_TO_PORT state.
[component_container-3] (2026-04-05 21:05:38.857) [debug] [Physics.cc:2136] Detaching joint [422]
[component_container-3] (2026-04-05 21:05:38.859) [info] [CablePlugin.cc:326] Cable transitioning to COMPLETED state.
[component_container-3] (2026-04-05 21:05:38.859) [debug] [Physics.cc:2015] Creating detachable joint [423]
[component_container-3] (2026-04-05 21:05:38.859) [debug] [Physics.cc:2015] Creating detachable joint [424]
[component_container-3] (2026-04-05 21:05:38.859) [debug] [Physics.cc:2015] Creating detachable joint [427]
[component_container-3] [INFO] [1775390738.860358801] [gz_server]: InitializeCanonicalLinks
[component_container-3] (2026-04-05 21:05:49.306) [debug] [UserCommands.cc:1158] Requesting removal of entity [118]
[component_container-3] (2026-04-05 21:05:49.326) [debug] [SimulationRunner.cc:600] Exiting postupdate worker thread (7)
[component_container-3] (2026-04-05 21:05:49.326) [debug] [SimulationRunner.cc:600] Exiting postupdate worker thread (9)
[component_container-3] (2026-04-05 21:05:49.326) [debug] [SimulationRunner.cc:600] Exiting postupdate worker thread (6)
[component_container-3] (2026-04-05 21:05:49.326) [debug] [SimulationRunner.cc:600] Exiting postupdate worker thread (4)
[component_container-3] (2026-04-05 21:05:49.326) [debug] [SimulationRunner.cc:600] Exiting postupdate worker thread (8)
[component_container-3] (2026-04-05 21:05:49.326) [debug] [SimulationRunner.cc:600] Exiting postupdate worker thread (10)
[component_container-3] (2026-04-05 21:05:49.326) [debug] [SimulationRunner.cc:600] Exiting postupdate worker thread (2)
[component_container-3] (2026-04-05 21:05:49.326) [debug] [SimulationRunner.cc:600] Exiting postupdate worker thread (0)
[component_container-3] (2026-04-05 21:05:49.326) [debug] [SimulationRunner.cc:600] Exiting postupdate worker thread (1)
[component_container-3] (2026-04-05 21:05:49.326) [debug] [SimulationRunner.cc:600] Exiting postupdate worker thread (3)
[component_container-3] (2026-04-05 21:05:49.326) [debug] [SimulationRunner.cc:600] Exiting postupdate worker thread (5)
[component_container-3] (2026-04-05 21:05:49.326) [debug] [SimulationRunner.cc:573] Creating PostUpdate worker threads: 8
[component_container-3] (2026-04-05 21:05:49.326) [debug] [SimulationRunner.cc:584] Creating postupdate worker thread (0)
[component_container-3] (2026-04-05 21:05:49.326) [debug] [SimulationRunner.cc:584] Creating postupdate worker thread (1)
[component_container-3] (2026-04-05 21:05:49.326) [debug] [SimulationRunner.cc:584] Creating postupdate worker thread (2)
[component_container-3] (2026-04-05 21:05:49.326) [debug] [SimulationRunner.cc:584] Creating postupdate worker thread (3)
[component_container-3] (2026-04-05 21:05:49.326) [debug] [SimulationRunner.cc:584] Creating postupdate worker thread (4)
[component_container-3] (2026-04-05 21:05:49.326) [debug] [SimulationRunner.cc:584] Creating postupdate worker thread (5)
[component_container-3] (2026-04-05 21:05:49.326) [debug] [SimulationRunner.cc:584] Creating postupdate worker thread (6)
[component_container-3] (2026-04-05 21:05:49.326) [debug] [UserCommands.cc:1158] Requesting removal of entity [242]
[component_container-3] (2026-04-05 21:05:49.327) [info] [CablePlugin.cc:162] Cable transitioning to CABLE_REMOVED state.
[component_container-3] [INFO] [1775390749.327692048] [controller_manager]: Deactivating controllers: [ aic_controller ]
[component_container-3] [INFO] [1775390749.327764924] [controller_manager]: Switch controller timeout is set to 0, using default 1s!
[component_container-3] [INFO] [1775390749.327767899] [controller_manager]: Requested controller switch from non-realtime loop
[component_container-3] [INFO] [1775390749.327846867] [controller_manager]: Deactivated controllers: [ aic_controller ]
[component_container-3] [INFO] [1775390749.327852748] [controller_manager]: Successfully switched controllers!
[component_container-3] (2026-04-05 21:05:49.329) [debug] [Physics.cc:2136] Detaching joint [423]
[component_container-3] (2026-04-05 21:05:49.329) [debug] [Physics.cc:2136] Detaching joint [424]
[component_container-3] (2026-04-05 21:05:49.329) [debug] [Physics.cc:2136] Detaching joint [427]
[component_container-3] (2026-04-05 21:05:49.330) [info] [ResetJointsPlugin.cc:105] Received reset request for joint: shoulder_pan_joint
[component_container-3] (2026-04-05 21:05:49.330) [info] [ResetJointsPlugin.cc:105] Received reset request for joint: shoulder_lift_joint
[component_container-3] (2026-04-05 21:05:49.330) [info] [ResetJointsPlugin.cc:105] Received reset request for joint: elbow_joint
[component_container-3] (2026-04-05 21:05:49.330) [info] [ResetJointsPlugin.cc:105] Received reset request for joint: wrist_1_joint
[component_container-3] (2026-04-05 21:05:49.330) [info] [ResetJointsPlugin.cc:105] Received reset request for joint: wrist_2_joint
[component_container-3] (2026-04-05 21:05:49.330) [info] [ResetJointsPlugin.cc:105] Received reset request for joint: wrist_3_joint
[component_container-3] (2026-04-05 21:05:49.356) [debug] [SimulationRunner.cc:600] Exiting postupdate worker thread (3)
[component_container-3] (2026-04-05 21:05:49.356) [debug] [SimulationRunner.cc:600] Exiting postupdate worker thread (2)
[component_container-3] (2026-04-05 21:05:49.356) [debug] [SimulationRunner.cc:600] Exiting postupdate worker thread (6)
[component_container-3] (2026-04-05 21:05:49.356) [debug] [SimulationRunner.cc:600] Exiting postupdate worker thread (4)
[component_container-3] (2026-04-05 21:05:49.356) [debug] [SimulationRunner.cc:600] Exiting postupdate worker thread (1)
[component_container-3] (2026-04-05 21:05:49.356) [debug] [SimulationRunner.cc:600] Exiting postupdate worker thread (5)
[component_container-3] (2026-04-05 21:05:49.356) [debug] [SimulationRunner.cc:600] Exiting postupdate worker thread (0)
[component_container-3] (2026-04-05 21:05:49.356) [debug] [SimulationRunner.cc:573] Creating PostUpdate worker threads: 6
[component_container-3] (2026-04-05 21:05:49.356) [debug] [SimulationRunner.cc:584] Creating postupdate worker thread (0)
[component_container-3] (2026-04-05 21:05:49.356) [debug] [SimulationRunner.cc:584] Creating postupdate worker thread (1)
[component_container-3] (2026-04-05 21:05:49.356) [debug] [SimulationRunner.cc:584] Creating postupdate worker thread (2)
[component_container-3] (2026-04-05 21:05:49.356) [debug] [SimulationRunner.cc:584] Creating postupdate worker thread (3)
[component_container-3] (2026-04-05 21:05:49.356) [debug] [SimulationRunner.cc:584] Creating postupdate worker thread (4)
[component_container-3] (2026-04-05 21:05:49.950) [info] [ResetJointsPlugin.cc:149] Joint wrist_3_joint reset to initial position: 1.411
[component_container-3] (2026-04-05 21:05:49.950) [info] [ResetJointsPlugin.cc:149] Joint wrist_2_joint reset to initial position: 1.571
[component_container-3] (2026-04-05 21:05:49.950) [info] [ResetJointsPlugin.cc:149] Joint wrist_1_joint reset to initial position: -1.6933
[component_container-3] (2026-04-05 21:05:49.950) [info] [ResetJointsPlugin.cc:149] Joint elbow_joint reset to initial position: -1.6648
[component_container-3] (2026-04-05 21:05:49.950) [info] [ResetJointsPlugin.cc:149] Joint shoulder_lift_joint reset to initial position: -1.3542
[component_container-3] (2026-04-05 21:05:49.950) [info] [ResetJointsPlugin.cc:149] Joint shoulder_pan_joint reset to initial position: -0.1597
[component_container-3] (2026-04-05 21:05:49.950) [warning] [Physics.cc:2467] Found both JointVelocityReset and JointVelocityCmd components for Joint [shoulder_pan_joint(Entity=102]). Ignoring JointVelocityCmd component.
[component_container-3] (2026-04-05 21:05:49.950) [warning] [Physics.cc:2467] Found both JointVelocityReset and JointVelocityCmd components for Joint [shoulder_lift_joint(Entity=103]). Ignoring JointVelocityCmd component.
[component_container-3] (2026-04-05 21:05:49.950) [warning] [Physics.cc:2467] Found both JointVelocityReset and JointVelocityCmd components for Joint [elbow_joint(Entity=104]). Ignoring JointVelocityCmd component.
[component_container-3] (2026-04-05 21:05:49.950) [warning] [Physics.cc:2467] Found both JointVelocityReset and JointVelocityCmd components for Joint [wrist_1_joint(Entity=105]). Ignoring JointVelocityCmd component.
[component_container-3] (2026-04-05 21:05:49.950) [warning] [Physics.cc:2467] Found both JointVelocityReset and JointVelocityCmd components for Joint [wrist_2_joint(Entity=106]). Ignoring JointVelocityCmd component.
[component_container-3] (2026-04-05 21:05:49.950) [warning] [Physics.cc:2467] Found both JointVelocityReset and JointVelocityCmd components for Joint [wrist_3_joint(Entity=107]). Ignoring JointVelocityCmd component.
[component_container-3] [INFO] [1775390749.950846488] [controller_manager]: Activating controllers: [ aic_controller ]
[component_container-3] [INFO] [1775390749.950942296] [controller_manager]: Requested controller switch from non-realtime loop
[component_container-3] [INFO] [1775390749.951018469] [controller_manager]: Activated controllers: [ aic_controller ]
[component_container-3] [INFO] [1775390749.951022156] [controller_manager]: Successfully switched controllers!
[component_container-3] (2026-04-05 21:05:50.039) [debug] [SdfEntityCreator.cc:547] Link has auto-inertial enabled: sc_port_0::sc_port_link
[component_container-3] (2026-04-05 21:05:50.039) [debug] [SdfEntityCreator.cc:549]   pose: 1.88554e-19 -0.00100271 0.000137321 0 0 0
[component_container-3] (2026-04-05 21:05:50.039) [debug] [SdfEntityCreator.cc:550]   mass: 0.04
[component_container-3] (2026-04-05 21:05:50.039) [debug] [SdfEntityCreator.cc:551]   ixx iyy izz: 1.86262e-06 5.50332e-06 6.55187e-06
[component_container-3] (2026-04-05 21:05:50.039) [debug] [SdfEntityCreator.cc:553]   ixy ixz iyz: -7.41324e-15 4.19415e-23 -5.5077e-09
[component_container-3] (2026-04-05 21:05:50.040) [debug] [SdfEntityCreator.cc:547] Link has auto-inertial enabled: nic_card_mount_1::nic_card_link
[component_container-3] (2026-04-05 21:05:50.040) [debug] [SdfEntityCreator.cc:549]   pose: 0.00150732 -0.00850988 0.00340281 0 0 0
[component_container-3] (2026-04-05 21:05:50.040) [debug] [SdfEntityCreator.cc:550]   mass: 0.15
[component_container-3] (2026-04-05 21:05:50.040) [debug] [SdfEntityCreator.cc:551]   ixx iyy izz: 0.000185176 4.95164e-05 0.000228127
[component_container-3] (2026-04-05 21:05:50.040) [debug] [SdfEntityCreator.cc:553]   ixy ixz iyz: -1.61776e-06 6.54063e-07 1.04636e-07
[component_container-3] (2026-04-05 21:05:50.041) [debug] [SystemManager.cc:80] Loaded system [gz::sim::systems::PosePublisher] for entity [428]
[component_container-3] (2026-04-05 21:05:50.041) [debug] [SystemManager.cc:80] Loaded system [gz::sim::systems::TouchPlugin] for entity [475]
[component_container-3] (2026-04-05 21:05:50.041) [debug] [SystemManager.cc:80] Loaded system [gz::sim::systems::TouchPlugin] for entity [498]
[component_container-3] (2026-04-05 21:05:50.041) [debug] [SystemManager.cc:80] Loaded system [gz::sim::systems::TouchPlugin] for entity [498]
[component_container-3] (2026-04-05 21:05:50.041) [debug] [UserCommands.cc:1108] Created entity [428] named [task_board]
[component_container-3] (2026-04-05 21:05:50.044) [info] [Contact.cc:125] Contact system publishing on world/aic_world/model/task_board/model/sc_port_0/link/sc_port_link/sensor/sc_port_sensor/contact
[component_container-3] (2026-04-05 21:05:50.044) [info] [Contact.cc:125] Contact system publishing on world/aic_world/model/task_board/model/nic_card_mount_1/link/nic_card_link/sensor/sfp_port_sensor/contact
[component_container-3] [INFO] [1775390750.044775108] [aic_controller]: Received service request to tare force torque sensor!
[component_container-3] [INFO] [1775390750.044797680] [aic_controller]: Successfully tared force torque sensor.
[component_container-3] [INFO] [1775390750.046303693] [gz_server]: InitializeCanonicalLinks
[component_container-3] (2026-04-05 21:05:50.046) [warning] [Component.hh:127] Trying to serialize component with data type [St10shared_ptrIN3sdf3v157ElementEE], which doesn't have `operator<<`. Component will not be serialized.
[component_container-3] (2026-04-05 21:05:50.047) [debug] [SimulationRunner.cc:600] Exiting postupdate worker thread (2)
[component_container-3] (2026-04-05 21:05:50.047) [debug] [SimulationRunner.cc:600] Exiting postupdate worker thread (3)
[component_container-3] (2026-04-05 21:05:50.047) [debug] [SimulationRunner.cc:600] Exiting postupdate worker thread (4)
[component_container-3] (2026-04-05 21:05:50.047) [debug] [SimulationRunner.cc:600] Exiting postupdate worker thread (1)
[component_container-3] (2026-04-05 21:05:50.047) [debug] [SimulationRunner.cc:600] Exiting postupdate worker thread (0)
[component_container-3] (2026-04-05 21:05:50.048) [debug] [SimulationRunner.cc:573] Creating PostUpdate worker threads: 10
[component_container-3] (2026-04-05 21:05:50.048) [debug] [SimulationRunner.cc:584] Creating postupdate worker thread (0)
[component_container-3] (2026-04-05 21:05:50.048) [debug] [SimulationRunner.cc:584] Creating postupdate worker thread (1)
[component_container-3] (2026-04-05 21:05:50.048) [debug] [SimulationRunner.cc:584] Creating postupdate worker thread (2)
[component_container-3] (2026-04-05 21:05:50.048) [debug] [SimulationRunner.cc:584] Creating postupdate worker thread (3)
[component_container-3] (2026-04-05 21:05:50.048) [debug] [SimulationRunner.cc:584] Creating postupdate worker thread (4)
[component_container-3] (2026-04-05 21:05:50.048) [debug] [SimulationRunner.cc:584] Creating postupdate worker thread (5)
[component_container-3] (2026-04-05 21:05:50.048) [debug] [SimulationRunner.cc:584] Creating postupdate worker thread (6)
[component_container-3] (2026-04-05 21:05:50.048) [debug] [SimulationRunner.cc:584] Creating postupdate worker thread (7)
[component_container-3] (2026-04-05 21:05:50.048) [debug] [SimulationRunner.cc:584] Creating postupdate worker thread (8)
[component_container-3] (2026-04-05 21:05:50.048) [debug] [TouchPlugin.cc:267] Started touch plugin [sc_port_0/sc_port_base]
[component_container-3] (2026-04-05 21:05:50.048) [debug] [TouchPlugin.cc:267] Started touch plugin [nic_card_mount_1/sfp_port_0]
[component_container-3] (2026-04-05 21:05:50.048) [debug] [TouchPlugin.cc:267] Started touch plugin [nic_card_mount_1/sfp_port_1]
[component_container-3] (2026-04-05 21:05:50.329) [debug] [SdfEntityCreator.cc:547] Link has auto-inertial enabled: cable_0::lc_plug_link
[component_container-3] (2026-04-05 21:05:50.329) [debug] [SdfEntityCreator.cc:549]   pose: 0 0.0197 0 0 0 0
[component_container-3] (2026-04-05 21:05:50.329) [debug] [SdfEntityCreator.cc:550]   mass: 0.01
[component_container-3] (2026-04-05 21:05:50.329) [debug] [SdfEntityCreator.cc:551]   ixx iyy izz: 8.49658e-09 9.96094e-08 1.06153e-07
[component_container-3] (2026-04-05 21:05:50.329) [debug] [SdfEntityCreator.cc:553]   ixy ixz iyz: 0 0 2.13837e-15
[component_container-3] (2026-04-05 21:05:50.329) [debug] [SdfEntityCreator.cc:547] Link has auto-inertial enabled: cable_0::sc_plug_link
[component_container-3] (2026-04-05 21:05:50.329) [debug] [SdfEntityCreator.cc:549]   pose: -0.00907511 4.9566e-05 8.71699e-06 0 0 0
[component_container-3] (2026-04-05 21:05:50.329) [debug] [SdfEntityCreator.cc:550]   mass: 0.04
[component_container-3] (2026-04-05 21:05:50.329) [debug] [SdfEntityCreator.cc:551]   ixx iyy izz: 2.12257e-06 7.17318e-06 8.85404e-06
[component_container-3] (2026-04-05 21:05:50.329) [debug] [SdfEntityCreator.cc:553]   ixy ixz iyz: 1.24369e-08 -3.73363e-09 1.72827e-11
[component_container-3] (2026-04-05 21:05:50.330) [debug] [SdfEntityCreator.cc:547] Link has auto-inertial enabled: cable_0::sfp_module_link
[component_container-3] (2026-04-05 21:05:50.330) [debug] [SdfEntityCreator.cc:549]   pose: 0.00024115 0.00702224 0.000553372 0 0 0
[component_container-3] (2026-04-05 21:05:50.330) [debug] [SdfEntityCreator.cc:550]   mass: 0.02
[component_container-3] (2026-04-05 21:05:50.330) [debug] [SdfEntityCreator.cc:551]   ixx iyy izz: 2.81022e-06 5.74024e-07 3.07134e-06
[component_container-3] (2026-04-05 21:05:50.330) [debug] [SdfEntityCreator.cc:553]   ixy ixz iyz: 2.90452e-08 2.66891e-09 9.66165e-08
[component_container-3] (2026-04-05 21:05:50.331) [debug] [CablePlugin.cc:86] aic_gazebo::CablePlugin::Configure on entity: 552
[component_container-3] (2026-04-05 21:05:50.331) [info] [CablePlugin.cc:150] Cable transitioning to HARNESS state.
[component_container-3] (2026-04-05 21:05:50.331) [debug] [SystemManager.cc:80] Loaded system [aic_gazebo::CablePlugin] for entity [552]
[component_container-3] (2026-04-05 21:05:50.331) [debug] [SystemManager.cc:80] Loaded system [gz::sim::systems::PosePublisher] for entity [552]
[component_container-3] (2026-04-05 21:05:50.331) [debug] [UserCommands.cc:1108] Created entity [552] named [cable_0]
[component_container-3] [INFO] [1775390750.338415457] [gz_server]: InitializeCanonicalLinks
[component_container-3] (2026-04-05 21:05:50.340) [debug] [SimulationRunner.cc:600] Exiting postupdate worker thread (2)
[component_container-3] (2026-04-05 21:05:50.340) [debug] [SimulationRunner.cc:600] Exiting postupdate worker thread (8)
[component_container-3] (2026-04-05 21:05:50.340) [debug] [SimulationRunner.cc:600] Exiting postupdate worker thread (7)
[component_container-3] (2026-04-05 21:05:50.340) [debug] [SimulationRunner.cc:600] Exiting postupdate worker thread (1)
[component_container-3] (2026-04-05 21:05:50.340) [debug] [SimulationRunner.cc:600] Exiting postupdate worker thread (5)
[component_container-3] (2026-04-05 21:05:50.340) [debug] [SimulationRunner.cc:600] Exiting postupdate worker thread (4)
[component_container-3] (2026-04-05 21:05:50.340) [debug] [SimulationRunner.cc:600] Exiting postupdate worker thread (0)
[component_container-3] (2026-04-05 21:05:50.340) [debug] [SimulationRunner.cc:600] Exiting postupdate worker thread (6)
[component_container-3] (2026-04-05 21:05:50.340) [debug] [SimulationRunner.cc:600] Exiting postupdate worker thread (3)
[component_container-3] (2026-04-05 21:05:50.340) [debug] [SimulationRunner.cc:573] Creating PostUpdate worker threads: 12
[component_container-3] (2026-04-05 21:05:50.340) [debug] [SimulationRunner.cc:584] Creating postupdate worker thread (0)
[component_container-3] (2026-04-05 21:05:50.340) [debug] [SimulationRunner.cc:584] Creating postupdate worker thread (1)
[component_container-3] (2026-04-05 21:05:50.340) [debug] [SimulationRunner.cc:584] Creating postupdate worker thread (2)
[component_container-3] (2026-04-05 21:05:50.340) [debug] [SimulationRunner.cc:584] Creating postupdate worker thread (3)
[component_container-3] (2026-04-05 21:05:50.340) [debug] [SimulationRunner.cc:584] Creating postupdate worker thread (4)
[component_container-3] (2026-04-05 21:05:50.340) [debug] [SimulationRunner.cc:584] Creating postupdate worker thread (5)
[component_container-3] (2026-04-05 21:05:50.340) [debug] [SimulationRunner.cc:584] Creating postupdate worker thread (6)
[component_container-3] (2026-04-05 21:05:50.340) [debug] [SimulationRunner.cc:584] Creating postupdate worker thread (7)
[component_container-3] (2026-04-05 21:05:50.340) [debug] [SimulationRunner.cc:584] Creating postupdate worker thread (8)
[component_container-3] (2026-04-05 21:05:50.340) [debug] [SimulationRunner.cc:584] Creating postupdate worker thread (9)
[component_container-3] (2026-04-05 21:05:50.340) [debug] [SimulationRunner.cc:584] Creating postupdate worker thread (10)
[component_container-3] (2026-04-05 21:05:50.340) [info] [CablePlugin.cc:201] Cable transitioning to WAITING state.
[component_container-3] (2026-04-05 21:05:50.340) [info] [CablePlugin.cc:213] Cable transitioning to CREATE_CONNECTIONS state.
[component_container-3] (2026-04-05 21:05:50.341) [debug] [Physics.cc:2015] Creating detachable joint [728]
[component_container-3] (2026-04-05 21:05:50.341) [debug] [Physics.cc:2015] Creating detachable joint [731]
[component_container-3] (2026-04-05 21:05:50.341) [debug] [Physics.cc:2136] Detaching joint [728]
[component_container-3] (2026-04-05 21:05:50.341) [debug] [Physics.cc:2136] Detaching joint [731]
[component_container-3] (2026-04-05 21:05:50.342) [info] [CablePlugin.cc:247] Cable transitioning to CABLE_ATTACHED_TO_GRIPPER state.
[component_container-3] (2026-04-05 21:05:50.342) [debug] [Physics.cc:2015] Creating detachable joint [732]
[component_container-3] [INFO] [1775390750.361377984] [gz_server]: InitializeCanonicalLinks
[component_container-3] (2026-04-05 21:06:04.955) [debug] [TouchPlugin.cc:352] Model [nic_card_mount_1] started touching [sfp_tip_link/collision/contact_collision] at 51.544 s
[component_container-3] (2026-04-05 21:06:05.957) [debug] [TouchPlugin.cc:366] Model [nic_card_mount_1] touched [sfp_tip_link/collision/contact_collision] exclusively for 1 s
[component_container-3] (2026-04-05 21:06:05.957) [debug] [TouchPlugin.cc:273] Stopped touch plugin [nic_card_mount_1/sfp_port_0]
[component_container-3] (2026-04-05 21:06:05.957) [debug] [CablePlugin.cc:271] Cable connection 0 touched: 1. Topic: /nic_card_mount_1/sfp_port_0/touched
[component_container-3] (2026-04-05 21:06:05.958) [info] [CablePlugin.cc:281] Cable transitioning to ATTACH_CABLE_TO_PORT state.
[component_container-3] (2026-04-05 21:06:05.959) [debug] [Physics.cc:2136] Detaching joint [732]
[component_container-3] (2026-04-05 21:06:05.960) [info] [CablePlugin.cc:326] Cable transitioning to COMPLETED state.
[component_container-3] (2026-04-05 21:06:05.960) [debug] [Physics.cc:2015] Creating detachable joint [733]
[component_container-3] (2026-04-05 21:06:05.960) [debug] [Physics.cc:2015] Creating detachable joint [734]
[component_container-3] (2026-04-05 21:06:05.960) [debug] [Physics.cc:2015] Creating detachable joint [737]
[component_container-3] [INFO] [1775390765.961652367] [gz_server]: InitializeCanonicalLinks
[component_container-3] (2026-04-05 21:06:16.256) [debug] [UserCommands.cc:1158] Requesting removal of entity [428]
[component_container-3] (2026-04-05 21:06:16.273) [debug] [SimulationRunner.cc:600] Exiting postupdate worker thread (0)
[component_container-3] (2026-04-05 21:06:16.273) [debug] [SimulationRunner.cc:600] Exiting postupdate worker thread (8)
[component_container-3] (2026-04-05 21:06:16.273) [debug] [SimulationRunner.cc:600] Exiting postupdate worker thread (5)
[component_container-3] (2026-04-05 21:06:16.273) [debug] [SimulationRunner.cc:600] Exiting postupdate worker thread (2)
[component_container-3] (2026-04-05 21:06:16.273) [debug] [SimulationRunner.cc:600] Exiting postupdate worker thread (4)
[component_container-3] (2026-04-05 21:06:16.273) [debug] [SimulationRunner.cc:600] Exiting postupdate worker thread (6)
[component_container-3] (2026-04-05 21:06:16.273) [debug] [SimulationRunner.cc:600] Exiting postupdate worker thread (3)
[component_container-3] (2026-04-05 21:06:16.273) [debug] [SimulationRunner.cc:600] Exiting postupdate worker thread (10)
[component_container-3] (2026-04-05 21:06:16.273) [debug] [SimulationRunner.cc:600] Exiting postupdate worker thread (7)
[component_container-3] (2026-04-05 21:06:16.273) [debug] [SimulationRunner.cc:600] Exiting postupdate worker thread (1)
[component_container-3] (2026-04-05 21:06:16.273) [debug] [SimulationRunner.cc:600] Exiting postupdate worker thread (9)
[component_container-3] (2026-04-05 21:06:16.274) [debug] [SimulationRunner.cc:573] Creating PostUpdate worker threads: 8
[component_container-3] (2026-04-05 21:06:16.274) [debug] [SimulationRunner.cc:584] Creating postupdate worker thread (0)
[component_container-3] (2026-04-05 21:06:16.274) [debug] [SimulationRunner.cc:584] Creating postupdate worker thread (1)
[component_container-3] (2026-04-05 21:06:16.274) [debug] [SimulationRunner.cc:584] Creating postupdate worker thread (2)
[component_container-3] (2026-04-05 21:06:16.274) [debug] [SimulationRunner.cc:584] Creating postupdate worker thread (3)
[component_container-3] (2026-04-05 21:06:16.274) [debug] [SimulationRunner.cc:584] Creating postupdate worker thread (4)
[component_container-3] (2026-04-05 21:06:16.274) [debug] [SimulationRunner.cc:584] Creating postupdate worker thread (5)
[component_container-3] (2026-04-05 21:06:16.274) [debug] [SimulationRunner.cc:584] Creating postupdate worker thread (6)
[component_container-3] (2026-04-05 21:06:16.274) [debug] [UserCommands.cc:1158] Requesting removal of entity [552]
[component_container-3] (2026-04-05 21:06:16.275) [info] [CablePlugin.cc:162] Cable transitioning to CABLE_REMOVED state.
[component_container-3] [INFO] [1775390776.275862799] [controller_manager]: Deactivating controllers: [ aic_controller ]
[component_container-3] [INFO] [1775390776.275939923] [controller_manager]: Requested controller switch from non-realtime loop
[component_container-3] [INFO] [1775390776.276014773] [controller_manager]: Deactivated controllers: [ aic_controller ]
[component_container-3] [INFO] [1775390776.276019421] [controller_manager]: Successfully switched controllers!
[component_container-3] (2026-04-05 21:06:16.277) [debug] [Physics.cc:2136] Detaching joint [733]
[component_container-3] (2026-04-05 21:06:16.277) [debug] [Physics.cc:2136] Detaching joint [734]
[component_container-3] (2026-04-05 21:06:16.277) [debug] [Physics.cc:2136] Detaching joint [737]
[component_container-3] (2026-04-05 21:06:16.278) [info] [ResetJointsPlugin.cc:105] Received reset request for joint: shoulder_pan_joint
[component_container-3] (2026-04-05 21:06:16.278) [info] [ResetJointsPlugin.cc:105] Received reset request for joint: shoulder_lift_joint
[component_container-3] (2026-04-05 21:06:16.278) [info] [ResetJointsPlugin.cc:105] Received reset request for joint: elbow_joint
[component_container-3] (2026-04-05 21:06:16.278) [info] [ResetJointsPlugin.cc:105] Received reset request for joint: wrist_1_joint
[component_container-3] (2026-04-05 21:06:16.278) [info] [ResetJointsPlugin.cc:105] Received reset request for joint: wrist_2_joint
[component_container-3] (2026-04-05 21:06:16.278) [info] [ResetJointsPlugin.cc:105] Received reset request for joint: wrist_3_joint
[component_container-3] (2026-04-05 21:06:16.299) [debug] [SimulationRunner.cc:600] Exiting postupdate worker thread (1)
[component_container-3] (2026-04-05 21:06:16.299) [debug] [SimulationRunner.cc:600] Exiting postupdate worker thread (0)
[component_container-3] (2026-04-05 21:06:16.299) [debug] [SimulationRunner.cc:600] Exiting postupdate worker thread (3)
[component_container-3] (2026-04-05 21:06:16.299) [debug] [SimulationRunner.cc:600] Exiting postupdate worker thread (5)
[component_container-3] (2026-04-05 21:06:16.299) [debug] [SimulationRunner.cc:600] Exiting postupdate worker thread (6)
[component_container-3] (2026-04-05 21:06:16.299) [debug] [SimulationRunner.cc:600] Exiting postupdate worker thread (4)
[component_container-3] (2026-04-05 21:06:16.299) [debug] [SimulationRunner.cc:600] Exiting postupdate worker thread (2)
[component_container-3] (2026-04-05 21:06:16.299) [debug] [SimulationRunner.cc:573] Creating PostUpdate worker threads: 6
[component_container-3] (2026-04-05 21:06:16.299) [debug] [SimulationRunner.cc:584] Creating postupdate worker thread (0)
[component_container-3] (2026-04-05 21:06:16.299) [debug] [SimulationRunner.cc:584] Creating postupdate worker thread (1)
[component_container-3] (2026-04-05 21:06:16.299) [debug] [SimulationRunner.cc:584] Creating postupdate worker thread (2)
[component_container-3] (2026-04-05 21:06:16.299) [debug] [SimulationRunner.cc:584] Creating postupdate worker thread (3)
[component_container-3] (2026-04-05 21:06:16.299) [debug] [SimulationRunner.cc:584] Creating postupdate worker thread (4)
[component_container-3] (2026-04-05 21:06:16.456) [info] [ResetJointsPlugin.cc:149] Joint wrist_3_joint reset to initial position: 1.411
[component_container-3] (2026-04-05 21:06:16.456) [info] [ResetJointsPlugin.cc:149] Joint wrist_2_joint reset to initial position: 1.571
[component_container-3] (2026-04-05 21:06:16.456) [info] [ResetJointsPlugin.cc:149] Joint wrist_1_joint reset to initial position: -1.6933
[component_container-3] (2026-04-05 21:06:16.456) [info] [ResetJointsPlugin.cc:149] Joint elbow_joint reset to initial position: -1.6648
[component_container-3] (2026-04-05 21:06:16.456) [info] [ResetJointsPlugin.cc:149] Joint shoulder_lift_joint reset to initial position: -1.3542
[component_container-3] (2026-04-05 21:06:16.456) [info] [ResetJointsPlugin.cc:149] Joint shoulder_pan_joint reset to initial position: -0.1597
[component_container-3] (2026-04-05 21:06:16.456) [warning] [Physics.cc:2467] Found both JointVelocityReset and JointVelocityCmd components for Joint [shoulder_pan_joint(Entity=102]). Ignoring JointVelocityCmd component.
[component_container-3] (2026-04-05 21:06:16.456) [warning] [Physics.cc:2467] Found both JointVelocityReset and JointVelocityCmd components for Joint [shoulder_lift_joint(Entity=103]). Ignoring JointVelocityCmd component.
[component_container-3] (2026-04-05 21:06:16.456) [warning] [Physics.cc:2467] Found both JointVelocityReset and JointVelocityCmd components for Joint [elbow_joint(Entity=104]). Ignoring JointVelocityCmd component.
[component_container-3] (2026-04-05 21:06:16.456) [warning] [Physics.cc:2467] Found both JointVelocityReset and JointVelocityCmd components for Joint [wrist_1_joint(Entity=105]). Ignoring JointVelocityCmd component.
[component_container-3] (2026-04-05 21:06:16.456) [warning] [Physics.cc:2467] Found both JointVelocityReset and JointVelocityCmd components for Joint [wrist_2_joint(Entity=106]). Ignoring JointVelocityCmd component.
[component_container-3] (2026-04-05 21:06:16.456) [warning] [Physics.cc:2467] Found both JointVelocityReset and JointVelocityCmd components for Joint [wrist_3_joint(Entity=107]). Ignoring JointVelocityCmd component.
[component_container-3] [INFO] [1775390776.456947138] [controller_manager]: Activating controllers: [ aic_controller ]
[component_container-3] [INFO] [1775390776.457028810] [controller_manager]: Requested controller switch from non-realtime loop
[component_container-3] [INFO] [1775390776.457120121] [controller_manager]: Activated controllers: [ aic_controller ]
[component_container-3] [INFO] [1775390776.457123367] [controller_manager]: Successfully switched controllers!
[component_container-3] (2026-04-05 21:06:16.538) [debug] [SdfEntityCreator.cc:547] Link has auto-inertial enabled: sc_port_1::sc_port_link
[component_container-3] (2026-04-05 21:06:16.538) [debug] [SdfEntityCreator.cc:549]   pose: 1.88554e-19 -0.00100271 0.000137321 0 0 0
[component_container-3] (2026-04-05 21:06:16.538) [debug] [SdfEntityCreator.cc:550]   mass: 0.04
[component_container-3] (2026-04-05 21:06:16.538) [debug] [SdfEntityCreator.cc:551]   ixx iyy izz: 1.86262e-06 5.50332e-06 6.55187e-06
[component_container-3] (2026-04-05 21:06:16.538) [debug] [SdfEntityCreator.cc:553]   ixy ixz iyz: -7.41324e-15 4.19415e-23 -5.5077e-09
[component_container-3] (2026-04-05 21:06:16.539) [debug] [SystemManager.cc:80] Loaded system [gz::sim::systems::PosePublisher] for entity [738]
[component_container-3] (2026-04-05 21:06:16.539) [debug] [SystemManager.cc:80] Loaded system [gz::sim::systems::TouchPlugin] for entity [775]
[component_container-3] (2026-04-05 21:06:16.539) [debug] [UserCommands.cc:1108] Created entity [738] named [task_board]
[component_container-3] (2026-04-05 21:06:16.542) [info] [Contact.cc:125] Contact system publishing on world/aic_world/model/task_board/model/sc_port_1/link/sc_port_link/sensor/sc_port_sensor/contact
[component_container-3] [INFO] [1775390776.542275982] [aic_controller]: Received service request to tare force torque sensor!
[component_container-3] [INFO] [1775390776.542299105] [aic_controller]: Successfully tared force torque sensor.
[component_container-3] [INFO] [1775390776.543135978] [gz_server]: InitializeCanonicalLinks
[component_container-3] (2026-04-05 21:06:16.543) [debug] [SimulationRunner.cc:600] Exiting postupdate worker thread (3)
[component_container-3] (2026-04-05 21:06:16.543) [debug] [SimulationRunner.cc:600] Exiting postupdate worker thread (0)
[component_container-3] (2026-04-05 21:06:16.543) [debug] [SimulationRunner.cc:600] Exiting postupdate worker thread (2)
[component_container-3] (2026-04-05 21:06:16.543) [debug] [SimulationRunner.cc:600] Exiting postupdate worker thread (4)
[component_container-3] (2026-04-05 21:06:16.543) [debug] [SimulationRunner.cc:600] Exiting postupdate worker thread (1)
[component_container-3] (2026-04-05 21:06:16.543) [debug] [SimulationRunner.cc:573] Creating PostUpdate worker threads: 8
[component_container-3] (2026-04-05 21:06:16.543) [debug] [SimulationRunner.cc:584] Creating postupdate worker thread (0)
[component_container-3] (2026-04-05 21:06:16.543) [debug] [SimulationRunner.cc:584] Creating postupdate worker thread (1)
[component_container-3] (2026-04-05 21:06:16.543) [debug] [SimulationRunner.cc:584] Creating postupdate worker thread (2)
[component_container-3] (2026-04-05 21:06:16.543) [debug] [SimulationRunner.cc:584] Creating postupdate worker thread (3)
[component_container-3] (2026-04-05 21:06:16.543) [debug] [SimulationRunner.cc:584] Creating postupdate worker thread (4)
[component_container-3] (2026-04-05 21:06:16.543) [debug] [SimulationRunner.cc:584] Creating postupdate worker thread (5)
[component_container-3] (2026-04-05 21:06:16.543) [debug] [SimulationRunner.cc:584] Creating postupdate worker thread (6)
[component_container-3] (2026-04-05 21:06:16.544) [debug] [TouchPlugin.cc:267] Started touch plugin [sc_port_1/sc_port_base]
[component_container-3] (2026-04-05 21:06:16.689) [debug] [SdfEntityCreator.cc:547] Link has auto-inertial enabled: cable_1::sc_plug_link
[component_container-3] (2026-04-05 21:06:16.689) [debug] [SdfEntityCreator.cc:549]   pose: -0.00907511 4.9566e-05 8.71699e-06 0 0 0
[component_container-3] (2026-04-05 21:06:16.690) [debug] [SdfEntityCreator.cc:550]   mass: 0.04
[component_container-3] (2026-04-05 21:06:16.690) [debug] [SdfEntityCreator.cc:551]   ixx iyy izz: 2.12257e-06 7.17318e-06 8.85404e-06
[component_container-3] (2026-04-05 21:06:16.690) [debug] [SdfEntityCreator.cc:553]   ixy ixz iyz: 1.24369e-08 -3.73363e-09 1.72827e-11
[component_container-3] (2026-04-05 21:06:16.690) [debug] [SdfEntityCreator.cc:547] Link has auto-inertial enabled: cable_1::lc_plug_link
[component_container-3] (2026-04-05 21:06:16.690) [debug] [SdfEntityCreator.cc:549]   pose: 0 -0.00428702 8.58528e-05 0 0 0
[component_container-3] (2026-04-05 21:06:16.690) [debug] [SdfEntityCreator.cc:550]   mass: 0.01
[component_container-3] (2026-04-05 21:06:16.690) [debug] [SdfEntityCreator.cc:551]   ixx iyy izz: 1.73585e-06 1.30886e-07 1.82579e-06
[component_container-3] (2026-04-05 21:06:16.690) [debug] [SdfEntityCreator.cc:553]   ixy ixz iyz: -3.13192e-14 3.63653e-15 -5.82954e-09
[component_container-3] (2026-04-05 21:06:16.690) [debug] [SdfEntityCreator.cc:547] Link has auto-inertial enabled: cable_1::sfp_module_link
[component_container-3] (2026-04-05 21:06:16.690) [debug] [SdfEntityCreator.cc:549]   pose: 0.000140388 0.0140944 0.000755794 0 0 0
[component_container-3] (2026-04-05 21:06:16.690) [debug] [SdfEntityCreator.cc:550]   mass: 0.02
[component_container-3] (2026-04-05 21:06:16.690) [debug] [SdfEntityCreator.cc:551]   ixx iyy izz: 3.52972e-06 5.95336e-07 3.76244e-06
[component_container-3] (2026-04-05 21:06:16.690) [debug] [SdfEntityCreator.cc:553]   ixy ixz iyz: 3.87677e-08 3.1005e-09 9.04204e-09
[component_container-3] (2026-04-05 21:06:16.691) [debug] [CablePlugin.cc:86] aic_gazebo::CablePlugin::Configure on entity: 798
[component_container-3] (2026-04-05 21:06:16.691) [info] [CablePlugin.cc:150] Cable transitioning to HARNESS state.
[component_container-3] (2026-04-05 21:06:16.691) [debug] [SystemManager.cc:80] Loaded system [aic_gazebo::CablePlugin] for entity [798]
[component_container-3] (2026-04-05 21:06:16.691) [debug] [SystemManager.cc:80] Loaded system [gz::sim::systems::PosePublisher] for entity [798]
[component_container-3] (2026-04-05 21:06:16.691) [debug] [UserCommands.cc:1108] Created entity [798] named [cable_1]
[component_container-3] [INFO] [1775390776.698562965] [gz_server]: InitializeCanonicalLinks
[component_container-3] (2026-04-05 21:06:16.700) [debug] [SimulationRunner.cc:600] Exiting postupdate worker thread (0)
[component_container-3] (2026-04-05 21:06:16.700) [debug] [SimulationRunner.cc:600] Exiting postupdate worker thread (3)
[component_container-3] (2026-04-05 21:06:16.700) [debug] [SimulationRunner.cc:600] Exiting postupdate worker thread (1)
[component_container-3] (2026-04-05 21:06:16.700) [debug] [SimulationRunner.cc:600] Exiting postupdate worker thread (6)
[component_container-3] (2026-04-05 21:06:16.700) [debug] [SimulationRunner.cc:600] Exiting postupdate worker thread (4)
[component_container-3] (2026-04-05 21:06:16.700) [debug] [SimulationRunner.cc:600] Exiting postupdate worker thread (5)
[component_container-3] (2026-04-05 21:06:16.700) [debug] [SimulationRunner.cc:600] Exiting postupdate worker thread (2)
[component_container-3] (2026-04-05 21:06:16.700) [debug] [SimulationRunner.cc:573] Creating PostUpdate worker threads: 10
[component_container-3] (2026-04-05 21:06:16.700) [debug] [SimulationRunner.cc:584] Creating postupdate worker thread (0)
[component_container-3] (2026-04-05 21:06:16.700) [debug] [SimulationRunner.cc:584] Creating postupdate worker thread (1)
[component_container-3] (2026-04-05 21:06:16.700) [debug] [SimulationRunner.cc:584] Creating postupdate worker thread (2)
[component_container-3] (2026-04-05 21:06:16.700) [debug] [SimulationRunner.cc:584] Creating postupdate worker thread (3)
[component_container-3] (2026-04-05 21:06:16.700) [debug] [SimulationRunner.cc:584] Creating postupdate worker thread (4)
[component_container-3] (2026-04-05 21:06:16.700) [debug] [SimulationRunner.cc:584] Creating postupdate worker thread (5)
[component_container-3] (2026-04-05 21:06:16.700) [debug] [SimulationRunner.cc:584] Creating postupdate worker thread (6)
[component_container-3] (2026-04-05 21:06:16.700) [debug] [SimulationRunner.cc:584] Creating postupdate worker thread (7)
[component_container-3] (2026-04-05 21:06:16.700) [debug] [SimulationRunner.cc:584] Creating postupdate worker thread (8)
[component_container-3] (2026-04-05 21:06:16.701) [info] [CablePlugin.cc:201] Cable transitioning to WAITING state.
[component_container-3] (2026-04-05 21:06:16.701) [info] [CablePlugin.cc:213] Cable transitioning to CREATE_CONNECTIONS state.
[component_container-3] (2026-04-05 21:06:16.701) [debug] [Physics.cc:2015] Creating detachable joint [996]
[component_container-3] (2026-04-05 21:06:16.701) [debug] [Physics.cc:2015] Creating detachable joint [999]
[component_container-3] (2026-04-05 21:06:16.702) [debug] [Physics.cc:2136] Detaching joint [996]
[component_container-3] (2026-04-05 21:06:16.702) [debug] [Physics.cc:2136] Detaching joint [999]
[component_container-3] (2026-04-05 21:06:16.702) [info] [CablePlugin.cc:247] Cable transitioning to CABLE_ATTACHED_TO_GRIPPER state.
[component_container-3] (2026-04-05 21:06:16.702) [debug] [Physics.cc:2015] Creating detachable joint [1000]
[component_container-3] [INFO] [1775390776.724251896] [gz_server]: InitializeCanonicalLinks
[component_container-3] (2026-04-05 21:06:30.555) [debug] [TouchPlugin.cc:352] Model [sc_port_1] started touching [sc_plug] at 76.772 s
[component_container-3] (2026-04-05 21:06:31.572) [debug] [TouchPlugin.cc:366] Model [sc_port_1] touched [sc_plug] exclusively for 1 s
[component_container-3] (2026-04-05 21:06:31.572) [debug] [TouchPlugin.cc:273] Stopped touch plugin [sc_port_1/sc_port_base]
[component_container-3] (2026-04-05 21:06:31.572) [debug] [CablePlugin.cc:271] Cable connection 0 touched: 1. Topic: /sc_port_1/sc_port_base/touched
[component_container-3] (2026-04-05 21:06:31.572) [info] [CablePlugin.cc:281] Cable transitioning to ATTACH_CABLE_TO_PORT state.
[component_container-3] (2026-04-05 21:06:31.573) [debug] [Physics.cc:2136] Detaching joint [1000]
[component_container-3] (2026-04-05 21:06:31.574) [info] [CablePlugin.cc:326] Cable transitioning to COMPLETED state.
[component_container-3] (2026-04-05 21:06:31.574) [debug] [Physics.cc:2015] Creating detachable joint [1001]
[component_container-3] (2026-04-05 21:06:31.574) [debug] [Physics.cc:2015] Creating detachable joint [1002]
[component_container-3] (2026-04-05 21:06:31.574) [debug] [Physics.cc:2015] Creating detachable joint [1005]
[component_container-3] [INFO] [1775390791.576411601] [gz_server]: InitializeCanonicalLinks
[component_container-3] (2026-04-05 21:06:37.436) [debug] [UserCommands.cc:1158] Requesting removal of entity [738]
[component_container-3] (2026-04-05 21:06:37.444) [debug] [SimulationRunner.cc:600] Exiting postupdate worker thread (6)
[component_container-3] (2026-04-05 21:06:37.444) [debug] [SimulationRunner.cc:600] Exiting postupdate worker thread (3)
[component_container-3] (2026-04-05 21:06:37.444) [debug] [SimulationRunner.cc:600] Exiting postupdate worker thread (4)
[component_container-3] (2026-04-05 21:06:37.444) [debug] [SimulationRunner.cc:600] Exiting postupdate worker thread (5)
[component_container-3] (2026-04-05 21:06:37.444) [debug] [SimulationRunner.cc:600] Exiting postupdate worker thread (2)
[component_container-3] (2026-04-05 21:06:37.444) [debug] [SimulationRunner.cc:600] Exiting postupdate worker thread (7)
[component_container-3] (2026-04-05 21:06:37.444) [debug] [SimulationRunner.cc:600] Exiting postupdate worker thread (1)
[component_container-3] (2026-04-05 21:06:37.444) [debug] [SimulationRunner.cc:600] Exiting postupdate worker thread (8)
[component_container-3] (2026-04-05 21:06:37.444) [debug] [SimulationRunner.cc:600] Exiting postupdate worker thread (0)
[component_container-3] (2026-04-05 21:06:37.445) [debug] [SimulationRunner.cc:573] Creating PostUpdate worker threads: 8
[component_container-3] (2026-04-05 21:06:37.445) [debug] [SimulationRunner.cc:584] Creating postupdate worker thread (0)
[component_container-3] (2026-04-05 21:06:37.445) [debug] [SimulationRunner.cc:584] Creating postupdate worker thread (1)
[component_container-3] (2026-04-05 21:06:37.445) [debug] [SimulationRunner.cc:584] Creating postupdate worker thread (2)
[component_container-3] (2026-04-05 21:06:37.445) [debug] [SimulationRunner.cc:584] Creating postupdate worker thread (3)
[component_container-3] (2026-04-05 21:06:37.445) [debug] [SimulationRunner.cc:584] Creating postupdate worker thread (4)
[component_container-3] (2026-04-05 21:06:37.445) [debug] [SimulationRunner.cc:584] Creating postupdate worker thread (5)
[component_container-3] (2026-04-05 21:06:37.445) [debug] [SimulationRunner.cc:584] Creating postupdate worker thread (6)
[component_container-3] (2026-04-05 21:06:37.445) [debug] [UserCommands.cc:1158] Requesting removal of entity [798]
[component_container-3] (2026-04-05 21:06:37.446) [info] [CablePlugin.cc:162] Cable transitioning to CABLE_REMOVED state.
[component_container-3] [INFO] [1775390797.446294855] [controller_manager]: Deactivating controllers: [ aic_controller ]
[component_container-3] [INFO] [1775390797.446362401] [controller_manager]: Requested controller switch from non-realtime loop
[component_container-3] [INFO] [1775390797.446433724] [controller_manager]: Deactivated controllers: [ aic_controller ]
[component_container-3] [INFO] [1775390797.446439194] [controller_manager]: Successfully switched controllers!
[component_container-3] (2026-04-05 21:06:37.448) [debug] [Physics.cc:2136] Detaching joint [1001]
[component_container-3] (2026-04-05 21:06:37.448) [debug] [Physics.cc:2136] Detaching joint [1002]
[component_container-3] (2026-04-05 21:06:37.448) [debug] [Physics.cc:2136] Detaching joint [1005]
[component_container-3] (2026-04-05 21:06:37.449) [info] [ResetJointsPlugin.cc:105] Received reset request for joint: shoulder_pan_joint
[component_container-3] (2026-04-05 21:06:37.449) [info] [ResetJointsPlugin.cc:105] Received reset request for joint: shoulder_lift_joint
[component_container-3] (2026-04-05 21:06:37.449) [info] [ResetJointsPlugin.cc:105] Received reset request for joint: elbow_joint
[component_container-3] (2026-04-05 21:06:37.449) [info] [ResetJointsPlugin.cc:105] Received reset request for joint: wrist_1_joint
[component_container-3] (2026-04-05 21:06:37.449) [info] [ResetJointsPlugin.cc:105] Received reset request for joint: wrist_2_joint
[component_container-3] (2026-04-05 21:06:37.449) [info] [ResetJointsPlugin.cc:105] Received reset request for joint: wrist_3_joint
[component_container-3] (2026-04-05 21:06:37.471) [debug] [SimulationRunner.cc:600] Exiting postupdate worker thread (6)
[component_container-3] (2026-04-05 21:06:37.471) [debug] [SimulationRunner.cc:600] Exiting postupdate worker thread (5)
[component_container-3] (2026-04-05 21:06:37.471) [debug] [SimulationRunner.cc:600] Exiting postupdate worker thread (1)
[component_container-3] (2026-04-05 21:06:37.471) [debug] [SimulationRunner.cc:600] Exiting postupdate worker thread (3)
[component_container-3] (2026-04-05 21:06:37.471) [debug] [SimulationRunner.cc:600] Exiting postupdate worker thread (2)
[component_container-3] (2026-04-05 21:06:37.471) [debug] [SimulationRunner.cc:600] Exiting postupdate worker thread (4)
[component_container-3] (2026-04-05 21:06:37.471) [debug] [SimulationRunner.cc:600] Exiting postupdate worker thread (0)
[component_container-3] (2026-04-05 21:06:37.471) [debug] [SimulationRunner.cc:573] Creating PostUpdate worker threads: 6
[component_container-3] (2026-04-05 21:06:37.471) [debug] [SimulationRunner.cc:584] Creating postupdate worker thread (0)
[component_container-3] (2026-04-05 21:06:37.471) [debug] [SimulationRunner.cc:584] Creating postupdate worker thread (1)
[component_container-3] (2026-04-05 21:06:37.471) [debug] [SimulationRunner.cc:584] Creating postupdate worker thread (2)
[component_container-3] (2026-04-05 21:06:37.471) [debug] [SimulationRunner.cc:584] Creating postupdate worker thread (3)
[component_container-3] (2026-04-05 21:06:37.471) [debug] [SimulationRunner.cc:584] Creating postupdate worker thread (4)
[component_container-3] (2026-04-05 21:06:38.191) [info] [ResetJointsPlugin.cc:149] Joint wrist_3_joint reset to initial position: 1.411
[component_container-3] (2026-04-05 21:06:38.191) [info] [ResetJointsPlugin.cc:149] Joint wrist_2_joint reset to initial position: 1.571
[component_container-3] (2026-04-05 21:06:38.191) [info] [ResetJointsPlugin.cc:149] Joint wrist_1_joint reset to initial position: -1.6933
[component_container-3] (2026-04-05 21:06:38.191) [info] [ResetJointsPlugin.cc:149] Joint elbow_joint reset to initial position: -1.6648
[component_container-3] (2026-04-05 21:06:38.191) [info] [ResetJointsPlugin.cc:149] Joint shoulder_lift_joint reset to initial position: -1.3542
[component_container-3] (2026-04-05 21:06:38.191) [info] [ResetJointsPlugin.cc:149] Joint shoulder_pan_joint reset to initial position: -0.1597
[component_container-3] (2026-04-05 21:06:38.191) [warning] [Physics.cc:2467] Found both JointVelocityReset and JointVelocityCmd components for Joint [shoulder_pan_joint(Entity=102]). Ignoring JointVelocityCmd component.
[component_container-3] (2026-04-05 21:06:38.191) [warning] [Physics.cc:2467] Found both JointVelocityReset and JointVelocityCmd components for Joint [shoulder_lift_joint(Entity=103]). Ignoring JointVelocityCmd component.
[component_container-3] (2026-04-05 21:06:38.191) [warning] [Physics.cc:2467] Found both JointVelocityReset and JointVelocityCmd components for Joint [elbow_joint(Entity=104]). Ignoring JointVelocityCmd component.
[component_container-3] (2026-04-05 21:06:38.191) [warning] [Physics.cc:2467] Found both JointVelocityReset and JointVelocityCmd components for Joint [wrist_1_joint(Entity=105]). Ignoring JointVelocityCmd component.
[component_container-3] (2026-04-05 21:06:38.191) [warning] [Physics.cc:2467] Found both JointVelocityReset and JointVelocityCmd components for Joint [wrist_2_joint(Entity=106]). Ignoring JointVelocityCmd component.
[component_container-3] (2026-04-05 21:06:38.191) [warning] [Physics.cc:2467] Found both JointVelocityReset and JointVelocityCmd components for Joint [wrist_3_joint(Entity=107]). Ignoring JointVelocityCmd component.
[component_container-3] [INFO] [1775390798.192003850] [controller_manager]: Activating controllers: [ aic_controller ]
[component_container-3] [INFO] [1775390798.192085443] [controller_manager]: Requested controller switch from non-realtime loop
[component_container-3] [INFO] [1775390798.192159741] [controller_manager]: Activated controllers: [ aic_controller ]
[component_container-3] [INFO] [1775390798.192163969] [controller_manager]: Successfully switched controllers!
