ZENOH_CONFIG_OVERRIDE_ROUTER=mode="router";listen/endpoints=["tcp/[::]:7447"];connect/endpoints=[];routing/router/peers_failover_brokering=true;transport/shared_memory/enabled=false
ZENOH_CONFIG_OVERRIDE_PEER=;transport/shared_memory/enabled=false
[2m2026-04-03T18:13:30.375553Z[0m [32m INFO[0m ThreadId(02) [2mzenoh::net::runtime[0m[2m:[0m Using ZID: f62219e44405d0f837de99d7b94dcf6d
[2m2026-04-03T18:13:30.375580Z[0m [33m WARN[0m ThreadId(02) [2mzenoh::net::routing::interceptor::authorization[0m[2m:[0m Rule 'deny_rule' flows list is not set. Setting it to both Ingress and Egress
[2m2026-04-03T18:13:30.375954Z[0m [32m INFO[0m ThreadId(02) [2mzenoh::net::runtime::orchestrator[0m[2m:[0m Zenoh can be reached at: tcp/[fd7a:115c:a1e0::ef01:8616]:7447
[2m2026-04-03T18:13:30.375959Z[0m [32m INFO[0m ThreadId(02) [2mzenoh::net::runtime::orchestrator[0m[2m:[0m Zenoh can be reached at: tcp/100.72.134.15:7447
[2m2026-04-03T18:13:30.375960Z[0m [32m INFO[0m ThreadId(02) [2mzenoh::net::runtime::orchestrator[0m[2m:[0m Zenoh can be reached at: tcp/[fe80::9df:42b2:b8a7:2ac4]:7447
[2m2026-04-03T18:13:30.375960Z[0m [32m INFO[0m ThreadId(02) [2mzenoh::net::runtime::orchestrator[0m[2m:[0m Zenoh can be reached at: tcp/172.30.1.38:7447
[INFO] [launch]: All log files can be found below /home/weed/.ros/log/2026-04-04-03-13-30-404935-aic_eval.weed-System-Product-Name-1276727
[INFO] [launch]: Default logging verbosity is set to INFO
[2m2026-04-03T18:13:30.614480Z[0m [32m INFO[0m acc-0 ThreadId(04) [2mzenoh::net::routing::interceptor::access_control[0m[2m:[0m 453255532df8214b5b703cbbf391bbff did not match any configured ACL subject. Default permission `Allow` will be applied on all messages
[INFO] [robot_state_publisher-1]: process started with pid [1276825]
[INFO] [aic_adapter-2]: process started with pid [1276826]
[INFO] [component_container-3]: process started with pid [1276827]
[INFO] [gz-4]: process started with pid [1276828]
[INFO] [create-5]: process started with pid [1276829]
[INFO] [relay-6]: process started with pid [1276830]
[INFO] [static_transform_publisher-7]: process started with pid [1276831]
[2m2026-04-03T18:13:30.711612Z[0m [32m INFO[0m acc-0 ThreadId(04) [2mzenoh::net::routing::interceptor::access_control[0m[2m:[0m 36559682b3c6cb3c9b602e0cbd990df5 did not match any configured ACL subject. Default permission `Allow` will be applied on all messages
[2m2026-04-03T18:13:30.711661Z[0m [32m INFO[0m acc-0 ThreadId(04) [2mzenoh::net::routing::interceptor::access_control[0m[2m:[0m f450f55692d3aa134f9c6bce8a497767 did not match any configured ACL subject. Default permission `Allow` will be applied on all messages
[2m2026-04-03T18:13:30.711687Z[0m [32m INFO[0m acc-0 ThreadId(04) [2mzenoh::net::routing::interceptor::access_control[0m[2m:[0m d74675ae8f350bbc697ff98598f57c80 did not match any configured ACL subject. Default permission `Allow` will be applied on all messages
[2m2026-04-03T18:13:30.712139Z[0m [32m INFO[0m acc-0 ThreadId(04) [2mzenoh::net::routing::interceptor::access_control[0m[2m:[0m 621bf8432a3ca810ad3a9a12b4bb2025 did not match any configured ACL subject. Default permission `Allow` will be applied on all messages
[2m2026-04-03T18:13:30.712407Z[0m [32m INFO[0m acc-0 ThreadId(04) [2mzenoh::net::routing::interceptor::access_control[0m[2m:[0m 2e79d9ccfaaa1ab3f87d1ce4fed56f1f did not match any configured ACL subject. Default permission `Allow` will be applied on all messages
[2m2026-04-03T18:13:30.717209Z[0m [32m INFO[0m acc-0 ThreadId(04) [2mzenoh::net::routing::interceptor::access_control[0m[2m:[0m b694fd67dbcb85b3b0149290839ef60c did not match any configured ACL subject. Default permission `Allow` will be applied on all messages
[static_transform_publisher-7] [INFO] [1775240010.718449081] [ground_truth_static_tf_publisher]: Spinning until stopped - publishing transform
[static_transform_publisher-7] translation: ('0.000000', '0.000000', '0.000000')
[static_transform_publisher-7] rotation: ('0.000000', '0.000000', '0.000000', '1.000000')
[static_transform_publisher-7] from 'world' to 'aic_world'
[aic_adapter-2] [INFO] [1775240010.720432912] [aic_adapter_node]: Adapter node initialization complete.
[robot_state_publisher-1] [INFO] [1775240010.720712214] [robot_state_publisher]: Robot initialized
[create-5] [INFO] [1775240010.723290086] [ros_gz_sim]: Requesting list of world names.
[gz-4] qt.qpa.xcb: could not connect to display 
[gz-4] qt.qpa.plugin: Could not load the Qt platform plugin "xcb" in "" even though it was found.
[gz-4] This application failed to start because no Qt platform plugin could be initialized. Reinstalling the application may fix this problem.
[gz-4] 
[gz-4] Available platform plugins are: eglfs, linuxfb, minimal, minimalegl, offscreen, vnc, wayland-egl, wayland, wayland-xcomposite-egl, wayland-xcomposite-glx, xcb.
[gz-4] 
[gz-4] Stack trace (most recent call last):
[gz-4] #29   Object "[0xffffffffffffffff]", at 0xffffffffffffffff, in 
[gz-4] #28   Object "gz sim -g", at 0x61a6b3f951d4, in _start
[gz-4] #27   Object "/lib/x86_64-linux-gnu/libc.so.6", at 0x79156f36a28a, in __libc_start_main
[gz-4] #26   Object "/lib/x86_64-linux-gnu/libc.so.6", at 0x79156f36a1c9, in 
[gz-4] #25   Object "gz sim -g", at 0x61a6b3f95186, in 
[gz-4] #24   Object "/lib/x86_64-linux-gnu/libruby-3.2.so.3.2", at 0x79156f7d0152, in ruby_run_node
[gz-4] #23   Object "/lib/x86_64-linux-gnu/libruby-3.2.so.3.2", at 0x79156f7cbe2b, in 
[gz-4] #22   Object "/lib/x86_64-linux-gnu/libruby-3.2.so.3.2", at 0x79156f96eb49, in rb_vm_exec
[gz-4] #21   Object "/lib/x86_64-linux-gnu/libruby-3.2.so.3.2", at 0x79156f96b62b, in 
[gz-4] #20   Object "/lib/x86_64-linux-gnu/libruby-3.2.so.3.2", at 0x79156f96713e, in 
[gz-4] #19   Object "/lib/x86_64-linux-gnu/libruby-3.2.so.3.2", at 0x79156f96492f, in 
[gz-4] #18   Object "/usr/lib/x86_64-linux-gnu/ruby/3.2.0/fiddle.so", at 0x79156ea87b13, in 
[gz-4] #17   Object "/lib/x86_64-linux-gnu/libruby-3.2.so.3.2", at 0x79156f92d37b, in rb_nogvl
[gz-4] #16   Object "/usr/lib/x86_64-linux-gnu/ruby/3.2.0/fiddle.so", at 0x79156ea8743b, in 
[gz-4] #15   Object "/lib/x86_64-linux-gnu/libffi.so.8", at 0x79156ea0b0bd, in ffi_call
[gz-4] #14   Object "/lib/x86_64-linux-gnu/libffi.so.8", at 0x79156ea083ee, in 
[gz-4] #13   Object "/lib/x86_64-linux-gnu/libffi.so.8", at 0x79156ea0bb15, in 
[gz-4] #12   Object "/ws_aic/install/lib/libgz-sim9-gz.so.9.5.0", at 0x791569a23a65, in runGui
[gz-4] #11   Object "/ws_aic/install/lib/libgz-sim9-gui.so.9", at 0x791569856c8c, in gz::sim::v9::gui::runGui(int&, char**, char const*, char const*, int, char const*, char const*)
[gz-4] #10   Object "/ws_aic/install/lib/libgz-sim9-gui.so.9", at 0x791569853970, in gz::sim::v9::gui::createGui(int&, char**, char const*, char const*, bool, char const*, int, char const*, char const*)
[gz-4] #9    Object "/ws_aic/install/lib/libgz-gui9.so.9", at 0x79156842866b, in gz::gui::Application::Application(int&, char**, gz::gui::WindowType, char const*)
[gz-4] #8    Object "/lib/x86_64-linux-gnu/libQt5Widgets.so.5", at 0x7915674ab5b4, in QApplicationPrivate::init()
[gz-4] #7    Object "/lib/x86_64-linux-gnu/libQt5Gui.so.5", at 0x791566d81b9e, in QGuiApplicationPrivate::init()
[gz-4] #6    Object "/lib/x86_64-linux-gnu/libQt5Core.so.5", at 0x791568788ff4, in QCoreApplicationPrivate::init()
[gz-4] #5    Object "/lib/x86_64-linux-gnu/libQt5Gui.so.5", at 0x791566d7ec1f, in QGuiApplicationPrivate::createEventDispatcher()
[gz-4] #4    Object "/lib/x86_64-linux-gnu/libQt5Gui.so.5", at 0x791566d7e6dc, in QGuiApplicationPrivate::createPlatformIntegration()
[gz-4] #3    Object "/lib/x86_64-linux-gnu/libQt5Core.so.5", at 0x79156853b103, in QMessageLogger::fatal(char const*, ...) const
[gz-4] #2    Object "/lib/x86_64-linux-gnu/libc.so.6", at 0x79156f3688fe, in abort
[gz-4] #1    Object "/lib/x86_64-linux-gnu/libc.so.6", at 0x79156f38527d, in gsignal
[gz-4] #0    Object "/lib/x86_64-linux-gnu/libc.so.6", at 0x79156f3deb2c, in pthread_kill
[gz-4] Aborted (Signal sent by tkill() 1276828 0)
[component_container-3] [INFO] [1775240010.874129756] [ros_gz_container]: Load Library: /ws_aic/install/lib/libgzserver_component.so
Started Zenoh router with id f62219e44405d0f837de99d7b94dcf6d
[ERROR] [gz-4]: process has died [pid 1276828, exit code -6, cmd 'gz sim -g'].
[component_container-3] [INFO] [1775240010.889640237] [ros_gz_container]: Found class: rclcpp_components::NodeFactoryTemplate<ros_gz_sim::GzServer>
[component_container-3] [INFO] [1775240010.889668800] [ros_gz_container]: Instantiate class: rclcpp_components::NodeFactoryTemplate<ros_gz_sim::GzServer>
[component_container-3] [INFO] [1775240010.890805777] [ros_gz_container]: Load Library: /ws_aic/install/lib/libros_gz_bridge.so
[INFO] [launch_ros.actions.load_composable_nodes]: Loaded node '/gz_server' in container '/ros_gz_container'
[component_container-3] [INFO] [1775240010.905535116] [ros_gz_container]: Found class: rclcpp_components::NodeFactoryTemplate<ros_gz_bridge::RosGzBridge>
[component_container-3] [INFO] [1775240010.905551527] [ros_gz_container]: Instantiate class: rclcpp_components::NodeFactoryTemplate<ros_gz_bridge::RosGzBridge>
[INFO] [launch_ros.actions.load_composable_nodes]: Loaded node '/ros_gz_bridge' in container 'ros_gz_container'
[component_container-3] (2026-04-04 03:13:30.927) [info] [ServerPrivate.cc:664] Loading SDF world file[/ws_aic/install/share/aic_description/world/aic.sdf].
[2m2026-04-03T18:13:31.325900Z[0m [32m INFO[0m acc-0 ThreadId(04) [2mzenoh::net::routing::interceptor::access_control[0m[2m:[0m 30efd4450f30c3ec893c039463e21a66 did not match any configured ACL subject. Default permission `Allow` will be applied on all messages
[2m2026-04-03T18:13:31.326773Z[0m [32m INFO[0m acc-0 ThreadId(04) [2mzenoh::net::routing::interceptor::access_control[0m[2m:[0m 3590225cfa4455f88849cfc8c741f1ed did not match any configured ACL subject. Default permission `Allow` will be applied on all messages
[2m2026-04-03T18:13:31.327980Z[0m [32m INFO[0m acc-0 ThreadId(04) [2mzenoh::net::routing::interceptor::access_control[0m[2m:[0m d540a1e176999ba73ccbc7825b14df0d did not match any configured ACL subject. Default permission `Allow` will be applied on all messages
[2m2026-04-03T18:13:31.328523Z[0m [32m INFO[0m acc-0 ThreadId(04) [2mzenoh::net::routing::interceptor::access_control[0m[2m:[0m 3bd9d907b427f1aabcce4811eed14488 did not match any configured ACL subject. Default permission `Allow` will be applied on all messages
[2m2026-04-03T18:13:31.329087Z[0m [32m INFO[0m acc-0 ThreadId(04) [2mzenoh::net::routing::interceptor::access_control[0m[2m:[0m 37fdafe7d83a2c9456637adda379d21f did not match any configured ACL subject. Default permission `Allow` will be applied on all messages
[2m2026-04-03T18:13:31.330334Z[0m [32m INFO[0m acc-0 ThreadId(04) [2mzenoh::net::routing::interceptor::access_control[0m[2m:[0m b07c7ef2cb95281443c6112a2d7541e5 did not match any configured ACL subject. Default permission `Allow` will be applied on all messages
[2m2026-04-03T18:13:31.330502Z[0m [32m INFO[0m acc-0 ThreadId(04) [2mzenoh::net::routing::interceptor::access_control[0m[2m:[0m d1405f495974fa755b67e99c41a0dd25 did not match any configured ACL subject. Default permission `Allow` will be applied on all messages
[2m2026-04-03T18:13:31.330640Z[0m [32m INFO[0m acc-0 ThreadId(04) [2mzenoh::net::routing::interceptor::access_control[0m[2m:[0m 4fbe757f1ba9f503fa947f0fa6eb3bde did not match any configured ACL subject. Default permission `Allow` will be applied on all messages
[component_container-3] [INFO] [1775240011.915458565] [ros_gz_bridge]: Creating GZ->ROS Bridge: [/clock (gz.msgs.Clock) -> /clock (rosgraph_msgs/msg/Clock)] (Lazy 0)
[component_container-3] [INFO] [1775240011.916450240] [ros_gz_bridge]: Creating GZ->ROS Bridge: [/left_camera/image (gz.msgs.Image) -> /left_camera/image (sensor_msgs/msg/Image)] (Lazy 1)
[component_container-3] [INFO] [1775240011.917395629] [ros_gz_bridge]: Creating GZ->ROS Bridge: [/center_camera/image (gz.msgs.Image) -> /center_camera/image (sensor_msgs/msg/Image)] (Lazy 1)
[component_container-3] [INFO] [1775240011.917672346] [ros_gz_bridge]: Creating GZ->ROS Bridge: [/right_camera/image (gz.msgs.Image) -> /right_camera/image (sensor_msgs/msg/Image)] (Lazy 1)
[component_container-3] [INFO] [1775240011.917904681] [ros_gz_bridge]: Creating GZ->ROS Bridge: [/left_camera/camera_info (gz.msgs.CameraInfo) -> /left_camera/camera_info (sensor_msgs/msg/CameraInfo)] (Lazy 1)
[component_container-3] [INFO] [1775240011.918173313] [ros_gz_bridge]: Creating GZ->ROS Bridge: [/center_camera/camera_info (gz.msgs.CameraInfo) -> /center_camera/camera_info (sensor_msgs/msg/CameraInfo)] (Lazy 1)
[component_container-3] [INFO] [1775240011.918346237] [ros_gz_bridge]: Creating GZ->ROS Bridge: [/right_camera/camera_info (gz.msgs.CameraInfo) -> /right_camera/camera_info (sensor_msgs/msg/CameraInfo)] (Lazy 1)
[component_container-3] [INFO] [1775240011.918519891] [ros_gz_bridge]: Creating GZ->ROS Bridge: [/aic/gazebo/contacts/off_limit (gz.msgs.Contacts) -> /aic/gazebo/contacts/off_limit (ros_gz_interfaces/msg/Contacts)] (Lazy 1)
[component_container-3] [INFO] [1775240011.919148036] [ros_gz_bridge]: Creating GZ->ROS Bridge: [/cable_0/pose (gz.msgs.Pose_V) -> /scoring/tf (tf2_msgs/msg/TFMessage)] (Lazy 1)
[component_container-3] [INFO] [1775240011.919776893] [ros_gz_bridge]: Creating GZ->ROS Bridge: [/cable_1/pose (gz.msgs.Pose_V) -> /scoring/tf (tf2_msgs/msg/TFMessage)] (Lazy 1)
[component_container-3] [INFO] [1775240011.919996984] [ros_gz_bridge]: Creating GZ->ROS Bridge: [/cable_2/pose (gz.msgs.Pose_V) -> /scoring/tf (tf2_msgs/msg/TFMessage)] (Lazy 1)
[component_container-3] [INFO] [1775240011.920130424] [ros_gz_bridge]: Creating GZ->ROS Bridge: [/cable_3/pose (gz.msgs.Pose_V) -> /scoring/tf (tf2_msgs/msg/TFMessage)] (Lazy 1)
[component_container-3] [INFO] [1775240011.920265607] [ros_gz_bridge]: Creating GZ->ROS Bridge: [/cable_4/pose (gz.msgs.Pose_V) -> /scoring/tf (tf2_msgs/msg/TFMessage)] (Lazy 1)
[component_container-3] [INFO] [1775240011.920393125] [ros_gz_bridge]: Creating GZ->ROS Bridge: [/task_board/pose_static (gz.msgs.Pose_V) -> /scoring/tf (tf2_msgs/msg/TFMessage)] (Lazy 1)
[component_container-3] [INFO] [1775240011.920532977] [ros_gz_bridge]: Creating GZ->ROS Bridge: [/cable_0/insertion_event (gz.msgs.StringMsg) -> /scoring/insertion_event (std_msgs/msg/String)] (Lazy 1)
[component_container-3] [INFO] [1775240011.920824302] [ros_gz_bridge]: Creating GZ->ROS Bridge: [/cable_1/insertion_event (gz.msgs.StringMsg) -> /scoring/insertion_event (std_msgs/msg/String)] (Lazy 1)
[component_container-3] (2026-04-04 03:13:32.906) [info] [SystemManager.cc:54] Serving entity system service on [/entity/system/add]
[component_container-3] (2026-04-04 03:13:32.910) [info] [UserCommands.cc:752] Create service on [/world/aic_world/create_multiple] (async)
[component_container-3] (2026-04-04 03:13:32.910) [info] [UserCommands.cc:754] Create service on [/world/aic_world/create_multiple/blocking] (blocking)
[component_container-3] (2026-04-04 03:13:32.910) [info] [UserCommands.cc:752] Remove service on [/world/aic_world/remove] (async)
[component_container-3] (2026-04-04 03:13:32.910) [info] [UserCommands.cc:754] Remove service on [/world/aic_world/remove/blocking] (blocking)
[component_container-3] (2026-04-04 03:13:32.910) [info] [UserCommands.cc:752] Pose service on [/world/aic_world/set_pose] (async)
[component_container-3] (2026-04-04 03:13:32.910) [info] [UserCommands.cc:754] Pose service on [/world/aic_world/set_pose/blocking] (blocking)
[component_container-3] (2026-04-04 03:13:32.910) [info] [UserCommands.cc:752] Pose service on [/world/aic_world/set_pose_vector] (async)
[component_container-3] (2026-04-04 03:13:32.910) [info] [UserCommands.cc:754] Pose service on [/world/aic_world/set_pose_vector/blocking] (blocking)
[component_container-3] (2026-04-04 03:13:32.910) [info] [UserCommands.cc:752] Light configuration service on [/world/aic_world/light_config] (async)
[component_container-3] (2026-04-04 03:13:32.910) [info] [UserCommands.cc:754] Light configuration service on [/world/aic_world/light_config/blocking] (blocking)
[component_container-3] (2026-04-04 03:13:32.910) [info] [UserCommands.cc:752] Physics service on [/world/aic_world/set_physics] (async)
[component_container-3] (2026-04-04 03:13:32.910) [info] [UserCommands.cc:754] Physics service on [/world/aic_world/set_physics/blocking] (blocking)
[component_container-3] (2026-04-04 03:13:32.910) [info] [UserCommands.cc:752] SphericalCoordinates service on [/world/aic_world/set_spherical_coordinates] (async)
[component_container-3] (2026-04-04 03:13:32.910) [info] [UserCommands.cc:754] SphericalCoordinates service on [/world/aic_world/set_spherical_coordinates/blocking] (blocking)
[component_container-3] (2026-04-04 03:13:32.910) [info] [UserCommands.cc:752] Enable collision service on [/world/aic_world/enable_collision] (async)
[component_container-3] (2026-04-04 03:13:32.910) [info] [UserCommands.cc:754] Enable collision service on [/world/aic_world/enable_collision/blocking] (blocking)
[component_container-3] (2026-04-04 03:13:32.910) [info] [UserCommands.cc:752] Disable collision service on [/world/aic_world/disable_collision] (async)
[component_container-3] (2026-04-04 03:13:32.910) [info] [UserCommands.cc:754] Disable collision service on [/world/aic_world/disable_collision/blocking] (blocking)
[component_container-3] (2026-04-04 03:13:32.911) [info] [UserCommands.cc:752] Material service on [/world/aic_world/visual_config] (async)
[component_container-3] (2026-04-04 03:13:32.911) [info] [UserCommands.cc:754] Material service on [/world/aic_world/visual_config/blocking] (blocking)
[component_container-3] (2026-04-04 03:13:32.911) [info] [UserCommands.cc:752] Material service on [/world/aic_world/wheel_slip] (async)
[component_container-3] (2026-04-04 03:13:32.911) [info] [UserCommands.cc:754] Material service on [/world/aic_world/wheel_slip/blocking] (blocking)
[component_container-3] (2026-04-04 03:13:32.911) [debug] [SystemManager.cc:80] Loaded system [gz::sim::systems::UserCommands] for entity [1]
[component_container-3] (2026-04-04 03:13:32.930) [debug] [Physics.cc:967] Loaded [gz::physics::bullet_featherstone::Plugin] from library [/ws_aic/install/lib/gz-physics-8/engine-plugins/libgz-physics-bullet-featherstone-plugin.so]
[component_container-3] (2026-04-04 03:13:32.930) [debug] [SystemManager.cc:80] Loaded system [gz::sim::systems::Physics] for entity [1]
[component_container-3] (2026-04-04 03:13:32.934) [debug] [Sensors.cc:697] Configuring Sensors system
[component_container-3] (2026-04-04 03:13:32.934) [debug] [Sensors.cc:557] SensorsPrivate::Run
[component_container-3] (2026-04-04 03:13:32.934) [debug] [SystemManager.cc:80] Loaded system [gz::sim::systems::Sensors] for entity [1]
[component_container-3] (2026-04-04 03:13:32.934) [debug] [Sensors.cc:532] SensorsPrivate::RenderThread started
[component_container-3] (2026-04-04 03:13:32.934) [debug] [Sensors.cc:337] Waiting for init
[component_container-3] (2026-04-04 03:13:32.935) [debug] [ScoringPlugin.cc:45] aic_gazebo::ScoringPlugin::Configure on entity: 1
[component_container-3] (2026-04-04 03:13:32.935) [debug] [SystemManager.cc:80] Loaded system [aic_gazebo::ScoringPlugin] for entity [1]
[component_container-3] (2026-04-04 03:13:32.936) [debug] [WorldSdfGeneratorPlugin.cc:47] aic_gazebo::WorldSdfGeneratorPlugin::Configure
[component_container-3] (2026-04-04 03:13:32.936) [debug] [SystemManager.cc:80] Loaded system [aic_gazebo::WorldSdfGeneratorPlugin] for entity [1]
[component_container-3] (2026-04-04 03:13:32.936) [debug] [SystemManager.cc:80] Loaded system [gz::sim::systems::Contact] for entity [1]
[component_container-3] (2026-04-04 03:13:32.936) [info] [LevelManager.cc:646] Loaded level [default]
[component_container-3] (2026-04-04 03:13:32.937) [debug] [ServerConfig.cc:1025] Loading (3) plugins from file [/home/weed/.gz/sim/9/server.config]
[component_container-3] (2026-04-04 03:13:32.937) [debug] [SimulationRunner.cc:1696] Additional plugins to load:
[component_container-3] (2026-04-04 03:13:32.937) [debug] [SimulationRunner.cc:1699] gz::sim::systems::SceneBroadcaster gz-sim-scene-broadcaster-system
[component_container-3] (2026-04-04 03:13:32.937) [debug] [SystemManager.cc:80] Loaded system [gz::sim::systems::SceneBroadcaster] for entity [1]
[component_container-3] (2026-04-04 03:13:32.938) [info] [SimulationRunner.cc:275] Serving world controls on [/world/aic_world/control], [/world/aic_world/control/state] and [/world/aic_world/playback/control]
[component_container-3] (2026-04-04 03:13:32.938) [info] [SimulationRunner.cc:301] Serving GUI information on [/world/aic_world/gui/info]
[component_container-3] (2026-04-04 03:13:32.938) [info] [SimulationRunner.cc:304] World [aic_world] initialized with [2ms] physics profile.
[component_container-3] (2026-04-04 03:13:32.938) [info] [SimulationRunner.cc:311] Serving world SDF generation service on [/world/aic_world/generate_world_sdf]
[component_container-3] (2026-04-04 03:13:32.938) [info] [ServerPrivate.cc:344] Serving world names on [/gazebo/worlds]
[component_container-3] (2026-04-04 03:13:32.938) [info] [ServerPrivate.cc:357] Resource path add service on [/gazebo/resource_paths/add].
[component_container-3] (2026-04-04 03:13:32.938) [info] [ServerPrivate.cc:370] Resource path get service on [/gazebo/resource_paths/get].
[component_container-3] (2026-04-04 03:13:32.938) [info] [ServerPrivate.cc:385] Resource path resolve service on [/gazebo/resource_paths/resolve].
[component_container-3] (2026-04-04 03:13:32.938) [info] [ServerPrivate.cc:399] Resource paths published on [/gazebo/resource_paths].
[component_container-3] (2026-04-04 03:13:32.938) [info] [ServerPrivate.cc:412] Server control service on [/server_control].
[component_container-3] (2026-04-04 03:13:33.038) [info] [SimulationRunner.cc:769] Found no publishers on /stats, adding root stats topic
[component_container-3] (2026-04-04 03:13:33.039) [info] [SimulationRunner.cc:803] Found no publishers on /clock, adding root clock topic
[component_container-3] (2026-04-04 03:13:33.039) [debug] [SimulationRunner.cc:573] Creating PostUpdate worker threads: 5
[component_container-3] (2026-04-04 03:13:33.039) [debug] [SimulationRunner.cc:584] Creating postupdate worker thread (0)
[component_container-3] (2026-04-04 03:13:33.039) [debug] [SimulationRunner.cc:584] Creating postupdate worker thread (1)
[component_container-3] (2026-04-04 03:13:33.039) [debug] [SimulationRunner.cc:584] Creating postupdate worker thread (2)
[component_container-3] (2026-04-04 03:13:33.039) [debug] [SimulationRunner.cc:584] Creating postupdate worker thread (3)
[create-5] [INFO] [1775240013.039730372] [ros_gz_sim]: Entity creation successful.
[component_container-3] (2026-04-04 03:13:33.041) [debug] [Physics.cc:1171] Attempting to set physics options, but the physics engine doesn't support feature [CollisionPairMaxContacts]. Options will be ignored.
[component_container-3] (2026-04-04 03:13:33.043) [info] [SceneBroadcaster.cc:634] Serving scene information on [/world/aic_world/scene/info]
[component_container-3] (2026-04-04 03:13:33.043) [info] [SceneBroadcaster.cc:643] Serving graph information on [/world/aic_world/scene/graph]
[component_container-3] (2026-04-04 03:13:33.043) [info] [SceneBroadcaster.cc:654] Serving full state on [/world/aic_world/state]
[component_container-3] (2026-04-04 03:13:33.043) [info] [SceneBroadcaster.cc:663] Serving full state (async) on [/world/aic_world/state_async]
[component_container-3] (2026-04-04 03:13:33.043) [info] [SceneBroadcaster.cc:671] Publishing scene information on [/world/aic_world/scene/info]
[component_container-3] (2026-04-04 03:13:33.043) [info] [SceneBroadcaster.cc:680] Publishing entity deletions on [/world/aic_world/scene/deletion]
[component_container-3] (2026-04-04 03:13:33.043) [info] [SceneBroadcaster.cc:689] Publishing state changes on [/world/aic_world/state]
[component_container-3] (2026-04-04 03:13:33.043) [info] [SceneBroadcaster.cc:700] Publishing pose messages on [/world/aic_world/pose/info]
[component_container-3] (2026-04-04 03:13:33.043) [info] [SceneBroadcaster.cc:711] Publishing dynamic pose messages on [/world/aic_world/dynamic_pose/info]
[INFO] [create-5]: process has finished cleanly [pid 1276829]
[INFO] [spawner-8]: process started with pid [1276984]
[INFO] [spawner-9]: process started with pid [1276985]
[component_container-3] [1;33mWarning [Utils.cc:119][0m [/sdf/model[@name="ur"]/link[@name="center_camera/sensor_link"]/sensor[@name="center_camera"]/camera[@name="center_camera"]/optical_frame_id]: SDF Element[optical_frame_id] is deprecated
[component_container-3] [1;33mWarning [Utils.cc:119][0m [/sdf/model[@name="ur"]/link[@name="left_camera/sensor_link"]/sensor[@name="left_camera"]/camera[@name="left_camera"]/optical_frame_id]: SDF Element[optical_frame_id] is deprecated
[component_container-3] [1;33mWarning [Utils.cc:119][0m [/sdf/model[@name="ur"]/link[@name="right_camera/sensor_link"]/sensor[@name="right_camera"]/camera[@name="right_camera"]/optical_frame_id]: SDF Element[optical_frame_id] is deprecated
[component_container-3] [WARN] [1775240013.129436488] [rcl.logging_rosout]: Publisher already registered for node name: 'ros_gz_container'. If this is due to multiple nodes with the same name then all logs for the logger named 'ros_gz_container' will go out over the existing publisher. As soon as any node with that name is destructed it will unregister the publisher, preventing any further logs for that name from being published on the rosout topic.
[component_container-3] [INFO] [1775240013.131013377] [ros_gz_container]: [gz_ros2_control] Fixed joint [tabletop_joint] (Entity=101)] is skipped
[component_container-3] [INFO] [1775240013.131040939] [ros_gz_container]: [gz_ros2_control] Fixed joint [center_camera/attach_sensor_link] (Entity=108)] is skipped
[component_container-3] [INFO] [1775240013.131069482] [ros_gz_container]: [gz_ros2_control] Fixed joint [center_camera/attach_optical] (Entity=109)] is skipped
[component_container-3] [INFO] [1775240013.131090532] [ros_gz_container]: [gz_ros2_control] Fixed joint [ati/attach_joint] (Entity=110)] is skipped
[component_container-3] [INFO] [1775240013.131095671] [ros_gz_container]: [gz_ros2_control] Fixed joint [left_camera/attach_sensor_link] (Entity=114)] is skipped
[component_container-3] [INFO] [1775240013.131098827] [ros_gz_container]: [gz_ros2_control] Fixed joint [left_camera/attach_optical] (Entity=115)] is skipped
[component_container-3] [INFO] [1775240013.131101923] [ros_gz_container]: [gz_ros2_control] Fixed joint [right_camera/attach_sensor_link] (Entity=116)] is skipped
[component_container-3] [INFO] [1775240013.131104828] [ros_gz_container]: [gz_ros2_control] Fixed joint [right_camera/attach_optical] (Entity=117)] is skipped
[component_container-3] [INFO] [1775240013.131781414] [ros_gz_container]: Loading controller_manager
[component_container-3] [INFO] [1775240013.137201602] [controller_manager]: Using ROS clock for triggering controller manager cycles.
[component_container-3] [INFO] [1775240013.138749567] [controller_manager]: Subscribing to '/robot_description' topic for robot description.
[component_container-3] [INFO] [1775240013.140625085] [controller_manager]: Enforcing command limits is enabled...
[component_container-3] [WARN] [1775240013.140655141] [ros_gz_container]: Waiting RM to load and initialize hardware...
[component_container-3] [INFO] [1775240013.140761791] [controller_manager]: Received robot description from topic.
[component_container-3] [INFO] [1775240013.143082992] [ros_gz_container]: Using JointLimiter for joint 'gripper/left_finger_joint' in hardware 'gripper' : '  has position limits: true [0, 0.025]
[component_container-3]   has velocity limits: true [0.05]
[component_container-3]   has acceleration limits: false [nan]
[component_container-3]   has deceleration limits: false [nan]
[component_container-3]   has jerk limits: false [nan]
[component_container-3]   has effort limits: true [20]
[component_container-3]   angle wraparound: false'
[component_container-3] [INFO] [1775240013.143106807] [ros_gz_container]: Creating JointSaturationLimiter for joint 'gripper/left_finger_joint' in hardware 'gripper'
[component_container-3] [INFO] [1775240013.143128287] [ros_gz_container]: Using JointLimiter for joint 'wrist_3_joint' in hardware 'ControlSystem' : '  has position limits: true [-6.28319, 6.28319]
[component_container-3]   has velocity limits: true [3.14159]
[component_container-3]   has acceleration limits: false [nan]
[component_container-3]   has deceleration limits: false [nan]
[component_container-3]   has jerk limits: false [nan]
[component_container-3]   has effort limits: true [28]
[component_container-3]   angle wraparound: false'
[component_container-3] [INFO] [1775240013.143132966] [ros_gz_container]: Creating JointSaturationLimiter for joint 'wrist_3_joint' in hardware 'ControlSystem'
[component_container-3] [INFO] [1775240013.143139528] [ros_gz_container]: Using JointLimiter for joint 'wrist_2_joint' in hardware 'ControlSystem' : '  has position limits: true [-6.28319, 6.28319]
[component_container-3]   has velocity limits: true [3.14159]
[component_container-3]   has acceleration limits: false [nan]
[component_container-3]   has deceleration limits: false [nan]
[component_container-3]   has jerk limits: false [nan]
[component_container-3]   has effort limits: true [28]
[component_container-3]   angle wraparound: false'
[component_container-3] [INFO] [1775240013.143143235] [ros_gz_container]: Creating JointSaturationLimiter for joint 'wrist_2_joint' in hardware 'ControlSystem'
[component_container-3] [INFO] [1775240013.143148595] [ros_gz_container]: Using JointLimiter for joint 'wrist_1_joint' in hardware 'ControlSystem' : '  has position limits: true [-6.28319, 6.28319]
[component_container-3]   has velocity limits: true [3.14159]
[component_container-3]   has acceleration limits: false [nan]
[component_container-3]   has deceleration limits: false [nan]
[component_container-3]   has jerk limits: false [nan]
[component_container-3]   has effort limits: true [28]
[component_container-3]   angle wraparound: false'
[component_container-3] [INFO] [1775240013.143152192] [ros_gz_container]: Creating JointSaturationLimiter for joint 'wrist_1_joint' in hardware 'ControlSystem'
[component_container-3] [INFO] [1775240013.143158013] [ros_gz_container]: Using JointLimiter for joint 'elbow_joint' in hardware 'ControlSystem' : '  has position limits: true [-3.14159, 3.14159]
[component_container-3]   has velocity limits: true [3.14159]
[component_container-3]   has acceleration limits: false [nan]
[component_container-3]   has deceleration limits: false [nan]
[component_container-3]   has jerk limits: false [nan]
[component_container-3]   has effort limits: true [150]
[component_container-3]   angle wraparound: false'
[component_container-3] [INFO] [1775240013.143161349] [ros_gz_container]: Creating JointSaturationLimiter for joint 'elbow_joint' in hardware 'ControlSystem'
[component_container-3] [INFO] [1775240013.143167430] [ros_gz_container]: Using JointLimiter for joint 'shoulder_lift_joint' in hardware 'ControlSystem' : '  has position limits: true [-6.28319, 6.28319]
[component_container-3]   has velocity limits: true [3.14159]
[component_container-3]   has acceleration limits: false [nan]
[component_container-3]   has deceleration limits: false [nan]
[component_container-3]   has jerk limits: false [nan]
[component_container-3]   has effort limits: true [150]
[component_container-3]   angle wraparound: false'
[component_container-3] [INFO] [1775240013.143185193] [ros_gz_container]: Creating JointSaturationLimiter for joint 'shoulder_lift_joint' in hardware 'ControlSystem'
[component_container-3] [INFO] [1775240013.143191706] [ros_gz_container]: Using JointLimiter for joint 'shoulder_pan_joint' in hardware 'ControlSystem' : '  has position limits: true [-6.28319, 6.28319]
[component_container-3]   has velocity limits: true [3.14159]
[component_container-3]   has acceleration limits: false [nan]
[component_container-3]   has deceleration limits: false [nan]
[component_container-3]   has jerk limits: false [nan]
[component_container-3]   has effort limits: true [150]
[component_container-3]   angle wraparound: false'
[component_container-3] [INFO] [1775240013.143195372] [ros_gz_container]: Creating JointSaturationLimiter for joint 'shoulder_pan_joint' in hardware 'ControlSystem'
[component_container-3] [INFO] [1775240013.146074938] [ros_gz_container]: The position_proportional_gain has been set to: 0.1
[component_container-3] [INFO] [1775240013.146127837] [ros_gz_container]: Loading joint: gripper/left_finger_joint
[component_container-3] [INFO] [1775240013.146133037] [ros_gz_container]: 	State:
[component_container-3] [INFO] [1775240013.146139760] [ros_gz_container]: 		 position
[component_container-3] [INFO] [1775240013.146150830] [ros_gz_container]: 			 found initial value: 0.007300
[component_container-3] [INFO] [1775240013.146155609] [ros_gz_container]: 		 velocity
[component_container-3] [INFO] [1775240013.146163714] [ros_gz_container]: 			 found initial value: 0.000000
[component_container-3] [INFO] [1775240013.146167802] [ros_gz_container]: 		 effort
[component_container-3] [INFO] [1775240013.146173362] [ros_gz_container]: 			 found initial value: 0.000000
[component_container-3] [INFO] [1775240013.146176829] [ros_gz_container]: 	Command:
[component_container-3] [INFO] [1775240013.146180656] [ros_gz_container]: 		 position
[component_container-3] [INFO] [1775240013.146195113] [ros_gz_container]: 		 effort
[component_container-3] [INFO] [1775240013.146262179] [ros_gz_container]: Loading sensor: AtiForceTorqueSensor
[component_container-3] [INFO] [1775240013.146267919] [ros_gz_container]: 	State:
[component_container-3] [INFO] [1775240013.146333742] [ros_gz_container]: Initialize hardware 'gripper' 
[component_container-3] [WARN] [1775240013.146464527] [rcl.logging_rosout]: Publisher already registered for node name: 'ros_gz_container'. If this is due to multiple nodes with the same name then all logs for the logger named 'ros_gz_container' will go out over the existing publisher. As soon as any node with that name is destructed it will unregister the publisher, preventing any further logs for that name from being published on the rosout topic.
[component_container-3] [INFO] [1775240013.147608426] [ros_gz_container.hardware_component.system.gripper]: `status_publish_rate` is set to 0.0, hardware status publisher will not be created.
[component_container-3] [INFO] [1775240013.147705518] [ros_gz_container]: Successful initialization of hardware 'gripper'
[component_container-3] [INFO] [1775240013.147866700] [ros_gz_container]: The position_proportional_gain has been set to: 0.1
[component_container-3] [INFO] [1775240013.147891245] [ros_gz_container]: Loading joint: shoulder_pan_joint
[component_container-3] [INFO] [1775240013.147896355] [ros_gz_container]: 	State:
[component_container-3] [INFO] [1775240013.147899912] [ros_gz_container]: 		 position
[component_container-3] [INFO] [1775240013.147908768] [ros_gz_container]: 			 found initial value: -0.159700
[component_container-3] [INFO] [1775240013.147913056] [ros_gz_container]: 		 velocity
[component_container-3] [INFO] [1775240013.147917485] [ros_gz_container]: 			 found initial value: 0.000000
[component_container-3] [INFO] [1775240013.147921362] [ros_gz_container]: 		 effort
[component_container-3] [INFO] [1775240013.147925750] [ros_gz_container]: 			 found initial value: 0.000000
[component_container-3] [INFO] [1775240013.147928986] [ros_gz_container]: 	Command:
[component_container-3] [INFO] [1775240013.147931821] [ros_gz_container]: 		 position
[component_container-3] [INFO] [1775240013.147943183] [ros_gz_container]: 		 velocity
[component_container-3] [INFO] [1775240013.147948262] [ros_gz_container]: 		 effort
[component_container-3] [INFO] [1775240013.147959503] [ros_gz_container]: Loading joint: shoulder_lift_joint
[component_container-3] [INFO] [1775240013.147962429] [ros_gz_container]: 	State:
[component_container-3] [INFO] [1775240013.147965174] [ros_gz_container]: 		 position
[component_container-3] [INFO] [1775240013.147969081] [ros_gz_container]: 			 found initial value: -1.354200
[component_container-3] [INFO] [1775240013.147972237] [ros_gz_container]: 		 velocity
[component_container-3] [INFO] [1775240013.147979801] [ros_gz_container]: 			 found initial value: 0.000000
[component_container-3] [INFO] [1775240013.147983228] [ros_gz_container]: 		 effort
[component_container-3] [INFO] [1775240013.147997464] [ros_gz_container]: 			 found initial value: 0.000000
[component_container-3] [INFO] [1775240013.148000620] [ros_gz_container]: 	Command:
[component_container-3] [INFO] [1775240013.148003275] [ros_gz_container]: 		 position
[component_container-3] [INFO] [1775240013.148010368] [ros_gz_container]: 		 velocity
[component_container-3] [INFO] [1775240013.148014336] [ros_gz_container]: 		 effort
[component_container-3] [INFO] [1775240013.148023463] [ros_gz_container]: Loading joint: elbow_joint
[component_container-3] [INFO] [1775240013.148026428] [ros_gz_container]: 	State:
[component_container-3] [INFO] [1775240013.148029143] [ros_gz_container]: 		 position
[component_container-3] [INFO] [1775240013.148033532] [ros_gz_container]: 			 found initial value: -1.664800
[component_container-3] [INFO] [1775240013.148036667] [ros_gz_container]: 		 velocity
[component_container-3] [INFO] [1775240013.148039813] [ros_gz_container]: 			 found initial value: 0.000000
[component_container-3] [INFO] [1775240013.148042769] [ros_gz_container]: 		 effort
[component_container-3] [INFO] [1775240013.148046716] [ros_gz_container]: 			 found initial value: 0.000000
[component_container-3] [INFO] [1775240013.148050032] [ros_gz_container]: 	Command:
[component_container-3] [INFO] [1775240013.148052617] [ros_gz_container]: 		 position
[component_container-3] [INFO] [1775240013.148059360] [ros_gz_container]: 		 velocity
[component_container-3] [INFO] [1775240013.148062927] [ros_gz_container]: 		 effort
[component_container-3] [INFO] [1775240013.148072505] [ros_gz_container]: Loading joint: wrist_1_joint
[component_container-3] [INFO] [1775240013.148075330] [ros_gz_container]: 	State:
[component_container-3] [INFO] [1775240013.148078025] [ros_gz_container]: 		 position
[component_container-3] [INFO] [1775240013.148081241] [ros_gz_container]: 			 found initial value: -1.693300
[component_container-3] [INFO] [1775240013.148084246] [ros_gz_container]: 		 velocity
[component_container-3] [INFO] [1775240013.148087142] [ros_gz_container]: 			 found initial value: 0.000000
[component_container-3] [INFO] [1775240013.148090047] [ros_gz_container]: 		 effort
[component_container-3] [INFO] [1775240013.148092903] [ros_gz_container]: 			 found initial value: 0.000000
[component_container-3] [INFO] [1775240013.148095838] [ros_gz_container]: 	Command:
[component_container-3] [INFO] [1775240013.148099305] [ros_gz_container]: 		 position
[component_container-3] [INFO] [1775240013.148105146] [ros_gz_container]: 		 velocity
[component_container-3] [INFO] [1775240013.148108542] [ros_gz_container]: 		 effort
[component_container-3] [INFO] [1775240013.148116837] [ros_gz_container]: Loading joint: wrist_2_joint
[component_container-3] [INFO] [1775240013.148119573] [ros_gz_container]: 	State:
[component_container-3] [INFO] [1775240013.148122208] [ros_gz_container]: 		 position
[component_container-3] [INFO] [1775240013.148125554] [ros_gz_container]: 			 found initial value: 1.571000
[component_container-3] [INFO] [1775240013.148128820] [ros_gz_container]: 		 velocity
[component_container-3] [INFO] [1775240013.148131695] [ros_gz_container]: 			 found initial value: 0.000000
[component_container-3] [INFO] [1775240013.148134741] [ros_gz_container]: 		 effort
[component_container-3] [INFO] [1775240013.148137576] [ros_gz_container]: 			 found initial value: 0.000000
[component_container-3] [INFO] [1775240013.148140562] [ros_gz_container]: 	Command:
[component_container-3] [INFO] [1775240013.148143197] [ros_gz_container]: 		 position
[component_container-3] [INFO] [1775240013.148148978] [ros_gz_container]: 		 velocity
[component_container-3] [INFO] [1775240013.148152254] [ros_gz_container]: 		 effort
[component_container-3] [INFO] [1775240013.148160710] [ros_gz_container]: Loading joint: wrist_3_joint
[component_container-3] [INFO] [1775240013.148163445] [ros_gz_container]: 	State:
[component_container-3] [INFO] [1775240013.148166070] [ros_gz_container]: 		 position
[component_container-3] [INFO] [1775240013.148170067] [ros_gz_container]: 			 found initial value: 1.411000
[component_container-3] [INFO] [1775240013.148173113] [ros_gz_container]: 		 velocity
[component_container-3] [INFO] [1775240013.148177291] [ros_gz_container]: 			 found initial value: 0.000000
[component_container-3] [INFO] [1775240013.148180356] [ros_gz_container]: 		 effort
[component_container-3] [INFO] [1775240013.148183172] [ros_gz_container]: 			 found initial value: 0.000000
[component_container-3] [INFO] [1775240013.148186147] [ros_gz_container]: 	Command:
[component_container-3] [INFO] [1775240013.148188772] [ros_gz_container]: 		 position
[component_container-3] [INFO] [1775240013.148194934] [ros_gz_container]: 		 velocity
[component_container-3] [INFO] [1775240013.148200123] [ros_gz_container]: 		 effort
[component_container-3] [INFO] [1775240013.148214650] [ros_gz_container]: Loading sensor: AtiForceTorqueSensor
[component_container-3] [INFO] [1775240013.148218267] [ros_gz_container]: 	State:
[component_container-3] [INFO] [1775240013.148224809] [ros_gz_container]: 		 force.x
[component_container-3] [INFO] [1775240013.148228096] [ros_gz_container]: 		 force.y
[component_container-3] [INFO] [1775240013.148230931] [ros_gz_container]: 		 force.z
[component_container-3] [INFO] [1775240013.148233736] [ros_gz_container]: 		 torque.x
[component_container-3] [INFO] [1775240013.148236611] [ros_gz_container]: 		 torque.y
[component_container-3] [INFO] [1775240013.148242653] [ros_gz_container]: 		 torque.z
[component_container-3] [INFO] [1775240013.148292736] [ros_gz_container]: Initialize hardware 'ControlSystem' 
[component_container-3] [WARN] [1775240013.148417971] [rcl.logging_rosout]: Publisher already registered for node name: 'ros_gz_container'. If this is due to multiple nodes with the same name then all logs for the logger named 'ros_gz_container' will go out over the existing publisher. As soon as any node with that name is destructed it will unregister the publisher, preventing any further logs for that name from being published on the rosout topic.
[component_container-3] [INFO] [1775240013.149444260] [ros_gz_container.hardware_component.system.ControlSystem]: `status_publish_rate` is set to 0.0, hardware status publisher will not be created.
[component_container-3] [INFO] [1775240013.149556540] [ros_gz_container]: Successful initialization of hardware 'ControlSystem'
[component_container-3] [INFO] [1775240013.149784406] [resource_manager]: 'configure' hardware 'ControlSystem' 
[component_container-3] [INFO] [1775240013.149791159] [ros_gz_container]: System Successfully configured!
[component_container-3] [INFO] [1775240013.149798723] [resource_manager]: Successful 'configure' of hardware 'ControlSystem'
[component_container-3] [INFO] [1775240013.149810836] [resource_manager]: 'activate' hardware 'ControlSystem' 
[component_container-3] [INFO] [1775240013.149821205] [resource_manager]: Successful 'activate' of hardware 'ControlSystem'
[component_container-3] [INFO] [1775240013.149868193] [resource_manager]: 'configure' hardware 'gripper' 
[component_container-3] [INFO] [1775240013.149870277] [ros_gz_container]: System Successfully configured!
[component_container-3] [INFO] [1775240013.149874435] [resource_manager]: Successful 'configure' of hardware 'gripper'
[component_container-3] [INFO] [1775240013.149877370] [resource_manager]: 'activate' hardware 'gripper' 
[component_container-3] [INFO] [1775240013.149880055] [resource_manager]: Successful 'activate' of hardware 'gripper'
[component_container-3] [WARN] [1775240013.149894062] [controller_manager]: Component 'ControlSystem' does not have read or write statistics initialized, skipping registration.
[component_container-3] [WARN] [1775240013.149902407] [controller_manager]: Component 'gripper' does not have read or write statistics initialized, skipping registration.
[component_container-3] [INFO] [1775240013.149910813] [controller_manager]: Resource Manager has been successfully initialized. Starting Controller Manager services...
[2m2026-04-03T18:13:33.257990Z[0m [32m INFO[0m acc-0 ThreadId(04) [2mzenoh::net::routing::interceptor::access_control[0m[2m:[0m d059535491066592121c8bdbe4071b6e did not match any configured ACL subject. Default permission `Allow` will be applied on all messages
[2m2026-04-03T18:13:33.258087Z[0m [32m INFO[0m acc-0 ThreadId(04) [2mzenoh::net::routing::interceptor::access_control[0m[2m:[0m 74f2d50c0898a04dc257dda86ad6e0d9 did not match any configured ACL subject. Default permission `Allow` will be applied on all messages
[component_container-3] [INFO] [1775240013.290647717] [controller_manager]: Loading controller : 'fts_broadcaster' of type 'force_torque_sensor_broadcaster/ForceTorqueSensorBroadcaster'
[component_container-3] [INFO] [1775240013.290680628] [controller_manager]: Loading controller 'fts_broadcaster'
[component_container-3] [INFO] [1775240013.291445920] [controller_manager]: Controller 'fts_broadcaster' node arguments: --ros-args --params-file /ws_aic/install/share/aic_bringup/config/aic_ros2_controllers.yaml -p use_sim_time:=true --param use_sim_time:=true 
[spawner-9] [INFO] [1775240013.301856702] [spawner_fts_broadcaster]: Loaded fts_broadcaster
[component_container-3] [INFO] [1775240013.302187320] [controller_manager]: Configuring controller: 'fts_broadcaster'
[component_container-3] [INFO] [1775240013.303329367] [fts_broadcaster]: configure successful
[component_container-3] [INFO] [1775240013.303985754] [controller_manager]: Activating controllers: [ fts_broadcaster ]
[component_container-3] [INFO] [1775240013.304028604] [controller_manager]: Requested controller switch from non-realtime loop
[component_container-3] [INFO] [1775240013.304070864] [controller_manager]: Successfully switched controllers!
[component_container-3] (2026-04-04 03:13:35.140) [debug] [SystemManager.cc:80] Loaded system [gz_ros2_control::GazeboSimROS2ControlPlugin] for entity [31]
[component_container-3] (2026-04-04 03:13:35.141) [debug] [SystemManager.cc:80] Loaded system [gz::sim::systems::ForceTorque] for entity [31]
[component_container-3] (2026-04-04 03:13:35.142) [debug] [OffLimitContactsPlugin.cc:41] aic_gazebo::OffLimitContactsPlugin::Configure on entity: 31
[component_container-3] (2026-04-04 03:13:35.143) [debug] [OffLimitContactsPlugin.cc:165] Enabled collision [34]
[component_container-3] (2026-04-04 03:13:35.143) [debug] [OffLimitContactsPlugin.cc:165] Enabled collision [37]
[component_container-3] (2026-04-04 03:13:35.143) [debug] [OffLimitContactsPlugin.cc:165] Enabled collision [40]
[component_container-3] (2026-04-04 03:13:35.143) [debug] [OffLimitContactsPlugin.cc:165] Enabled collision [43]
[component_container-3] (2026-04-04 03:13:35.143) [debug] [OffLimitContactsPlugin.cc:165] Enabled collision [46]
[component_container-3] (2026-04-04 03:13:35.143) [debug] [OffLimitContactsPlugin.cc:165] Enabled collision [49]
[component_container-3] (2026-04-04 03:13:35.143) [debug] [OffLimitContactsPlugin.cc:165] Enabled collision [57]
[component_container-3] (2026-04-04 03:13:35.143) [debug] [OffLimitContactsPlugin.cc:165] Enabled collision [58]
[component_container-3] (2026-04-04 03:13:35.143) [debug] [OffLimitContactsPlugin.cc:165] Enabled collision [59]
[component_container-3] (2026-04-04 03:13:35.143) [debug] [OffLimitContactsPlugin.cc:165] Enabled collision [60]
[component_container-3] (2026-04-04 03:13:35.143) [debug] [OffLimitContactsPlugin.cc:165] Enabled collision [61]
[component_container-3] (2026-04-04 03:13:35.143) [debug] [OffLimitContactsPlugin.cc:165] Enabled collision [62]
[component_container-3] (2026-04-04 03:13:35.143) [debug] [OffLimitContactsPlugin.cc:165] Enabled collision [63]
[component_container-3] (2026-04-04 03:13:35.143) [debug] [OffLimitContactsPlugin.cc:165] Enabled collision [64]
[component_container-3] (2026-04-04 03:13:35.143) [debug] [OffLimitContactsPlugin.cc:165] Enabled collision [65]
[component_container-3] (2026-04-04 03:13:35.143) [debug] [OffLimitContactsPlugin.cc:165] Enabled collision [66]
[component_container-3] (2026-04-04 03:13:35.143) [debug] [OffLimitContactsPlugin.cc:165] Enabled collision [67]
[component_container-3] (2026-04-04 03:13:35.143) [debug] [OffLimitContactsPlugin.cc:165] Enabled collision [68]
[component_container-3] (2026-04-04 03:13:35.143) [debug] [OffLimitContactsPlugin.cc:165] Enabled collision [69]
[component_container-3] (2026-04-04 03:13:35.143) [debug] [OffLimitContactsPlugin.cc:165] Enabled collision [70]
[component_container-3] (2026-04-04 03:13:35.143) [debug] [OffLimitContactsPlugin.cc:165] Enabled collision [71]
[component_container-3] (2026-04-04 03:13:35.143) [debug] [OffLimitContactsPlugin.cc:165] Enabled collision [72]
[component_container-3] (2026-04-04 03:13:35.143) [debug] [OffLimitContactsPlugin.cc:165] Enabled collision [73]
[component_container-3] (2026-04-04 03:13:35.143) [debug] [OffLimitContactsPlugin.cc:165] Enabled collision [74]
[component_container-3] (2026-04-04 03:13:35.143) [debug] [OffLimitContactsPlugin.cc:165] Enabled collision [75]
[component_container-3] (2026-04-04 03:13:35.143) [debug] [OffLimitContactsPlugin.cc:165] Enabled collision [81]
[component_container-3] (2026-04-04 03:13:35.143) [debug] [OffLimitContactsPlugin.cc:165] Enabled collision [82]
[component_container-3] (2026-04-04 03:13:35.143) [debug] [OffLimitContactsPlugin.cc:165] Enabled collision [85]
[component_container-3] (2026-04-04 03:13:35.143) [debug] [OffLimitContactsPlugin.cc:165] Enabled collision [86]
[component_container-3] (2026-04-04 03:13:35.143) [debug] [OffLimitContactsPlugin.cc:165] Enabled collision [87]
[component_container-3] (2026-04-04 03:13:35.143) [debug] [OffLimitContactsPlugin.cc:165] Enabled collision [88]
[component_container-3] (2026-04-04 03:13:35.143) [debug] [OffLimitContactsPlugin.cc:165] Enabled collision [91]
[component_container-3] (2026-04-04 03:13:35.143) [debug] [OffLimitContactsPlugin.cc:165] Enabled collision [92]
[component_container-3] (2026-04-04 03:13:35.143) [debug] [OffLimitContactsPlugin.cc:165] Enabled collision [93]
[component_container-3] (2026-04-04 03:13:35.143) [debug] [OffLimitContactsPlugin.cc:165] Enabled collision [94]
[component_container-3] (2026-04-04 03:13:35.143) [debug] [SystemManager.cc:80] Loaded system [aic_gazebo::OffLimitContactsPlugin] for entity [31]
[component_container-3] (2026-04-04 03:13:35.144) [debug] [ResetJointsPlugin.cc:40] aic_gazebo::ResetJointsPlugin::Configure on entity: 31
[component_container-3] [WARN] [1775240015.144601388] [rcl.logging_rosout]: Publisher already registered for node name: 'ros_gz_container'. If this is due to multiple nodes with the same name then all logs for the logger named 'ros_gz_container' will go out over the existing publisher. As soon as any node with that name is destructed it will unregister the publisher, preventing any further logs for that name from being published on the rosout topic.
[component_container-3] (2026-04-04 03:13:35.146) [info] [ResetJointsPlugin.cc:117] Initialized ResetJointsPlugin!
[component_container-3] (2026-04-04 03:13:35.146) [debug] [SystemManager.cc:80] Loaded system [aic_gazebo::ResetJointsPlugin] for entity [31]
[component_container-3] (2026-04-04 03:13:35.146) [debug] [UserCommands.cc:1108] Created entity [31] named [ur5e]
[component_container-3] (2026-04-04 03:13:35.158) [debug] [Sensors.cc:953] Initialization needed
[component_container-3] (2026-04-04 03:13:35.158) [debug] [Sensors.cc:349] Initializing render context
[component_container-3] (2026-04-04 03:13:35.158) [info] [RenderEngineManager.cc:514] Loading plugin [gz-rendering-ogre2]
[component_container-3] (2026-04-04 03:13:35.159) [debug] [EntityComponentManager.cc:1676] Updated state thread iterators: 16 threads processing around 8 entities each.
[component_container-3] (2026-04-04 03:13:35.167) [warning] [Ogre2RenderEngine.cc:556] Unable to open display: . Trying to run in headless mode.
[component_container-3] (2026-04-04 03:13:35.168) [debug] [SimulationRunner.cc:600] Exiting postupdate worker thread (3)
[component_container-3] (2026-04-04 03:13:35.168) [debug] [SimulationRunner.cc:600] Exiting postupdate worker thread (0)
[component_container-3] (2026-04-04 03:13:35.168) [debug] [SimulationRunner.cc:600] Exiting postupdate worker thread (2)
[component_container-3] (2026-04-04 03:13:35.168) [debug] [SimulationRunner.cc:600] Exiting postupdate worker thread (1)
[component_container-3] (2026-04-04 03:13:35.168) [debug] [SimulationRunner.cc:573] Creating PostUpdate worker threads: 6
[component_container-3] (2026-04-04 03:13:35.168) [debug] [SimulationRunner.cc:584] Creating postupdate worker thread (0)
[component_container-3] (2026-04-04 03:13:35.169) [debug] [SimulationRunner.cc:584] Creating postupdate worker thread (1)
[component_container-3] (2026-04-04 03:13:35.169) [debug] [SimulationRunner.cc:584] Creating postupdate worker thread (2)
[component_container-3] (2026-04-04 03:13:35.169) [debug] [SimulationRunner.cc:584] Creating postupdate worker thread (3)
[component_container-3] (2026-04-04 03:13:35.169) [debug] [SimulationRunner.cc:584] Creating postupdate worker thread (4)
[spawner-9] [INFO] [1775240015.175084683] [spawner_fts_broadcaster]: Configured and activated fts_broadcaster
[component_container-3] [1;33mWarning [Utils.cc:119][0m [/sdf/model[@name="ur"]/link[@name="center_camera/sensor_link"]/sensor[@name="center_camera"]/camera[@name="center_camera"]/optical_frame_id]: SDF Element[optical_frame_id] is deprecated
[component_container-3] [1;33mWarning [Utils.cc:119][0m [/sdf/model[@name="ur"]/link[@name="left_camera/sensor_link"]/sensor[@name="left_camera"]/camera[@name="left_camera"]/optical_frame_id]: SDF Element[optical_frame_id] is deprecated
[component_container-3] [1;33mWarning [Utils.cc:119][0m [/sdf/model[@name="ur"]/link[@name="right_camera/sensor_link"]/sensor[@name="right_camera"]/camera[@name="right_camera"]/optical_frame_id]: SDF Element[optical_frame_id] is deprecated
[INFO] [spawner-9]: process has finished cleanly [pid 1276985]
[component_container-3] [INFO] [1775240015.237366936] [gz_server]: InitializeCanonicalLinks
[component_container-3] [INFO] [1775240015.237603368] [gz_server]: Creating services on gz_server
[component_container-3] [INFO] [1775240015.238576799] [gz_server]: Created service /gz_server/delete_entity
[component_container-3] [INFO] [1775240015.238862904] [gz_server]: Created service /gz_server/get_entities
[component_container-3] [INFO] [1775240015.239099336] [gz_server]: Created service /gz_server/get_entity_info
[component_container-3] [INFO] [1775240015.239399498] [gz_server]: Created service /gz_server/get_entity_state
[component_container-3] [INFO] [1775240015.239834942] [gz_server]: Created service /gz_server/get_entities_states
[component_container-3] [INFO] [1775240015.240075232] [gz_server]: Created service /gz_server/get_simulation_state
[component_container-3] [INFO] [1775240015.240292648] [gz_server]: Created service /gz_server/get_simulator_features
[component_container-3] [INFO] [1775240015.240501609] [gz_server]: Created service /gz_server/reset_simulation
[component_container-3] [INFO] [1775240015.240977609] [gz_server]: Created service /gz_server/set_entity_state
[component_container-3] [INFO] [1775240015.241192952] [gz_server]: Created service /gz_server/set_simulation_state
[component_container-3] [INFO] [1775240015.241407313] [gz_server]: Created service /gz_server/spawn_entity
[component_container-3] [INFO] [1775240015.241611655] [gz_server]: Created service /gz_server/step_simulation
[component_container-3] [INFO] [1775240015.242862344] [gz_server]: Created action /gz_server/simulate_steps
[component_container-3] [INFO] [1775240015.251772500] [controller_manager]: Loading controller : 'joint_state_broadcaster' of type 'joint_state_broadcaster/JointStateBroadcaster'
[component_container-3] [INFO] [1775240015.251795984] [controller_manager]: Loading controller 'joint_state_broadcaster'
[component_container-3] [INFO] [1775240015.252744789] [controller_manager]: Controller 'joint_state_broadcaster' node arguments: --ros-args --params-file /ws_aic/install/share/aic_bringup/config/aic_ros2_controllers.yaml -p use_sim_time:=true --param use_sim_time:=true 
[component_container-3] libEGL warning: pci id for fd 97: 10de:2c02, driver (null)
[component_container-3] 
[component_container-3] pci id for fd 99: 10de:2c02, driver (null)
[component_container-3] pci id for fd 100: 10de:2c02, driver (null)
[component_container-3] libEGL warning: egl: failed to create dri2 screen
[component_container-3] libEGL warning: pci id for fd 97: 10de:2c02, driver (null)
[component_container-3] 
[component_container-3] pci id for fd 99: 10de:2c02, driver (null)
[component_container-3] pci id for fd 100: 10de:2c02, driver (null)
[component_container-3] libEGL warning: egl: failed to create dri2 screen
[component_container-3] libEGL warning: pci id for fd 97: 10de:2c02, driver (null)
[component_container-3] 
[component_container-3] (2026-04-04 03:13:35.353) [debug] [RenderUtil.cc:2646] Create scene [scene]
[2m2026-04-03T18:13:35.556132Z[0m [32m INFO[0m acc-0 ThreadId(04) [2mzenoh::net::routing::interceptor::access_control[0m[2m:[0m 1a5511435665681ebc466b3c769efc25 did not match any configured ACL subject. Default permission `Allow` will be applied on all messages
[component_container-3] (2026-04-04 03:13:35.557) [debug] [Sensors.cc:391] Rendering Thread initialized
[component_container-3] (2026-04-04 03:13:35.557) [debug] [Sensors.cc:953] Initialization needed
[component_container-3] (2026-04-04 03:13:35.559) [debug] [ForceTorque.cc:162] Adding JointTransmittedWrench to: 110
[component_container-3] [INFO] [1775240015.559562620] [ros_gz_container]: ForceTorque AtiForceTorqueSensor has a topic name: /axia80_m20/wrench
[component_container-3] [INFO] [1775240015.559688826] [ros_gz_container]: ForceTorque AtiForceTorqueSensor has a topic name: /axia80_m20/wrench
[spawner-8] [INFO] [1775240015.567042080] [spawner_joint_state_broadcaster]: Loaded joint_state_broadcaster
[component_container-3] [INFO] [1775240015.567566541] [controller_manager]: Configuring controller: 'joint_state_broadcaster'
[component_container-3] [INFO] [1775240015.567627144] [joint_state_broadcaster]: 'joints' or 'interfaces' parameter is empty. All available state interfaces will be published
[2m2026-04-03T18:13:35.685282Z[0m [32m INFO[0m acc-0 ThreadId(04) [2mzenoh::net::routing::interceptor::access_control[0m[2m:[0m 350ad70196f94db5d0270d5c08b1fce did not match any configured ACL subject. Default permission `Allow` will be applied on all messages
[component_container-3] (2026-04-04 03:13:35.893) [debug] [CameraSensor.cc:342] Camera images for [ur5e::center_camera/sensor_link::center_camera] advertised on [/center_camera/image]
[component_container-3] (2026-04-04 03:13:35.893) [debug] [CameraSensor.cc:632] Camera info for [ur5e::center_camera/sensor_link::center_camera] advertised on [/center_camera/camera_info]
[component_container-3] (2026-04-04 03:13:35.893) [warning] [Ogre2Camera.cc:423] Ogre2Camera::SetVisibilityMask: Mask bits c0000000 are set but will be ignored as they conflict with the reserved bits used internally by the ogre2 backend.
[component_container-3] (2026-04-04 03:13:35.893) [debug] [CameraSensor.cc:342] Camera images for [ur5e::left_camera/sensor_link::left_camera] advertised on [/left_camera/image]
[component_container-3] (2026-04-04 03:13:35.893) [debug] [CameraSensor.cc:632] Camera info for [ur5e::left_camera/sensor_link::left_camera] advertised on [/left_camera/camera_info]
[component_container-3] (2026-04-04 03:13:35.893) [warning] [Ogre2Camera.cc:423] Ogre2Camera::SetVisibilityMask: Mask bits c0000000 are set but will be ignored as they conflict with the reserved bits used internally by the ogre2 backend.
[component_container-3] (2026-04-04 03:13:35.893) [debug] [CameraSensor.cc:342] Camera images for [ur5e::right_camera/sensor_link::right_camera] advertised on [/right_camera/image]
[component_container-3] (2026-04-04 03:13:35.893) [debug] [CameraSensor.cc:632] Camera info for [ur5e::right_camera/sensor_link::right_camera] advertised on [/right_camera/camera_info]
[component_container-3] (2026-04-04 03:13:35.893) [warning] [Ogre2Camera.cc:423] Ogre2Camera::SetVisibilityMask: Mask bits c0000000 are set but will be ignored as they conflict with the reserved bits used internally by the ogre2 backend.
[component_container-3] (2026-04-04 03:13:36.225) [debug] [CameraSensor.cc:441] Enabling camera sensor: 'ur5e::center_camera/sensor_link::center_camera' data generation.
[component_container-3] (2026-04-04 03:13:36.245) [debug] [CameraSensor.cc:441] Enabling camera sensor: 'ur5e::left_camera/sensor_link::left_camera' data generation.
[component_container-3] (2026-04-04 03:13:36.251) [debug] [CameraSensor.cc:441] Enabling camera sensor: 'ur5e::right_camera/sensor_link::right_camera' data generation.
[component_container-3] [INFO] [1775240016.259621489] [controller_manager]: Activating controllers: [ joint_state_broadcaster ]
[component_container-3] [INFO] [1775240016.259701909] [controller_manager]: Requested controller switch from non-realtime loop
[component_container-3] [INFO] [1775240016.259803008] [controller_manager]: Successfully switched controllers!
[spawner-8] [INFO] [1775240016.261659561] [spawner_joint_state_broadcaster]: Configured and activated joint_state_broadcaster
[INFO] [spawner-8]: process has finished cleanly [pid 1276984]
[INFO] [spawner-10]: process started with pid [1277343]
[2m2026-04-03T18:13:36.433494Z[0m [32m INFO[0m acc-0 ThreadId(04) [2mzenoh::net::routing::interceptor::access_control[0m[2m:[0m ffa37fa889411132db554164dd2c462d did not match any configured ACL subject. Default permission `Allow` will be applied on all messages
[component_container-3] [INFO] [1775240016.456066930] [controller_manager]: Loading controller : 'aic_controller' of type 'aic/Controller'
[component_container-3] [INFO] [1775240016.456097357] [controller_manager]: Loading controller 'aic_controller'
[component_container-3] [INFO] [1775240016.457762581] [controller_manager]: Controller 'aic_controller' node arguments: --ros-args --params-file /ws_aic/install/share/aic_bringup/config/aic_ros2_controllers.yaml -p use_sim_time:=true --param use_sim_time:=true 
[component_container-3] (2026-04-04 03:13:36.494) [debug] [WorldSdfGeneratorPlugin.cc:79] Saving world: aic_world to: /tmp/aic.sdf
[component_container-3] (2026-04-04 03:13:36.494) [info] [WorldSdfGeneratorPlugin.cc:86] File: /tmp/aic.sdf could not be opened for saving. Please check that the directory containg the file exists and the correct permissions are set.
[spawner-10] [INFO] [1775240016.502269186] [spawner_aic_controller]: Loaded aic_controller
[component_container-3] [INFO] [1775240016.502642294] [controller_manager]: Configuring controller: 'aic_controller'
[component_container-3] [INFO] [1775240016.502693450] [aic_controller]: Control mode set to impedance
[component_container-3] [INFO] [1775240016.502698409] [aic_controller]: Target mode set to Cartesian. Accepting MotionUpdate targets.
[component_container-3] [INFO] [1775240016.507722266] [controller_manager]: Activating controllers: [ aic_controller ]
[component_container-3] [INFO] [1775240016.507791866] [controller_manager]: Requested controller switch from non-realtime loop
[component_container-3] [INFO] [1775240016.507854814] [controller_manager]: Successfully switched controllers!
[component_container-3] (2026-04-04 03:13:36.509) [warning] [Component.hh:144] Trying to serialize component with data type [St6vectorIdSaIdEE], which doesn't have `operator<<`. Component will not be serialized.
[component_container-3] (2026-04-04 03:13:36.509) [warning] [Component.hh:189] Trying to deserialize component with data type [St6vectorIdSaIdEE], which doesn't have `operator>>`. Component will not be deserialized.
[spawner-10] [INFO] [1775240016.509562127] [spawner_aic_controller]: Configured and activated all the parsed controllers list : ['aic_controller']!
[INFO] [spawner-10]: process has finished cleanly [pid 1277343]
[INFO] [rviz2-11]: process started with pid [1277380]
[rviz2-11] qt.qpa.xcb: could not connect to display 
[rviz2-11] qt.qpa.plugin: Could not load the Qt platform plugin "xcb" in "" even though it was found.
[rviz2-11] This application failed to start because no Qt platform plugin could be initialized. Reinstalling the application may fix this problem.
[rviz2-11] 
[rviz2-11] Available platform plugins are: eglfs, linuxfb, minimal, minimalegl, offscreen, vnc, wayland-egl, wayland, wayland-xcomposite-egl, wayland-xcomposite-glx, xcb.
[rviz2-11] 
[ERROR] [rviz2-11]: process has died [pid 1277380, exit code -6, cmd '/opt/ros/kilted/lib/rviz2/rviz2 -d /ws_aic/install/share/aic_bringup/rviz/aic.rviz --ros-args -r __node:=rviz2 --params-file /tmp/launch_params_62tltt3w'].
[2m2026-04-03T18:13:39.443122Z[0m [32m INFO[0m acc-0 ThreadId(04) [2mzenoh::net::routing::interceptor::access_control[0m[2m:[0m 132e00768d61fed8bc5ba735d257cfb2 did not match any configured ACL subject. Default permission `Allow` will be applied on all messages
[2m2026-04-03T18:13:49.232086Z[0m [32m INFO[0m acc-0 ThreadId(04) [2mzenoh::net::routing::interceptor::access_control[0m[2m:[0m 286c8e64b6495b2630f9b38768e62983 did not match any configured ACL subject. Default permission `Allow` will be applied on all messages
[component_container-3] (2026-04-04 03:13:50.345) [debug] [SdfEntityCreator.cc:547] Link has auto-inertial enabled: sc_port_0::sc_port_link
[component_container-3] (2026-04-04 03:13:50.345) [debug] [SdfEntityCreator.cc:549]   pose: 1.88554e-19 -0.00100271 0.000137321 0 0 0
[component_container-3] (2026-04-04 03:13:50.345) [debug] [SdfEntityCreator.cc:550]   mass: 0.04
[component_container-3] (2026-04-04 03:13:50.345) [debug] [SdfEntityCreator.cc:551]   ixx iyy izz: 1.86262e-06 5.50332e-06 6.55187e-06
[component_container-3] (2026-04-04 03:13:50.345) [debug] [SdfEntityCreator.cc:553]   ixy ixz iyz: -7.41324e-15 4.19415e-23 -5.5077e-09
[component_container-3] (2026-04-04 03:13:50.346) [debug] [SystemManager.cc:80] Loaded system [gz::sim::systems::PosePublisher] for entity [118]
[component_container-3] (2026-04-04 03:13:50.346) [debug] [SystemManager.cc:80] Loaded system [gz::sim::systems::TouchPlugin] for entity [164]
[component_container-3] (2026-04-04 03:13:50.346) [debug] [UserCommands.cc:1108] Created entity [118] named [task_board]
[component_container-3] (2026-04-04 03:13:50.349) [info] [Contact.cc:125] Contact system publishing on world/aic_world/model/task_board/model/sc_port_0/link/sc_port_link/sensor/sc_port_sensor/contact
[component_container-3] [INFO] [1775240030.349388839] [aic_controller]: Received service request to tare force torque sensor!
[component_container-3] [INFO] [1775240030.349411762] [aic_controller]: Successfully tared force torque sensor.
[component_container-3] [INFO] [1775240030.350411221] [gz_server]: InitializeCanonicalLinks
[component_container-3] (2026-04-04 03:13:50.350) [warning] [Component.hh:127] Trying to serialize component with data type [St10shared_ptrIN3sdf3v157ElementEE], which doesn't have `operator<<`. Component will not be serialized.
[component_container-3] (2026-04-04 03:13:50.351) [debug] [SimulationRunner.cc:600] Exiting postupdate worker thread (3)
[component_container-3] (2026-04-04 03:13:50.351) [debug] [SimulationRunner.cc:600] Exiting postupdate worker thread (0)
[component_container-3] (2026-04-04 03:13:50.351) [debug] [SimulationRunner.cc:600] Exiting postupdate worker thread (4)
[component_container-3] (2026-04-04 03:13:50.351) [debug] [SimulationRunner.cc:600] Exiting postupdate worker thread (1)
[component_container-3] (2026-04-04 03:13:50.351) [debug] [SimulationRunner.cc:600] Exiting postupdate worker thread (2)
[component_container-3] (2026-04-04 03:13:50.351) [debug] [SimulationRunner.cc:573] Creating PostUpdate worker threads: 8
[component_container-3] (2026-04-04 03:13:50.351) [debug] [SimulationRunner.cc:584] Creating postupdate worker thread (0)
[component_container-3] (2026-04-04 03:13:50.351) [debug] [SimulationRunner.cc:584] Creating postupdate worker thread (1)
[component_container-3] (2026-04-04 03:13:50.351) [debug] [SimulationRunner.cc:584] Creating postupdate worker thread (2)
[component_container-3] (2026-04-04 03:13:50.351) [debug] [SimulationRunner.cc:584] Creating postupdate worker thread (3)
[component_container-3] (2026-04-04 03:13:50.351) [debug] [SimulationRunner.cc:584] Creating postupdate worker thread (4)
[component_container-3] (2026-04-04 03:13:50.351) [debug] [SimulationRunner.cc:584] Creating postupdate worker thread (5)
[component_container-3] (2026-04-04 03:13:50.351) [debug] [SimulationRunner.cc:584] Creating postupdate worker thread (6)
[component_container-3] (2026-04-04 03:13:50.351) [debug] [TouchPlugin.cc:267] Started touch plugin [sc_port_0/sc_port_base]
[component_container-3] (2026-04-04 03:13:50.367) [warning] [Component.hh:172] Trying to deserialize component with data type [St10shared_ptrIN3sdf3v157ElementEE], which doesn't have `operator>>`. Component will not be deserialized.
[component_container-3] (2026-04-04 03:13:51.551) [debug] [SdfEntityCreator.cc:547] Link has auto-inertial enabled: cable_1::sc_plug_link
[component_container-3] (2026-04-04 03:13:51.551) [debug] [SdfEntityCreator.cc:549]   pose: -0.00907511 4.9566e-05 8.71699e-06 0 0 0
[component_container-3] (2026-04-04 03:13:51.551) [debug] [SdfEntityCreator.cc:550]   mass: 0.04
[component_container-3] (2026-04-04 03:13:51.551) [debug] [SdfEntityCreator.cc:551]   ixx iyy izz: 2.12257e-06 7.17318e-06 8.85404e-06
[component_container-3] (2026-04-04 03:13:51.551) [debug] [SdfEntityCreator.cc:553]   ixy ixz iyz: 1.24369e-08 -3.73363e-09 1.72827e-11
[component_container-3] (2026-04-04 03:13:51.551) [debug] [SdfEntityCreator.cc:547] Link has auto-inertial enabled: cable_1::lc_plug_link
[component_container-3] (2026-04-04 03:13:51.551) [debug] [SdfEntityCreator.cc:549]   pose: 0 -0.00428702 8.58528e-05 0 0 0
[component_container-3] (2026-04-04 03:13:51.551) [debug] [SdfEntityCreator.cc:550]   mass: 0.01
[component_container-3] (2026-04-04 03:13:51.551) [debug] [SdfEntityCreator.cc:551]   ixx iyy izz: 1.73585e-06 1.30886e-07 1.82579e-06
[component_container-3] (2026-04-04 03:13:51.551) [debug] [SdfEntityCreator.cc:553]   ixy ixz iyz: -3.13192e-14 3.63653e-15 -5.82954e-09
[component_container-3] (2026-04-04 03:13:51.551) [debug] [SdfEntityCreator.cc:547] Link has auto-inertial enabled: cable_1::sfp_module_link
[component_container-3] (2026-04-04 03:13:51.551) [debug] [SdfEntityCreator.cc:549]   pose: 0.000140388 0.0140944 0.000755794 0 0 0
[component_container-3] (2026-04-04 03:13:51.551) [debug] [SdfEntityCreator.cc:550]   mass: 0.02
[component_container-3] (2026-04-04 03:13:51.551) [debug] [SdfEntityCreator.cc:551]   ixx iyy izz: 3.52972e-06 5.95336e-07 3.76244e-06
[component_container-3] (2026-04-04 03:13:51.551) [debug] [SdfEntityCreator.cc:553]   ixy ixz iyz: 3.87677e-08 3.1005e-09 9.04204e-09
[component_container-3] (2026-04-04 03:13:51.553) [debug] [CablePlugin.cc:86] aic_gazebo::CablePlugin::Configure on entity: 187
[component_container-3] (2026-04-04 03:13:51.553) [info] [CablePlugin.cc:150] Cable transitioning to HARNESS state.
[component_container-3] (2026-04-04 03:13:51.553) [debug] [SystemManager.cc:80] Loaded system [aic_gazebo::CablePlugin] for entity [187]
[component_container-3] (2026-04-04 03:13:51.553) [debug] [SystemManager.cc:80] Loaded system [gz::sim::systems::PosePublisher] for entity [187]
[component_container-3] (2026-04-04 03:13:51.553) [debug] [UserCommands.cc:1108] Created entity [187] named [cable_1]
[component_container-3] [INFO] [1775240031.559776188] [gz_server]: InitializeCanonicalLinks
[component_container-3] (2026-04-04 03:13:51.561) [debug] [SimulationRunner.cc:600] Exiting postupdate worker thread (3)
[component_container-3] (2026-04-04 03:13:51.561) [debug] [SimulationRunner.cc:600] Exiting postupdate worker thread (2)
[component_container-3] (2026-04-04 03:13:51.561) [debug] [SimulationRunner.cc:600] Exiting postupdate worker thread (4)
[component_container-3] (2026-04-04 03:13:51.561) [debug] [SimulationRunner.cc:600] Exiting postupdate worker thread (6)
[component_container-3] (2026-04-04 03:13:51.561) [debug] [SimulationRunner.cc:600] Exiting postupdate worker thread (5)
[component_container-3] (2026-04-04 03:13:51.561) [debug] [SimulationRunner.cc:600] Exiting postupdate worker thread (0)
[component_container-3] (2026-04-04 03:13:51.561) [debug] [SimulationRunner.cc:600] Exiting postupdate worker thread (1)
[component_container-3] (2026-04-04 03:13:51.561) [debug] [SimulationRunner.cc:573] Creating PostUpdate worker threads: 10
[component_container-3] (2026-04-04 03:13:51.561) [debug] [SimulationRunner.cc:584] Creating postupdate worker thread (0)
[component_container-3] (2026-04-04 03:13:51.561) [debug] [SimulationRunner.cc:584] Creating postupdate worker thread (1)
[component_container-3] (2026-04-04 03:13:51.561) [debug] [SimulationRunner.cc:584] Creating postupdate worker thread (2)
[component_container-3] (2026-04-04 03:13:51.561) [debug] [SimulationRunner.cc:584] Creating postupdate worker thread (3)
[component_container-3] (2026-04-04 03:13:51.561) [debug] [SimulationRunner.cc:584] Creating postupdate worker thread (4)
[component_container-3] (2026-04-04 03:13:51.561) [debug] [SimulationRunner.cc:584] Creating postupdate worker thread (5)
[component_container-3] (2026-04-04 03:13:51.561) [debug] [SimulationRunner.cc:584] Creating postupdate worker thread (6)
[component_container-3] (2026-04-04 03:13:51.561) [debug] [SimulationRunner.cc:584] Creating postupdate worker thread (7)
[component_container-3] (2026-04-04 03:13:51.561) [debug] [SimulationRunner.cc:584] Creating postupdate worker thread (8)
[component_container-3] (2026-04-04 03:13:51.565) [info] [CablePlugin.cc:201] Cable transitioning to WAITING state.
[component_container-3] (2026-04-04 03:13:51.565) [info] [CablePlugin.cc:213] Cable transitioning to CREATE_CONNECTIONS state.
[component_container-3] (2026-04-04 03:13:51.565) [debug] [Physics.cc:2015] Creating detachable joint [385]
[component_container-3] (2026-04-04 03:13:51.565) [debug] [Physics.cc:2015] Creating detachable joint [388]
[component_container-3] (2026-04-04 03:13:51.565) [debug] [Physics.cc:2136] Detaching joint [385]
[component_container-3] (2026-04-04 03:13:51.565) [debug] [Physics.cc:2136] Detaching joint [388]
[component_container-3] (2026-04-04 03:13:51.566) [info] [CablePlugin.cc:247] Cable transitioning to CABLE_ATTACHED_TO_GRIPPER state.
[component_container-3] (2026-04-04 03:13:51.566) [debug] [Physics.cc:2015] Creating detachable joint [389]
[component_container-3] [INFO] [1775240031.595489025] [gz_server]: InitializeCanonicalLinks
[component_container-3] [INFO] [1775240037.559200939] [aic_controller]: Controller is already in Cartesian target mode.
[component_container-3] (2026-04-04 03:14:30.013) [debug] [UserCommands.cc:1158] Requesting removal of entity [118]
[component_container-3] (2026-04-04 03:14:30.021) [debug] [SimulationRunner.cc:600] Exiting postupdate worker thread (2)
[component_container-3] (2026-04-04 03:14:30.021) [debug] [SimulationRunner.cc:600] Exiting postupdate worker thread (3)
[component_container-3] (2026-04-04 03:14:30.021) [debug] [SimulationRunner.cc:600] Exiting postupdate worker thread (7)
[component_container-3] (2026-04-04 03:14:30.021) [debug] [SimulationRunner.cc:600] Exiting postupdate worker thread (8)
[component_container-3] (2026-04-04 03:14:30.021) [debug] [SimulationRunner.cc:600] Exiting postupdate worker thread (4)
[component_container-3] (2026-04-04 03:14:30.021) [debug] [SimulationRunner.cc:600] Exiting postupdate worker thread (6)
[component_container-3] (2026-04-04 03:14:30.021) [debug] [SimulationRunner.cc:600] Exiting postupdate worker thread (5)
[component_container-3] (2026-04-04 03:14:30.021) [debug] [SimulationRunner.cc:600] Exiting postupdate worker thread (0)
[component_container-3] (2026-04-04 03:14:30.021) [debug] [SimulationRunner.cc:600] Exiting postupdate worker thread (1)
[component_container-3] (2026-04-04 03:14:30.021) [debug] [SimulationRunner.cc:573] Creating PostUpdate worker threads: 8
[component_container-3] (2026-04-04 03:14:30.021) [debug] [SimulationRunner.cc:584] Creating postupdate worker thread (0)
[component_container-3] (2026-04-04 03:14:30.021) [debug] [SimulationRunner.cc:584] Creating postupdate worker thread (1)
[component_container-3] (2026-04-04 03:14:30.021) [debug] [SimulationRunner.cc:584] Creating postupdate worker thread (2)
[component_container-3] (2026-04-04 03:14:30.021) [debug] [SimulationRunner.cc:584] Creating postupdate worker thread (3)
[component_container-3] (2026-04-04 03:14:30.021) [debug] [SimulationRunner.cc:584] Creating postupdate worker thread (4)
[component_container-3] (2026-04-04 03:14:30.021) [debug] [SimulationRunner.cc:584] Creating postupdate worker thread (5)
[component_container-3] (2026-04-04 03:14:30.022) [debug] [SimulationRunner.cc:584] Creating postupdate worker thread (6)
[component_container-3] (2026-04-04 03:14:30.022) [debug] [UserCommands.cc:1158] Requesting removal of entity [187]
[component_container-3] (2026-04-04 03:14:30.022) [info] [CablePlugin.cc:162] Cable transitioning to CABLE_REMOVED state.
[component_container-3] [INFO] [1775240070.022861550] [controller_manager]: Deactivating controllers: [ aic_controller ]
[component_container-3] [INFO] [1775240070.022936931] [controller_manager]: Switch controller timeout is set to 0, using default 1s!
[component_container-3] [INFO] [1775240070.022941279] [controller_manager]: Requested controller switch from non-realtime loop
[component_container-3] [INFO] [1775240070.023024224] [controller_manager]: Deactivated controllers: [ aic_controller ]
[component_container-3] [INFO] [1775240070.023029013] [controller_manager]: Successfully switched controllers!
[component_container-3] (2026-04-04 03:14:30.023) [debug] [Physics.cc:2136] Detaching joint [389]
[component_container-3] (2026-04-04 03:14:30.025) [info] [ResetJointsPlugin.cc:105] Received reset request for joint: shoulder_pan_joint
[component_container-3] (2026-04-04 03:14:30.025) [info] [ResetJointsPlugin.cc:105] Received reset request for joint: shoulder_lift_joint
[component_container-3] (2026-04-04 03:14:30.025) [info] [ResetJointsPlugin.cc:105] Received reset request for joint: elbow_joint
[component_container-3] (2026-04-04 03:14:30.025) [info] [ResetJointsPlugin.cc:105] Received reset request for joint: wrist_1_joint
[component_container-3] (2026-04-04 03:14:30.025) [info] [ResetJointsPlugin.cc:105] Received reset request for joint: wrist_2_joint
[component_container-3] (2026-04-04 03:14:30.025) [info] [ResetJointsPlugin.cc:105] Received reset request for joint: wrist_3_joint
[component_container-3] (2026-04-04 03:14:30.047) [debug] [SimulationRunner.cc:600] Exiting postupdate worker thread (3)
[component_container-3] (2026-04-04 03:14:30.047) [debug] [SimulationRunner.cc:600] Exiting postupdate worker thread (5)
[component_container-3] (2026-04-04 03:14:30.047) [debug] [SimulationRunner.cc:600] Exiting postupdate worker thread (0)
[component_container-3] (2026-04-04 03:14:30.047) [debug] [SimulationRunner.cc:600] Exiting postupdate worker thread (6)
[component_container-3] (2026-04-04 03:14:30.047) [debug] [SimulationRunner.cc:600] Exiting postupdate worker thread (4)
[component_container-3] (2026-04-04 03:14:30.047) [debug] [SimulationRunner.cc:600] Exiting postupdate worker thread (1)
[component_container-3] (2026-04-04 03:14:30.047) [debug] [SimulationRunner.cc:600] Exiting postupdate worker thread (2)
[component_container-3] (2026-04-04 03:14:30.047) [debug] [SimulationRunner.cc:573] Creating PostUpdate worker threads: 6
[component_container-3] (2026-04-04 03:14:30.047) [debug] [SimulationRunner.cc:584] Creating postupdate worker thread (0)
[component_container-3] (2026-04-04 03:14:30.047) [debug] [SimulationRunner.cc:584] Creating postupdate worker thread (1)
[component_container-3] (2026-04-04 03:14:30.047) [debug] [SimulationRunner.cc:584] Creating postupdate worker thread (2)
[component_container-3] (2026-04-04 03:14:30.047) [debug] [SimulationRunner.cc:584] Creating postupdate worker thread (3)
[component_container-3] (2026-04-04 03:14:30.047) [debug] [SimulationRunner.cc:584] Creating postupdate worker thread (4)
[component_container-3] (2026-04-04 03:14:30.551) [info] [ResetJointsPlugin.cc:149] Joint wrist_3_joint reset to initial position: 1.411
[component_container-3] (2026-04-04 03:14:30.551) [info] [ResetJointsPlugin.cc:149] Joint wrist_2_joint reset to initial position: 1.571
[component_container-3] (2026-04-04 03:14:30.551) [info] [ResetJointsPlugin.cc:149] Joint wrist_1_joint reset to initial position: -1.6933
[component_container-3] (2026-04-04 03:14:30.551) [info] [ResetJointsPlugin.cc:149] Joint elbow_joint reset to initial position: -1.6648
[component_container-3] (2026-04-04 03:14:30.551) [info] [ResetJointsPlugin.cc:149] Joint shoulder_lift_joint reset to initial position: -1.3542
[component_container-3] (2026-04-04 03:14:30.551) [info] [ResetJointsPlugin.cc:149] Joint shoulder_pan_joint reset to initial position: -0.1597
[component_container-3] (2026-04-04 03:14:30.551) [warning] [Physics.cc:2467] Found both JointVelocityReset and JointVelocityCmd components for Joint [shoulder_pan_joint(Entity=102]). Ignoring JointVelocityCmd component.
[component_container-3] (2026-04-04 03:14:30.551) [warning] [Physics.cc:2467] Found both JointVelocityReset and JointVelocityCmd components for Joint [shoulder_lift_joint(Entity=103]). Ignoring JointVelocityCmd component.
[component_container-3] (2026-04-04 03:14:30.551) [warning] [Physics.cc:2467] Found both JointVelocityReset and JointVelocityCmd components for Joint [elbow_joint(Entity=104]). Ignoring JointVelocityCmd component.
[component_container-3] (2026-04-04 03:14:30.551) [warning] [Physics.cc:2467] Found both JointVelocityReset and JointVelocityCmd components for Joint [wrist_1_joint(Entity=105]). Ignoring JointVelocityCmd component.
[component_container-3] (2026-04-04 03:14:30.551) [warning] [Physics.cc:2467] Found both JointVelocityReset and JointVelocityCmd components for Joint [wrist_2_joint(Entity=106]). Ignoring JointVelocityCmd component.
[component_container-3] (2026-04-04 03:14:30.551) [warning] [Physics.cc:2467] Found both JointVelocityReset and JointVelocityCmd components for Joint [wrist_3_joint(Entity=107]). Ignoring JointVelocityCmd component.
[component_container-3] [INFO] [1775240070.551756759] [controller_manager]: Activating controllers: [ aic_controller ]
[component_container-3] [INFO] [1775240070.551843662] [controller_manager]: Requested controller switch from non-realtime loop
[component_container-3] [INFO] [1775240070.551911389] [controller_manager]: Activated controllers: [ aic_controller ]
[component_container-3] [INFO] [1775240070.551914384] [controller_manager]: Successfully switched controllers!
[component_container-3] (2026-04-04 03:14:30.633) [debug] [SdfEntityCreator.cc:547] Link has auto-inertial enabled: sc_port_1::sc_port_link
[component_container-3] (2026-04-04 03:14:30.633) [debug] [SdfEntityCreator.cc:549]   pose: 1.88554e-19 -0.00100271 0.000137321 0 0 0
[component_container-3] (2026-04-04 03:14:30.633) [debug] [SdfEntityCreator.cc:550]   mass: 0.04
[component_container-3] (2026-04-04 03:14:30.633) [debug] [SdfEntityCreator.cc:551]   ixx iyy izz: 1.86262e-06 5.50332e-06 6.55187e-06
[component_container-3] (2026-04-04 03:14:30.633) [debug] [SdfEntityCreator.cc:553]   ixy ixz iyz: -7.41324e-15 4.19415e-23 -5.5077e-09
[component_container-3] (2026-04-04 03:14:30.633) [debug] [SystemManager.cc:80] Loaded system [gz::sim::systems::PosePublisher] for entity [390]
[component_container-3] (2026-04-04 03:14:30.633) [debug] [SystemManager.cc:80] Loaded system [gz::sim::systems::TouchPlugin] for entity [436]
[component_container-3] (2026-04-04 03:14:30.633) [debug] [UserCommands.cc:1108] Created entity [390] named [task_board]
[component_container-3] (2026-04-04 03:14:30.636) [info] [Contact.cc:125] Contact system publishing on world/aic_world/model/task_board/model/sc_port_1/link/sc_port_link/sensor/sc_port_sensor/contact
[component_container-3] [INFO] [1775240070.637045464] [aic_controller]: Received service request to tare force torque sensor!
[component_container-3] [INFO] [1775240070.637075410] [aic_controller]: Successfully tared force torque sensor.
[component_container-3] [INFO] [1775240070.637928115] [gz_server]: InitializeCanonicalLinks
[component_container-3] (2026-04-04 03:14:30.637) [warning] [Component.hh:127] Trying to serialize component with data type [St10shared_ptrIN3sdf3v157ElementEE], which doesn't have `operator<<`. Component will not be serialized.
[component_container-3] (2026-04-04 03:14:30.638) [debug] [SimulationRunner.cc:600] Exiting postupdate worker thread (3)
[component_container-3] (2026-04-04 03:14:30.638) [debug] [SimulationRunner.cc:600] Exiting postupdate worker thread (0)
[component_container-3] (2026-04-04 03:14:30.638) [debug] [SimulationRunner.cc:600] Exiting postupdate worker thread (4)
[component_container-3] (2026-04-04 03:14:30.638) [debug] [SimulationRunner.cc:600] Exiting postupdate worker thread (2)
[component_container-3] (2026-04-04 03:14:30.638) [debug] [SimulationRunner.cc:600] Exiting postupdate worker thread (1)
[component_container-3] (2026-04-04 03:14:30.638) [debug] [SimulationRunner.cc:573] Creating PostUpdate worker threads: 8
[component_container-3] (2026-04-04 03:14:30.638) [debug] [SimulationRunner.cc:584] Creating postupdate worker thread (0)
[component_container-3] (2026-04-04 03:14:30.638) [debug] [SimulationRunner.cc:584] Creating postupdate worker thread (1)
[component_container-3] (2026-04-04 03:14:30.638) [debug] [SimulationRunner.cc:584] Creating postupdate worker thread (2)
[component_container-3] (2026-04-04 03:14:30.638) [debug] [SimulationRunner.cc:584] Creating postupdate worker thread (3)
[component_container-3] (2026-04-04 03:14:30.638) [debug] [SimulationRunner.cc:584] Creating postupdate worker thread (4)
[component_container-3] (2026-04-04 03:14:30.638) [debug] [SimulationRunner.cc:584] Creating postupdate worker thread (5)
[component_container-3] (2026-04-04 03:14:30.638) [debug] [SimulationRunner.cc:584] Creating postupdate worker thread (6)
[component_container-3] (2026-04-04 03:14:30.639) [debug] [TouchPlugin.cc:267] Started touch plugin [sc_port_1/sc_port_base]
[component_container-3] (2026-04-04 03:14:30.770) [debug] [SdfEntityCreator.cc:547] Link has auto-inertial enabled: cable_1::sc_plug_link
[component_container-3] (2026-04-04 03:14:30.770) [debug] [SdfEntityCreator.cc:549]   pose: -0.00907511 4.9566e-05 8.71699e-06 0 0 0
[component_container-3] (2026-04-04 03:14:30.770) [debug] [SdfEntityCreator.cc:550]   mass: 0.04
[component_container-3] (2026-04-04 03:14:30.770) [debug] [SdfEntityCreator.cc:551]   ixx iyy izz: 2.12257e-06 7.17318e-06 8.85404e-06
[component_container-3] (2026-04-04 03:14:30.770) [debug] [SdfEntityCreator.cc:553]   ixy ixz iyz: 1.24369e-08 -3.73363e-09 1.72827e-11
[component_container-3] (2026-04-04 03:14:30.770) [debug] [SdfEntityCreator.cc:547] Link has auto-inertial enabled: cable_1::lc_plug_link
[component_container-3] (2026-04-04 03:14:30.770) [debug] [SdfEntityCreator.cc:549]   pose: 0 -0.00428702 8.58528e-05 0 0 0
[component_container-3] (2026-04-04 03:14:30.770) [debug] [SdfEntityCreator.cc:550]   mass: 0.01
[component_container-3] (2026-04-04 03:14:30.770) [debug] [SdfEntityCreator.cc:551]   ixx iyy izz: 1.73585e-06 1.30886e-07 1.82579e-06
[component_container-3] (2026-04-04 03:14:30.770) [debug] [SdfEntityCreator.cc:553]   ixy ixz iyz: -3.13192e-14 3.63653e-15 -5.82954e-09
[component_container-3] (2026-04-04 03:14:30.770) [debug] [SdfEntityCreator.cc:547] Link has auto-inertial enabled: cable_1::sfp_module_link
[component_container-3] (2026-04-04 03:14:30.770) [debug] [SdfEntityCreator.cc:549]   pose: 0.000140388 0.0140944 0.000755794 0 0 0
[component_container-3] (2026-04-04 03:14:30.770) [debug] [SdfEntityCreator.cc:550]   mass: 0.02
[component_container-3] (2026-04-04 03:14:30.770) [debug] [SdfEntityCreator.cc:551]   ixx iyy izz: 3.52972e-06 5.95336e-07 3.76244e-06
[component_container-3] (2026-04-04 03:14:30.770) [debug] [SdfEntityCreator.cc:553]   ixy ixz iyz: 3.87677e-08 3.1005e-09 9.04204e-09
[component_container-3] (2026-04-04 03:14:30.771) [debug] [CablePlugin.cc:86] aic_gazebo::CablePlugin::Configure on entity: 459
[component_container-3] (2026-04-04 03:14:30.772) [info] [CablePlugin.cc:150] Cable transitioning to HARNESS state.
[component_container-3] (2026-04-04 03:14:30.772) [debug] [SystemManager.cc:80] Loaded system [aic_gazebo::CablePlugin] for entity [459]
[component_container-3] (2026-04-04 03:14:30.772) [debug] [SystemManager.cc:80] Loaded system [gz::sim::systems::PosePublisher] for entity [459]
[component_container-3] (2026-04-04 03:14:30.772) [debug] [UserCommands.cc:1108] Created entity [459] named [cable_1]
[component_container-3] [INFO] [1775240070.781116596] [gz_server]: InitializeCanonicalLinks
[component_container-3] (2026-04-04 03:14:30.783) [debug] [SimulationRunner.cc:600] Exiting postupdate worker thread (3)
[component_container-3] (2026-04-04 03:14:30.783) [debug] [SimulationRunner.cc:600] Exiting postupdate worker thread (2)
[component_container-3] (2026-04-04 03:14:30.783) [debug] [SimulationRunner.cc:600] Exiting postupdate worker thread (1)
[component_container-3] (2026-04-04 03:14:30.783) [debug] [SimulationRunner.cc:600] Exiting postupdate worker thread (5)
[component_container-3] (2026-04-04 03:14:30.783) [debug] [SimulationRunner.cc:600] Exiting postupdate worker thread (6)
[component_container-3] (2026-04-04 03:14:30.783) [debug] [SimulationRunner.cc:600] Exiting postupdate worker thread (0)
[component_container-3] (2026-04-04 03:14:30.783) [debug] [SimulationRunner.cc:600] Exiting postupdate worker thread (4)
[component_container-3] (2026-04-04 03:14:30.783) [debug] [SimulationRunner.cc:573] Creating PostUpdate worker threads: 10
[component_container-3] (2026-04-04 03:14:30.783) [debug] [SimulationRunner.cc:584] Creating postupdate worker thread (0)
[component_container-3] (2026-04-04 03:14:30.783) [debug] [SimulationRunner.cc:584] Creating postupdate worker thread (1)
[component_container-3] (2026-04-04 03:14:30.783) [debug] [SimulationRunner.cc:584] Creating postupdate worker thread (2)
[component_container-3] (2026-04-04 03:14:30.783) [debug] [SimulationRunner.cc:584] Creating postupdate worker thread (3)
[component_container-3] (2026-04-04 03:14:30.783) [debug] [SimulationRunner.cc:584] Creating postupdate worker thread (4)
[component_container-3] (2026-04-04 03:14:30.783) [debug] [SimulationRunner.cc:584] Creating postupdate worker thread (5)
[component_container-3] (2026-04-04 03:14:30.783) [debug] [SimulationRunner.cc:584] Creating postupdate worker thread (6)
[component_container-3] (2026-04-04 03:14:30.783) [debug] [SimulationRunner.cc:584] Creating postupdate worker thread (7)
[component_container-3] (2026-04-04 03:14:30.783) [debug] [SimulationRunner.cc:584] Creating postupdate worker thread (8)
[component_container-3] (2026-04-04 03:14:30.783) [info] [CablePlugin.cc:201] Cable transitioning to WAITING state.
[component_container-3] (2026-04-04 03:14:30.783) [info] [CablePlugin.cc:213] Cable transitioning to CREATE_CONNECTIONS state.
[component_container-3] (2026-04-04 03:14:30.784) [debug] [Physics.cc:2015] Creating detachable joint [657]
[component_container-3] (2026-04-04 03:14:30.784) [debug] [Physics.cc:2015] Creating detachable joint [660]
[component_container-3] (2026-04-04 03:14:30.784) [debug] [Physics.cc:2136] Detaching joint [657]
[component_container-3] (2026-04-04 03:14:30.784) [debug] [Physics.cc:2136] Detaching joint [660]
[component_container-3] (2026-04-04 03:14:30.785) [info] [CablePlugin.cc:247] Cable transitioning to CABLE_ATTACHED_TO_GRIPPER state.
[component_container-3] (2026-04-04 03:14:30.785) [debug] [Physics.cc:2015] Creating detachable joint [661]
[component_container-3] [INFO] [1775240070.805768314] [gz_server]: InitializeCanonicalLinks
[component_container-3] (2026-04-04 03:15:07.482) [debug] [UserCommands.cc:1158] Requesting removal of entity [390]
[component_container-3] (2026-04-04 03:15:07.492) [debug] [SimulationRunner.cc:600] Exiting postupdate worker thread (2)
[component_container-3] (2026-04-04 03:15:07.492) [debug] [SimulationRunner.cc:600] Exiting postupdate worker thread (5)
[component_container-3] (2026-04-04 03:15:07.492) [debug] [SimulationRunner.cc:600] Exiting postupdate worker thread (8)
[component_container-3] (2026-04-04 03:15:07.492) [debug] [SimulationRunner.cc:600] Exiting postupdate worker thread (1)
[component_container-3] (2026-04-04 03:15:07.492) [debug] [SimulationRunner.cc:600] Exiting postupdate worker thread (3)
[component_container-3] (2026-04-04 03:15:07.492) [debug] [SimulationRunner.cc:600] Exiting postupdate worker thread (6)
[component_container-3] (2026-04-04 03:15:07.492) [debug] [SimulationRunner.cc:600] Exiting postupdate worker thread (7)
[component_container-3] (2026-04-04 03:15:07.492) [debug] [SimulationRunner.cc:600] Exiting postupdate worker thread (4)
[component_container-3] (2026-04-04 03:15:07.492) [debug] [SimulationRunner.cc:600] Exiting postupdate worker thread (0)
[component_container-3] (2026-04-04 03:15:07.492) [debug] [SimulationRunner.cc:573] Creating PostUpdate worker threads: 8
[component_container-3] (2026-04-04 03:15:07.492) [debug] [SimulationRunner.cc:584] Creating postupdate worker thread (0)
[component_container-3] (2026-04-04 03:15:07.492) [debug] [SimulationRunner.cc:584] Creating postupdate worker thread (1)
[component_container-3] (2026-04-04 03:15:07.492) [debug] [SimulationRunner.cc:584] Creating postupdate worker thread (2)
[component_container-3] (2026-04-04 03:15:07.492) [debug] [SimulationRunner.cc:584] Creating postupdate worker thread (3)
[component_container-3] (2026-04-04 03:15:07.492) [debug] [SimulationRunner.cc:584] Creating postupdate worker thread (4)
[component_container-3] (2026-04-04 03:15:07.492) [debug] [SimulationRunner.cc:584] Creating postupdate worker thread (5)
[component_container-3] (2026-04-04 03:15:07.492) [debug] [SimulationRunner.cc:584] Creating postupdate worker thread (6)
[component_container-3] (2026-04-04 03:15:07.492) [debug] [UserCommands.cc:1158] Requesting removal of entity [459]
[component_container-3] (2026-04-04 03:15:07.493) [info] [CablePlugin.cc:162] Cable transitioning to CABLE_REMOVED state.
[component_container-3] [INFO] [1775240107.494444277] [controller_manager]: Deactivating controllers: [ aic_controller ]
[component_container-3] [INFO] [1775240107.494518075] [controller_manager]: Requested controller switch from non-realtime loop
[component_container-3] [INFO] [1775240107.494592334] [controller_manager]: Deactivated controllers: [ aic_controller ]
[component_container-3] [INFO] [1775240107.494597383] [controller_manager]: Successfully switched controllers!
[component_container-3] (2026-04-04 03:15:07.495) [debug] [Physics.cc:2136] Detaching joint [661]
[component_container-3] (2026-04-04 03:15:07.496) [info] [ResetJointsPlugin.cc:105] Received reset request for joint: shoulder_pan_joint
[component_container-3] (2026-04-04 03:15:07.496) [info] [ResetJointsPlugin.cc:105] Received reset request for joint: shoulder_lift_joint
[component_container-3] (2026-04-04 03:15:07.496) [info] [ResetJointsPlugin.cc:105] Received reset request for joint: elbow_joint
[component_container-3] (2026-04-04 03:15:07.496) [info] [ResetJointsPlugin.cc:105] Received reset request for joint: wrist_1_joint
[component_container-3] (2026-04-04 03:15:07.496) [info] [ResetJointsPlugin.cc:105] Received reset request for joint: wrist_2_joint
[component_container-3] (2026-04-04 03:15:07.496) [info] [ResetJointsPlugin.cc:105] Received reset request for joint: wrist_3_joint
[component_container-3] (2026-04-04 03:15:07.522) [debug] [SimulationRunner.cc:600] Exiting postupdate worker thread (5)
[component_container-3] (2026-04-04 03:15:07.522) [debug] [SimulationRunner.cc:600] Exiting postupdate worker thread (2)
[component_container-3] (2026-04-04 03:15:07.522) [debug] [SimulationRunner.cc:600] Exiting postupdate worker thread (6)
[component_container-3] (2026-04-04 03:15:07.522) [debug] [SimulationRunner.cc:600] Exiting postupdate worker thread (0)
[component_container-3] (2026-04-04 03:15:07.522) [debug] [SimulationRunner.cc:600] Exiting postupdate worker thread (1)
[component_container-3] (2026-04-04 03:15:07.522) [debug] [SimulationRunner.cc:600] Exiting postupdate worker thread (3)
[component_container-3] (2026-04-04 03:15:07.522) [debug] [SimulationRunner.cc:600] Exiting postupdate worker thread (4)
[component_container-3] (2026-04-04 03:15:07.522) [debug] [SimulationRunner.cc:573] Creating PostUpdate worker threads: 6
[component_container-3] (2026-04-04 03:15:07.522) [debug] [SimulationRunner.cc:584] Creating postupdate worker thread (0)
[component_container-3] (2026-04-04 03:15:07.522) [debug] [SimulationRunner.cc:584] Creating postupdate worker thread (1)
[component_container-3] (2026-04-04 03:15:07.522) [debug] [SimulationRunner.cc:584] Creating postupdate worker thread (2)
[component_container-3] (2026-04-04 03:15:07.522) [debug] [SimulationRunner.cc:584] Creating postupdate worker thread (3)
[component_container-3] (2026-04-04 03:15:07.522) [debug] [SimulationRunner.cc:584] Creating postupdate worker thread (4)
[component_container-3] (2026-04-04 03:15:08.354) [info] [ResetJointsPlugin.cc:149] Joint wrist_3_joint reset to initial position: 1.411
[component_container-3] (2026-04-04 03:15:08.355) [info] [ResetJointsPlugin.cc:149] Joint wrist_2_joint reset to initial position: 1.571
[component_container-3] (2026-04-04 03:15:08.355) [info] [ResetJointsPlugin.cc:149] Joint wrist_1_joint reset to initial position: -1.6933
[component_container-3] (2026-04-04 03:15:08.355) [info] [ResetJointsPlugin.cc:149] Joint elbow_joint reset to initial position: -1.6648
[component_container-3] (2026-04-04 03:15:08.355) [info] [ResetJointsPlugin.cc:149] Joint shoulder_lift_joint reset to initial position: -1.3542
[component_container-3] (2026-04-04 03:15:08.355) [info] [ResetJointsPlugin.cc:149] Joint shoulder_pan_joint reset to initial position: -0.1597
[component_container-3] (2026-04-04 03:15:08.355) [warning] [Physics.cc:2467] Found both JointVelocityReset and JointVelocityCmd components for Joint [shoulder_pan_joint(Entity=102]). Ignoring JointVelocityCmd component.
[component_container-3] (2026-04-04 03:15:08.355) [warning] [Physics.cc:2467] Found both JointVelocityReset and JointVelocityCmd components for Joint [shoulder_lift_joint(Entity=103]). Ignoring JointVelocityCmd component.
[component_container-3] (2026-04-04 03:15:08.355) [warning] [Physics.cc:2467] Found both JointVelocityReset and JointVelocityCmd components for Joint [elbow_joint(Entity=104]). Ignoring JointVelocityCmd component.
[component_container-3] (2026-04-04 03:15:08.355) [warning] [Physics.cc:2467] Found both JointVelocityReset and JointVelocityCmd components for Joint [wrist_1_joint(Entity=105]). Ignoring JointVelocityCmd component.
[component_container-3] (2026-04-04 03:15:08.355) [warning] [Physics.cc:2467] Found both JointVelocityReset and JointVelocityCmd components for Joint [wrist_2_joint(Entity=106]). Ignoring JointVelocityCmd component.
[component_container-3] (2026-04-04 03:15:08.355) [warning] [Physics.cc:2467] Found both JointVelocityReset and JointVelocityCmd components for Joint [wrist_3_joint(Entity=107]). Ignoring JointVelocityCmd component.
[component_container-3] [INFO] [1775240108.355268464] [controller_manager]: Activating controllers: [ aic_controller ]
[component_container-3] [INFO] [1775240108.355348573] [controller_manager]: Requested controller switch from non-realtime loop
[component_container-3] [INFO] [1775240108.355421069] [controller_manager]: Activated controllers: [ aic_controller ]
[component_container-3] [INFO] [1775240108.355424756] [controller_manager]: Successfully switched controllers!
[component_container-3] (2026-04-04 03:15:08.442) [debug] [SdfEntityCreator.cc:547] Link has auto-inertial enabled: sc_port_0::sc_port_link
[component_container-3] (2026-04-04 03:15:08.442) [debug] [SdfEntityCreator.cc:549]   pose: 1.88554e-19 -0.00100271 0.000137321 0 0 0
[component_container-3] (2026-04-04 03:15:08.442) [debug] [SdfEntityCreator.cc:550]   mass: 0.04
[component_container-3] (2026-04-04 03:15:08.442) [debug] [SdfEntityCreator.cc:551]   ixx iyy izz: 1.86262e-06 5.50332e-06 6.55187e-06
[component_container-3] (2026-04-04 03:15:08.442) [debug] [SdfEntityCreator.cc:553]   ixy ixz iyz: -7.41324e-15 4.19415e-23 -5.5077e-09
[component_container-3] (2026-04-04 03:15:08.443) [debug] [SdfEntityCreator.cc:547] Link has auto-inertial enabled: nic_card_mount_4::nic_card_link
[component_container-3] (2026-04-04 03:15:08.443) [debug] [SdfEntityCreator.cc:549]   pose: 0.00150732 -0.00850988 0.00340281 0 0 0
[component_container-3] (2026-04-04 03:15:08.443) [debug] [SdfEntityCreator.cc:550]   mass: 0.15
[component_container-3] (2026-04-04 03:15:08.443) [debug] [SdfEntityCreator.cc:551]   ixx iyy izz: 0.000185176 4.95164e-05 0.000228127
[component_container-3] (2026-04-04 03:15:08.443) [debug] [SdfEntityCreator.cc:553]   ixy ixz iyz: -1.61776e-06 6.54063e-07 1.04636e-07
[component_container-3] (2026-04-04 03:15:08.443) [debug] [SystemManager.cc:80] Loaded system [gz::sim::systems::PosePublisher] for entity [662]
[component_container-3] (2026-04-04 03:15:08.444) [debug] [SystemManager.cc:80] Loaded system [gz::sim::systems::TouchPlugin] for entity [709]
[component_container-3] (2026-04-04 03:15:08.444) [debug] [SystemManager.cc:80] Loaded system [gz::sim::systems::TouchPlugin] for entity [732]
[component_container-3] (2026-04-04 03:15:08.444) [debug] [SystemManager.cc:80] Loaded system [gz::sim::systems::TouchPlugin] for entity [732]
[component_container-3] (2026-04-04 03:15:08.444) [debug] [UserCommands.cc:1108] Created entity [662] named [task_board]
[component_container-3] (2026-04-04 03:15:08.447) [info] [Contact.cc:125] Contact system publishing on world/aic_world/model/task_board/model/sc_port_0/link/sc_port_link/sensor/sc_port_sensor/contact
[component_container-3] (2026-04-04 03:15:08.447) [info] [Contact.cc:125] Contact system publishing on world/aic_world/model/task_board/model/nic_card_mount_4/link/nic_card_link/sensor/sfp_port_sensor/contact
[component_container-3] [INFO] [1775240108.447617474] [aic_controller]: Received service request to tare force torque sensor!
[component_container-3] [INFO] [1775240108.447642782] [aic_controller]: Successfully tared force torque sensor.
[component_container-3] [INFO] [1775240108.449106339] [gz_server]: InitializeCanonicalLinks
[component_container-3] (2026-04-04 03:15:08.450) [debug] [SimulationRunner.cc:600] Exiting postupdate worker thread (3)
[component_container-3] (2026-04-04 03:15:08.450) [debug] [SimulationRunner.cc:600] Exiting postupdate worker thread (0)
[component_container-3] (2026-04-04 03:15:08.450) [debug] [SimulationRunner.cc:600] Exiting postupdate worker thread (2)
[component_container-3] (2026-04-04 03:15:08.450) [debug] [SimulationRunner.cc:600] Exiting postupdate worker thread (1)
[component_container-3] (2026-04-04 03:15:08.450) [debug] [SimulationRunner.cc:600] Exiting postupdate worker thread (4)
[component_container-3] (2026-04-04 03:15:08.450) [debug] [SimulationRunner.cc:573] Creating PostUpdate worker threads: 10
[component_container-3] (2026-04-04 03:15:08.450) [debug] [SimulationRunner.cc:584] Creating postupdate worker thread (0)
[component_container-3] (2026-04-04 03:15:08.450) [debug] [SimulationRunner.cc:584] Creating postupdate worker thread (1)
[component_container-3] (2026-04-04 03:15:08.450) [debug] [SimulationRunner.cc:584] Creating postupdate worker thread (2)
[component_container-3] (2026-04-04 03:15:08.450) [debug] [SimulationRunner.cc:584] Creating postupdate worker thread (3)
[component_container-3] (2026-04-04 03:15:08.450) [debug] [SimulationRunner.cc:584] Creating postupdate worker thread (4)
[component_container-3] (2026-04-04 03:15:08.450) [debug] [SimulationRunner.cc:584] Creating postupdate worker thread (5)
[component_container-3] (2026-04-04 03:15:08.450) [debug] [SimulationRunner.cc:584] Creating postupdate worker thread (6)
[component_container-3] (2026-04-04 03:15:08.450) [debug] [SimulationRunner.cc:584] Creating postupdate worker thread (7)
[component_container-3] (2026-04-04 03:15:08.450) [debug] [SimulationRunner.cc:584] Creating postupdate worker thread (8)
[component_container-3] (2026-04-04 03:15:08.450) [debug] [TouchPlugin.cc:267] Started touch plugin [sc_port_0/sc_port_base]
[component_container-3] (2026-04-04 03:15:08.450) [debug] [TouchPlugin.cc:267] Started touch plugin [nic_card_mount_4/sfp_port_0]
[component_container-3] (2026-04-04 03:15:08.450) [debug] [TouchPlugin.cc:267] Started touch plugin [nic_card_mount_4/sfp_port_1]
[component_container-3] (2026-04-04 03:15:09.550) [debug] [SdfEntityCreator.cc:547] Link has auto-inertial enabled: cable_0::lc_plug_link
[component_container-3] (2026-04-04 03:15:09.550) [debug] [SdfEntityCreator.cc:549]   pose: 0 0.0197 0 0 0 0
[component_container-3] (2026-04-04 03:15:09.550) [debug] [SdfEntityCreator.cc:550]   mass: 0.01
[component_container-3] (2026-04-04 03:15:09.550) [debug] [SdfEntityCreator.cc:551]   ixx iyy izz: 8.49658e-09 9.96094e-08 1.06153e-07
[component_container-3] (2026-04-04 03:15:09.550) [debug] [SdfEntityCreator.cc:553]   ixy ixz iyz: 0 0 2.13837e-15
[component_container-3] (2026-04-04 03:15:09.550) [debug] [SdfEntityCreator.cc:547] Link has auto-inertial enabled: cable_0::sc_plug_link
[component_container-3] (2026-04-04 03:15:09.550) [debug] [SdfEntityCreator.cc:549]   pose: -0.00907511 4.9566e-05 8.71699e-06 0 0 0
[component_container-3] (2026-04-04 03:15:09.550) [debug] [SdfEntityCreator.cc:550]   mass: 0.04
[component_container-3] (2026-04-04 03:15:09.550) [debug] [SdfEntityCreator.cc:551]   ixx iyy izz: 2.12257e-06 7.17318e-06 8.85404e-06
[component_container-3] (2026-04-04 03:15:09.550) [debug] [SdfEntityCreator.cc:553]   ixy ixz iyz: 1.24369e-08 -3.73363e-09 1.72827e-11
[component_container-3] (2026-04-04 03:15:09.550) [debug] [SdfEntityCreator.cc:547] Link has auto-inertial enabled: cable_0::sfp_module_link
[component_container-3] (2026-04-04 03:15:09.550) [debug] [SdfEntityCreator.cc:549]   pose: 0.00024115 0.00702224 0.000553372 0 0 0
[component_container-3] (2026-04-04 03:15:09.550) [debug] [SdfEntityCreator.cc:550]   mass: 0.02
[component_container-3] (2026-04-04 03:15:09.550) [debug] [SdfEntityCreator.cc:551]   ixx iyy izz: 2.81022e-06 5.74024e-07 3.07134e-06
[component_container-3] (2026-04-04 03:15:09.550) [debug] [SdfEntityCreator.cc:553]   ixy ixz iyz: 2.90452e-08 2.66891e-09 9.66165e-08
[component_container-3] (2026-04-04 03:15:09.551) [debug] [CablePlugin.cc:86] aic_gazebo::CablePlugin::Configure on entity: 786
[component_container-3] (2026-04-04 03:15:09.551) [info] [CablePlugin.cc:150] Cable transitioning to HARNESS state.
[component_container-3] (2026-04-04 03:15:09.551) [debug] [SystemManager.cc:80] Loaded system [aic_gazebo::CablePlugin] for entity [786]
[component_container-3] (2026-04-04 03:15:09.551) [debug] [SystemManager.cc:80] Loaded system [gz::sim::systems::PosePublisher] for entity [786]
[component_container-3] (2026-04-04 03:15:09.552) [debug] [UserCommands.cc:1108] Created entity [786] named [cable_0]
[component_container-3] [INFO] [1775240109.558060651] [gz_server]: InitializeCanonicalLinks
[component_container-3] (2026-04-04 03:15:09.559) [debug] [SimulationRunner.cc:600] Exiting postupdate worker thread (3)
[component_container-3] (2026-04-04 03:15:09.559) [debug] [SimulationRunner.cc:600] Exiting postupdate worker thread (2)
[component_container-3] (2026-04-04 03:15:09.559) [debug] [SimulationRunner.cc:600] Exiting postupdate worker thread (4)
[component_container-3] (2026-04-04 03:15:09.559) [debug] [SimulationRunner.cc:600] Exiting postupdate worker thread (6)
[component_container-3] (2026-04-04 03:15:09.559) [debug] [SimulationRunner.cc:600] Exiting postupdate worker thread (1)
[component_container-3] (2026-04-04 03:15:09.559) [debug] [SimulationRunner.cc:600] Exiting postupdate worker thread (5)
[component_container-3] (2026-04-04 03:15:09.559) [debug] [SimulationRunner.cc:600] Exiting postupdate worker thread (8)
[component_container-3] (2026-04-04 03:15:09.559) [debug] [SimulationRunner.cc:600] Exiting postupdate worker thread (0)
[component_container-3] (2026-04-04 03:15:09.559) [debug] [SimulationRunner.cc:600] Exiting postupdate worker thread (7)
[component_container-3] (2026-04-04 03:15:09.560) [debug] [SimulationRunner.cc:573] Creating PostUpdate worker threads: 12
[component_container-3] (2026-04-04 03:15:09.560) [debug] [SimulationRunner.cc:584] Creating postupdate worker thread (0)
[component_container-3] (2026-04-04 03:15:09.560) [debug] [SimulationRunner.cc:584] Creating postupdate worker thread (1)
[component_container-3] (2026-04-04 03:15:09.560) [debug] [SimulationRunner.cc:584] Creating postupdate worker thread (2)
[component_container-3] (2026-04-04 03:15:09.560) [debug] [SimulationRunner.cc:584] Creating postupdate worker thread (3)
[component_container-3] (2026-04-04 03:15:09.560) [debug] [SimulationRunner.cc:584] Creating postupdate worker thread (4)
[component_container-3] (2026-04-04 03:15:09.560) [debug] [SimulationRunner.cc:584] Creating postupdate worker thread (5)
[component_container-3] (2026-04-04 03:15:09.560) [debug] [SimulationRunner.cc:584] Creating postupdate worker thread (6)
[component_container-3] (2026-04-04 03:15:09.560) [debug] [SimulationRunner.cc:584] Creating postupdate worker thread (7)
[component_container-3] (2026-04-04 03:15:09.560) [debug] [SimulationRunner.cc:584] Creating postupdate worker thread (8)
[component_container-3] (2026-04-04 03:15:09.560) [debug] [SimulationRunner.cc:584] Creating postupdate worker thread (9)
[component_container-3] (2026-04-04 03:15:09.560) [debug] [SimulationRunner.cc:584] Creating postupdate worker thread (10)
[component_container-3] (2026-04-04 03:15:09.560) [info] [CablePlugin.cc:201] Cable transitioning to WAITING state.
[component_container-3] (2026-04-04 03:15:09.560) [info] [CablePlugin.cc:213] Cable transitioning to CREATE_CONNECTIONS state.
[component_container-3] (2026-04-04 03:15:09.560) [debug] [Physics.cc:2015] Creating detachable joint [962]
[component_container-3] (2026-04-04 03:15:09.560) [debug] [Physics.cc:2015] Creating detachable joint [965]
[component_container-3] (2026-04-04 03:15:09.561) [debug] [Physics.cc:2136] Detaching joint [962]
[component_container-3] (2026-04-04 03:15:09.561) [debug] [Physics.cc:2136] Detaching joint [965]
[component_container-3] (2026-04-04 03:15:09.561) [info] [CablePlugin.cc:247] Cable transitioning to CABLE_ATTACHED_TO_GRIPPER state.
[component_container-3] (2026-04-04 03:15:09.562) [debug] [Physics.cc:2015] Creating detachable joint [966]
[component_container-3] [INFO] [1775240109.583743058] [gz_server]: InitializeCanonicalLinks
[component_container-3] (2026-04-04 03:15:25.912) [debug] [TouchPlugin.cc:352] Model [nic_card_mount_4] started touching [sfp_tip_link/collision/contact_collision] at 102.256 s
[component_container-3] (2026-04-04 03:15:26.914) [debug] [TouchPlugin.cc:366] Model [nic_card_mount_4] touched [sfp_tip_link/collision/contact_collision] exclusively for 1 s
[component_container-3] (2026-04-04 03:15:26.915) [debug] [TouchPlugin.cc:273] Stopped touch plugin [nic_card_mount_4/sfp_port_0]
[component_container-3] (2026-04-04 03:15:26.915) [debug] [CablePlugin.cc:271] Cable connection 0 touched: 1. Topic: /nic_card_mount_4/sfp_port_0/touched
[component_container-3] (2026-04-04 03:15:26.915) [info] [CablePlugin.cc:281] Cable transitioning to ATTACH_CABLE_TO_PORT state.
[component_container-3] (2026-04-04 03:15:26.916) [debug] [Physics.cc:2136] Detaching joint [966]
[component_container-3] (2026-04-04 03:15:26.917) [info] [CablePlugin.cc:326] Cable transitioning to COMPLETED state.
[component_container-3] (2026-04-04 03:15:26.917) [debug] [Physics.cc:2015] Creating detachable joint [967]
[component_container-3] (2026-04-04 03:15:26.917) [debug] [Physics.cc:2015] Creating detachable joint [968]
[component_container-3] (2026-04-04 03:15:26.918) [debug] [Physics.cc:2015] Creating detachable joint [971]
[component_container-3] [INFO] [1775240126.919280844] [gz_server]: InitializeCanonicalLinks
[component_container-3] (2026-04-04 03:15:45.241) [debug] [UserCommands.cc:1158] Requesting removal of entity [662]
[component_container-3] (2026-04-04 03:15:45.255) [debug] [SimulationRunner.cc:600] Exiting postupdate worker thread (7)
[component_container-3] (2026-04-04 03:15:45.255) [debug] [SimulationRunner.cc:600] Exiting postupdate worker thread (3)
[component_container-3] (2026-04-04 03:15:45.255) [debug] [SimulationRunner.cc:600] Exiting postupdate worker thread (4)
[component_container-3] (2026-04-04 03:15:45.255) [debug] [SimulationRunner.cc:600] Exiting postupdate worker thread (0)
[component_container-3] (2026-04-04 03:15:45.255) [debug] [SimulationRunner.cc:600] Exiting postupdate worker thread (1)
[component_container-3] (2026-04-04 03:15:45.255) [debug] [SimulationRunner.cc:600] Exiting postupdate worker thread (9)
[component_container-3] (2026-04-04 03:15:45.255) [debug] [SimulationRunner.cc:600] Exiting postupdate worker thread (5)
[component_container-3] (2026-04-04 03:15:45.255) [debug] [SimulationRunner.cc:600] Exiting postupdate worker thread (10)
[component_container-3] (2026-04-04 03:15:45.255) [debug] [SimulationRunner.cc:600] Exiting postupdate worker thread (2)
[component_container-3] (2026-04-04 03:15:45.255) [debug] [SimulationRunner.cc:600] Exiting postupdate worker thread (8)
[component_container-3] (2026-04-04 03:15:45.255) [debug] [SimulationRunner.cc:600] Exiting postupdate worker thread (6)
[component_container-3] (2026-04-04 03:15:45.258) [debug] [SimulationRunner.cc:573] Creating PostUpdate worker threads: 8
[component_container-3] (2026-04-04 03:15:45.258) [debug] [SimulationRunner.cc:584] Creating postupdate worker thread (0)
[component_container-3] (2026-04-04 03:15:45.258) [debug] [SimulationRunner.cc:584] Creating postupdate worker thread (1)
[component_container-3] (2026-04-04 03:15:45.258) [debug] [SimulationRunner.cc:584] Creating postupdate worker thread (2)
[component_container-3] (2026-04-04 03:15:45.258) [debug] [SimulationRunner.cc:584] Creating postupdate worker thread (3)
[component_container-3] (2026-04-04 03:15:45.258) [debug] [SimulationRunner.cc:584] Creating postupdate worker thread (4)
[component_container-3] (2026-04-04 03:15:45.258) [debug] [SimulationRunner.cc:584] Creating postupdate worker thread (5)
[component_container-3] (2026-04-04 03:15:45.258) [debug] [SimulationRunner.cc:584] Creating postupdate worker thread (6)
[component_container-3] (2026-04-04 03:15:45.258) [debug] [UserCommands.cc:1158] Requesting removal of entity [786]
[component_container-3] (2026-04-04 03:15:45.259) [info] [CablePlugin.cc:162] Cable transitioning to CABLE_REMOVED state.
[component_container-3] [INFO] [1775240145.259581950] [controller_manager]: Deactivating controllers: [ aic_controller ]
[component_container-3] [INFO] [1775240145.259650869] [controller_manager]: Requested controller switch from non-realtime loop
[component_container-3] [INFO] [1775240145.259725970] [controller_manager]: Deactivated controllers: [ aic_controller ]
[component_container-3] [INFO] [1775240145.259730488] [controller_manager]: Successfully switched controllers!
[component_container-3] (2026-04-04 03:15:45.260) [debug] [Physics.cc:2136] Detaching joint [967]
[component_container-3] (2026-04-04 03:15:45.260) [debug] [Physics.cc:2136] Detaching joint [968]
[component_container-3] (2026-04-04 03:15:45.260) [debug] [Physics.cc:2136] Detaching joint [971]
[component_container-3] (2026-04-04 03:15:45.261) [info] [ResetJointsPlugin.cc:105] Received reset request for joint: shoulder_pan_joint
[component_container-3] (2026-04-04 03:15:45.261) [info] [ResetJointsPlugin.cc:105] Received reset request for joint: shoulder_lift_joint
[component_container-3] (2026-04-04 03:15:45.261) [info] [ResetJointsPlugin.cc:105] Received reset request for joint: elbow_joint
[component_container-3] (2026-04-04 03:15:45.261) [info] [ResetJointsPlugin.cc:105] Received reset request for joint: wrist_1_joint
[component_container-3] (2026-04-04 03:15:45.261) [info] [ResetJointsPlugin.cc:105] Received reset request for joint: wrist_2_joint
[component_container-3] (2026-04-04 03:15:45.261) [info] [ResetJointsPlugin.cc:105] Received reset request for joint: wrist_3_joint
[component_container-3] (2026-04-04 03:15:45.282) [debug] [SimulationRunner.cc:600] Exiting postupdate worker thread (1)
[component_container-3] (2026-04-04 03:15:45.282) [debug] [SimulationRunner.cc:600] Exiting postupdate worker thread (4)
[component_container-3] (2026-04-04 03:15:45.282) [debug] [SimulationRunner.cc:600] Exiting postupdate worker thread (0)
[component_container-3] (2026-04-04 03:15:45.282) [debug] [SimulationRunner.cc:600] Exiting postupdate worker thread (6)
[component_container-3] (2026-04-04 03:15:45.282) [debug] [SimulationRunner.cc:600] Exiting postupdate worker thread (5)
[component_container-3] (2026-04-04 03:15:45.282) [debug] [SimulationRunner.cc:600] Exiting postupdate worker thread (3)
[component_container-3] (2026-04-04 03:15:45.282) [debug] [SimulationRunner.cc:600] Exiting postupdate worker thread (2)
[component_container-3] (2026-04-04 03:15:45.282) [debug] [SimulationRunner.cc:573] Creating PostUpdate worker threads: 6
[component_container-3] (2026-04-04 03:15:45.282) [debug] [SimulationRunner.cc:584] Creating postupdate worker thread (0)
[component_container-3] (2026-04-04 03:15:45.282) [debug] [SimulationRunner.cc:584] Creating postupdate worker thread (1)
[component_container-3] (2026-04-04 03:15:45.282) [debug] [SimulationRunner.cc:584] Creating postupdate worker thread (2)
[component_container-3] (2026-04-04 03:15:45.282) [debug] [SimulationRunner.cc:584] Creating postupdate worker thread (3)
[component_container-3] (2026-04-04 03:15:45.282) [debug] [SimulationRunner.cc:584] Creating postupdate worker thread (4)
[component_container-3] (2026-04-04 03:15:45.697) [info] [ResetJointsPlugin.cc:149] Joint wrist_3_joint reset to initial position: 1.411
[component_container-3] (2026-04-04 03:15:45.697) [info] [ResetJointsPlugin.cc:149] Joint wrist_2_joint reset to initial position: 1.571
[component_container-3] (2026-04-04 03:15:45.697) [info] [ResetJointsPlugin.cc:149] Joint wrist_1_joint reset to initial position: -1.6933
[component_container-3] (2026-04-04 03:15:45.697) [info] [ResetJointsPlugin.cc:149] Joint elbow_joint reset to initial position: -1.6648
[component_container-3] (2026-04-04 03:15:45.697) [info] [ResetJointsPlugin.cc:149] Joint shoulder_lift_joint reset to initial position: -1.3542
[component_container-3] (2026-04-04 03:15:45.697) [info] [ResetJointsPlugin.cc:149] Joint shoulder_pan_joint reset to initial position: -0.1597
[component_container-3] (2026-04-04 03:15:45.697) [warning] [Physics.cc:2467] Found both JointVelocityReset and JointVelocityCmd components for Joint [shoulder_pan_joint(Entity=102]). Ignoring JointVelocityCmd component.
[component_container-3] (2026-04-04 03:15:45.697) [warning] [Physics.cc:2467] Found both JointVelocityReset and JointVelocityCmd components for Joint [shoulder_lift_joint(Entity=103]). Ignoring JointVelocityCmd component.
[component_container-3] (2026-04-04 03:15:45.697) [warning] [Physics.cc:2467] Found both JointVelocityReset and JointVelocityCmd components for Joint [elbow_joint(Entity=104]). Ignoring JointVelocityCmd component.
[component_container-3] (2026-04-04 03:15:45.697) [warning] [Physics.cc:2467] Found both JointVelocityReset and JointVelocityCmd components for Joint [wrist_1_joint(Entity=105]). Ignoring JointVelocityCmd component.
[component_container-3] (2026-04-04 03:15:45.697) [warning] [Physics.cc:2467] Found both JointVelocityReset and JointVelocityCmd components for Joint [wrist_2_joint(Entity=106]). Ignoring JointVelocityCmd component.
[component_container-3] (2026-04-04 03:15:45.697) [warning] [Physics.cc:2467] Found both JointVelocityReset and JointVelocityCmd components for Joint [wrist_3_joint(Entity=107]). Ignoring JointVelocityCmd component.
[component_container-3] [INFO] [1775240145.697856617] [controller_manager]: Activating controllers: [ aic_controller ]
[component_container-3] [INFO] [1775240145.697981821] [controller_manager]: Requested controller switch from non-realtime loop
[component_container-3] [INFO] [1775240145.698075757] [controller_manager]: Activated controllers: [ aic_controller ]
[component_container-3] [INFO] [1775240145.698080386] [controller_manager]: Successfully switched controllers!
