[INFO] [1775390922.747957767] [aic_model]: Loading policy module: aic_example_policies.ros.AutoCode
[INFO] [1775390922.753285008] [aic_model]: Loaded policy module aic_example_policies.ros.AutoCode
[INFO] [1775390922.753472529] [aic_model]: Using policy: AutoCode
[INFO] [1775390932.495227042] [aic_model]: on_configure(LifecycleState(label='unconfigured', state_id=1))
[INFO] [1775390932.495380379] [aic_model]: Instantiating policy...
[INFO] [1775390932.497311065] [aic_model]: Policy.__init__()
[ERROR] [1775390932.498674432] [aic_model]: aic_model lifecycle is not in the active state
[INFO] [1775390933.496881584] [aic_model]: on_activate()
[INFO] [1775390941.091284876] [aic_model]: Goal accepted
[INFO] [1775390941.092211467] [aic_model]: Entering insert_cable_execute_callback()
[INFO] [1775390941.093701070] [aic_model]: insert_cable execute loop
[INFO] [1775390941.093954273] [aic_model]: AutoCode.insert_cable() task: aic_task_interfaces.msg.Task(id='task_1', cable_type='sfp_sc', cable_name='cable_1', plug_type='sc', plug_name='sc_tip', port_type='sc', port_name='sc_port_base', target_module_name='sc_port_0', time_limit=180)
[INFO] [1775390941.094379527] [aic_model]: pfrac: 0.0 xy_error: -0.0269 0.179   integrators: 0.0 , 0.0
[INFO] [1775390941.095456820] [aic_model]: Setting cartesian mode...
[INFO] [1775390941.096354457] [aic_model]: Successfully set target mode
[2m2026-04-05T12:09:01.097329Z[0m [33m WARN[0m Watchdog Confirmator ThreadId(08) [2mzenoh_shm::watchdog::periodic_task[0m[2m:[0m Some("Watchdog Confirmator"): error setting scheduling priority for thread: OS(1), will run with priority 48. This is not an hard error and it can be safely ignored under normal operating conditions. Though the SHM subsystem may experience some timeouts in case of an heavy congested system where this watchdog thread may not be scheduled at the required frequency.
[2m2026-04-05T12:09:01.098627Z[0m [33m WARN[0m   Watchdog Validator ThreadId(09) [2mzenoh_shm::watchdog::periodic_task[0m[2m:[0m Some("Watchdog Validator"): error setting scheduling priority for thread: OS(1), will run with priority 48. This is not an hard error and it can be safely ignored under normal operating conditions. Though the SHM subsystem may experience some timeouts in case of an heavy congested system where this watchdog thread may not be scheduled at the required frequency.
[INFO] [1775390941.146994198] [aic_model]: pfrac: 0.025 xy_error: -0.0268 0.179   integrators: 0.0 , 0.0
[INFO] [1775390941.196367543] [aic_model]: pfrac: 0.05 xy_error: -0.0267 0.179   integrators: 0.0 , 0.0
[INFO] [1775390941.247212929] [aic_model]: pfrac: 0.075 xy_error: -0.0266 0.179   integrators: 0.0 , 0.0
[INFO] [1775390941.296837333] [aic_model]: pfrac: 0.1 xy_error: -0.0264 0.179   integrators: 0.0 , 0.0
[INFO] [1775390941.347331202] [aic_model]: pfrac: 0.125 xy_error: -0.0263 0.179   integrators: 0.0 , 0.0
[INFO] [1775390941.397554305] [aic_model]: pfrac: 0.15 xy_error: -0.0261 0.178   integrators: 0.0 , 0.0
[INFO] [1775390941.447253078] [aic_model]: pfrac: 0.175 xy_error: -0.026 0.177   integrators: 0.0 , 0.0
[INFO] [1775390941.497337542] [aic_model]: pfrac: 0.2 xy_error: -0.0259 0.176   integrators: 0.0 , 0.0
[INFO] [1775390941.547078825] [aic_model]: pfrac: 0.225 xy_error: -0.0257 0.174   integrators: 0.0 , 0.0
[INFO] [1775390941.596599445] [aic_model]: pfrac: 0.25 xy_error: -0.0256 0.172   integrators: 0.0 , 0.0
[INFO] [1775390941.647210833] [aic_model]: pfrac: 0.275 xy_error: -0.0254 0.169   integrators: 0.0 , 0.0
[INFO] [1775390941.696690137] [aic_model]: pfrac: 0.3 xy_error: -0.0252 0.166   integrators: 0.0 , 0.0
[INFO] [1775390941.747182733] [aic_model]: pfrac: 0.325 xy_error: -0.025 0.163   integrators: 0.0 , 0.0
[INFO] [1775390941.797361193] [aic_model]: pfrac: 0.35 xy_error: -0.0248 0.16   integrators: 0.0 , 0.0
[INFO] [1775390941.846684995] [aic_model]: pfrac: 0.375 xy_error: -0.0246 0.156   integrators: 0.0 , 0.0
[INFO] [1775390941.897297335] [aic_model]: pfrac: 0.4 xy_error: -0.0243 0.152   integrators: 0.0 , 0.0
[INFO] [1775390941.947395756] [aic_model]: pfrac: 0.425 xy_error: -0.024 0.148   integrators: 0.0 , 0.0
[INFO] [1775390941.997218280] [aic_model]: pfrac: 0.45 xy_error: -0.0237 0.143   integrators: 0.0 , 0.0
[INFO] [1775390942.047267468] [aic_model]: pfrac: 0.475 xy_error: -0.0233 0.138   integrators: 0.0 , 0.0
[INFO] [1775390942.093265178] [aic_model]: insert_cable execute loop
[INFO] [1775390942.097102256] [aic_model]: pfrac: 0.5 xy_error: -0.0229 0.133   integrators: 0.0 , 0.0
[INFO] [1775390942.147174978] [aic_model]: pfrac: 0.525 xy_error: -0.0224 0.128   integrators: 0.0 , 0.0
[INFO] [1775390942.197248511] [aic_model]: pfrac: 0.55 xy_error: -0.0219 0.123   integrators: 0.0 , 0.0
[INFO] [1775390942.247225425] [aic_model]: pfrac: 0.575 xy_error: -0.0213 0.117   integrators: 0.0 , 0.0
[INFO] [1775390942.297095388] [aic_model]: pfrac: 0.6 xy_error: -0.0206 0.112   integrators: 0.0 , 0.0
[INFO] [1775390942.347085235] [aic_model]: pfrac: 0.625 xy_error: -0.0199 0.106   integrators: 0.0 , 0.0
[INFO] [1775390942.397186851] [aic_model]: pfrac: 0.65 xy_error: -0.0191 0.101   integrators: 0.0 , 0.0
[INFO] [1775390942.447139038] [aic_model]: pfrac: 0.675 xy_error: -0.0182 0.0949   integrators: 0.0 , 0.0
[INFO] [1775390942.497304714] [aic_model]: pfrac: 0.7 xy_error: -0.0172 0.0893   integrators: 0.0 , 0.0
[INFO] [1775390942.546862725] [aic_model]: pfrac: 0.725 xy_error: -0.0162 0.0837   integrators: 0.0 , 0.0
[INFO] [1775390942.596328263] [aic_model]: pfrac: 0.75 xy_error: -0.0151 0.0782   integrators: 0.0 , 0.0
[INFO] [1775390942.647068612] [aic_model]: pfrac: 0.775 xy_error: -0.014 0.0728   integrators: 0.0 , 0.0
[INFO] [1775390942.697136104] [aic_model]: pfrac: 0.8 xy_error: -0.0128 0.0675   integrators: 0.0 , 0.0
[INFO] [1775390942.747003763] [aic_model]: pfrac: 0.825 xy_error: -0.0116 0.0623   integrators: 0.0 , 0.0
[INFO] [1775390942.797071847] [aic_model]: pfrac: 0.85 xy_error: -0.0104 0.0572   integrators: 0.0 , 0.0
[INFO] [1775390942.847571216] [aic_model]: pfrac: 0.875 xy_error: -0.00921 0.0523   integrators: 0.0 , 0.0
[INFO] [1775390942.897157299] [aic_model]: pfrac: 0.9 xy_error: -0.00803 0.0476   integrators: 0.0 , 0.0
[INFO] [1775390942.947279553] [aic_model]: pfrac: 0.925 xy_error: -0.00685 0.0431   integrators: 0.0 , 0.0
[INFO] [1775390942.997134298] [aic_model]: pfrac: 0.95 xy_error: -0.00572 0.0387   integrators: 0.0 , 0.0
[INFO] [1775390943.047297440] [aic_model]: pfrac: 0.975 xy_error: -0.00468 0.0346   integrators: 0.0 , 0.0
[INFO] [1775390943.093187388] [aic_model]: insert_cable execute loop
[INFO] [1775390943.097139281] [aic_model]: pfrac: 1.0 xy_error: -0.00366 0.0307   integrators: -0.00366 , 0.0307
[INFO] [1775390943.147217062] [aic_model]: pfrac: 1.0 xy_error: -0.0027 0.0269   integrators: -0.00636 , 0.0576
[INFO] [1775390943.197244590] [aic_model]: pfrac: 1.0 xy_error: -0.00182 0.0232   integrators: -0.00818 , 0.08
[INFO] [1775390943.247184434] [aic_model]: pfrac: 1.0 xy_error: -0.00104 0.0196   integrators: -0.00922 , 0.08
[INFO] [1775390943.297197956] [aic_model]: pfrac: 1.0 xy_error: -0.000318 0.0161   integrators: -0.00953 , 0.08
[INFO] [1775390943.346458110] [aic_model]: pfrac: 1.0 xy_error: 0.000343 0.0129   integrators: -0.00919 , 0.08
[INFO] [1775390943.396985392] [aic_model]: pfrac: 1.0 xy_error: 0.000961 0.00988   integrators: -0.00823 , 0.08
[INFO] [1775390943.446929664] [aic_model]: pfrac: 1.0 xy_error: 0.0015 0.00713   integrators: -0.00673 , 0.08
[INFO] [1775390943.497123082] [aic_model]: pfrac: 1.0 xy_error: 0.00198 0.0046   integrators: -0.00475 , 0.08
[INFO] [1775390943.547377854] [aic_model]: pfrac: 1.0 xy_error: 0.00242 0.00232   integrators: -0.00233 , 0.08
[INFO] [1775390943.597227009] [aic_model]: pfrac: 1.0 xy_error: 0.00277 0.000298   integrators: 0.000442 , 0.08
[INFO] [1775390943.647256881] [aic_model]: pfrac: 1.0 xy_error: 0.00303 -0.00152   integrators: 0.00347 , 0.0785
[INFO] [1775390943.697185204] [aic_model]: pfrac: 1.0 xy_error: 0.00323 -0.00312   integrators: 0.0067 , 0.0754
[INFO] [1775390943.747161386] [aic_model]: pfrac: 1.0 xy_error: 0.00333 -0.0045   integrators: 0.01 , 0.0709
[INFO] [1775390943.797078587] [aic_model]: pfrac: 1.0 xy_error: 0.00333 -0.00567   integrators: 0.0134 , 0.0652
[INFO] [1775390943.847030414] [aic_model]: pfrac: 1.0 xy_error: 0.00329 -0.00665   integrators: 0.0167 , 0.0586
[INFO] [1775390943.897296698] [aic_model]: pfrac: 1.0 xy_error: 0.00317 -0.00741   integrators: 0.0198 , 0.0511
[INFO] [1775390943.947269634] [aic_model]: pfrac: 1.0 xy_error: 0.00301 -0.00797   integrators: 0.0228 , 0.0432
[INFO] [1775390943.997076509] [aic_model]: pfrac: 1.0 xy_error: 0.00278 -0.00835   integrators: 0.0256 , 0.0348
[INFO] [1775390944.047183666] [aic_model]: pfrac: 1.0 xy_error: 0.0025 -0.00856   integrators: 0.0281 , 0.0263
[INFO] [1775390944.093285591] [aic_model]: insert_cable execute loop
[INFO] [1775390944.096150913] [aic_model]: z_offset: 0.1992
[INFO] [1775390944.097362066] [aic_model]: pfrac: 1.0 xy_error: 0.00216 -0.00859   integrators: 0.0303 , 0.0177
[INFO] [1775390944.146207466] [aic_model]: z_offset: 0.1984
[INFO] [1775390944.147486976] [aic_model]: pfrac: 1.0 xy_error: 0.00181 -0.00847   integrators: 0.0321 , 0.0092
[INFO] [1775390944.196121432] [aic_model]: z_offset: 0.1976
[INFO] [1775390944.197037824] [aic_model]: pfrac: 1.0 xy_error: 0.00141 -0.0082   integrators: 0.0335 , 0.00101
[INFO] [1775390944.247320759] [aic_model]: z_offset: 0.1968
[INFO] [1775390944.248030935] [aic_model]: pfrac: 1.0 xy_error: 0.00101 -0.00778   integrators: 0.0345 , -0.00678
[INFO] [1775390944.298247276] [aic_model]: z_offset: 0.196
[INFO] [1775390944.299482754] [aic_model]: pfrac: 1.0 xy_error: 0.000603 -0.00728   integrators: 0.0351 , -0.0141
[INFO] [1775390944.348218179] [aic_model]: z_offset: 0.1952
[INFO] [1775390944.349558342] [aic_model]: pfrac: 1.0 xy_error: 0.000173 -0.00668   integrators: 0.0353 , -0.0207
[INFO] [1775390944.399212603] [aic_model]: z_offset: 0.1944
[INFO] [1775390944.400182905] [aic_model]: pfrac: 1.0 xy_error: -0.000295 -0.00597   integrators: 0.035 , -0.0267
[INFO] [1775390944.450138920] [aic_model]: z_offset: 0.1936
[INFO] [1775390944.451461270] [aic_model]: pfrac: 1.0 xy_error: -0.000734 -0.00522   integrators: 0.0343 , -0.0319
[INFO] [1775390944.500150268] [aic_model]: z_offset: 0.1928
[INFO] [1775390944.501424629] [aic_model]: pfrac: 1.0 xy_error: -0.00118 -0.00442   integrators: 0.0331 , -0.0364
[INFO] [1775390944.550196601] [aic_model]: z_offset: 0.192
[INFO] [1775390944.551401642] [aic_model]: pfrac: 1.0 xy_error: -0.00161 -0.0036   integrators: 0.0315 , -0.04
[INFO] [1775390944.600237785] [aic_model]: z_offset: 0.1912
[INFO] [1775390944.601429551] [aic_model]: pfrac: 1.0 xy_error: -0.00202 -0.00273   integrators: 0.0294 , -0.0427
[INFO] [1775390944.650268639] [aic_model]: z_offset: 0.1904
[INFO] [1775390944.651601449] [aic_model]: pfrac: 1.0 xy_error: -0.00239 -0.00184   integrators: 0.0271 , -0.0445
[INFO] [1775390944.700166004] [aic_model]: z_offset: 0.1896
[INFO] [1775390944.701349354] [aic_model]: pfrac: 1.0 xy_error: -0.00271 -0.000935   integrators: 0.0243 , -0.0455
[INFO] [1775390944.750189584] [aic_model]: z_offset: 0.1888
[INFO] [1775390944.751654201] [aic_model]: pfrac: 1.0 xy_error: -0.003 -3.59e-05   integrators: 0.0213 , -0.0455
[INFO] [1775390944.800391959] [aic_model]: z_offset: 0.188
[INFO] [1775390944.801633879] [aic_model]: pfrac: 1.0 xy_error: -0.00326 0.000838   integrators: 0.0181 , -0.0447
[INFO] [1775390944.850216398] [aic_model]: z_offset: 0.1872
[INFO] [1775390944.851519242] [aic_model]: pfrac: 1.0 xy_error: -0.00345 0.00166   integrators: 0.0146 , -0.043
[INFO] [1775390944.901316319] [aic_model]: z_offset: 0.1864
[INFO] [1775390944.901949212] [aic_model]: pfrac: 1.0 xy_error: -0.00359 0.00246   integrators: 0.011 , -0.0405
[INFO] [1775390944.952220164] [aic_model]: z_offset: 0.1856
[INFO] [1775390944.953440404] [aic_model]: pfrac: 1.0 xy_error: -0.00366 0.00317   integrators: 0.00738 , -0.0374
[INFO] [1775390945.002198991] [aic_model]: z_offset: 0.1848
[INFO] [1775390945.003591954] [aic_model]: pfrac: 1.0 xy_error: -0.00369 0.00379   integrators: 0.00369 , -0.0336
[INFO] [1775390945.052222783] [aic_model]: z_offset: 0.184
[INFO] [1775390945.053371288] [aic_model]: pfrac: 1.0 xy_error: -0.00365 0.00433   integrators: 3.6e-05 , -0.0292
[INFO] [1775390945.093269333] [aic_model]: insert_cable execute loop
[INFO] [1775390945.102214795] [aic_model]: z_offset: 0.1832
[INFO] [1775390945.103241272] [aic_model]: pfrac: 1.0 xy_error: -0.00357 0.00479   integrators: -0.00354 , -0.0245
[INFO] [1775390945.152237434] [aic_model]: z_offset: 0.1824
[INFO] [1775390945.153279100] [aic_model]: pfrac: 1.0 xy_error: -0.00348 0.00514   integrators: -0.00701 , -0.0193
[INFO] [1775390945.202120462] [aic_model]: z_offset: 0.1816
[INFO] [1775390945.203386808] [aic_model]: pfrac: 1.0 xy_error: -0.00331 0.00539   integrators: -0.0103 , -0.0139
[INFO] [1775390945.252136689] [aic_model]: z_offset: 0.1808
[INFO] [1775390945.253392525] [aic_model]: pfrac: 1.0 xy_error: -0.00311 0.00555   integrators: -0.0134 , -0.00836
[INFO] [1775390945.302270356] [aic_model]: z_offset: 0.18
[INFO] [1775390945.303525881] [aic_model]: pfrac: 1.0 xy_error: -0.00289 0.00564   integrators: -0.0163 , -0.00273
[INFO] [1775390945.352248922] [aic_model]: z_offset: 0.1792
[INFO] [1775390945.353525207] [aic_model]: pfrac: 1.0 xy_error: -0.0026 0.00562   integrators: -0.0189 , 0.0029
[INFO] [1775390945.402165163] [aic_model]: z_offset: 0.1784
[INFO] [1775390945.403412022] [aic_model]: pfrac: 1.0 xy_error: -0.0023 0.00549   integrators: -0.0212 , 0.00839
[INFO] [1775390945.452151213] [aic_model]: z_offset: 0.1776
[INFO] [1775390945.453443798] [aic_model]: pfrac: 1.0 xy_error: -0.00197 0.00528   integrators: -0.0232 , 0.0137
[INFO] [1775390945.502258200] [aic_model]: z_offset: 0.1768
[INFO] [1775390945.503480904] [aic_model]: pfrac: 1.0 xy_error: -0.00162 0.00497   integrators: -0.0248 , 0.0186
[INFO] [1775390945.552178919] [aic_model]: z_offset: 0.176
[INFO] [1775390945.553381906] [aic_model]: pfrac: 1.0 xy_error: -0.00128 0.00462   integrators: -0.0261 , 0.0233
[INFO] [1775390945.602144301] [aic_model]: z_offset: 0.1752
[INFO] [1775390945.602558004] [aic_model]: pfrac: 1.0 xy_error: -0.000925 0.00422   integrators: -0.027 , 0.0275
[INFO] [1775390945.652131724] [aic_model]: z_offset: 0.1744
[INFO] [1775390945.653391307] [aic_model]: pfrac: 1.0 xy_error: -0.000569 0.00375   integrators: -0.0276 , 0.0312
[INFO] [1775390945.702192004] [aic_model]: z_offset: 0.1736
[INFO] [1775390945.703455214] [aic_model]: pfrac: 1.0 xy_error: -0.00019 0.00324   integrators: -0.0278 , 0.0345
[INFO] [1775390945.752266730] [aic_model]: z_offset: 0.1728
[INFO] [1775390945.753500214] [aic_model]: pfrac: 1.0 xy_error: 0.000163 0.0027   integrators: -0.0276 , 0.0372
[INFO] [1775390945.802200924] [aic_model]: z_offset: 0.172
[INFO] [1775390945.803438285] [aic_model]: pfrac: 1.0 xy_error: 0.00051 0.00215   integrators: -0.0271 , 0.0393
[INFO] [1775390945.852171616] [aic_model]: z_offset: 0.1712
[INFO] [1775390945.853381556] [aic_model]: pfrac: 1.0 xy_error: 0.000846 0.00158   integrators: -0.0263 , 0.0409
[INFO] [1775390945.902186831] [aic_model]: z_offset: 0.1704
[INFO] [1775390945.903388937] [aic_model]: pfrac: 1.0 xy_error: 0.00116 0.00099   integrators: -0.0251 , 0.0419
[INFO] [1775390945.952233996] [aic_model]: z_offset: 0.1696
[INFO] [1775390945.952626580] [aic_model]: pfrac: 1.0 xy_error: 0.00148 0.000401   integrators: -0.0236 , 0.0423
[INFO] [1775390946.002221079] [aic_model]: z_offset: 0.1688
[INFO] [1775390946.003476023] [aic_model]: pfrac: 1.0 xy_error: 0.00179 -0.000155   integrators: -0.0218 , 0.0421
[INFO] [1775390946.052238979] [aic_model]: z_offset: 0.168
[INFO] [1775390946.053482733] [aic_model]: pfrac: 1.0 xy_error: 0.00206 -0.000668   integrators: -0.0198 , 0.0415
[INFO] [1775390946.093410383] [aic_model]: insert_cable execute loop
[INFO] [1775390946.102129301] [aic_model]: z_offset: 0.1672
[INFO] [1775390946.103410645] [aic_model]: pfrac: 1.0 xy_error: 0.0023 -0.00117   integrators: -0.0175 , 0.0403
[INFO] [1775390946.152147993] [aic_model]: z_offset: 0.1664
[INFO] [1775390946.153480523] [aic_model]: pfrac: 1.0 xy_error: 0.00249 -0.00162   integrators: -0.015 , 0.0387
[INFO] [1775390946.202137651] [aic_model]: z_offset: 0.1656
[INFO] [1775390946.203424886] [aic_model]: pfrac: 1.0 xy_error: 0.00267 -0.00205   integrators: -0.0123 , 0.0366
[INFO] [1775390946.252173675] [aic_model]: z_offset: 0.1648
[INFO] [1775390946.253409784] [aic_model]: pfrac: 1.0 xy_error: 0.00278 -0.00244   integrators: -0.00954 , 0.0342
[INFO] [1775390946.302191706] [aic_model]: z_offset: 0.164
[INFO] [1775390946.303478951] [aic_model]: pfrac: 1.0 xy_error: 0.00284 -0.00279   integrators: -0.0067 , 0.0314
[INFO] [1775390946.352344518] [aic_model]: z_offset: 0.1632
[INFO] [1775390946.353588502] [aic_model]: pfrac: 1.0 xy_error: 0.00288 -0.00309   integrators: -0.00383 , 0.0283
[INFO] [1775390946.402298279] [aic_model]: z_offset: 0.1624
[INFO] [1775390946.403655785] [aic_model]: pfrac: 1.0 xy_error: 0.00288 -0.00333   integrators: -0.000943 , 0.025
[INFO] [1775390946.452113130] [aic_model]: z_offset: 0.1616
[INFO] [1775390946.453374366] [aic_model]: pfrac: 1.0 xy_error: 0.00283 -0.00352   integrators: 0.00189 , 0.0215
[INFO] [1775390946.502208425] [aic_model]: z_offset: 0.1608
[INFO] [1775390946.503460163] [aic_model]: pfrac: 1.0 xy_error: 0.00275 -0.00364   integrators: 0.00464 , 0.0178
[INFO] [1775390946.552194947] [aic_model]: z_offset: 0.16
[INFO] [1775390946.553414886] [aic_model]: pfrac: 1.0 xy_error: 0.00262 -0.00373   integrators: 0.00726 , 0.0141
[INFO] [1775390946.602228968] [aic_model]: z_offset: 0.1592
[INFO] [1775390946.603849335] [aic_model]: pfrac: 1.0 xy_error: 0.00243 -0.00377   integrators: 0.00969 , 0.0103
[INFO] [1775390946.654183065] [aic_model]: z_offset: 0.1584
[INFO] [1775390946.655372317] [aic_model]: pfrac: 1.0 xy_error: 0.00222 -0.00373   integrators: 0.0119 , 0.0066
[INFO] [1775390946.704246521] [aic_model]: z_offset: 0.1576
[INFO] [1775390946.705481868] [aic_model]: pfrac: 1.0 xy_error: 0.00196 -0.00366   integrators: 0.0139 , 0.00295
[INFO] [1775390946.754141301] [aic_model]: z_offset: 0.1568
[INFO] [1775390946.755424328] [aic_model]: pfrac: 1.0 xy_error: 0.00171 -0.00353   integrators: 0.0156 , -0.000586
[INFO] [1775390946.804209455] [aic_model]: z_offset: 0.156
[INFO] [1775390946.805471293] [aic_model]: pfrac: 1.0 xy_error: 0.00144 -0.00336   integrators: 0.017 , -0.00395
[INFO] [1775390946.854193192] [aic_model]: z_offset: 0.1552
[INFO] [1775390946.855357357] [aic_model]: pfrac: 1.0 xy_error: 0.00113 -0.00315   integrators: 0.0181 , -0.0071
[INFO] [1775390946.904168964] [aic_model]: z_offset: 0.1544
[INFO] [1775390946.905662133] [aic_model]: pfrac: 1.0 xy_error: 0.000803 -0.00297   integrators: 0.019 , -0.0101
[INFO] [1775390946.954287572] [aic_model]: z_offset: 0.1536
[INFO] [1775390946.954661310] [aic_model]: pfrac: 1.0 xy_error: 0.00041 -0.00283   integrators: 0.0194 , -0.0129
[INFO] [1775390947.004189456] [aic_model]: z_offset: 0.1528
[INFO] [1775390947.005400118] [aic_model]: pfrac: 1.0 xy_error: 4.76e-06 -0.00268   integrators: 0.0194 , -0.0156
[INFO] [1775390947.054234307] [aic_model]: z_offset: 0.152
[INFO] [1775390947.055509699] [aic_model]: pfrac: 1.0 xy_error: -0.000379 -0.00254   integrators: 0.019 , -0.0181
[INFO] [1775390947.093297002] [aic_model]: insert_cable execute loop
[INFO] [1775390947.104157971] [aic_model]: z_offset: 0.1512
[INFO] [1775390947.105334630] [aic_model]: pfrac: 1.0 xy_error: -0.000736 -0.00239   integrators: 0.0183 , -0.0205
[INFO] [1775390947.154238599] [aic_model]: z_offset: 0.1504
[INFO] [1775390947.155754481] [aic_model]: pfrac: 1.0 xy_error: -0.00108 -0.00224   integrators: 0.0172 , -0.0228
[INFO] [1775390947.204746135] [aic_model]: z_offset: 0.1496
[INFO] [1775390947.206011218] [aic_model]: pfrac: 1.0 xy_error: -0.00141 -0.00208   integrators: 0.0158 , -0.0248
[INFO] [1775390947.256194127] [aic_model]: z_offset: 0.1488
[INFO] [1775390947.257463779] [aic_model]: pfrac: 1.0 xy_error: -0.00171 -0.00191   integrators: 0.0141 , -0.0267
[INFO] [1775390947.306191589] [aic_model]: z_offset: 0.148
[INFO] [1775390947.306584994] [aic_model]: pfrac: 1.0 xy_error: -0.00199 -0.00173   integrators: 0.0121 , -0.0285
[INFO] [1775390947.356197157] [aic_model]: z_offset: 0.1472
[INFO] [1775390947.357378564] [aic_model]: pfrac: 1.0 xy_error: -0.00223 -0.00153   integrators: 0.00984 , -0.03
[INFO] [1775390947.406163942] [aic_model]: z_offset: 0.1464
[INFO] [1775390947.407392617] [aic_model]: pfrac: 1.0 xy_error: -0.00243 -0.00133   integrators: 0.00741 , -0.0313
[INFO] [1775390947.456175130] [aic_model]: z_offset: 0.1456
[INFO] [1775390947.456915092] [aic_model]: pfrac: 1.0 xy_error: -0.00257 -0.00113   integrators: 0.00485 , -0.0325
[INFO] [1775390947.506254035] [aic_model]: z_offset: 0.1448
[INFO] [1775390947.507527764] [aic_model]: pfrac: 1.0 xy_error: -0.00267 -0.000919   integrators: 0.00218 , -0.0334
[INFO] [1775390947.556183500] [aic_model]: z_offset: 0.144
[INFO] [1775390947.557424057] [aic_model]: pfrac: 1.0 xy_error: -0.00274 -0.000702   integrators: -0.000565 , -0.0341
[INFO] [1775390947.606247356] [aic_model]: z_offset: 0.1432
[INFO] [1775390947.607484628] [aic_model]: pfrac: 1.0 xy_error: -0.00275 -0.000504   integrators: -0.00332 , -0.0346
[INFO] [1775390947.656256531] [aic_model]: z_offset: 0.1424
[INFO] [1775390947.658040503] [aic_model]: pfrac: 1.0 xy_error: -0.00271 -0.00029   integrators: -0.00603 , -0.0349
[INFO] [1775390947.708158501] [aic_model]: z_offset: 0.1416
[INFO] [1775390947.709522609] [aic_model]: pfrac: 1.0 xy_error: -0.00266 -9.53e-05   integrators: -0.00868 , -0.035
[INFO] [1775390947.758273062] [aic_model]: z_offset: 0.1408
[INFO] [1775390947.759882248] [aic_model]: pfrac: 1.0 xy_error: -0.00257 8.32e-05   integrators: -0.0113 , -0.0349
[INFO] [1775390947.810225046] [aic_model]: z_offset: 0.14
[INFO] [1775390947.811636683] [aic_model]: pfrac: 1.0 xy_error: -0.00246 0.000262   integrators: -0.0137 , -0.0346
[INFO] [1775390947.860375985] [aic_model]: z_offset: 0.1392
[INFO] [1775390947.861749211] [aic_model]: pfrac: 1.0 xy_error: -0.00232 0.000436   integrators: -0.016 , -0.0342
[INFO] [1775390947.910227525] [aic_model]: z_offset: 0.1384
[INFO] [1775390947.911477360] [aic_model]: pfrac: 1.0 xy_error: -0.00211 0.000608   integrators: -0.0181 , -0.0336
[INFO] [1775390947.960305227] [aic_model]: z_offset: 0.1376
[INFO] [1775390947.961572355] [aic_model]: pfrac: 1.0 xy_error: -0.00188 0.000808   integrators: -0.02 , -0.0328
[INFO] [1775390948.011071997] [aic_model]: z_offset: 0.1368
[INFO] [1775390948.011711802] [aic_model]: pfrac: 1.0 xy_error: -0.00165 0.000978   integrators: -0.0217 , -0.0318
[INFO] [1775390948.060180328] [aic_model]: z_offset: 0.136
[INFO] [1775390948.061468024] [aic_model]: pfrac: 1.0 xy_error: -0.00139 0.00112   integrators: -0.0231 , -0.0307
[INFO] [1775390948.094040164] [aic_model]: insert_cable execute loop
[INFO] [1775390948.110240027] [aic_model]: z_offset: 0.1352
[INFO] [1775390948.111454496] [aic_model]: pfrac: 1.0 xy_error: -0.00108 0.00126   integrators: -0.0242 , -0.0294
[INFO] [1775390948.160378403] [aic_model]: z_offset: 0.1344
[INFO] [1775390948.161626595] [aic_model]: pfrac: 1.0 xy_error: -0.000762 0.00137   integrators: -0.0249 , -0.0281
[INFO] [1775390948.210156777] [aic_model]: z_offset: 0.1336
[INFO] [1775390948.211641210] [aic_model]: pfrac: 1.0 xy_error: -0.000451 0.00147   integrators: -0.0254 , -0.0266
[INFO] [1775390948.260385401] [aic_model]: z_offset: 0.1328
[INFO] [1775390948.261989187] [aic_model]: pfrac: 1.0 xy_error: -0.000121 0.00155   integrators: -0.0255 , -0.025
[INFO] [1775390948.312174801] [aic_model]: z_offset: 0.132
[INFO] [1775390948.313615543] [aic_model]: pfrac: 1.0 xy_error: 0.0002 0.00161   integrators: -0.0253 , -0.0234
[INFO] [1775390948.362135545] [aic_model]: z_offset: 0.1312
[INFO] [1775390948.363302155] [aic_model]: pfrac: 1.0 xy_error: 0.000502 0.00162   integrators: -0.0248 , -0.0218
[INFO] [1775390948.412182220] [aic_model]: z_offset: 0.1304
[INFO] [1775390948.413452322] [aic_model]: pfrac: 1.0 xy_error: 0.00078 0.00158   integrators: -0.024 , -0.0202
[INFO] [1775390948.462144747] [aic_model]: z_offset: 0.1296
[INFO] [1775390948.463363915] [aic_model]: pfrac: 1.0 xy_error: 0.00103 0.00151   integrators: -0.023 , -0.0187
[INFO] [1775390948.512135838] [aic_model]: z_offset: 0.1288
[INFO] [1775390948.513416300] [aic_model]: pfrac: 1.0 xy_error: 0.00123 0.0014   integrators: -0.0217 , -0.0173
[INFO] [1775390948.562148419] [aic_model]: z_offset: 0.128
[INFO] [1775390948.563697032] [aic_model]: pfrac: 1.0 xy_error: 0.0014 0.00128   integrators: -0.0203 , -0.016
[INFO] [1775390948.613841449] [aic_model]: z_offset: 0.1272
[INFO] [1775390948.614275981] [aic_model]: pfrac: 1.0 xy_error: 0.00153 0.00114   integrators: -0.0188 , -0.0149
[INFO] [1775390948.662128606] [aic_model]: z_offset: 0.1264
[INFO] [1775390948.663058213] [aic_model]: pfrac: 1.0 xy_error: 0.00167 0.00101   integrators: -0.0171 , -0.0139
[INFO] [1775390948.712997497] [aic_model]: z_offset: 0.1256
[INFO] [1775390948.713572661] [aic_model]: pfrac: 1.0 xy_error: 0.0018 0.000847   integrators: -0.0153 , -0.013
[INFO] [1775390948.762816707] [aic_model]: z_offset: 0.1248
[INFO] [1775390948.763953530] [aic_model]: pfrac: 1.0 xy_error: 0.00186 0.000712   integrators: -0.0135 , -0.0123
[INFO] [1775390948.812417468] [aic_model]: z_offset: 0.124
[INFO] [1775390948.813506252] [aic_model]: pfrac: 1.0 xy_error: 0.00192 0.000563   integrators: -0.0116 , -0.0118
[INFO] [1775390948.862191854] [aic_model]: z_offset: 0.1232
[INFO] [1775390948.863132231] [aic_model]: pfrac: 1.0 xy_error: 0.00196 0.000409   integrators: -0.00961 , -0.0114
[INFO] [1775390948.912199005] [aic_model]: z_offset: 0.1224
[INFO] [1775390948.913951178] [aic_model]: pfrac: 1.0 xy_error: 0.00197 0.000257   integrators: -0.00764 , -0.0111
[INFO] [1775390948.962190246] [aic_model]: z_offset: 0.1216
[INFO] [1775390948.963547261] [aic_model]: pfrac: 1.0 xy_error: 0.00197 0.000112   integrators: -0.00567 , -0.011
[INFO] [1775390949.012288046] [aic_model]: z_offset: 0.1208
[INFO] [1775390949.013766558] [aic_model]: pfrac: 1.0 xy_error: 0.00192 -2.63e-05   integrators: -0.00375 , -0.011
[INFO] [1775390949.062293463] [aic_model]: z_offset: 0.12
[INFO] [1775390949.063974233] [aic_model]: pfrac: 1.0 xy_error: 0.00188 -0.000143   integrators: -0.00187 , -0.0112
[INFO] [1775390949.095263897] [aic_model]: insert_cable execute loop
[INFO] [1775390949.112134324] [aic_model]: z_offset: 0.1192
[INFO] [1775390949.113613146] [aic_model]: pfrac: 1.0 xy_error: 0.0018 -0.000259   integrators: -6.61e-05 , -0.0114
[INFO] [1775390949.162247242] [aic_model]: z_offset: 0.1184
[INFO] [1775390949.163519248] [aic_model]: pfrac: 1.0 xy_error: 0.00173 -0.00035   integrators: 0.00166 , -0.0118
[INFO] [1775390949.212143235] [aic_model]: z_offset: 0.1176
[INFO] [1775390949.213687240] [aic_model]: pfrac: 1.0 xy_error: 0.00162 -0.000398   integrators: 0.00328 , -0.0122
[INFO] [1775390949.262162469] [aic_model]: z_offset: 0.1168
[INFO] [1775390949.262589797] [aic_model]: pfrac: 1.0 xy_error: 0.0015 -0.00047   integrators: 0.00478 , -0.0126
[INFO] [1775390949.312176893] [aic_model]: z_offset: 0.116
[INFO] [1775390949.313705339] [aic_model]: pfrac: 1.0 xy_error: 0.00138 -0.000503   integrators: 0.00615 , -0.0131
[INFO] [1775390949.362227495] [aic_model]: z_offset: 0.1152
[INFO] [1775390949.363579150] [aic_model]: pfrac: 1.0 xy_error: 0.00123 -0.000625   integrators: 0.00738 , -0.0138
[INFO] [1775390949.412291953] [aic_model]: z_offset: 0.1144
[INFO] [1775390949.413840867] [aic_model]: pfrac: 1.0 xy_error: 0.00106 -0.000753   integrators: 0.00843 , -0.0145
[INFO] [1775390949.462138975] [aic_model]: z_offset: 0.1136
[INFO] [1775390949.463256924] [aic_model]: pfrac: 1.0 xy_error: 0.000866 -0.000852   integrators: 0.0093 , -0.0154
[INFO] [1775390949.512288732] [aic_model]: z_offset: 0.1128
[INFO] [1775390949.513791259] [aic_model]: pfrac: 1.0 xy_error: 0.000689 -0.000962   integrators: 0.00999 , -0.0163
[INFO] [1775390949.562283250] [aic_model]: z_offset: 0.112
[INFO] [1775390949.563942529] [aic_model]: pfrac: 1.0 xy_error: 0.000491 -0.00105   integrators: 0.0105 , -0.0174
[INFO] [1775390949.614497734] [aic_model]: z_offset: 0.1112
[INFO] [1775390949.615040308] [aic_model]: pfrac: 1.0 xy_error: 0.000293 -0.00111   integrators: 0.0108 , -0.0185
[INFO] [1775390949.666464486] [aic_model]: z_offset: 0.1104
[INFO] [1775390949.666883268] [aic_model]: pfrac: 1.0 xy_error: 0.000101 -0.00115   integrators: 0.0109 , -0.0196
[INFO] [1775390949.716715653] [aic_model]: z_offset: 0.1096
[INFO] [1775390949.718014689] [aic_model]: pfrac: 1.0 xy_error: -7.76e-05 -0.00116   integrators: 0.0108 , -0.0208
[INFO] [1775390949.768511184] [aic_model]: z_offset: 0.1088
[INFO] [1775390949.769899678] [aic_model]: pfrac: 1.0 xy_error: -0.000275 -0.00116   integrators: 0.0105 , -0.022
[INFO] [1775390949.821439412] [aic_model]: z_offset: 0.108
[INFO] [1775390949.821858455] [aic_model]: pfrac: 1.0 xy_error: -0.000486 -0.00116   integrators: 0.01 , -0.0231
[INFO] [1775390949.870396281] [aic_model]: z_offset: 0.1072
[INFO] [1775390949.871711077] [aic_model]: pfrac: 1.0 xy_error: -0.000629 -0.00115   integrators: 0.00941 , -0.0243
[INFO] [1775390949.921336816] [aic_model]: z_offset: 0.1064
[INFO] [1775390949.921752813] [aic_model]: pfrac: 1.0 xy_error: -0.000781 -0.00112   integrators: 0.00863 , -0.0254
[INFO] [1775390949.971206951] [aic_model]: z_offset: 0.1056
[INFO] [1775390949.971929981] [aic_model]: pfrac: 1.0 xy_error: -0.000884 -0.00106   integrators: 0.00774 , -0.0264
[INFO] [1775390950.021783225] [aic_model]: z_offset: 0.1048
[INFO] [1775390950.022379258] [aic_model]: pfrac: 1.0 xy_error: -0.000982 -0.00101   integrators: 0.00676 , -0.0275
[INFO] [1775390950.072205431] [aic_model]: z_offset: 0.104
[INFO] [1775390950.073966822] [aic_model]: pfrac: 1.0 xy_error: -0.00105 -0.00096   integrators: 0.00571 , -0.0284
[INFO] [1775390950.096193385] [aic_model]: insert_cable execute loop
[INFO] [1775390950.124202630] [aic_model]: z_offset: 0.1032
[INFO] [1775390950.125655184] [aic_model]: pfrac: 1.0 xy_error: -0.00111 -0.000905   integrators: 0.0046 , -0.0293
[INFO] [1775390950.174327461] [aic_model]: z_offset: 0.1024
[INFO] [1775390950.175751421] [aic_model]: pfrac: 1.0 xy_error: -0.00115 -0.000824   integrators: 0.00345 , -0.0301
[INFO] [1775390950.225532269] [aic_model]: z_offset: 0.1016
[INFO] [1775390950.226300775] [aic_model]: pfrac: 1.0 xy_error: -0.00113 -0.000711   integrators: 0.00232 , -0.0309
[INFO] [1775390950.276203110] [aic_model]: z_offset: 0.1008
[INFO] [1775390950.277716718] [aic_model]: pfrac: 1.0 xy_error: -0.00112 -0.000607   integrators: 0.00119 , -0.0315
[INFO] [1775390950.331983437] [aic_model]: z_offset: 0.1
[INFO] [1775390950.332580251] [aic_model]: pfrac: 1.0 xy_error: -0.0011 -0.000477   integrators: 9.98e-05 , -0.0319
[INFO] [1775390950.382260893] [aic_model]: z_offset: 0.0992
[INFO] [1775390950.383766305] [aic_model]: pfrac: 1.0 xy_error: -0.00105 -0.000354   integrators: -0.000952 , -0.0323
[INFO] [1775390950.432472486] [aic_model]: z_offset: 0.0984
[INFO] [1775390950.433137207] [aic_model]: pfrac: 1.0 xy_error: -0.000985 -0.000264   integrators: -0.00194 , -0.0326
[INFO] [1775390950.482149039] [aic_model]: z_offset: 0.0976
[INFO] [1775390950.482822988] [aic_model]: pfrac: 1.0 xy_error: -0.000928 -0.000156   integrators: -0.00287 , -0.0327
[INFO] [1775390950.534377189] [aic_model]: z_offset: 0.0968
[INFO] [1775390950.535638957] [aic_model]: pfrac: 1.0 xy_error: -0.000868 -7.92e-05   integrators: -0.00373 , -0.0328
[INFO] [1775390950.584225564] [aic_model]: z_offset: 0.096
[INFO] [1775390950.585475559] [aic_model]: pfrac: 1.0 xy_error: -0.00082 1.82e-05   integrators: -0.00455 , -0.0328
[INFO] [1775390950.635140661] [aic_model]: z_offset: 0.0952
[INFO] [1775390950.635656314] [aic_model]: pfrac: 1.0 xy_error: -0.000724 0.00012   integrators: -0.00528 , -0.0327
[INFO] [1775390950.684123979] [aic_model]: z_offset: 0.0944
[INFO] [1775390950.685388983] [aic_model]: pfrac: 1.0 xy_error: -0.000635 0.000225   integrators: -0.00591 , -0.0324
[INFO] [1775390950.734631786] [aic_model]: z_offset: 0.0936
[INFO] [1775390950.735637825] [aic_model]: pfrac: 1.0 xy_error: -0.000527 0.000344   integrators: -0.00644 , -0.0321
[INFO] [1775390950.784145766] [aic_model]: z_offset: 0.0928
[INFO] [1775390950.785256481] [aic_model]: pfrac: 1.0 xy_error: -0.000416 0.000456   integrators: -0.00686 , -0.0316
[INFO] [1775390950.834149400] [aic_model]: z_offset: 0.092
[INFO] [1775390950.835493150] [aic_model]: pfrac: 1.0 xy_error: -0.000308 0.000555   integrators: -0.00716 , -0.0311
[INFO] [1775390950.884155680] [aic_model]: z_offset: 0.0912
[INFO] [1775390950.885592944] [aic_model]: pfrac: 1.0 xy_error: -0.000211 0.000649   integrators: -0.00738 , -0.0304
[INFO] [1775390950.934230317] [aic_model]: z_offset: 0.0904
[INFO] [1775390950.935826318] [aic_model]: pfrac: 1.0 xy_error: -0.000108 0.000624   integrators: -0.00748 , -0.0298
[INFO] [1775390950.986160260] [aic_model]: z_offset: 0.0896
[INFO] [1775390950.986562281] [aic_model]: pfrac: 1.0 xy_error: -1.02e-05 0.000579   integrators: -0.00749 , -0.0292
[INFO] [1775390951.036175887] [aic_model]: z_offset: 0.0888
[INFO] [1775390951.036684487] [aic_model]: pfrac: 1.0 xy_error: 0.000115 0.000517   integrators: -0.00738 , -0.0287
[INFO] [1775390951.086262206] [aic_model]: z_offset: 0.088
[INFO] [1775390951.087546275] [aic_model]: pfrac: 1.0 xy_error: 0.00022 0.000469   integrators: -0.00716 , -0.0282
[INFO] [1775390951.096628031] [aic_model]: insert_cable execute loop
[INFO] [1775390951.136185611] [aic_model]: z_offset: 0.0872
[INFO] [1775390951.136588093] [aic_model]: pfrac: 1.0 xy_error: 0.000321 0.000406   integrators: -0.00684 , -0.0278
[INFO] [1775390951.186126418] [aic_model]: z_offset: 0.0864
[INFO] [1775390951.187117690] [aic_model]: pfrac: 1.0 xy_error: 0.000413 0.000343   integrators: -0.00643 , -0.0275
[INFO] [1775390951.237552029] [aic_model]: z_offset: 0.0856
[INFO] [1775390951.238196984] [aic_model]: pfrac: 1.0 xy_error: 0.000509 0.000303   integrators: -0.00592 , -0.0272
[INFO] [1775390951.288180531] [aic_model]: z_offset: 0.0848
[INFO] [1775390951.289342462] [aic_model]: pfrac: 1.0 xy_error: 0.000613 0.000242   integrators: -0.0053 , -0.0269
[INFO] [1775390951.338135265] [aic_model]: z_offset: 0.084
[INFO] [1775390951.338542395] [aic_model]: pfrac: 1.0 xy_error: 0.000697 0.000181   integrators: -0.00461 , -0.0268
[INFO] [1775390951.388201286] [aic_model]: z_offset: 0.0832
[INFO] [1775390951.389354921] [aic_model]: pfrac: 1.0 xy_error: 0.000758 0.000129   integrators: -0.00385 , -0.0266
[INFO] [1775390951.438154116] [aic_model]: z_offset: 0.0824
[INFO] [1775390951.438572157] [aic_model]: pfrac: 1.0 xy_error: 0.000794 7.81e-05   integrators: -0.00305 , -0.0266
[INFO] [1775390951.488155837] [aic_model]: z_offset: 0.0816
[INFO] [1775390951.488550023] [aic_model]: pfrac: 1.0 xy_error: 0.000825 4.56e-06   integrators: -0.00223 , -0.0266
[INFO] [1775390951.538161485] [aic_model]: z_offset: 0.0808
[INFO] [1775390951.538569307] [aic_model]: pfrac: 1.0 xy_error: 0.000833 -6.46e-05   integrators: -0.0014 , -0.0266
[INFO] [1775390951.588227777] [aic_model]: z_offset: 0.08
[INFO] [1775390951.588609280] [aic_model]: pfrac: 1.0 xy_error: 0.000818 -0.000124   integrators: -0.000579 , -0.0267
[INFO] [1775390951.638161421] [aic_model]: z_offset: 0.0792
[INFO] [1775390951.639368275] [aic_model]: pfrac: 1.0 xy_error: 0.000808 -0.000171   integrators: 0.000229 , -0.0269
[INFO] [1775390951.688232401] [aic_model]: z_offset: 0.0784
[INFO] [1775390951.688761750] [aic_model]: pfrac: 1.0 xy_error: 0.000814 -0.000201   integrators: 0.00104 , -0.0271
[INFO] [1775390951.739623879] [aic_model]: z_offset: 0.0776
[INFO] [1775390951.740247113] [aic_model]: pfrac: 1.0 xy_error: 0.000814 -0.000246   integrators: 0.00186 , -0.0274
[INFO] [1775390951.790153786] [aic_model]: z_offset: 0.0768
[INFO] [1775390951.790565155] [aic_model]: pfrac: 1.0 xy_error: 0.00081 -0.000279   integrators: 0.00267 , -0.0276
[INFO] [1775390951.840233303] [aic_model]: z_offset: 0.076
[INFO] [1775390951.841575020] [aic_model]: pfrac: 1.0 xy_error: 0.000816 -0.000304   integrators: 0.00348 , -0.0279
[INFO] [1775390951.890278525] [aic_model]: z_offset: 0.0752
[INFO] [1775390951.891587350] [aic_model]: pfrac: 1.0 xy_error: 0.000808 -0.000325   integrators: 0.00429 , -0.0283
[INFO] [1775390951.940131479] [aic_model]: z_offset: 0.0744
[INFO] [1775390951.940546314] [aic_model]: pfrac: 1.0 xy_error: 0.000763 -0.000347   integrators: 0.00505 , -0.0286
[INFO] [1775390951.990248395] [aic_model]: z_offset: 0.0736
[INFO] [1775390951.990722471] [aic_model]: pfrac: 1.0 xy_error: 0.000718 -0.000351   integrators: 0.00577 , -0.029
[INFO] [1775390952.040181828] [aic_model]: z_offset: 0.0728
[INFO] [1775390952.040580724] [aic_model]: pfrac: 1.0 xy_error: 0.000668 -0.000345   integrators: 0.00644 , -0.0293
[INFO] [1775390952.090257378] [aic_model]: z_offset: 0.072
[INFO] [1775390952.091148032] [aic_model]: pfrac: 1.0 xy_error: 0.000601 -0.000323   integrators: 0.00704 , -0.0296
[INFO] [1775390952.096345341] [aic_model]: insert_cable execute loop
[INFO] [1775390952.140244702] [aic_model]: z_offset: 0.0712
[INFO] [1775390952.140656782] [aic_model]: pfrac: 1.0 xy_error: 0.000527 -0.000302   integrators: 0.00757 , -0.0299
[INFO] [1775390952.190151716] [aic_model]: z_offset: 0.0704
[INFO] [1775390952.190564478] [aic_model]: pfrac: 1.0 xy_error: 0.000451 -0.000266   integrators: 0.00802 , -0.0302
[INFO] [1775390952.240138279] [aic_model]: z_offset: 0.0696
[INFO] [1775390952.240694038] [aic_model]: pfrac: 1.0 xy_error: 0.000379 -0.000235   integrators: 0.0084 , -0.0304
[INFO] [1775390952.292048907] [aic_model]: z_offset: 0.0688
[INFO] [1775390952.292606489] [aic_model]: pfrac: 1.0 xy_error: 0.00031 -0.000185   integrators: 0.00871 , -0.0306
[INFO] [1775390952.342200458] [aic_model]: z_offset: 0.068
[INFO] [1775390952.342627436] [aic_model]: pfrac: 1.0 xy_error: 0.000249 -0.000121   integrators: 0.00896 , -0.0307
[INFO] [1775390952.392193603] [aic_model]: z_offset: 0.0672
[INFO] [1775390952.393043742] [aic_model]: pfrac: 1.0 xy_error: 0.000196 -4.54e-05   integrators: 0.00915 , -0.0308
[INFO] [1775390952.442218949] [aic_model]: z_offset: 0.0664
[INFO] [1775390952.442639284] [aic_model]: pfrac: 1.0 xy_error: 0.00017 2.32e-05   integrators: 0.00932 , -0.0308
[INFO] [1775390952.492239134] [aic_model]: z_offset: 0.0656
[INFO] [1775390952.492892655] [aic_model]: pfrac: 1.0 xy_error: 0.000128 9.78e-05   integrators: 0.00945 , -0.0307
[INFO] [1775390952.542147161] [aic_model]: z_offset: 0.0648
[INFO] [1775390952.542548180] [aic_model]: pfrac: 1.0 xy_error: 8.38e-05 0.000172   integrators: 0.00954 , -0.0305
[INFO] [1775390952.592251544] [aic_model]: z_offset: 0.064
[INFO] [1775390952.593584845] [aic_model]: pfrac: 1.0 xy_error: 3.99e-05 0.000243   integrators: 0.00958 , -0.0303
[INFO] [1775390952.644039091] [aic_model]: z_offset: 0.0632
[INFO] [1775390952.644432266] [aic_model]: pfrac: 1.0 xy_error: 1.28e-05 0.000319   integrators: 0.00959 , -0.0299
[INFO] [1775390952.694151790] [aic_model]: z_offset: 0.0624
[INFO] [1775390952.694546748] [aic_model]: pfrac: 1.0 xy_error: -1.1e-05 0.000391   integrators: 0.00958 , -0.0295
[INFO] [1775390952.744176454] [aic_model]: z_offset: 0.0616
[INFO] [1775390952.744682189] [aic_model]: pfrac: 1.0 xy_error: -5.21e-05 0.000463   integrators: 0.00953 , -0.0291
[INFO] [1775390952.794171072] [aic_model]: z_offset: 0.0608
[INFO] [1775390952.795275175] [aic_model]: pfrac: 1.0 xy_error: -9.52e-05 0.00053   integrators: 0.00943 , -0.0285
[INFO] [1775390952.844275125] [aic_model]: z_offset: 0.06
[INFO] [1775390952.845410846] [aic_model]: pfrac: 1.0 xy_error: -0.000136 0.000575   integrators: 0.00929 , -0.028
[INFO] [1775390952.894122728] [aic_model]: z_offset: 0.0592
[INFO] [1775390952.894521283] [aic_model]: pfrac: 1.0 xy_error: -0.000149 0.000637   integrators: 0.00914 , -0.0273
[INFO] [1775390952.944170115] [aic_model]: z_offset: 0.0584
[INFO] [1775390952.945354347] [aic_model]: pfrac: 1.0 xy_error: -0.000148 0.000678   integrators: 0.009 , -0.0267
[INFO] [1775390952.994111503] [aic_model]: z_offset: 0.0576
[INFO] [1775390952.994494509] [aic_model]: pfrac: 1.0 xy_error: -0.000165 0.000718   integrators: 0.00883 , -0.0259
[INFO] [1775390953.044159832] [aic_model]: z_offset: 0.0568
[INFO] [1775390953.044560430] [aic_model]: pfrac: 1.0 xy_error: -0.000156 0.000755   integrators: 0.00868 , -0.0252
[INFO] [1775390953.094154199] [aic_model]: z_offset: 0.056
[INFO] [1775390953.094552844] [aic_model]: pfrac: 1.0 xy_error: -0.000135 0.00078   integrators: 0.00854 , -0.0244
[INFO] [1775390953.096400987] [aic_model]: insert_cable execute loop
[INFO] [1775390953.144261248] [aic_model]: z_offset: 0.0552
[INFO] [1775390953.144753046] [aic_model]: pfrac: 1.0 xy_error: -0.000103 0.000819   integrators: 0.00844 , -0.0236
[INFO] [1775390953.194150018] [aic_model]: z_offset: 0.0544
[INFO] [1775390953.194525680] [aic_model]: pfrac: 1.0 xy_error: -7.42e-05 0.00085   integrators: 0.00836 , -0.0227
[INFO] [1775390953.244180523] [aic_model]: z_offset: 0.0536
[INFO] [1775390953.244560573] [aic_model]: pfrac: 1.0 xy_error: -7.24e-05 0.00085   integrators: 0.00829 , -0.0219
[INFO] [1775390953.294224944] [aic_model]: z_offset: 0.0528
[INFO] [1775390953.294748993] [aic_model]: pfrac: 1.0 xy_error: -9.53e-05 0.000827   integrators: 0.0082 , -0.0211
[INFO] [1775390953.344150995] [aic_model]: z_offset: 0.052
[INFO] [1775390953.344562844] [aic_model]: pfrac: 1.0 xy_error: -9.53e-05 0.000794   integrators: 0.0081 , -0.0203
[INFO] [1775390953.394160661] [aic_model]: z_offset: 0.0512
[INFO] [1775390953.394579133] [aic_model]: pfrac: 1.0 xy_error: -9.37e-05 0.000752   integrators: 0.00801 , -0.0195
[INFO] [1775390953.444188241] [aic_model]: z_offset: 0.0504
[INFO] [1775390953.444620388] [aic_model]: pfrac: 1.0 xy_error: -8.41e-05 0.000692   integrators: 0.00792 , -0.0188
[INFO] [1775390953.494230508] [aic_model]: z_offset: 0.0496
[INFO] [1775390953.494643389] [aic_model]: pfrac: 1.0 xy_error: -4.95e-05 0.000636   integrators: 0.00787 , -0.0182
[INFO] [1775390953.544190752] [aic_model]: z_offset: 0.0488
[INFO] [1775390953.544731993] [aic_model]: pfrac: 1.0 xy_error: -1.37e-05 0.000606   integrators: 0.00786 , -0.0176
[INFO] [1775390953.594190299] [aic_model]: z_offset: 0.048
[INFO] [1775390953.595021021] [aic_model]: pfrac: 1.0 xy_error: 2.1e-05 0.000544   integrators: 0.00788 , -0.017
[INFO] [1775390953.644182733] [aic_model]: z_offset: 0.0472
[INFO] [1775390953.644571219] [aic_model]: pfrac: 1.0 xy_error: 5.45e-05 0.000437   integrators: 0.00794 , -0.0166
[INFO] [1775390953.694167463] [aic_model]: z_offset: 0.0464
[INFO] [1775390953.694568663] [aic_model]: pfrac: 1.0 xy_error: 8.11e-05 0.000307   integrators: 0.00802 , -0.0163
[INFO] [1775390953.744175066] [aic_model]: z_offset: 0.0456
[INFO] [1775390953.744587095] [aic_model]: pfrac: 1.0 xy_error: 0.000106 0.00018   integrators: 0.00812 , -0.0161
[INFO] [1775390953.794213546] [aic_model]: z_offset: 0.0448
[INFO] [1775390953.795054136] [aic_model]: pfrac: 1.0 xy_error: 0.000128 7.3e-05   integrators: 0.00825 , -0.016
[INFO] [1775390953.844135528] [aic_model]: z_offset: 0.044
[INFO] [1775390953.844633829] [aic_model]: pfrac: 1.0 xy_error: 0.00017 -4.41e-05   integrators: 0.00842 , -0.0161
[INFO] [1775390953.894145896] [aic_model]: z_offset: 0.0432
[INFO] [1775390953.894623518] [aic_model]: pfrac: 1.0 xy_error: 0.000218 -0.000172   integrators: 0.00864 , -0.0163
[INFO] [1775390953.944438681] [aic_model]: z_offset: 0.0424
[INFO] [1775390953.945107250] [aic_model]: pfrac: 1.0 xy_error: 0.000278 -0.00029   integrators: 0.00892 , -0.0165
[INFO] [1775390953.994150351] [aic_model]: z_offset: 0.0416
[INFO] [1775390953.994663650] [aic_model]: pfrac: 1.0 xy_error: 0.000339 -0.000393   integrators: 0.00926 , -0.0169
[INFO] [1775390954.044606661] [aic_model]: z_offset: 0.0408
[INFO] [1775390954.045794601] [aic_model]: pfrac: 1.0 xy_error: 0.000357 -0.0004   integrators: 0.00961 , -0.0173
[INFO] [1775390954.094407768] [aic_model]: z_offset: 0.04
[INFO] [1775390954.094801233] [aic_model]: pfrac: 1.0 xy_error: 0.000357 -0.000403   integrators: 0.00997 , -0.0177
[INFO] [1775390954.096570599] [aic_model]: insert_cable execute loop
[INFO] [1775390954.144367842] [aic_model]: z_offset: 0.0392
[INFO] [1775390954.144785072] [aic_model]: pfrac: 1.0 xy_error: 0.000357 -0.000404   integrators: 0.0103 , -0.0181
[INFO] [1775390954.194516659] [aic_model]: z_offset: 0.0384
[INFO] [1775390954.194887992] [aic_model]: pfrac: 1.0 xy_error: 0.000356 -0.000404   integrators: 0.0107 , -0.0185
[INFO] [1775390954.244365655] [aic_model]: z_offset: 0.0376
[INFO] [1775390954.244750414] [aic_model]: pfrac: 1.0 xy_error: 0.000355 -0.000404   integrators: 0.011 , -0.019
[INFO] [1775390954.294344854] [aic_model]: z_offset: 0.0368
[INFO] [1775390954.294738019] [aic_model]: pfrac: 1.0 xy_error: 0.000354 -0.000403   integrators: 0.0114 , -0.0194
[INFO] [1775390954.344257249] [aic_model]: z_offset: 0.036
[INFO] [1775390954.344642859] [aic_model]: pfrac: 1.0 xy_error: 0.000353 -0.000403   integrators: 0.0117 , -0.0198
[INFO] [1775390954.394474403] [aic_model]: z_offset: 0.0352
[INFO] [1775390954.394867988] [aic_model]: pfrac: 1.0 xy_error: 0.000353 -0.000403   integrators: 0.0121 , -0.0202
[INFO] [1775390954.444627047] [aic_model]: z_offset: 0.0344
[INFO] [1775390954.445010724] [aic_model]: pfrac: 1.0 xy_error: 0.000353 -0.000402   integrators: 0.0125 , -0.0206
[INFO] [1775390954.494537037] [aic_model]: z_offset: 0.0336
[INFO] [1775390954.494914332] [aic_model]: pfrac: 1.0 xy_error: 0.000353 -0.000401   integrators: 0.0128 , -0.021
[INFO] [1775390954.544462256] [aic_model]: z_offset: 0.0328
[INFO] [1775390954.544841043] [aic_model]: pfrac: 1.0 xy_error: 0.000353 -0.000398   integrators: 0.0132 , -0.0214
[INFO] [1775390954.596999003] [aic_model]: z_offset: 0.032
[INFO] [1775390954.597507974] [aic_model]: pfrac: 1.0 xy_error: 0.000351 -0.000394   integrators: 0.0135 , -0.0218
[INFO] [1775390954.646677421] [aic_model]: z_offset: 0.0312
[INFO] [1775390954.647043214] [aic_model]: pfrac: 1.0 xy_error: 0.000351 -0.000394   integrators: 0.0139 , -0.0221
[INFO] [1775390954.699597455] [aic_model]: z_offset: 0.0304
[INFO] [1775390954.699976943] [aic_model]: pfrac: 1.0 xy_error: 0.000351 -0.000393   integrators: 0.0142 , -0.0225
[INFO] [1775390954.749348608] [aic_model]: z_offset: 0.0296
[INFO] [1775390954.749774734] [aic_model]: pfrac: 1.0 xy_error: 0.000352 -0.000393   integrators: 0.0146 , -0.0229
[INFO] [1775390954.799399782] [aic_model]: z_offset: 0.0288
[INFO] [1775390954.799802745] [aic_model]: pfrac: 1.0 xy_error: 0.000354 -0.000393   integrators: 0.0149 , -0.0233
[INFO] [1775390954.849595656] [aic_model]: z_offset: 0.028
[INFO] [1775390954.850147688] [aic_model]: pfrac: 1.0 xy_error: 0.000356 -0.000393   integrators: 0.0153 , -0.0237
[INFO] [1775390954.898768159] [aic_model]: z_offset: 0.0272
[INFO] [1775390954.899154250] [aic_model]: pfrac: 1.0 xy_error: 0.000358 -0.000393   integrators: 0.0156 , -0.0241
[INFO] [1775390954.948882912] [aic_model]: z_offset: 0.0264
[INFO] [1775390954.949430825] [aic_model]: pfrac: 1.0 xy_error: 0.000352 -0.000384   integrators: 0.016 , -0.0245
[INFO] [1775390954.999110916] [aic_model]: z_offset: 0.0256
[INFO] [1775390954.999581085] [aic_model]: pfrac: 1.0 xy_error: 0.000355 -0.000382   integrators: 0.0163 , -0.0249
[INFO] [1775390955.050290528] [aic_model]: z_offset: 0.0248
[INFO] [1775390955.050686107] [aic_model]: pfrac: 1.0 xy_error: 0.000358 -0.000382   integrators: 0.0167 , -0.0253
[INFO] [1775390955.099564731] [aic_model]: z_offset: 0.024
[INFO] [1775390955.099936435] [aic_model]: pfrac: 1.0 xy_error: 0.00036 -0.000382   integrators: 0.0171 , -0.0256
[INFO] [1775390955.101637273] [aic_model]: insert_cable execute loop
[INFO] [1775390955.149812332] [aic_model]: z_offset: 0.0232
[INFO] [1775390955.150193214] [aic_model]: pfrac: 1.0 xy_error: 0.000363 -0.000383   integrators: 0.0174 , -0.026
[INFO] [1775390955.202291993] [aic_model]: z_offset: 0.0224
[INFO] [1775390955.204066418] [aic_model]: pfrac: 1.0 xy_error: 0.000366 -0.000383   integrators: 0.0178 , -0.0264
[INFO] [1775390955.255469738] [aic_model]: z_offset: 0.0216
[INFO] [1775390955.255840231] [aic_model]: pfrac: 1.0 xy_error: 0.000369 -0.000384   integrators: 0.0182 , -0.0268
[INFO] [1775390955.306383584] [aic_model]: z_offset: 0.0208
[INFO] [1775390955.306763434] [aic_model]: pfrac: 1.0 xy_error: 0.000372 -0.000384   integrators: 0.0185 , -0.0272
[INFO] [1775390955.355982053] [aic_model]: z_offset: 0.02
[INFO] [1775390955.356355200] [aic_model]: pfrac: 1.0 xy_error: 0.000375 -0.000386   integrators: 0.0189 , -0.0276
[INFO] [1775390955.405054028] [aic_model]: z_offset: 0.0192
[INFO] [1775390955.405452071] [aic_model]: pfrac: 1.0 xy_error: 0.000377 -0.000388   integrators: 0.0193 , -0.028
[INFO] [1775390955.455240485] [aic_model]: z_offset: 0.0184
[INFO] [1775390955.455672071] [aic_model]: pfrac: 1.0 xy_error: 0.000388 -0.000388   integrators: 0.0197 , -0.0283
[INFO] [1775390955.505273194] [aic_model]: z_offset: 0.0176
[INFO] [1775390955.505652172] [aic_model]: pfrac: 1.0 xy_error: 0.000398 -0.000388   integrators: 0.0201 , -0.0287
[INFO] [1775390955.555360636] [aic_model]: z_offset: 0.0168
[INFO] [1775390955.555752939] [aic_model]: pfrac: 1.0 xy_error: 0.000419 -0.000387   integrators: 0.0205 , -0.0291
[INFO] [1775390955.605313727] [aic_model]: z_offset: 0.016
[INFO] [1775390955.605690391] [aic_model]: pfrac: 1.0 xy_error: 0.000416 -0.00039   integrators: 0.0209 , -0.0295
[INFO] [1775390955.655187270] [aic_model]: z_offset: 0.0152
[INFO] [1775390955.655574243] [aic_model]: pfrac: 1.0 xy_error: 0.000386 -0.000387   integrators: 0.0213 , -0.0299
[INFO] [1775390955.705510823] [aic_model]: z_offset: 0.0144
[INFO] [1775390955.705889730] [aic_model]: pfrac: 1.0 xy_error: 0.000367 -0.000385   integrators: 0.0217 , -0.0303
[INFO] [1775390955.755275572] [aic_model]: z_offset: 0.0136
[INFO] [1775390955.755715444] [aic_model]: pfrac: 1.0 xy_error: 0.000355 -0.000384   integrators: 0.022 , -0.0307
[INFO] [1775390955.805368584] [aic_model]: z_offset: 0.0128
[INFO] [1775390955.805752121] [aic_model]: pfrac: 1.0 xy_error: 0.000347 -0.000383   integrators: 0.0224 , -0.031
[INFO] [1775390955.855243148] [aic_model]: z_offset: 0.012
[INFO] [1775390955.855646372] [aic_model]: pfrac: 1.0 xy_error: 0.000347 -0.000383   integrators: 0.0227 , -0.0314
[INFO] [1775390955.905389150] [aic_model]: z_offset: 0.0112
[INFO] [1775390955.905773969] [aic_model]: pfrac: 1.0 xy_error: 0.000347 -0.000383   integrators: 0.023 , -0.0318
[INFO] [1775390955.955313056] [aic_model]: z_offset: 0.0104
[INFO] [1775390955.955698646] [aic_model]: pfrac: 1.0 xy_error: 0.000347 -0.000383   integrators: 0.0234 , -0.0322
[INFO] [1775390956.006026598] [aic_model]: z_offset: 0.0096
[INFO] [1775390956.007322649] [aic_model]: pfrac: 1.0 xy_error: 0.000347 -0.000383   integrators: 0.0237 , -0.0326
[INFO] [1775390956.057778199] [aic_model]: z_offset: 0.0088
[INFO] [1775390956.058166534] [aic_model]: pfrac: 1.0 xy_error: 0.000347 -0.000383   integrators: 0.0241 , -0.033
[INFO] [1775390956.105716967] [aic_model]: insert_cable execute loop
[INFO] [1775390956.107420980] [aic_model]: z_offset: 0.008
[INFO] [1775390956.107795380] [aic_model]: pfrac: 1.0 xy_error: 0.000347 -0.000383   integrators: 0.0244 , -0.0333
[INFO] [1775390956.157325330] [aic_model]: z_offset: 0.0072
[INFO] [1775390956.157707454] [aic_model]: pfrac: 1.0 xy_error: 0.000347 -0.000383   integrators: 0.0248 , -0.0337
[INFO] [1775390956.207262402] [aic_model]: z_offset: 0.0064
[INFO] [1775390956.207649214] [aic_model]: pfrac: 1.0 xy_error: 0.000346 -0.000384   integrators: 0.0251 , -0.0341
[INFO] [1775390956.257380220] [aic_model]: z_offset: 0.0056
[INFO] [1775390956.257768396] [aic_model]: pfrac: 1.0 xy_error: 0.000347 -0.000384   integrators: 0.0255 , -0.0345
[INFO] [1775390956.307334774] [aic_model]: z_offset: 0.0048
[INFO] [1775390956.307709054] [aic_model]: pfrac: 1.0 xy_error: 0.000347 -0.000384   integrators: 0.0258 , -0.0349
[INFO] [1775390956.357410424] [aic_model]: z_offset: 0.004
[INFO] [1775390956.357859584] [aic_model]: pfrac: 1.0 xy_error: 0.000347 -0.000384   integrators: 0.0262 , -0.0353
[INFO] [1775390956.407265833] [aic_model]: z_offset: 0.0032
[INFO] [1775390956.407645282] [aic_model]: pfrac: 1.0 xy_error: 0.000346 -0.000385   integrators: 0.0265 , -0.0356
[INFO] [1775390956.457248479] [aic_model]: z_offset: 0.0024
[INFO] [1775390956.457614814] [aic_model]: pfrac: 1.0 xy_error: 0.000346 -0.000386   integrators: 0.0269 , -0.036
[INFO] [1775390956.507329319] [aic_model]: z_offset: 0.0016
[INFO] [1775390956.507709109] [aic_model]: pfrac: 1.0 xy_error: 0.000346 -0.000388   integrators: 0.0272 , -0.0364
[INFO] [1775390956.557289624] [aic_model]: z_offset: 0.00080001
[INFO] [1775390956.557684301] [aic_model]: pfrac: 1.0 xy_error: 0.000346 -0.000389   integrators: 0.0275 , -0.0368
[INFO] [1775390956.607277520] [aic_model]: z_offset: 1.2487e-08
[INFO] [1775390956.607661227] [aic_model]: pfrac: 1.0 xy_error: 0.000346 -0.000389   integrators: 0.0279 , -0.0372
[INFO] [1775390956.657306783] [aic_model]: z_offset: -0.00079999
[INFO] [1775390956.657749661] [aic_model]: pfrac: 1.0 xy_error: 0.000346 -0.00039   integrators: 0.0282 , -0.0376
[INFO] [1775390956.707341136] [aic_model]: z_offset: -0.0016
[INFO] [1775390956.707737337] [aic_model]: pfrac: 1.0 xy_error: 0.000346 -0.00039   integrators: 0.0286 , -0.038
[INFO] [1775390956.757555335] [aic_model]: z_offset: -0.0024
[INFO] [1775390956.757944462] [aic_model]: pfrac: 1.0 xy_error: 0.000346 -0.00039   integrators: 0.0289 , -0.0384
[INFO] [1775390956.807395456] [aic_model]: z_offset: -0.0032
[INFO] [1775390956.807893756] [aic_model]: pfrac: 1.0 xy_error: 0.000346 -0.00039   integrators: 0.0293 , -0.0388
[INFO] [1775390956.857480082] [aic_model]: z_offset: -0.004
[INFO] [1775390956.857875631] [aic_model]: pfrac: 1.0 xy_error: 0.000346 -0.00039   integrators: 0.0296 , -0.0392
[INFO] [1775390956.909465911] [aic_model]: z_offset: -0.0048
[INFO] [1775390956.909870256] [aic_model]: pfrac: 1.0 xy_error: 0.000345 -0.00039   integrators: 0.03 , -0.0395
[INFO] [1775390956.959292336] [aic_model]: z_offset: -0.0056
[INFO] [1775390956.959679389] [aic_model]: pfrac: 1.0 xy_error: 0.000346 -0.00039   integrators: 0.0303 , -0.0399
[INFO] [1775390957.009404494] [aic_model]: z_offset: -0.0064
[INFO] [1775390957.009791337] [aic_model]: pfrac: 1.0 xy_error: 0.000345 -0.00039   integrators: 0.0307 , -0.0403
[INFO] [1775390957.059306870] [aic_model]: z_offset: -0.0072
[INFO] [1775390957.059699294] [aic_model]: pfrac: 1.0 xy_error: 0.000345 -0.000391   integrators: 0.031 , -0.0407
[INFO] [1775390957.105638085] [aic_model]: insert_cable execute loop
[INFO] [1775390957.109561615] [aic_model]: z_offset: -0.008
[INFO] [1775390957.109918051] [aic_model]: pfrac: 1.0 xy_error: 0.000346 -0.000391   integrators: 0.0314 , -0.0411
[INFO] [1775390957.159285939] [aic_model]: z_offset: -0.0088
[INFO] [1775390957.159679765] [aic_model]: pfrac: 1.0 xy_error: 0.000346 -0.000391   integrators: 0.0317 , -0.0415
[INFO] [1775390957.209636703] [aic_model]: z_offset: -0.0096
[INFO] [1775390957.210159901] [aic_model]: pfrac: 1.0 xy_error: 0.000345 -0.000391   integrators: 0.032 , -0.0419
[INFO] [1775390957.259362029] [aic_model]: z_offset: -0.0104
[INFO] [1775390957.259746097] [aic_model]: pfrac: 1.0 xy_error: 0.000345 -0.000391   integrators: 0.0324 , -0.0423
[INFO] [1775390957.309358682] [aic_model]: z_offset: -0.0112
[INFO] [1775390957.309752989] [aic_model]: pfrac: 1.0 xy_error: 0.000345 -0.000391   integrators: 0.0327 , -0.0427
[INFO] [1775390957.359381714] [aic_model]: z_offset: -0.012
[INFO] [1775390957.359773406] [aic_model]: pfrac: 1.0 xy_error: 0.000345 -0.000392   integrators: 0.0331 , -0.0431
[INFO] [1775390957.409545539] [aic_model]: z_offset: -0.0128
[INFO] [1775390957.409936850] [aic_model]: pfrac: 1.0 xy_error: 0.000345 -0.000393   integrators: 0.0334 , -0.0435
[INFO] [1775390957.459399014] [aic_model]: z_offset: -0.0136
[INFO] [1775390957.459795124] [aic_model]: pfrac: 1.0 xy_error: 0.000345 -0.000393   integrators: 0.0338 , -0.0438
[INFO] [1775390957.511835485] [aic_model]: z_offset: -0.0144
[INFO] [1775390957.512217248] [aic_model]: pfrac: 1.0 xy_error: 0.000345 -0.000393   integrators: 0.0341 , -0.0442
[INFO] [1775390957.561662591] [aic_model]: z_offset: -0.0152
[INFO] [1775390957.562038513] [aic_model]: pfrac: 1.0 xy_error: 0.000345 -0.000394   integrators: 0.0345 , -0.0446
[INFO] [1775390957.612613446] [aic_model]: Waiting for connector to stabilize...
[INFO] [1775390958.107664941] [aic_model]: insert_cable execute loop
[INFO] [1775390959.107875578] [aic_model]: insert_cable execute loop
[INFO] [1775390959.614102404] [aic_model]: AutoCode.insert_cable() exiting...
[INFO] [1775390960.110582221] [aic_model]: insert_cable() returned True
[INFO] [1775390960.435478078] [aic_model]: on_deactivate(LifecycleState(label='active', state_id=3))
[INFO] [1775390960.865893425] [aic_model]: on_activate()
[INFO] [1775390967.435551767] [aic_model]: Goal accepted
[INFO] [1775390967.437333105] [aic_model]: Entering insert_cable_execute_callback()
[INFO] [1775390967.437801370] [aic_model]: AutoCode.insert_cable() task: aic_task_interfaces.msg.Task(id='task_1', cable_type='sfp_sc', cable_name='cable_0', plug_type='sfp', plug_name='sfp_tip', port_type='sfp', port_name='sfp_port_0', target_module_name='nic_card_mount_1', time_limit=180)
[INFO] [1775390967.438120115] [aic_model]: insert_cable execute loop
[INFO] [1775390967.439555226] [aic_model]: pfrac: 0.0 xy_error: -0.0352 0.0194   integrators: 0.0 , 0.0
[INFO] [1775390967.488720136] [aic_model]: pfrac: 0.025 xy_error: -0.0353 0.0194   integrators: 0.0 , 0.0
[INFO] [1775390967.539632361] [aic_model]: pfrac: 0.05 xy_error: -0.0354 0.0195   integrators: 0.0 , 0.0
[INFO] [1775390967.588929108] [aic_model]: pfrac: 0.075 xy_error: -0.0357 0.0196   integrators: 0.0 , 0.0
[INFO] [1775390967.639132148] [aic_model]: pfrac: 0.1 xy_error: -0.036 0.0197   integrators: 0.0 , 0.0
[INFO] [1775390967.689597849] [aic_model]: pfrac: 0.125 xy_error: -0.0364 0.0198   integrators: 0.0 , 0.0
[INFO] [1775390967.739490780] [aic_model]: pfrac: 0.15 xy_error: -0.0368 0.0199   integrators: 0.0 , 0.0
[INFO] [1775390967.789399710] [aic_model]: pfrac: 0.175 xy_error: -0.0372 0.0199   integrators: 0.0 , 0.0
[INFO] [1775390967.839341552] [aic_model]: pfrac: 0.2 xy_error: -0.0376 0.0199   integrators: 0.0 , 0.0
[INFO] [1775390967.889578566] [aic_model]: pfrac: 0.225 xy_error: -0.0379 0.0198   integrators: 0.0 , 0.0
[INFO] [1775390967.938682963] [aic_model]: pfrac: 0.25 xy_error: -0.0383 0.0197   integrators: 0.0 , 0.0
[INFO] [1775390967.989486836] [aic_model]: pfrac: 0.275 xy_error: -0.0385 0.0195   integrators: 0.0 , 0.0
[INFO] [1775390968.039372834] [aic_model]: pfrac: 0.3 xy_error: -0.0387 0.0192   integrators: 0.0 , 0.0
[INFO] [1775390968.089571185] [aic_model]: pfrac: 0.325 xy_error: -0.0389 0.0189   integrators: 0.0 , 0.0
[INFO] [1775390968.139705998] [aic_model]: pfrac: 0.35 xy_error: -0.039 0.0185   integrators: 0.0 , 0.0
[INFO] [1775390968.188892178] [aic_model]: pfrac: 0.375 xy_error: -0.039 0.0181   integrators: 0.0 , 0.0
[INFO] [1775390968.239446605] [aic_model]: pfrac: 0.4 xy_error: -0.0389 0.0175   integrators: 0.0 , 0.0
[INFO] [1775390968.289578342] [aic_model]: pfrac: 0.425 xy_error: -0.0387 0.0169   integrators: 0.0 , 0.0
[INFO] [1775390968.339492873] [aic_model]: pfrac: 0.45 xy_error: -0.0384 0.0163   integrators: 0.0 , 0.0
[INFO] [1775390968.389564167] [aic_model]: pfrac: 0.475 xy_error: -0.038 0.0155   integrators: 0.0 , 0.0
[INFO] [1775390968.437662455] [aic_model]: insert_cable execute loop
[INFO] [1775390968.439224544] [aic_model]: pfrac: 0.5 xy_error: -0.0375 0.0147   integrators: 0.0 , 0.0
[INFO] [1775390968.489692779] [aic_model]: pfrac: 0.525 xy_error: -0.037 0.0138   integrators: 0.0 , 0.0
[INFO] [1775390968.539650561] [aic_model]: pfrac: 0.55 xy_error: -0.0363 0.0129   integrators: 0.0 , 0.0
[INFO] [1775390968.589450278] [aic_model]: pfrac: 0.575 xy_error: -0.0355 0.012   integrators: 0.0 , 0.0
[INFO] [1775390968.639439308] [aic_model]: pfrac: 0.6 xy_error: -0.0347 0.011   integrators: 0.0 , 0.0
[INFO] [1775390968.689505984] [aic_model]: pfrac: 0.625 xy_error: -0.0337 0.00993   integrators: 0.0 , 0.0
[INFO] [1775390968.739740202] [aic_model]: pfrac: 0.65 xy_error: -0.0327 0.00886   integrators: 0.0 , 0.0
[INFO] [1775390968.789558784] [aic_model]: pfrac: 0.675 xy_error: -0.0316 0.00778   integrators: 0.0 , 0.0
[INFO] [1775390968.838936863] [aic_model]: pfrac: 0.7 xy_error: -0.0305 0.00669   integrators: 0.0 , 0.0
[INFO] [1775390968.889461334] [aic_model]: pfrac: 0.725 xy_error: -0.0293 0.00562   integrators: 0.0 , 0.0
[INFO] [1775390968.938838501] [aic_model]: pfrac: 0.75 xy_error: -0.0281 0.00457   integrators: 0.0 , 0.0
[INFO] [1775390968.988959458] [aic_model]: pfrac: 0.775 xy_error: -0.0268 0.00353   integrators: 0.0 , 0.0
[INFO] [1775390969.039347604] [aic_model]: pfrac: 0.8 xy_error: -0.0255 0.00248   integrators: 0.0 , 0.0
[INFO] [1775390969.088673836] [aic_model]: pfrac: 0.825 xy_error: -0.0243 0.00146   integrators: 0.0 , 0.0
[INFO] [1775390969.139289738] [aic_model]: pfrac: 0.85 xy_error: -0.023 0.000469   integrators: 0.0 , 0.0
[INFO] [1775390969.189531791] [aic_model]: pfrac: 0.875 xy_error: -0.0218 -0.000475   integrators: 0.0 , 0.0
[INFO] [1775390969.239405947] [aic_model]: pfrac: 0.9 xy_error: -0.0206 -0.00141   integrators: 0.0 , 0.0
[INFO] [1775390969.289350635] [aic_model]: pfrac: 0.925 xy_error: -0.0194 -0.00229   integrators: 0.0 , 0.0
[INFO] [1775390969.338713466] [aic_model]: pfrac: 0.95 xy_error: -0.0182 -0.00314   integrators: 0.0 , 0.0
[INFO] [1775390969.389841975] [aic_model]: pfrac: 0.975 xy_error: -0.0172 -0.00393   integrators: 0.0 , 0.0
[INFO] [1775390969.437606670] [aic_model]: insert_cable execute loop
[INFO] [1775390969.439388719] [aic_model]: pfrac: 1.0 xy_error: -0.0161 -0.00468   integrators: -0.0161 , -0.00468
[INFO] [1775390969.489360658] [aic_model]: pfrac: 1.0 xy_error: -0.0151 -0.00536   integrators: -0.0313 , -0.01
[INFO] [1775390969.538667464] [aic_model]: pfrac: 1.0 xy_error: -0.0141 -0.00592   integrators: -0.0454 , -0.016
[INFO] [1775390969.589574600] [aic_model]: pfrac: 1.0 xy_error: -0.013 -0.00642   integrators: -0.0584 , -0.0224
[INFO] [1775390969.639483541] [aic_model]: pfrac: 1.0 xy_error: -0.012 -0.00676   integrators: -0.0704 , -0.0291
[INFO] [1775390969.689220601] [aic_model]: pfrac: 1.0 xy_error: -0.0108 -0.007   integrators: -0.08 , -0.0361
[INFO] [1775390969.739063147] [aic_model]: pfrac: 1.0 xy_error: -0.00967 -0.00708   integrators: -0.08 , -0.0432
[INFO] [1775390969.788670084] [aic_model]: pfrac: 1.0 xy_error: -0.00854 -0.00701   integrators: -0.08 , -0.0502
[INFO] [1775390969.838680134] [aic_model]: pfrac: 1.0 xy_error: -0.00744 -0.00686   integrators: -0.08 , -0.0571
[INFO] [1775390969.889025059] [aic_model]: pfrac: 1.0 xy_error: -0.00641 -0.00661   integrators: -0.08 , -0.0637
[INFO] [1775390969.938656352] [aic_model]: pfrac: 1.0 xy_error: -0.00545 -0.00627   integrators: -0.08 , -0.07
[INFO] [1775390969.988641675] [aic_model]: pfrac: 1.0 xy_error: -0.00455 -0.00582   integrators: -0.08 , -0.0758
[INFO] [1775390970.038592094] [aic_model]: pfrac: 1.0 xy_error: -0.00374 -0.00531   integrators: -0.08 , -0.08
[INFO] [1775390970.088617002] [aic_model]: pfrac: 1.0 xy_error: -0.00304 -0.00476   integrators: -0.08 , -0.08
[INFO] [1775390970.138642340] [aic_model]: pfrac: 1.0 xy_error: -0.00239 -0.0042   integrators: -0.08 , -0.08
[INFO] [1775390970.188723202] [aic_model]: pfrac: 1.0 xy_error: -0.00185 -0.00363   integrators: -0.08 , -0.08
[INFO] [1775390970.238705801] [aic_model]: pfrac: 1.0 xy_error: -0.00137 -0.00307   integrators: -0.08 , -0.08
[INFO] [1775390970.288683020] [aic_model]: pfrac: 1.0 xy_error: -0.000973 -0.00255   integrators: -0.08 , -0.08
[INFO] [1775390970.338654728] [aic_model]: pfrac: 1.0 xy_error: -0.00063 -0.00205   integrators: -0.08 , -0.08
[INFO] [1775390970.388634672] [aic_model]: pfrac: 1.0 xy_error: -0.000349 -0.0016   integrators: -0.08 , -0.08
[INFO] [1775390970.437643802] [aic_model]: insert_cable execute loop
[INFO] [1775390970.438461960] [aic_model]: z_offset: 0.1992
[INFO] [1775390970.439089122] [aic_model]: pfrac: 1.0 xy_error: -0.000121 -0.00116   integrators: -0.08 , -0.08
[INFO] [1775390970.488473283] [aic_model]: z_offset: 0.1984
[INFO] [1775390970.489836239] [aic_model]: pfrac: 1.0 xy_error: 3.69e-05 -0.000715   integrators: -0.08 , -0.08
[INFO] [1775390970.538483042] [aic_model]: z_offset: 0.1976
[INFO] [1775390970.539859253] [aic_model]: pfrac: 1.0 xy_error: 0.000175 -0.000324   integrators: -0.0798 , -0.08
[INFO] [1775390970.588493723] [aic_model]: z_offset: 0.1968
[INFO] [1775390970.589843124] [aic_model]: pfrac: 1.0 xy_error: 0.000264 3.05e-05   integrators: -0.0795 , -0.08
[INFO] [1775390970.639077445] [aic_model]: z_offset: 0.196
[INFO] [1775390970.640260906] [aic_model]: pfrac: 1.0 xy_error: 0.000294 0.000312   integrators: -0.0792 , -0.0797
[INFO] [1775390970.690468014] [aic_model]: z_offset: 0.1952
[INFO] [1775390970.691918364] [aic_model]: pfrac: 1.0 xy_error: 0.00028 0.000584   integrators: -0.079 , -0.0791
[INFO] [1775390970.740490948] [aic_model]: z_offset: 0.1944
[INFO] [1775390970.741989598] [aic_model]: pfrac: 1.0 xy_error: 0.000252 0.00083   integrators: -0.0787 , -0.0782
[INFO] [1775390970.790558285] [aic_model]: z_offset: 0.1936
[INFO] [1775390970.791106580] [aic_model]: pfrac: 1.0 xy_error: 0.000209 0.00105   integrators: -0.0785 , -0.0772
[INFO] [1775390970.840500549] [aic_model]: z_offset: 0.1928
[INFO] [1775390970.841962159] [aic_model]: pfrac: 1.0 xy_error: 0.000145 0.00122   integrators: -0.0783 , -0.076
[INFO] [1775390970.890473770] [aic_model]: z_offset: 0.192
[INFO] [1775390970.891373972] [aic_model]: pfrac: 1.0 xy_error: 7.97e-05 0.0014   integrators: -0.0783 , -0.0746
[INFO] [1775390970.940593976] [aic_model]: z_offset: 0.1912
[INFO] [1775390970.941841817] [aic_model]: pfrac: 1.0 xy_error: 1.26e-05 0.00152   integrators: -0.0783 , -0.0731
[INFO] [1775390970.990457993] [aic_model]: z_offset: 0.1904
[INFO] [1775390970.990832172] [aic_model]: pfrac: 1.0 xy_error: -6e-05 0.00165   integrators: -0.0783 , -0.0714
[INFO] [1775390971.040483301] [aic_model]: z_offset: 0.1896
[INFO] [1775390971.041775175] [aic_model]: pfrac: 1.0 xy_error: -0.000121 0.00173   integrators: -0.0784 , -0.0697
[INFO] [1775390971.090551580] [aic_model]: z_offset: 0.1888
[INFO] [1775390971.091280362] [aic_model]: pfrac: 1.0 xy_error: -0.000189 0.0018   integrators: -0.0786 , -0.0679
[INFO] [1775390971.140539749] [aic_model]: z_offset: 0.188
[INFO] [1775390971.141894360] [aic_model]: pfrac: 1.0 xy_error: -0.000261 0.00183   integrators: -0.0789 , -0.066
[INFO] [1775390971.190592069] [aic_model]: z_offset: 0.1872
[INFO] [1775390971.191112311] [aic_model]: pfrac: 1.0 xy_error: -0.00031 0.0018   integrators: -0.0792 , -0.0643
[INFO] [1775390971.240476454] [aic_model]: z_offset: 0.1864
[INFO] [1775390971.240933528] [aic_model]: pfrac: 1.0 xy_error: -0.000352 0.00174   integrators: -0.0795 , -0.0625
[INFO] [1775390971.290644129] [aic_model]: z_offset: 0.1856
[INFO] [1775390971.291076056] [aic_model]: pfrac: 1.0 xy_error: -0.000379 0.00168   integrators: -0.0799 , -0.0608
[INFO] [1775390971.340506273] [aic_model]: z_offset: 0.1848
[INFO] [1775390971.341471807] [aic_model]: pfrac: 1.0 xy_error: -0.000403 0.0016   integrators: -0.08 , -0.0592
[INFO] [1775390971.390527033] [aic_model]: z_offset: 0.184
[INFO] [1775390971.390952467] [aic_model]: pfrac: 1.0 xy_error: -0.000391 0.00151   integrators: -0.08 , -0.0577
[INFO] [1775390971.436687802] [aic_model]: insert_cable execute loop
[INFO] [1775390971.440555908] [aic_model]: z_offset: 0.1832
[INFO] [1775390971.441054329] [aic_model]: pfrac: 1.0 xy_error: -0.000382 0.00141   integrators: -0.08 , -0.0563
[INFO] [1775390971.490479186] [aic_model]: z_offset: 0.1824
[INFO] [1775390971.490850009] [aic_model]: pfrac: 1.0 xy_error: -0.000364 0.00127   integrators: -0.08 , -0.0551
[INFO] [1775390971.540473807] [aic_model]: z_offset: 0.1816
[INFO] [1775390971.540878033] [aic_model]: pfrac: 1.0 xy_error: -0.000328 0.00116   integrators: -0.08 , -0.0539
[INFO] [1775390971.590655078] [aic_model]: z_offset: 0.1808
[INFO] [1775390971.591920421] [aic_model]: pfrac: 1.0 xy_error: -0.000299 0.00101   integrators: -0.08 , -0.0529
[INFO] [1775390971.640499468] [aic_model]: z_offset: 0.18
[INFO] [1775390971.642312505] [aic_model]: pfrac: 1.0 xy_error: -0.000292 0.000862   integrators: -0.08 , -0.052
[INFO] [1775390971.692624059] [aic_model]: z_offset: 0.1792
[INFO] [1775390971.693277129] [aic_model]: pfrac: 1.0 xy_error: -0.000282 0.000683   integrators: -0.08 , -0.0513
[INFO] [1775390971.742591199] [aic_model]: z_offset: 0.1784
[INFO] [1775390971.743071256] [aic_model]: pfrac: 1.0 xy_error: -0.000259 0.000511   integrators: -0.08 , -0.0508
[INFO] [1775390971.792522712] [aic_model]: z_offset: 0.1776
[INFO] [1775390971.792958066] [aic_model]: pfrac: 1.0 xy_error: -0.000238 0.000319   integrators: -0.08 , -0.0505
[INFO] [1775390971.842549243] [aic_model]: z_offset: 0.1768
[INFO] [1775390971.843884358] [aic_model]: pfrac: 1.0 xy_error: -0.000217 0.000141   integrators: -0.08 , -0.0504
[INFO] [1775390971.892539657] [aic_model]: z_offset: 0.176
[INFO] [1775390971.893430030] [aic_model]: pfrac: 1.0 xy_error: -0.000183 -1.93e-05   integrators: -0.08 , -0.0504
[INFO] [1775390971.942501537] [aic_model]: z_offset: 0.1752
[INFO] [1775390971.942919688] [aic_model]: pfrac: 1.0 xy_error: -0.000151 -0.000163   integrators: -0.08 , -0.0505
[INFO] [1775390971.992586767] [aic_model]: z_offset: 0.1744
[INFO] [1775390971.993458606] [aic_model]: pfrac: 1.0 xy_error: -0.000159 -0.000331   integrators: -0.08 , -0.0509
[INFO] [1775390972.042590586] [aic_model]: z_offset: 0.1736
[INFO] [1775390972.043420857] [aic_model]: pfrac: 1.0 xy_error: -0.000138 -0.000459   integrators: -0.08 , -0.0513
[INFO] [1775390972.092570991] [aic_model]: z_offset: 0.1728
[INFO] [1775390972.093898211] [aic_model]: pfrac: 1.0 xy_error: -8.69e-05 -0.000564   integrators: -0.08 , -0.0519
[INFO] [1775390972.142631546] [aic_model]: z_offset: 0.172
[INFO] [1775390972.143431821] [aic_model]: pfrac: 1.0 xy_error: -2.71e-05 -0.000616   integrators: -0.08 , -0.0525
[INFO] [1775390972.193784030] [aic_model]: z_offset: 0.1712
[INFO] [1775390972.194417564] [aic_model]: pfrac: 1.0 xy_error: 2.72e-05 -0.000683   integrators: -0.08 , -0.0532
[INFO] [1775390972.244627738] [aic_model]: z_offset: 0.1704
[INFO] [1775390972.246536995] [aic_model]: pfrac: 1.0 xy_error: 7.08e-05 -0.000734   integrators: -0.0799 , -0.0539
[INFO] [1775390972.296519304] [aic_model]: z_offset: 0.1696
[INFO] [1775390972.296926945] [aic_model]: pfrac: 1.0 xy_error: 9.62e-05 -0.000806   integrators: -0.0798 , -0.0547
[INFO] [1775390972.346598533] [aic_model]: z_offset: 0.1688
[INFO] [1775390972.347103196] [aic_model]: pfrac: 1.0 xy_error: 0.000143 -0.000863   integrators: -0.0797 , -0.0556
[INFO] [1775390972.396524547] [aic_model]: z_offset: 0.168
[INFO] [1775390972.398404348] [aic_model]: pfrac: 1.0 xy_error: 0.000167 -0.000921   integrators: -0.0795 , -0.0565
[INFO] [1775390972.436695205] [aic_model]: insert_cable execute loop
[INFO] [1775390972.448661050] [aic_model]: z_offset: 0.1672
[INFO] [1775390972.450266669] [aic_model]: pfrac: 1.0 xy_error: 0.000189 -0.000953   integrators: -0.0793 , -0.0575
[INFO] [1775390972.498572486] [aic_model]: z_offset: 0.1664
[INFO] [1775390972.499068212] [aic_model]: pfrac: 1.0 xy_error: 0.000219 -0.000968   integrators: -0.0791 , -0.0584
[INFO] [1775390972.548831822] [aic_model]: z_offset: 0.1656
[INFO] [1775390972.550292390] [aic_model]: pfrac: 1.0 xy_error: 0.000218 -0.000952   integrators: -0.0789 , -0.0594
[INFO] [1775390972.598502899] [aic_model]: z_offset: 0.1648
[INFO] [1775390972.598930638] [aic_model]: pfrac: 1.0 xy_error: 0.000238 -0.000933   integrators: -0.0786 , -0.0603
[INFO] [1775390972.648589111] [aic_model]: z_offset: 0.164
[INFO] [1775390972.650616078] [aic_model]: pfrac: 1.0 xy_error: 0.000244 -0.000899   integrators: -0.0784 , -0.0612
[INFO] [1775390972.700599539] [aic_model]: z_offset: 0.1632
[INFO] [1775390972.701039761] [aic_model]: pfrac: 1.0 xy_error: 0.000265 -0.000845   integrators: -0.0781 , -0.0621
[INFO] [1775390972.752543162] [aic_model]: z_offset: 0.1624
[INFO] [1775390972.754797183] [aic_model]: pfrac: 1.0 xy_error: 0.000269 -0.000796   integrators: -0.0779 , -0.0629
[INFO] [1775390972.804497955] [aic_model]: z_offset: 0.1616
[INFO] [1775390972.804964597] [aic_model]: pfrac: 1.0 xy_error: 0.000274 -0.000736   integrators: -0.0776 , -0.0636
[INFO] [1775390972.855077830] [aic_model]: z_offset: 0.1608
[INFO] [1775390972.855469462] [aic_model]: pfrac: 1.0 xy_error: 0.000302 -0.000669   integrators: -0.0773 , -0.0643
[INFO] [1775390972.904453075] [aic_model]: z_offset: 0.16
[INFO] [1775390972.904988795] [aic_model]: pfrac: 1.0 xy_error: 0.000345 -0.000571   integrators: -0.0769 , -0.0648
[INFO] [1775390972.954615640] [aic_model]: z_offset: 0.1592
[INFO] [1775390972.955854374] [aic_model]: pfrac: 1.0 xy_error: 0.000372 -0.000482   integrators: -0.0766 , -0.0653
[INFO] [1775390973.004701361] [aic_model]: z_offset: 0.1584
[INFO] [1775390973.006399504] [aic_model]: pfrac: 1.0 xy_error: 0.000384 -0.000415   integrators: -0.0762 , -0.0657
[INFO] [1775390973.056604599] [aic_model]: z_offset: 0.1576
[INFO] [1775390973.058192485] [aic_model]: pfrac: 1.0 xy_error: 0.000398 -0.000317   integrators: -0.0758 , -0.0661
[INFO] [1775390973.106491590] [aic_model]: z_offset: 0.1568
[INFO] [1775390973.107860978] [aic_model]: pfrac: 1.0 xy_error: 0.00042 -0.000239   integrators: -0.0754 , -0.0663
[INFO] [1775390973.156642974] [aic_model]: z_offset: 0.156
[INFO] [1775390973.157167264] [aic_model]: pfrac: 1.0 xy_error: 0.000412 -0.000183   integrators: -0.0749 , -0.0665
[INFO] [1775390973.206701004] [aic_model]: z_offset: 0.1552
[INFO] [1775390973.207167456] [aic_model]: pfrac: 1.0 xy_error: 0.00041 -0.00012   integrators: -0.0745 , -0.0666
[INFO] [1775390973.256548080] [aic_model]: z_offset: 0.1544
[INFO] [1775390973.258381285] [aic_model]: pfrac: 1.0 xy_error: 0.000398 -6.61e-05   integrators: -0.0741 , -0.0667
[INFO] [1775390973.312587986] [aic_model]: z_offset: 0.1536
[INFO] [1775390973.313908884] [aic_model]: pfrac: 1.0 xy_error: 0.000374 -1.93e-06   integrators: -0.0738 , -0.0667
[INFO] [1775390973.363694665] [aic_model]: z_offset: 0.1528
[INFO] [1775390973.364494660] [aic_model]: pfrac: 1.0 xy_error: 0.000328 4.39e-05   integrators: -0.0734 , -0.0666
[INFO] [1775390973.414614485] [aic_model]: z_offset: 0.152
[INFO] [1775390973.415864070] [aic_model]: pfrac: 1.0 xy_error: 0.000303 6.13e-05   integrators: -0.0731 , -0.0666
[INFO] [1775390973.436707580] [aic_model]: insert_cable execute loop
[INFO] [1775390973.468023867] [aic_model]: z_offset: 0.1512
[INFO] [1775390973.469732699] [aic_model]: pfrac: 1.0 xy_error: 0.000257 7.66e-05   integrators: -0.0729 , -0.0665
[INFO] [1775390973.518473739] [aic_model]: z_offset: 0.1504
[INFO] [1775390973.519776903] [aic_model]: pfrac: 1.0 xy_error: 0.000214 0.000121   integrators: -0.0727 , -0.0664
[INFO] [1775390973.568471787] [aic_model]: z_offset: 0.1496
[INFO] [1775390973.569711212] [aic_model]: pfrac: 1.0 xy_error: 0.000209 0.000189   integrators: -0.0725 , -0.0662
[INFO] [1775390973.618457402] [aic_model]: z_offset: 0.1488
[INFO] [1775390973.619758342] [aic_model]: pfrac: 1.0 xy_error: 0.000206 0.000235   integrators: -0.0722 , -0.0659
[INFO] [1775390973.668595031] [aic_model]: z_offset: 0.148
[INFO] [1775390973.670129578] [aic_model]: pfrac: 1.0 xy_error: 0.000202 0.000298   integrators: -0.072 , -0.0656
[INFO] [1775390973.720509819] [aic_model]: z_offset: 0.1472
[INFO] [1775390973.721851837] [aic_model]: pfrac: 1.0 xy_error: 0.000175 0.000341   integrators: -0.0719 , -0.0653
[INFO] [1775390973.770525471] [aic_model]: z_offset: 0.1464
[INFO] [1775390973.771049990] [aic_model]: pfrac: 1.0 xy_error: 0.000172 0.000379   integrators: -0.0717 , -0.0649
[INFO] [1775390973.820436226] [aic_model]: z_offset: 0.1456
[INFO] [1775390973.820833788] [aic_model]: pfrac: 1.0 xy_error: 0.00028 0.000527   integrators: -0.0714 , -0.0644
[INFO] [1775390973.870541484] [aic_model]: z_offset: 0.1448
[INFO] [1775390973.871312384] [aic_model]: pfrac: 1.0 xy_error: 0.000371 0.000645   integrators: -0.071 , -0.0638
[INFO] [1775390973.920487254] [aic_model]: z_offset: 0.144
[INFO] [1775390973.921063912] [aic_model]: pfrac: 1.0 xy_error: 0.00046 0.000719   integrators: -0.0706 , -0.063
[INFO] [1775390973.970530717] [aic_model]: z_offset: 0.1432
[INFO] [1775390973.971841616] [aic_model]: pfrac: 1.0 xy_error: 0.000553 0.000775   integrators: -0.07 , -0.0623
[INFO] [1775390974.020525079] [aic_model]: z_offset: 0.1424
[INFO] [1775390974.021349459] [aic_model]: pfrac: 1.0 xy_error: 0.000617 0.000807   integrators: -0.0694 , -0.0614
[INFO] [1775390974.070532715] [aic_model]: z_offset: 0.1416
[INFO] [1775390974.071752524] [aic_model]: pfrac: 1.0 xy_error: 0.000667 0.000834   integrators: -0.0688 , -0.0606
[INFO] [1775390974.120472594] [aic_model]: z_offset: 0.1408
[INFO] [1775390974.120856932] [aic_model]: pfrac: 1.0 xy_error: 0.00072 0.00086   integrators: -0.068 , -0.0598
[INFO] [1775390974.170576711] [aic_model]: z_offset: 0.14
[INFO] [1775390974.171720267] [aic_model]: pfrac: 1.0 xy_error: 0.000792 0.000901   integrators: -0.0672 , -0.0589
[INFO] [1775390974.220487326] [aic_model]: z_offset: 0.1392
[INFO] [1775390974.220904705] [aic_model]: pfrac: 1.0 xy_error: 0.000858 0.000934   integrators: -0.0664 , -0.0579
[INFO] [1775390974.271450226] [aic_model]: z_offset: 0.1384
[INFO] [1775390974.272340089] [aic_model]: pfrac: 1.0 xy_error: 0.000918 0.00096   integrators: -0.0655 , -0.057
[INFO] [1775390974.322736191] [aic_model]: z_offset: 0.1376
[INFO] [1775390974.323392828] [aic_model]: pfrac: 1.0 xy_error: 0.00097 0.000989   integrators: -0.0645 , -0.056
[INFO] [1775390974.372480104] [aic_model]: z_offset: 0.1368
[INFO] [1775390974.372896021] [aic_model]: pfrac: 1.0 xy_error: 0.00101 0.001   integrators: -0.0635 , -0.055
[INFO] [1775390974.422547132] [aic_model]: z_offset: 0.136
[INFO] [1775390974.423862509] [aic_model]: pfrac: 1.0 xy_error: 0.00102 0.00101   integrators: -0.0625 , -0.054
[INFO] [1775390974.436608131] [aic_model]: insert_cable execute loop
[INFO] [1775390974.472486019] [aic_model]: z_offset: 0.1352
[INFO] [1775390974.473009748] [aic_model]: pfrac: 1.0 xy_error: 0.00103 0.00101   integrators: -0.0614 , -0.0529
[INFO] [1775390974.522708286] [aic_model]: z_offset: 0.1344
[INFO] [1775390974.524298657] [aic_model]: pfrac: 1.0 xy_error: 0.00104 0.00101   integrators: -0.0604 , -0.0519
[INFO] [1775390974.574478726] [aic_model]: z_offset: 0.1336
[INFO] [1775390974.574885746] [aic_model]: pfrac: 1.0 xy_error: 0.00105 0.00102   integrators: -0.0593 , -0.0509
[INFO] [1775390974.624599383] [aic_model]: z_offset: 0.1328
[INFO] [1775390974.625008257] [aic_model]: pfrac: 1.0 xy_error: 0.00106 0.00102   integrators: -0.0583 , -0.0499
[INFO] [1775390974.674473790] [aic_model]: z_offset: 0.132
[INFO] [1775390974.674881472] [aic_model]: pfrac: 1.0 xy_error: 0.00107 0.00102   integrators: -0.0572 , -0.0489
[INFO] [1775390974.724500532] [aic_model]: z_offset: 0.1312
[INFO] [1775390974.724941807] [aic_model]: pfrac: 1.0 xy_error: 0.00107 0.00102   integrators: -0.0561 , -0.0479
[INFO] [1775390974.774613265] [aic_model]: z_offset: 0.1304
[INFO] [1775390974.775014765] [aic_model]: pfrac: 1.0 xy_error: 0.00107 0.00102   integrators: -0.0551 , -0.0468
[INFO] [1775390974.824466132] [aic_model]: z_offset: 0.1296
[INFO] [1775390974.824868614] [aic_model]: pfrac: 1.0 xy_error: 0.00106 0.00101   integrators: -0.054 , -0.0458
[INFO] [1775390974.876268090] [aic_model]: z_offset: 0.1288
[INFO] [1775390974.876658860] [aic_model]: pfrac: 1.0 xy_error: 0.00105 0.00101   integrators: -0.053 , -0.0448
[INFO] [1775390974.926577700] [aic_model]: z_offset: 0.128
[INFO] [1775390974.927730324] [aic_model]: pfrac: 1.0 xy_error: 0.00105 0.00101   integrators: -0.0519 , -0.0438
[INFO] [1775390974.976481172] [aic_model]: z_offset: 0.1272
[INFO] [1775390974.976867754] [aic_model]: pfrac: 1.0 xy_error: 0.00103 0.000996   integrators: -0.0509 , -0.0428
[INFO] [1775390975.026484500] [aic_model]: z_offset: 0.1264
[INFO] [1775390975.026925544] [aic_model]: pfrac: 1.0 xy_error: 0.00101 0.000985   integrators: -0.0499 , -0.0418
[INFO] [1775390975.076519658] [aic_model]: z_offset: 0.1256
[INFO] [1775390975.076935555] [aic_model]: pfrac: 1.0 xy_error: 0.000979 0.000971   integrators: -0.0489 , -0.0409
[INFO] [1775390975.126496767] [aic_model]: z_offset: 0.1248
[INFO] [1775390975.126922412] [aic_model]: pfrac: 1.0 xy_error: 0.000951 0.000958   integrators: -0.0479 , -0.0399
[INFO] [1775390975.176633735] [aic_model]: z_offset: 0.124
[INFO] [1775390975.177109063] [aic_model]: pfrac: 1.0 xy_error: 0.00093 0.000949   integrators: -0.047 , -0.0389
[INFO] [1775390975.226557946] [aic_model]: z_offset: 0.1232
[INFO] [1775390975.226973712] [aic_model]: pfrac: 1.0 xy_error: 0.000904 0.000936   integrators: -0.0461 , -0.038
[INFO] [1775390975.276505179] [aic_model]: z_offset: 0.1224
[INFO] [1775390975.276926075] [aic_model]: pfrac: 1.0 xy_error: 0.000855 0.00091   integrators: -0.0453 , -0.0371
[INFO] [1775390975.326456039] [aic_model]: z_offset: 0.1216
[INFO] [1775390975.326873910] [aic_model]: pfrac: 1.0 xy_error: 0.000801 0.00089   integrators: -0.0445 , -0.0362
[INFO] [1775390975.376576917] [aic_model]: z_offset: 0.1208
[INFO] [1775390975.377245617] [aic_model]: pfrac: 1.0 xy_error: 0.000738 0.000862   integrators: -0.0437 , -0.0353
[INFO] [1775390975.426474167] [aic_model]: z_offset: 0.12
[INFO] [1775390975.426851803] [aic_model]: pfrac: 1.0 xy_error: 0.00068 0.000847   integrators: -0.043 , -0.0345
[INFO] [1775390975.436666850] [aic_model]: insert_cable execute loop
[INFO] [1775390975.476497904] [aic_model]: z_offset: 0.1192
[INFO] [1775390975.476890588] [aic_model]: pfrac: 1.0 xy_error: 0.000619 0.000824   integrators: -0.0424 , -0.0337
[INFO] [1775390975.526461959] [aic_model]: z_offset: 0.1184
[INFO] [1775390975.526831569] [aic_model]: pfrac: 1.0 xy_error: 0.000564 0.000803   integrators: -0.0419 , -0.0329
[INFO] [1775390975.577475845] [aic_model]: z_offset: 0.1176
[INFO] [1775390975.578663844] [aic_model]: pfrac: 1.0 xy_error: 0.000511 0.000777   integrators: -0.0413 , -0.0321
[INFO] [1775390975.628433216] [aic_model]: z_offset: 0.1168
[INFO] [1775390975.628810951] [aic_model]: pfrac: 1.0 xy_error: 0.000471 0.000755   integrators: -0.0409 , -0.0313
[INFO] [1775390975.678757844] [aic_model]: z_offset: 0.116
[INFO] [1775390975.679424760] [aic_model]: pfrac: 1.0 xy_error: 0.000461 0.000749   integrators: -0.0404 , -0.0306
[INFO] [1775390975.728588249] [aic_model]: z_offset: 0.1152
[INFO] [1775390975.729212406] [aic_model]: pfrac: 1.0 xy_error: 0.000443 0.000739   integrators: -0.04 , -0.0299
[INFO] [1775390975.780371173] [aic_model]: z_offset: 0.1144
[INFO] [1775390975.780756222] [aic_model]: pfrac: 1.0 xy_error: 0.000414 0.000724   integrators: -0.0396 , -0.0291
[INFO] [1775390975.830545831] [aic_model]: z_offset: 0.1136
[INFO] [1775390975.830908498] [aic_model]: pfrac: 1.0 xy_error: 0.000392 0.000712   integrators: -0.0392 , -0.0284
[INFO] [1775390975.880446537] [aic_model]: z_offset: 0.1128
[INFO] [1775390975.880825736] [aic_model]: pfrac: 1.0 xy_error: 0.000375 0.000702   integrators: -0.0388 , -0.0277
[INFO] [1775390975.930629361] [aic_model]: z_offset: 0.112
[INFO] [1775390975.931020021] [aic_model]: pfrac: 1.0 xy_error: 0.000367 0.000695   integrators: -0.0384 , -0.027
[INFO] [1775390975.980492968] [aic_model]: z_offset: 0.1112
[INFO] [1775390975.980940514] [aic_model]: pfrac: 1.0 xy_error: 0.000372 0.000698   integrators: -0.0381 , -0.0263
[INFO] [1775390976.030697242] [aic_model]: z_offset: 0.1104
[INFO] [1775390976.031062434] [aic_model]: pfrac: 1.0 xy_error: 0.000374 0.000693   integrators: -0.0377 , -0.0256
[INFO] [1775390976.080508462] [aic_model]: z_offset: 0.1096
[INFO] [1775390976.080885706] [aic_model]: pfrac: 1.0 xy_error: 0.000368 0.000689   integrators: -0.0373 , -0.0249
[INFO] [1775390976.130551274] [aic_model]: z_offset: 0.1088
[INFO] [1775390976.130919241] [aic_model]: pfrac: 1.0 xy_error: 0.000369 0.000689   integrators: -0.0369 , -0.0243
[INFO] [1775390976.180471737] [aic_model]: z_offset: 0.108
[INFO] [1775390976.180848191] [aic_model]: pfrac: 1.0 xy_error: 0.000378 0.00069   integrators: -0.0366 , -0.0236
[INFO] [1775390976.230488742] [aic_model]: z_offset: 0.1072
[INFO] [1775390976.230866357] [aic_model]: pfrac: 1.0 xy_error: 0.000386 0.000691   integrators: -0.0362 , -0.0229
[INFO] [1775390976.280554647] [aic_model]: z_offset: 0.1064
[INFO] [1775390976.280949535] [aic_model]: pfrac: 1.0 xy_error: 0.000402 0.000695   integrators: -0.0358 , -0.0222
[INFO] [1775390976.330440616] [aic_model]: z_offset: 0.1056
[INFO] [1775390976.330818141] [aic_model]: pfrac: 1.0 xy_error: 0.000412 0.000695   integrators: -0.0354 , -0.0215
[INFO] [1775390976.380646784] [aic_model]: z_offset: 0.1048
[INFO] [1775390976.381018979] [aic_model]: pfrac: 1.0 xy_error: 0.000419 0.000697   integrators: -0.0349 , -0.0208
[INFO] [1775390976.430724110] [aic_model]: z_offset: 0.104
[INFO] [1775390976.431992239] [aic_model]: pfrac: 1.0 xy_error: 0.000422 0.000697   integrators: -0.0345 , -0.0201
[INFO] [1775390976.436764596] [aic_model]: insert_cable execute loop
[INFO] [1775390976.480620629] [aic_model]: z_offset: 0.1032
[INFO] [1775390976.480988907] [aic_model]: pfrac: 1.0 xy_error: 0.000415 0.00069   integrators: -0.0341 , -0.0194
[INFO] [1775390976.530793184] [aic_model]: z_offset: 0.1024
[INFO] [1775390976.531342921] [aic_model]: pfrac: 1.0 xy_error: 0.000397 0.00068   integrators: -0.0337 , -0.0187
[INFO] [1775390976.580612018] [aic_model]: z_offset: 0.1016
[INFO] [1775390976.580977330] [aic_model]: pfrac: 1.0 xy_error: 0.00038 0.000667   integrators: -0.0333 , -0.018
[INFO] [1775390976.630558470] [aic_model]: z_offset: 0.1008
[INFO] [1775390976.630930595] [aic_model]: pfrac: 1.0 xy_error: 0.000377 0.000658   integrators: -0.033 , -0.0174
[INFO] [1775390976.680622662] [aic_model]: z_offset: 0.1
[INFO] [1775390976.680995679] [aic_model]: pfrac: 1.0 xy_error: 0.000373 0.000655   integrators: -0.0326 , -0.0167
[INFO] [1775390976.730607867] [aic_model]: z_offset: 0.0992
[INFO] [1775390976.730979220] [aic_model]: pfrac: 1.0 xy_error: 0.000362 0.00065   integrators: -0.0322 , -0.0161
[INFO] [1775390976.782891405] [aic_model]: z_offset: 0.0984
[INFO] [1775390976.783261547] [aic_model]: pfrac: 1.0 xy_error: 0.000352 0.000643   integrators: -0.0319 , -0.0154
[INFO] [1775390976.832844900] [aic_model]: z_offset: 0.0976
[INFO] [1775390976.833209902] [aic_model]: pfrac: 1.0 xy_error: 0.000312 0.000618   integrators: -0.0316 , -0.0148
[INFO] [1775390976.883005022] [aic_model]: z_offset: 0.0968
[INFO] [1775390976.883456485] [aic_model]: pfrac: 1.0 xy_error: 0.00026 0.000589   integrators: -0.0313 , -0.0142
[INFO] [1775390976.933178168] [aic_model]: z_offset: 0.096
[INFO] [1775390976.933565151] [aic_model]: pfrac: 1.0 xy_error: 0.000215 0.000557   integrators: -0.0311 , -0.0137
[INFO] [1775390976.983035643] [aic_model]: z_offset: 0.0952
[INFO] [1775390976.983403070] [aic_model]: pfrac: 1.0 xy_error: 0.000175 0.000534   integrators: -0.0309 , -0.0131
[INFO] [1775390977.032970875] [aic_model]: z_offset: 0.0944
[INFO] [1775390977.033335215] [aic_model]: pfrac: 1.0 xy_error: 0.000146 0.000516   integrators: -0.0308 , -0.0126
[INFO] [1775390977.082905165] [aic_model]: z_offset: 0.0936
[INFO] [1775390977.083283802] [aic_model]: pfrac: 1.0 xy_error: 9.1e-05 0.000484   integrators: -0.0307 , -0.0121
[INFO] [1775390977.132945262] [aic_model]: z_offset: 0.0928
[INFO] [1775390977.133388310] [aic_model]: pfrac: 1.0 xy_error: 3.62e-05 0.00045   integrators: -0.0306 , -0.0117
[INFO] [1775390977.183202465] [aic_model]: z_offset: 0.092
[INFO] [1775390977.183626056] [aic_model]: pfrac: 1.0 xy_error: -2.48e-06 0.000428   integrators: -0.0306 , -0.0113
[INFO] [1775390977.232992515] [aic_model]: z_offset: 0.0912
[INFO] [1775390977.233498470] [aic_model]: pfrac: 1.0 xy_error: -5.01e-05 0.000399   integrators: -0.0307 , -0.0109
[INFO] [1775390977.282923028] [aic_model]: z_offset: 0.0904
[INFO] [1775390977.283313176] [aic_model]: pfrac: 1.0 xy_error: -9.33e-05 0.000375   integrators: -0.0308 , -0.0105
[INFO] [1775390977.332953697] [aic_model]: z_offset: 0.0896
[INFO] [1775390977.333332936] [aic_model]: pfrac: 1.0 xy_error: -0.000137 0.000351   integrators: -0.0309 , -0.0101
[INFO] [1775390977.382897515] [aic_model]: z_offset: 0.0888
[INFO] [1775390977.383282494] [aic_model]: pfrac: 1.0 xy_error: -0.000178 0.000327   integrators: -0.0311 , -0.00982
[INFO] [1775390977.433015297] [aic_model]: z_offset: 0.088
[INFO] [1775390977.433404765] [aic_model]: pfrac: 1.0 xy_error: -0.000211 0.000309   integrators: -0.0313 , -0.00951
[INFO] [1775390977.439194642] [aic_model]: insert_cable execute loop
[INFO] [1775390977.483044895] [aic_model]: z_offset: 0.0872
[INFO] [1775390977.483499264] [aic_model]: pfrac: 1.0 xy_error: -0.000235 0.000307   integrators: -0.0315 , -0.0092
[INFO] [1775390977.533211979] [aic_model]: z_offset: 0.0864
[INFO] [1775390977.533716432] [aic_model]: pfrac: 1.0 xy_error: -0.000256 0.000296   integrators: -0.0318 , -0.0089
[INFO] [1775390977.583066460] [aic_model]: z_offset: 0.0856
[INFO] [1775390977.583442763] [aic_model]: pfrac: 1.0 xy_error: -0.000284 0.000275   integrators: -0.0321 , -0.00863
[INFO] [1775390977.632905482] [aic_model]: z_offset: 0.0848
[INFO] [1775390977.633324945] [aic_model]: pfrac: 1.0 xy_error: -0.000293 0.00027   integrators: -0.0324 , -0.00836
[INFO] [1775390977.682984341] [aic_model]: z_offset: 0.084
[INFO] [1775390977.683363610] [aic_model]: pfrac: 1.0 xy_error: -0.000297 0.000271   integrators: -0.0327 , -0.00809
[INFO] [1775390977.734856451] [aic_model]: z_offset: 0.0832
[INFO] [1775390977.735234528] [aic_model]: pfrac: 1.0 xy_error: -0.000311 0.000266   integrators: -0.033 , -0.00782
[INFO] [1775390977.785173676] [aic_model]: z_offset: 0.0824
[INFO] [1775390977.785543517] [aic_model]: pfrac: 1.0 xy_error: -0.000335 0.000262   integrators: -0.0333 , -0.00756
[INFO] [1775390977.834896741] [aic_model]: z_offset: 0.0816
[INFO] [1775390977.835261162] [aic_model]: pfrac: 1.0 xy_error: -0.000349 0.000257   integrators: -0.0337 , -0.0073
[INFO] [1775390977.884985059] [aic_model]: z_offset: 0.0808
[INFO] [1775390977.885351072] [aic_model]: pfrac: 1.0 xy_error: -0.000363 0.000252   integrators: -0.034 , -0.00705
[INFO] [1775390977.935010389] [aic_model]: z_offset: 0.08
[INFO] [1775390977.935386902] [aic_model]: pfrac: 1.0 xy_error: -0.000364 0.000247   integrators: -0.0344 , -0.0068
[INFO] [1775390977.985138260] [aic_model]: z_offset: 0.0792
[INFO] [1775390977.985503382] [aic_model]: pfrac: 1.0 xy_error: -0.00035 0.000218   integrators: -0.0347 , -0.00659
[INFO] [1775390978.035199647] [aic_model]: z_offset: 0.0784
[INFO] [1775390978.035710532] [aic_model]: pfrac: 1.0 xy_error: -0.000328 0.000197   integrators: -0.0351 , -0.00639
[INFO] [1775390978.085066471] [aic_model]: z_offset: 0.0776
[INFO] [1775390978.085434088] [aic_model]: pfrac: 1.0 xy_error: -0.000284 0.000159   integrators: -0.0354 , -0.00623
[INFO] [1775390978.135259464] [aic_model]: z_offset: 0.0768
[INFO] [1775390978.135781088] [aic_model]: pfrac: 1.0 xy_error: -0.000257 9.61e-05   integrators: -0.0356 , -0.00613
[INFO] [1775390978.184990203] [aic_model]: z_offset: 0.076
[INFO] [1775390978.185365905] [aic_model]: pfrac: 1.0 xy_error: -0.000233 3.35e-05   integrators: -0.0358 , -0.0061
[INFO] [1775390978.234985387] [aic_model]: z_offset: 0.0752
[INFO] [1775390978.235366629] [aic_model]: pfrac: 1.0 xy_error: -0.000217 -3.21e-05   integrators: -0.0361 , -0.00613
[INFO] [1775390978.285309946] [aic_model]: z_offset: 0.0744
[INFO] [1775390978.285710104] [aic_model]: pfrac: 1.0 xy_error: -0.000206 -0.00011   integrators: -0.0363 , -0.00624
[INFO] [1775390978.334910292] [aic_model]: z_offset: 0.0736
[INFO] [1775390978.335286124] [aic_model]: pfrac: 1.0 xy_error: -0.000206 -0.000188   integrators: -0.0365 , -0.00643
[INFO] [1775390978.385034296] [aic_model]: z_offset: 0.0728
[INFO] [1775390978.385414887] [aic_model]: pfrac: 1.0 xy_error: -0.000198 -0.000263   integrators: -0.0367 , -0.00669
[INFO] [1775390978.435223793] [aic_model]: z_offset: 0.072
[INFO] [1775390978.435671359] [aic_model]: pfrac: 1.0 xy_error: -0.000186 -0.000346   integrators: -0.0369 , -0.00704
[INFO] [1775390978.439149798] [aic_model]: insert_cable execute loop
[INFO] [1775390978.484958440] [aic_model]: z_offset: 0.0712
[INFO] [1775390978.485333089] [aic_model]: pfrac: 1.0 xy_error: -0.000174 -0.000417   integrators: -0.037 , -0.00746
[INFO] [1775390978.535328614] [aic_model]: z_offset: 0.0704
[INFO] [1775390978.535990260] [aic_model]: pfrac: 1.0 xy_error: -0.000151 -0.00048   integrators: -0.0372 , -0.00794
[INFO] [1775390978.585239841] [aic_model]: z_offset: 0.0696
[INFO] [1775390978.585674503] [aic_model]: pfrac: 1.0 xy_error: -0.000126 -0.000542   integrators: -0.0373 , -0.00848
[INFO] [1775390978.635019942] [aic_model]: z_offset: 0.0688
[INFO] [1775390978.635395294] [aic_model]: pfrac: 1.0 xy_error: -8.96e-05 -0.000573   integrators: -0.0374 , -0.00905
[INFO] [1775390978.685237892] [aic_model]: z_offset: 0.068
[INFO] [1775390978.685747414] [aic_model]: pfrac: 1.0 xy_error: -6.49e-05 -0.000581   integrators: -0.0375 , -0.00963
[INFO] [1775390978.735099296] [aic_model]: z_offset: 0.0672
[INFO] [1775390978.735469327] [aic_model]: pfrac: 1.0 xy_error: -6.11e-05 -0.000579   integrators: -0.0375 , -0.0102
[INFO] [1775390978.784985496] [aic_model]: z_offset: 0.0664
[INFO] [1775390978.785491882] [aic_model]: pfrac: 1.0 xy_error: -4.91e-05 -0.000581   integrators: -0.0376 , -0.0108
[INFO] [1775390978.835088460] [aic_model]: z_offset: 0.0656
[INFO] [1775390978.835612650] [aic_model]: pfrac: 1.0 xy_error: -3.54e-05 -0.000579   integrators: -0.0376 , -0.0114
[INFO] [1775390978.885142915] [aic_model]: z_offset: 0.0648
[INFO] [1775390978.886461368] [aic_model]: pfrac: 1.0 xy_error: -1.94e-05 -0.000577   integrators: -0.0376 , -0.0119
[INFO] [1775390978.935174557] [aic_model]: z_offset: 0.064
[INFO] [1775390978.935552923] [aic_model]: pfrac: 1.0 xy_error: -4.16e-06 -0.000574   integrators: -0.0376 , -0.0125
[INFO] [1775390978.985152408] [aic_model]: z_offset: 0.0632
[INFO] [1775390978.985572783] [aic_model]: pfrac: 1.0 xy_error: 1.93e-05 -0.00057   integrators: -0.0376 , -0.0131
[INFO] [1775390979.034996229] [aic_model]: z_offset: 0.0624
[INFO] [1775390979.035392128] [aic_model]: pfrac: 1.0 xy_error: 5.12e-05 -0.000565   integrators: -0.0376 , -0.0137
[INFO] [1775390979.084939195] [aic_model]: z_offset: 0.0616
[INFO] [1775390979.085341326] [aic_model]: pfrac: 1.0 xy_error: 7.77e-05 -0.000564   integrators: -0.0375 , -0.0142
[INFO] [1775390979.135257703] [aic_model]: z_offset: 0.0608
[INFO] [1775390979.135692896] [aic_model]: pfrac: 1.0 xy_error: 0.000104 -0.00056   integrators: -0.0374 , -0.0148
[INFO] [1775390979.185105221] [aic_model]: z_offset: 0.06
[INFO] [1775390979.185480251] [aic_model]: pfrac: 1.0 xy_error: 0.000131 -0.000554   integrators: -0.0372 , -0.0153
[INFO] [1775390979.234990579] [aic_model]: z_offset: 0.0592
[INFO] [1775390979.235497416] [aic_model]: pfrac: 1.0 xy_error: 0.000144 -0.000553   integrators: -0.0371 , -0.0159
[INFO] [1775390979.285124672] [aic_model]: z_offset: 0.0584
[INFO] [1775390979.285504592] [aic_model]: pfrac: 1.0 xy_error: 0.000161 -0.000553   integrators: -0.0369 , -0.0164
[INFO] [1775390979.335177053] [aic_model]: z_offset: 0.0576
[INFO] [1775390979.335566681] [aic_model]: pfrac: 1.0 xy_error: 0.000173 -0.000549   integrators: -0.0368 , -0.017
[INFO] [1775390979.385002971] [aic_model]: z_offset: 0.0568
[INFO] [1775390979.385372801] [aic_model]: pfrac: 1.0 xy_error: 0.000186 -0.000551   integrators: -0.0366 , -0.0175
[INFO] [1775390979.435325746] [aic_model]: z_offset: 0.056
[INFO] [1775390979.435754006] [aic_model]: pfrac: 1.0 xy_error: 0.000207 -0.000548   integrators: -0.0364 , -0.0181
[INFO] [1775390979.439268352] [aic_model]: insert_cable execute loop
[INFO] [1775390979.485126266] [aic_model]: z_offset: 0.0552
[INFO] [1775390979.485506457] [aic_model]: pfrac: 1.0 xy_error: 0.000225 -0.000543   integrators: -0.0362 , -0.0186
[INFO] [1775390979.535009501] [aic_model]: z_offset: 0.0544
[INFO] [1775390979.535381185] [aic_model]: pfrac: 1.0 xy_error: 0.000249 -0.000544   integrators: -0.0359 , -0.0192
[INFO] [1775390979.584972565] [aic_model]: z_offset: 0.0536
[INFO] [1775390979.585365248] [aic_model]: pfrac: 1.0 xy_error: 0.000263 -0.000544   integrators: -0.0356 , -0.0197
[INFO] [1775390979.636909226] [aic_model]: z_offset: 0.0528
[INFO] [1775390979.637299976] [aic_model]: pfrac: 1.0 xy_error: 0.000273 -0.000544   integrators: -0.0354 , -0.0203
[INFO] [1775390979.687203498] [aic_model]: z_offset: 0.052
[INFO] [1775390979.687588067] [aic_model]: pfrac: 1.0 xy_error: 0.000283 -0.000551   integrators: -0.0351 , -0.0208
[INFO] [1775390979.737517457] [aic_model]: z_offset: 0.0512
[INFO] [1775390979.738788472] [aic_model]: pfrac: 1.0 xy_error: 0.000297 -0.000553   integrators: -0.0348 , -0.0214
[INFO] [1775390979.787078671] [aic_model]: z_offset: 0.0504
[INFO] [1775390979.787461376] [aic_model]: pfrac: 1.0 xy_error: 0.000318 -0.000549   integrators: -0.0345 , -0.0219
[INFO] [1775390979.837132945] [aic_model]: z_offset: 0.0496
[INFO] [1775390979.837498097] [aic_model]: pfrac: 1.0 xy_error: 0.000355 -0.000542   integrators: -0.0341 , -0.0225
[INFO] [1775390979.887002353] [aic_model]: z_offset: 0.0488
[INFO] [1775390979.887373477] [aic_model]: pfrac: 1.0 xy_error: 0.000377 -0.00054   integrators: -0.0337 , -0.023
[INFO] [1775390979.936948946] [aic_model]: z_offset: 0.048
[INFO] [1775390979.937327363] [aic_model]: pfrac: 1.0 xy_error: 0.000395 -0.000536   integrators: -0.0333 , -0.0235
[INFO] [1775390979.986963937] [aic_model]: z_offset: 0.0472
[INFO] [1775390979.987349297] [aic_model]: pfrac: 1.0 xy_error: 0.000425 -0.000535   integrators: -0.0329 , -0.0241
[INFO] [1775390980.037001350] [aic_model]: z_offset: 0.0464
[INFO] [1775390980.037376681] [aic_model]: pfrac: 1.0 xy_error: 0.000444 -0.000534   integrators: -0.0325 , -0.0246
[INFO] [1775390980.087181610] [aic_model]: z_offset: 0.0456
[INFO] [1775390980.087571749] [aic_model]: pfrac: 1.0 xy_error: 0.000456 -0.000533   integrators: -0.032 , -0.0251
[INFO] [1775390980.136923410] [aic_model]: z_offset: 0.0448
[INFO] [1775390980.137318178] [aic_model]: pfrac: 1.0 xy_error: 0.000467 -0.000532   integrators: -0.0315 , -0.0257
[INFO] [1775390980.187216130] [aic_model]: z_offset: 0.044
[INFO] [1775390980.187606730] [aic_model]: pfrac: 1.0 xy_error: 0.000481 -0.000529   integrators: -0.0311 , -0.0262
[INFO] [1775390980.237180035] [aic_model]: z_offset: 0.0432
[INFO] [1775390980.237652969] [aic_model]: pfrac: 1.0 xy_error: 0.000478 -0.000526   integrators: -0.0306 , -0.0267
[INFO] [1775390980.287118413] [aic_model]: z_offset: 0.0424
[INFO] [1775390980.287494626] [aic_model]: pfrac: 1.0 xy_error: 0.000479 -0.00053   integrators: -0.0301 , -0.0273
[INFO] [1775390980.337038988] [aic_model]: z_offset: 0.0416
[INFO] [1775390980.337421322] [aic_model]: pfrac: 1.0 xy_error: 0.000469 -0.00054   integrators: -0.0296 , -0.0278
[INFO] [1775390980.387088994] [aic_model]: z_offset: 0.0408
[INFO] [1775390980.387550476] [aic_model]: pfrac: 1.0 xy_error: 0.00045 -0.000536   integrators: -0.0292 , -0.0283
[INFO] [1775390980.436943625] [aic_model]: z_offset: 0.04
[INFO] [1775390980.437327162] [aic_model]: pfrac: 1.0 xy_error: 0.000412 -0.000526   integrators: -0.0288 , -0.0289
[INFO] [1775390980.441108637] [aic_model]: insert_cable execute loop
[INFO] [1775390980.487167356] [aic_model]: z_offset: 0.0392
[INFO] [1775390980.487541736] [aic_model]: pfrac: 1.0 xy_error: 0.000379 -0.000508   integrators: -0.0284 , -0.0294
[INFO] [1775390980.536957457] [aic_model]: z_offset: 0.0384
[INFO] [1775390980.537330464] [aic_model]: pfrac: 1.0 xy_error: 0.000347 -0.000482   integrators: -0.0281 , -0.0298
[INFO] [1775390980.587062476] [aic_model]: z_offset: 0.0376
[INFO] [1775390980.587447485] [aic_model]: pfrac: 1.0 xy_error: 0.000322 -0.000447   integrators: -0.0277 , -0.0303
[INFO] [1775390980.636992248] [aic_model]: z_offset: 0.0368
[INFO] [1775390980.637384651] [aic_model]: pfrac: 1.0 xy_error: 0.00027 -0.000432   integrators: -0.0275 , -0.0307
[INFO] [1775390980.687012218] [aic_model]: z_offset: 0.036
[INFO] [1775390980.687385906] [aic_model]: pfrac: 1.0 xy_error: 0.000204 -0.000411   integrators: -0.0273 , -0.0311
[INFO] [1775390980.737101408] [aic_model]: z_offset: 0.0352
[INFO] [1775390980.737484604] [aic_model]: pfrac: 1.0 xy_error: 0.000141 -0.00038   integrators: -0.0271 , -0.0315
[INFO] [1775390980.787036389] [aic_model]: z_offset: 0.0344
[INFO] [1775390980.787452707] [aic_model]: pfrac: 1.0 xy_error: 7.9e-05 -0.000349   integrators: -0.027 , -0.0319
[INFO] [1775390980.837029088] [aic_model]: z_offset: 0.0336
[INFO] [1775390980.837403248] [aic_model]: pfrac: 1.0 xy_error: 2.24e-05 -0.0003   integrators: -0.027 , -0.0322
[INFO] [1775390980.886930978] [aic_model]: z_offset: 0.0328
[INFO] [1775390980.887296882] [aic_model]: pfrac: 1.0 xy_error: -3.9e-05 -0.000268   integrators: -0.0271 , -0.0324
[INFO] [1775390980.937018905] [aic_model]: z_offset: 0.032
[INFO] [1775390980.937398855] [aic_model]: pfrac: 1.0 xy_error: -8.7e-05 -0.000241   integrators: -0.0271 , -0.0327
[INFO] [1775390980.986936975] [aic_model]: z_offset: 0.0312
[INFO] [1775390980.987315703] [aic_model]: pfrac: 1.0 xy_error: -0.000132 -0.000223   integrators: -0.0273 , -0.0329
[INFO] [1775390981.036979598] [aic_model]: z_offset: 0.0304
[INFO] [1775390981.037354969] [aic_model]: pfrac: 1.0 xy_error: -0.000165 -0.000183   integrators: -0.0274 , -0.0331
[INFO] [1775390981.087045163] [aic_model]: z_offset: 0.0296
[INFO] [1775390981.087411448] [aic_model]: pfrac: 1.0 xy_error: -0.000173 -0.00013   integrators: -0.0276 , -0.0332
[INFO] [1775390981.136989382] [aic_model]: z_offset: 0.0288
[INFO] [1775390981.137395401] [aic_model]: pfrac: 1.0 xy_error: -0.00018 -8.4e-05   integrators: -0.0278 , -0.0333
[INFO] [1775390981.186927219] [aic_model]: z_offset: 0.028
[INFO] [1775390981.187295607] [aic_model]: pfrac: 1.0 xy_error: -0.000189 -4.37e-05   integrators: -0.028 , -0.0333
[INFO] [1775390981.236991482] [aic_model]: z_offset: 0.0272
[INFO] [1775390981.237356524] [aic_model]: pfrac: 1.0 xy_error: -0.000205 -2.19e-05   integrators: -0.0282 , -0.0334
[INFO] [1775390981.286959385] [aic_model]: z_offset: 0.0264
[INFO] [1775390981.287326141] [aic_model]: pfrac: 1.0 xy_error: -0.000212 -5.02e-06   integrators: -0.0284 , -0.0334
[INFO] [1775390981.336910998] [aic_model]: z_offset: 0.0256
[INFO] [1775390981.337274437] [aic_model]: pfrac: 1.0 xy_error: -0.000208 2.33e-05   integrators: -0.0286 , -0.0333
[INFO] [1775390981.387050672] [aic_model]: z_offset: 0.0248
[INFO] [1775390981.387415163] [aic_model]: pfrac: 1.0 xy_error: -0.000199 5.27e-05   integrators: -0.0288 , -0.0333
[INFO] [1775390981.436977889] [aic_model]: z_offset: 0.024
[INFO] [1775390981.437343723] [aic_model]: pfrac: 1.0 xy_error: -0.000185 9.18e-05   integrators: -0.029 , -0.0332
[INFO] [1775390981.441126911] [aic_model]: insert_cable execute loop
[INFO] [1775390981.487227168] [aic_model]: z_offset: 0.0232
[INFO] [1775390981.487633086] [aic_model]: pfrac: 1.0 xy_error: -0.000169 0.000115   integrators: -0.0292 , -0.0331
[INFO] [1775390981.536961855] [aic_model]: z_offset: 0.0224
[INFO] [1775390981.537337557] [aic_model]: pfrac: 1.0 xy_error: -0.000148 0.000121   integrators: -0.0293 , -0.033
[INFO] [1775390981.586908960] [aic_model]: z_offset: 0.0216
[INFO] [1775390981.587282588] [aic_model]: pfrac: 1.0 xy_error: -0.000136 0.000123   integrators: -0.0294 , -0.0328
[INFO] [1775390981.636804608] [aic_model]: z_offset: 0.0208
[INFO] [1775390981.637169710] [aic_model]: pfrac: 1.0 xy_error: -0.000128 0.000148   integrators: -0.0296 , -0.0327
[INFO] [1775390981.686956825] [aic_model]: z_offset: 0.02
[INFO] [1775390981.687336755] [aic_model]: pfrac: 1.0 xy_error: -0.000113 0.000147   integrators: -0.0297 , -0.0325
[INFO] [1775390981.736958932] [aic_model]: z_offset: 0.0192
[INFO] [1775390981.737344944] [aic_model]: pfrac: 1.0 xy_error: -0.0001 0.000148   integrators: -0.0298 , -0.0324
[INFO] [1775390981.787030119] [aic_model]: z_offset: 0.018422
[INFO] [1775390981.787415148] [aic_model]: pfrac: 1.0 xy_error: -8.75e-05 0.000162   integrators: -0.0299 , -0.0322
[INFO] [1775390981.837070397] [aic_model]: z_offset: 0.017645
[INFO] [1775390981.837448904] [aic_model]: pfrac: 1.0 xy_error: -5.31e-05 0.000204   integrators: -0.0299 , -0.032
[INFO] [1775390981.887005338] [aic_model]: z_offset: 0.016867
[INFO] [1775390981.887402520] [aic_model]: pfrac: 1.0 xy_error: 1.75e-05 0.000256   integrators: -0.0299 , -0.0318
[INFO] [1775390981.937185428] [aic_model]: z_offset: 0.01609
[INFO] [1775390981.937618076] [aic_model]: pfrac: 1.0 xy_error: 8.46e-05 0.000292   integrators: -0.0298 , -0.0315
[INFO] [1775390981.986936466] [aic_model]: z_offset: 0.015312
[INFO] [1775390981.987323128] [aic_model]: pfrac: 1.0 xy_error: 0.000158 0.000349   integrators: -0.0297 , -0.0311
[INFO] [1775390982.036941588] [aic_model]: z_offset: 0.014535
[INFO] [1775390982.037317601] [aic_model]: pfrac: 1.0 xy_error: 0.000236 0.000382   integrators: -0.0294 , -0.0307
[INFO] [1775390982.087057428] [aic_model]: z_offset: 0.013757
[INFO] [1775390982.087425606] [aic_model]: pfrac: 1.0 xy_error: 0.000335 0.00042   integrators: -0.0291 , -0.0303
[INFO] [1775390982.137069845] [aic_model]: z_offset: 0.01298
[INFO] [1775390982.137454293] [aic_model]: pfrac: 1.0 xy_error: 0.00044 0.000475   integrators: -0.0287 , -0.0299
[INFO] [1775390982.186988596] [aic_model]: z_offset: 0.012202
[INFO] [1775390982.187376210] [aic_model]: pfrac: 1.0 xy_error: 0.000535 0.000526   integrators: -0.0281 , -0.0293
[INFO] [1775390982.237042891] [aic_model]: z_offset: 0.011424
[INFO] [1775390982.237416679] [aic_model]: pfrac: 1.0 xy_error: 0.000652 0.000595   integrators: -0.0275 , -0.0287
[INFO] [1775390982.287377299] [aic_model]: z_offset: 0.010647
[INFO] [1775390982.287775783] [aic_model]: pfrac: 1.0 xy_error: 0.00077 0.000664   integrators: -0.0267 , -0.0281
[INFO] [1775390982.337068876] [aic_model]: z_offset: 0.0098694
[INFO] [1775390982.339554149] [aic_model]: pfrac: 1.0 xy_error: 0.00087 0.000715   integrators: -0.0258 , -0.0274
[INFO] [1775390982.389127245] [aic_model]: z_offset: 0.0090918
[INFO] [1775390982.389505632] [aic_model]: pfrac: 1.0 xy_error: 0.000964 0.000776   integrators: -0.0249 , -0.0266
[INFO] [1775390982.439261769] [aic_model]: z_offset: 0.0083143
[INFO] [1775390982.439706520] [aic_model]: pfrac: 1.0 xy_error: 0.00105 0.000814   integrators: -0.0238 , -0.0258
[INFO] [1775390982.441729239] [aic_model]: insert_cable execute loop
[INFO] [1775390982.489291178] [aic_model]: z_offset: 0.0075367
[INFO] [1775390982.489713967] [aic_model]: pfrac: 1.0 xy_error: 0.00113 0.000857   integrators: -0.0227 , -0.0249
[INFO] [1775390982.539166808] [aic_model]: z_offset: 0.0067591
[INFO] [1775390982.539625966] [aic_model]: pfrac: 1.0 xy_error: 0.00124 0.000918   integrators: -0.0214 , -0.024
[INFO] [1775390982.589043571] [aic_model]: z_offset: 0.0059816
[INFO] [1775390982.589433259] [aic_model]: pfrac: 1.0 xy_error: 0.00133 0.000973   integrators: -0.0201 , -0.023
[INFO] [1775390982.638932638] [aic_model]: z_offset: 0.005204
[INFO] [1775390982.639314220] [aic_model]: pfrac: 1.0 xy_error: 0.00142 0.00102   integrators: -0.0187 , -0.022
[INFO] [1775390982.689175204] [aic_model]: z_offset: 0.0044265
[INFO] [1775390982.689564191] [aic_model]: pfrac: 1.0 xy_error: 0.0015 0.00104   integrators: -0.0172 , -0.021
[INFO] [1775390982.738898430] [aic_model]: z_offset: 0.0036489
[INFO] [1775390982.741375959] [aic_model]: pfrac: 1.0 xy_error: 0.00157 0.00107   integrators: -0.0156 , -0.0199
[INFO] [1775390982.791086591] [aic_model]: z_offset: 0.0028714
[INFO] [1775390982.791551770] [aic_model]: pfrac: 1.0 xy_error: 0.00164 0.00108   integrators: -0.014 , -0.0188
[INFO] [1775390982.841387396] [aic_model]: z_offset: 0.0020938
[INFO] [1775390982.841962270] [aic_model]: pfrac: 1.0 xy_error: 0.0017 0.00109   integrators: -0.0123 , -0.0177
[INFO] [1775390982.890969479] [aic_model]: z_offset: 0.0013163
[INFO] [1775390982.891365269] [aic_model]: pfrac: 1.0 xy_error: 0.00175 0.00111   integrators: -0.0105 , -0.0166
[INFO] [1775390982.941250067] [aic_model]: z_offset: 0.00053872
[INFO] [1775390982.941633172] [aic_model]: pfrac: 1.0 xy_error: 0.00181 0.00116   integrators: -0.00872 , -0.0155
[INFO] [1775390982.991161735] [aic_model]: z_offset: -0.00023883
[INFO] [1775390982.991680474] [aic_model]: pfrac: 1.0 xy_error: 0.00187 0.00119   integrators: -0.00686 , -0.0143
[INFO] [1775390983.041014754] [aic_model]: z_offset: -0.0010164
[INFO] [1775390983.041403780] [aic_model]: pfrac: 1.0 xy_error: 0.00192 0.0012   integrators: -0.00494 , -0.0131
[INFO] [1775390983.091099185] [aic_model]: z_offset: -0.0017939
[INFO] [1775390983.091477001] [aic_model]: pfrac: 1.0 xy_error: 0.00197 0.00124   integrators: -0.00297 , -0.0118
[INFO] [1775390983.140983392] [aic_model]: z_offset: -0.0025715
[INFO] [1775390983.141361017] [aic_model]: pfrac: 1.0 xy_error: 0.00203 0.00134   integrators: -0.00094 , -0.0105
[INFO] [1775390983.190950073] [aic_model]: z_offset: -0.003349
[INFO] [1775390983.191349910] [aic_model]: pfrac: 1.0 xy_error: 0.0021 0.00143   integrators: 0.00116 , -0.00905
[INFO] [1775390983.241036328] [aic_model]: z_offset: -0.0041266
[INFO] [1775390983.241413362] [aic_model]: pfrac: 1.0 xy_error: 0.00215 0.00149   integrators: 0.00331 , -0.00756
[INFO] [1775390983.291045117] [aic_model]: z_offset: -0.0049042
[INFO] [1775390983.291462597] [aic_model]: pfrac: 1.0 xy_error: 0.00219 0.00154   integrators: 0.00551 , -0.00601
[INFO] [1775390983.340914166] [aic_model]: z_offset: -0.0056817
[INFO] [1775390983.341287003] [aic_model]: pfrac: 1.0 xy_error: 0.00222 0.00157   integrators: 0.00773 , -0.00444
[INFO] [1775390983.391007724] [aic_model]: z_offset: -0.0064593
[INFO] [1775390983.391383907] [aic_model]: pfrac: 1.0 xy_error: 0.00224 0.00163   integrators: 0.00996 , -0.00281
[INFO] [1775390983.441483296] [aic_model]: z_offset: -0.0072368
[INFO] [1775390983.442962560] [aic_model]: insert_cable execute loop
[INFO] [1775390983.443152655] [aic_model]: pfrac: 1.0 xy_error: 0.00224 0.00173   integrators: 0.0122 , -0.00107
[INFO] [1775390983.493294764] [aic_model]: z_offset: -0.0080144
[INFO] [1775390983.493679022] [aic_model]: pfrac: 1.0 xy_error: 0.00222 0.00186   integrators: 0.0144 , 0.000789
[INFO] [1775390983.543080988] [aic_model]: z_offset: -0.0087919
[INFO] [1775390983.543465276] [aic_model]: pfrac: 1.0 xy_error: 0.00219 0.00198   integrators: 0.0166 , 0.00277
[INFO] [1775390983.593051747] [aic_model]: z_offset: -0.0095695
[INFO] [1775390983.595351844] [aic_model]: pfrac: 1.0 xy_error: 0.00214 0.00209   integrators: 0.0187 , 0.00485
[INFO] [1775390983.645180808] [aic_model]: z_offset: -0.010347
[INFO] [1775390983.645731166] [aic_model]: pfrac: 1.0 xy_error: 0.0021 0.00217   integrators: 0.0209 , 0.00702
[INFO] [1775390983.695245883] [aic_model]: z_offset: -0.011125
[INFO] [1775390983.695707946] [aic_model]: pfrac: 1.0 xy_error: 0.00207 0.00224   integrators: 0.0229 , 0.00927
[INFO] [1775390983.745351093] [aic_model]: z_offset: -0.011902
[INFO] [1775390983.747860611] [aic_model]: pfrac: 1.0 xy_error: 0.00205 0.00235   integrators: 0.025 , 0.0116
[INFO] [1775390983.797046293] [aic_model]: z_offset: -0.01268
[INFO] [1775390983.797430171] [aic_model]: pfrac: 1.0 xy_error: 0.00203 0.00241   integrators: 0.027 , 0.014
[INFO] [1775390983.847214722] [aic_model]: z_offset: -0.013457
[INFO] [1775390983.847659042] [aic_model]: pfrac: 1.0 xy_error: 0.00201 0.00245   integrators: 0.029 , 0.0165
[INFO] [1775390983.897202662] [aic_model]: z_offset: -0.014235
[INFO] [1775390983.897580548] [aic_model]: pfrac: 1.0 xy_error: 0.00197 0.00246   integrators: 0.031 , 0.0189
[INFO] [1775390983.947261456] [aic_model]: z_offset: -0.015012
[INFO] [1775390983.948408418] [aic_model]: pfrac: 1.0 xy_error: 0.0019 0.00248   integrators: 0.0329 , 0.0214
[INFO] [1775390983.997306844] [aic_model]: Waiting for connector to stabilize...
[INFO] [1775390984.443291494] [aic_model]: insert_cable execute loop
[INFO] [1775390985.443340289] [aic_model]: insert_cable execute loop
[INFO] [1775390985.997106026] [aic_model]: AutoCode.insert_cable() exiting...
[INFO] [1775390986.443167653] [aic_model]: insert_cable() returned True
[INFO] [1775390986.969855643] [aic_model]: on_deactivate(LifecycleState(label='active', state_id=3))
[INFO] [1775390987.182740952] [aic_model]: on_activate()
[INFO] [1775390988.271072644] [aic_model]: Goal accepted
[INFO] [1775390988.272529285] [aic_model]: Entering insert_cable_execute_callback()
[INFO] [1775390988.273598322] [aic_model]: AutoCode.insert_cable() task: aic_task_interfaces.msg.Task(id='task_1', cable_type='sfp_sc', cable_name='cable_1', plug_type='sc', plug_name='sc_tip', port_type='sc', port_name='sc_port_base', target_module_name='sc_port_1', time_limit=180)
[INFO] [1775390988.273972521] [aic_model]: insert_cable execute loop
[INFO] [1775390988.275176110] [aic_model]: pfrac: 0.0 xy_error: 0.00668 0.166   integrators: 0.0 , 0.0
[INFO] [1775390988.324662705] [aic_model]: pfrac: 0.025 xy_error: 0.00665 0.166   integrators: 0.0 , 0.0
[INFO] [1775390988.374958652] [aic_model]: pfrac: 0.05 xy_error: 0.00663 0.166   integrators: 0.0 , 0.0
[INFO] [1775390988.424675988] [aic_model]: pfrac: 0.075 xy_error: 0.00661 0.166   integrators: 0.0 , 0.0
[INFO] [1775390988.474969060] [aic_model]: pfrac: 0.1 xy_error: 0.00657 0.166   integrators: 0.0 , 0.0
[INFO] [1775390988.525185389] [aic_model]: pfrac: 0.125 xy_error: 0.00648 0.165   integrators: 0.0 , 0.0
[INFO] [1775390988.574420033] [aic_model]: pfrac: 0.15 xy_error: 0.00636 0.165   integrators: 0.0 , 0.0
[INFO] [1775390988.624896568] [aic_model]: pfrac: 0.175 xy_error: 0.00621 0.164   integrators: 0.0 , 0.0
[INFO] [1775390988.674508998] [aic_model]: pfrac: 0.2 xy_error: 0.00602 0.162   integrators: 0.0 , 0.0
[INFO] [1775390988.725043791] [aic_model]: pfrac: 0.225 xy_error: 0.00579 0.161   integrators: 0.0 , 0.0
[INFO] [1775390988.774814587] [aic_model]: pfrac: 0.25 xy_error: 0.00551 0.159   integrators: 0.0 , 0.0
[INFO] [1775390988.824868352] [aic_model]: pfrac: 0.275 xy_error: 0.00516 0.156   integrators: 0.0 , 0.0
[INFO] [1775390988.874934460] [aic_model]: pfrac: 0.3 xy_error: 0.00478 0.154   integrators: 0.0 , 0.0
[INFO] [1775390988.924332900] [aic_model]: pfrac: 0.325 xy_error: 0.00436 0.15   integrators: 0.0 , 0.0
[INFO] [1775390988.974844500] [aic_model]: pfrac: 0.35 xy_error: 0.00388 0.147   integrators: 0.0 , 0.0
[INFO] [1775390989.024084014] [aic_model]: pfrac: 0.375 xy_error: 0.00337 0.143   integrators: 0.0 , 0.0
[INFO] [1775390989.075022882] [aic_model]: pfrac: 0.4 xy_error: 0.00285 0.14   integrators: 0.0 , 0.0
[INFO] [1775390989.124459554] [aic_model]: pfrac: 0.425 xy_error: 0.00231 0.135   integrators: 0.0 , 0.0
[INFO] [1775390989.175007953] [aic_model]: pfrac: 0.45 xy_error: 0.00176 0.131   integrators: 0.0 , 0.0
[INFO] [1775390989.224955289] [aic_model]: pfrac: 0.475 xy_error: 0.0012 0.126   integrators: 0.0 , 0.0
[INFO] [1775390989.275234375] [aic_model]: insert_cable execute loop
[INFO] [1775390989.275865264] [aic_model]: pfrac: 0.5 xy_error: 0.000651 0.122   integrators: 0.0 , 0.0
[INFO] [1775390989.327044982] [aic_model]: pfrac: 0.525 xy_error: 8.02e-05 0.117   integrators: 0.0 , 0.0
[INFO] [1775390989.377203412] [aic_model]: pfrac: 0.55 xy_error: -0.000429 0.112   integrators: 0.0 , 0.0
[INFO] [1775390989.426100537] [aic_model]: pfrac: 0.575 xy_error: -0.000902 0.107   integrators: 0.0 , 0.0
[INFO] [1775390989.476352121] [aic_model]: pfrac: 0.6 xy_error: -0.00134 0.101   integrators: 0.0 , 0.0
[INFO] [1775390989.526965351] [aic_model]: pfrac: 0.625 xy_error: -0.00171 0.0961   integrators: 0.0 , 0.0
[INFO] [1775390989.576572582] [aic_model]: pfrac: 0.65 xy_error: -0.002 0.0909   integrators: 0.0 , 0.0
[INFO] [1775390989.627027816] [aic_model]: pfrac: 0.675 xy_error: -0.00224 0.0856   integrators: 0.0 , 0.0
[INFO] [1775390989.676178234] [aic_model]: pfrac: 0.7 xy_error: -0.00243 0.0803   integrators: 0.0 , 0.0
[INFO] [1775390989.727057952] [aic_model]: pfrac: 0.725 xy_error: -0.00254 0.0751   integrators: 0.0 , 0.0
[INFO] [1775390989.776919958] [aic_model]: pfrac: 0.75 xy_error: -0.00258 0.07   integrators: 0.0 , 0.0
[INFO] [1775390989.826076256] [aic_model]: pfrac: 0.775 xy_error: -0.00255 0.0649   integrators: 0.0 , 0.0
[INFO] [1775390989.877183049] [aic_model]: pfrac: 0.8 xy_error: -0.00244 0.0599   integrators: 0.0 , 0.0
[INFO] [1775390989.926879215] [aic_model]: pfrac: 0.825 xy_error: -0.00229 0.0551   integrators: 0.0 , 0.0
[INFO] [1775390989.976503288] [aic_model]: pfrac: 0.85 xy_error: -0.00208 0.0504   integrators: 0.0 , 0.0
[INFO] [1775390990.026119475] [aic_model]: pfrac: 0.875 xy_error: -0.00185 0.0459   integrators: 0.0 , 0.0
[INFO] [1775390990.077096134] [aic_model]: pfrac: 0.9 xy_error: -0.00158 0.0415   integrators: 0.0 , 0.0
[INFO] [1775390990.126691032] [aic_model]: pfrac: 0.925 xy_error: -0.00124 0.0374   integrators: 0.0 , 0.0
[INFO] [1775390990.176102557] [aic_model]: pfrac: 0.95 xy_error: -0.000659 0.0341   integrators: 0.0 , 0.0
[INFO] [1775390990.226339835] [aic_model]: pfrac: 0.975 xy_error: -0.000179 0.0307   integrators: 0.0 , 0.0
[INFO] [1775390990.275235166] [aic_model]: insert_cable execute loop
[INFO] [1775390990.276033778] [aic_model]: pfrac: 1.0 xy_error: 0.000222 0.0275   integrators: 0.000222 , 0.0275
[INFO] [1775390990.326862451] [aic_model]: pfrac: 1.0 xy_error: 0.000599 0.0243   integrators: 0.000821 , 0.0518
[INFO] [1775390990.376135808] [aic_model]: pfrac: 1.0 xy_error: 0.000912 0.0212   integrators: 0.00173 , 0.0731
[INFO] [1775390990.426409193] [aic_model]: pfrac: 1.0 xy_error: 0.00115 0.0181   integrators: 0.00289 , 0.08
[INFO] [1775390990.476745967] [aic_model]: pfrac: 1.0 xy_error: 0.00134 0.0151   integrators: 0.00422 , 0.08
[INFO] [1775390990.526705426] [aic_model]: pfrac: 1.0 xy_error: 0.00154 0.0124   integrators: 0.00576 , 0.08
[INFO] [1775390990.576543518] [aic_model]: pfrac: 1.0 xy_error: 0.00165 0.00965   integrators: 0.00741 , 0.08
[INFO] [1775390990.626396798] [aic_model]: pfrac: 1.0 xy_error: 0.00174 0.00716   integrators: 0.00915 , 0.08
[INFO] [1775390990.677070021] [aic_model]: pfrac: 1.0 xy_error: 0.00181 0.00482   integrators: 0.011 , 0.08
[INFO] [1775390990.726585220] [aic_model]: pfrac: 1.0 xy_error: 0.00182 0.00263   integrators: 0.0128 , 0.08
[INFO] [1775390990.776133681] [aic_model]: pfrac: 1.0 xy_error: 0.00184 0.000738   integrators: 0.0146 , 0.08
[INFO] [1775390990.827033015] [aic_model]: pfrac: 1.0 xy_error: 0.00181 -0.00105   integrators: 0.0164 , 0.079
[INFO] [1775390990.876243595] [aic_model]: pfrac: 1.0 xy_error: 0.00171 -0.00268   integrators: 0.0182 , 0.0763
[INFO] [1775390990.927379281] [aic_model]: pfrac: 1.0 xy_error: 0.00164 -0.004   integrators: 0.0198 , 0.0723
[INFO] [1775390990.976159086] [aic_model]: pfrac: 1.0 xy_error: 0.00151 -0.00521   integrators: 0.0213 , 0.0671
[INFO] [1775390991.026122573] [aic_model]: pfrac: 1.0 xy_error: 0.00133 -0.00628   integrators: 0.0226 , 0.0608
[INFO] [1775390991.076857641] [aic_model]: pfrac: 1.0 xy_error: 0.00119 -0.007   integrators: 0.0238 , 0.0538
[INFO] [1775390991.126090833] [aic_model]: pfrac: 1.0 xy_error: 0.000978 -0.00766   integrators: 0.0248 , 0.0461
[INFO] [1775390991.176142204] [aic_model]: pfrac: 1.0 xy_error: 0.000737 -0.00817   integrators: 0.0255 , 0.038
[INFO] [1775390991.226228991] [aic_model]: pfrac: 1.0 xy_error: 0.000488 -0.00853   integrators: 0.026 , 0.0294
[INFO] [1775390991.275137286] [aic_model]: insert_cable execute loop
[INFO] [1775390991.275968048] [aic_model]: z_offset: 0.1992
[INFO] [1775390991.277185092] [aic_model]: pfrac: 1.0 xy_error: 0.000218 -0.00868   integrators: 0.0262 , 0.0207
[INFO] [1775390991.325962062] [aic_model]: z_offset: 0.1984
[INFO] [1775390991.327306934] [aic_model]: pfrac: 1.0 xy_error: -5.74e-06 -0.00867   integrators: 0.0262 , 0.0121
[INFO] [1775390991.375956225] [aic_model]: z_offset: 0.1976
[INFO] [1775390991.377317859] [aic_model]: pfrac: 1.0 xy_error: -0.000294 -0.00857   integrators: 0.0259 , 0.00351
[INFO] [1775390991.427410547] [aic_model]: z_offset: 0.1968
[INFO] [1775390991.428073796] [aic_model]: pfrac: 1.0 xy_error: -0.000601 -0.00835   integrators: 0.0253 , -0.00485
[INFO] [1775390991.477973354] [aic_model]: z_offset: 0.196
[INFO] [1775390991.479340017] [aic_model]: pfrac: 1.0 xy_error: -0.000877 -0.00805   integrators: 0.0245 , -0.0129
[INFO] [1775390991.528051805] [aic_model]: z_offset: 0.1952
[INFO] [1775390991.529272135] [aic_model]: pfrac: 1.0 xy_error: -0.00114 -0.00762   integrators: 0.0233 , -0.0205
[INFO] [1775390991.578021272] [aic_model]: z_offset: 0.1944
[INFO] [1775390991.579031810] [aic_model]: pfrac: 1.0 xy_error: -0.00138 -0.00711   integrators: 0.0219 , -0.0276
[INFO] [1775390991.627943492] [aic_model]: z_offset: 0.1936
[INFO] [1775390991.628958468] [aic_model]: pfrac: 1.0 xy_error: -0.00159 -0.00652   integrators: 0.0203 , -0.0341
[INFO] [1775390991.678036991] [aic_model]: z_offset: 0.1928
[INFO] [1775390991.679369100] [aic_model]: pfrac: 1.0 xy_error: -0.00181 -0.00589   integrators: 0.0185 , -0.04
[INFO] [1775390991.728083112] [aic_model]: z_offset: 0.192
[INFO] [1775390991.729392058] [aic_model]: pfrac: 1.0 xy_error: -0.00202 -0.00525   integrators: 0.0165 , -0.0453
[INFO] [1775390991.779068798] [aic_model]: z_offset: 0.1912
[INFO] [1775390991.779940768] [aic_model]: pfrac: 1.0 xy_error: -0.00222 -0.00451   integrators: 0.0143 , -0.0498
[INFO] [1775390991.830026422] [aic_model]: z_offset: 0.1904
[INFO] [1775390991.831423513] [aic_model]: pfrac: 1.0 xy_error: -0.00239 -0.00379   integrators: 0.0119 , -0.0536
[INFO] [1775390991.879992985] [aic_model]: z_offset: 0.1896
[INFO] [1775390991.881348517] [aic_model]: pfrac: 1.0 xy_error: -0.00257 -0.00313   integrators: 0.00935 , -0.0567
[INFO] [1775390991.929998319] [aic_model]: z_offset: 0.1888
[INFO] [1775390991.931311994] [aic_model]: pfrac: 1.0 xy_error: -0.0027 -0.00241   integrators: 0.00665 , -0.0591
[INFO] [1775390991.980908805] [aic_model]: z_offset: 0.188
[INFO] [1775390991.981649629] [aic_model]: pfrac: 1.0 xy_error: -0.00284 -0.00167   integrators: 0.00381 , -0.0608
[INFO] [1775390992.031975283] [aic_model]: z_offset: 0.1872
[INFO] [1775390992.033291231] [aic_model]: pfrac: 1.0 xy_error: -0.00293 -0.000935   integrators: 0.000881 , -0.0617
[INFO] [1775390992.082242587] [aic_model]: z_offset: 0.1864
[INFO] [1775390992.083826446] [aic_model]: pfrac: 1.0 xy_error: -0.0029 -0.000174   integrators: -0.00202 , -0.0619
[INFO] [1775390992.134939040] [aic_model]: z_offset: 0.1856
[INFO] [1775390992.135771605] [aic_model]: pfrac: 1.0 xy_error: -0.00286 0.000583   integrators: -0.00488 , -0.0613
[INFO] [1775390992.185957107] [aic_model]: z_offset: 0.1848
[INFO] [1775390992.187174731] [aic_model]: pfrac: 1.0 xy_error: -0.00282 0.00114   integrators: -0.0077 , -0.0602
[INFO] [1775390992.237250037] [aic_model]: z_offset: 0.184
[INFO] [1775390992.237927433] [aic_model]: pfrac: 1.0 xy_error: -0.00277 0.00167   integrators: -0.0105 , -0.0585
[INFO] [1775390992.275120060] [aic_model]: insert_cable execute loop
[INFO] [1775390992.287920124] [aic_model]: z_offset: 0.1832
[INFO] [1775390992.289339836] [aic_model]: pfrac: 1.0 xy_error: -0.00264 0.00219   integrators: -0.0131 , -0.0563
[INFO] [1775390992.338050553] [aic_model]: z_offset: 0.1824
[INFO] [1775390992.339036124] [aic_model]: pfrac: 1.0 xy_error: -0.00249 0.00267   integrators: -0.0156 , -0.0537
[INFO] [1775390992.387964998] [aic_model]: z_offset: 0.1816
[INFO] [1775390992.388464140] [aic_model]: pfrac: 1.0 xy_error: -0.0023 0.00309   integrators: -0.0179 , -0.0506
[INFO] [1775390992.438117958] [aic_model]: z_offset: 0.1808
[INFO] [1775390992.439656092] [aic_model]: pfrac: 1.0 xy_error: -0.00209 0.00341   integrators: -0.02 , -0.0472
[INFO] [1775390992.487947094] [aic_model]: z_offset: 0.18
[INFO] [1775390992.489473045] [aic_model]: pfrac: 1.0 xy_error: -0.0019 0.00364   integrators: -0.0219 , -0.0435
[INFO] [1775390992.537913636] [aic_model]: z_offset: 0.1792
[INFO] [1775390992.538913545] [aic_model]: pfrac: 1.0 xy_error: -0.00169 0.00379   integrators: -0.0236 , -0.0397
[INFO] [1775390992.588031902] [aic_model]: z_offset: 0.1784
[INFO] [1775390992.588424165] [aic_model]: pfrac: 1.0 xy_error: -0.00147 0.00384   integrators: -0.0251 , -0.0359
[INFO] [1775390992.637985581] [aic_model]: z_offset: 0.1776
[INFO] [1775390992.639413488] [aic_model]: pfrac: 1.0 xy_error: -0.0012 0.00394   integrators: -0.0263 , -0.0319
[INFO] [1775390992.687965127] [aic_model]: z_offset: 0.1768
[INFO] [1775390992.689452606] [aic_model]: pfrac: 1.0 xy_error: -0.000948 0.00387   integrators: -0.0272 , -0.0281
[INFO] [1775390992.737957428] [aic_model]: z_offset: 0.176
[INFO] [1775390992.739351162] [aic_model]: pfrac: 1.0 xy_error: -0.000696 0.00373   integrators: -0.0279 , -0.0243
[INFO] [1775390992.788024919] [aic_model]: z_offset: 0.1752
[INFO] [1775390992.788496600] [aic_model]: pfrac: 1.0 xy_error: -0.000436 0.00355   integrators: -0.0283 , -0.0208
[INFO] [1775390992.838031526] [aic_model]: z_offset: 0.1744
[INFO] [1775390992.839405353] [aic_model]: pfrac: 1.0 xy_error: -0.000171 0.00333   integrators: -0.0285 , -0.0175
[INFO] [1775390992.887954116] [aic_model]: z_offset: 0.1736
[INFO] [1775390992.890007102] [aic_model]: pfrac: 1.0 xy_error: 0.000108 0.00307   integrators: -0.0284 , -0.0144
[INFO] [1775390992.940150364] [aic_model]: z_offset: 0.1728
[INFO] [1775390992.941411020] [aic_model]: pfrac: 1.0 xy_error: 0.000394 0.00278   integrators: -0.028 , -0.0116
[INFO] [1775390992.990131554] [aic_model]: z_offset: 0.172
[INFO] [1775390992.991550816] [aic_model]: pfrac: 1.0 xy_error: 0.00066 0.0025   integrators: -0.0273 , -0.0091
[INFO] [1775390993.040149553] [aic_model]: z_offset: 0.1712
[INFO] [1775390993.041732520] [aic_model]: pfrac: 1.0 xy_error: 0.000934 0.0022   integrators: -0.0264 , -0.0069
[INFO] [1775390993.092087439] [aic_model]: z_offset: 0.1704
[INFO] [1775390993.093697727] [aic_model]: pfrac: 1.0 xy_error: 0.00122 0.00186   integrators: -0.0252 , -0.00504
[INFO] [1775390993.141979091] [aic_model]: z_offset: 0.1696
[INFO] [1775390993.144309154] [aic_model]: pfrac: 1.0 xy_error: 0.00145 0.00156   integrators: -0.0237 , -0.00348
[INFO] [1775390993.195902867] [aic_model]: z_offset: 0.1688
[INFO] [1775390993.197266294] [aic_model]: pfrac: 1.0 xy_error: 0.00169 0.00122   integrators: -0.0221 , -0.00225
[INFO] [1775390993.245962363] [aic_model]: z_offset: 0.168
[INFO] [1775390993.247088758] [aic_model]: pfrac: 1.0 xy_error: 0.00186 0.00092   integrators: -0.0202 , -0.00133
[INFO] [1775390993.275228401] [aic_model]: insert_cable execute loop
[INFO] [1775390993.296016500] [aic_model]: z_offset: 0.1672
[INFO] [1775390993.297314916] [aic_model]: pfrac: 1.0 xy_error: 0.00201 0.000639   integrators: -0.0182 , -0.000696
[INFO] [1775390993.347956940] [aic_model]: z_offset: 0.1664
[INFO] [1775390993.349265285] [aic_model]: pfrac: 1.0 xy_error: 0.00215 0.000349   integrators: -0.016 , -0.000347
[INFO] [1775390993.399798626] [aic_model]: z_offset: 0.1656
[INFO] [1775390993.400863666] [aic_model]: pfrac: 1.0 xy_error: 0.00226 7.89e-05   integrators: -0.0138 , -0.000268
[INFO] [1775390993.450113429] [aic_model]: z_offset: 0.1648
[INFO] [1775390993.451900458] [aic_model]: pfrac: 1.0 xy_error: 0.00236 -0.00017   integrators: -0.0114 , -0.000438
[INFO] [1775390993.502060702] [aic_model]: z_offset: 0.164
[INFO] [1775390993.503488750] [aic_model]: pfrac: 1.0 xy_error: 0.00245 -0.000427   integrators: -0.00896 , -0.000866
[INFO] [1775390993.551933009] [aic_model]: z_offset: 0.1632
[INFO] [1775390993.553274806] [aic_model]: pfrac: 1.0 xy_error: 0.0025 -0.000656   integrators: -0.00646 , -0.00152
[INFO] [1775390993.602056374] [aic_model]: z_offset: 0.1624
[INFO] [1775390993.603982243] [aic_model]: pfrac: 1.0 xy_error: 0.00252 -0.000866   integrators: -0.00394 , -0.00239
[INFO] [1775390993.654011041] [aic_model]: z_offset: 0.1616
[INFO] [1775390993.655978828] [aic_model]: pfrac: 1.0 xy_error: 0.0025 -0.00107   integrators: -0.00144 , -0.00346
[INFO] [1775390993.704129929] [aic_model]: z_offset: 0.1608
[INFO] [1775390993.705819205] [aic_model]: pfrac: 1.0 xy_error: 0.00246 -0.00126   integrators: 0.00102 , -0.00473
[INFO] [1775390993.756704564] [aic_model]: z_offset: 0.16
[INFO] [1775390993.757169683] [aic_model]: pfrac: 1.0 xy_error: 0.00235 -0.00143   integrators: 0.00337 , -0.00615
[INFO] [1775390993.806138040] [aic_model]: z_offset: 0.1592
[INFO] [1775390993.806596337] [aic_model]: pfrac: 1.0 xy_error: 0.00225 -0.00158   integrators: 0.00561 , -0.00774
[INFO] [1775390993.862049119] [aic_model]: z_offset: 0.1584
[INFO] [1775390993.862444758] [aic_model]: pfrac: 1.0 xy_error: 0.00209 -0.00172   integrators: 0.00771 , -0.00946
[INFO] [1775390993.913180057] [aic_model]: z_offset: 0.1576
[INFO] [1775390993.913857393] [aic_model]: pfrac: 1.0 xy_error: 0.00192 -0.0018   integrators: 0.00962 , -0.0113
[INFO] [1775390993.965995512] [aic_model]: z_offset: 0.1568
[INFO] [1775390993.967406499] [aic_model]: pfrac: 1.0 xy_error: 0.00173 -0.00186   integrators: 0.0114 , -0.0131
[INFO] [1775390994.015947728] [aic_model]: z_offset: 0.156
[INFO] [1775390994.016362423] [aic_model]: pfrac: 1.0 xy_error: 0.00154 -0.00191   integrators: 0.0129 , -0.015
[INFO] [1775390994.067158506] [aic_model]: z_offset: 0.1552
[INFO] [1775390994.067774757] [aic_model]: pfrac: 1.0 xy_error: 0.00129 -0.00192   integrators: 0.0142 , -0.0169
[INFO] [1775390994.118082587] [aic_model]: z_offset: 0.1544
[INFO] [1775390994.119440264] [aic_model]: pfrac: 1.0 xy_error: 0.00106 -0.0019   integrators: 0.0152 , -0.0188
[INFO] [1775390994.167953151] [aic_model]: z_offset: 0.1536
[INFO] [1775390994.169249854] [aic_model]: pfrac: 1.0 xy_error: 0.000815 -0.00185   integrators: 0.0161 , -0.0207
[INFO] [1775390994.217974887] [aic_model]: z_offset: 0.1528
[INFO] [1775390994.219199455] [aic_model]: pfrac: 1.0 xy_error: 0.000593 -0.00175   integrators: 0.0166 , -0.0224
[INFO] [1775390994.267999418] [aic_model]: z_offset: 0.152
[INFO] [1775390994.269288676] [aic_model]: pfrac: 1.0 xy_error: 0.00038 -0.00161   integrators: 0.017 , -0.0241
[INFO] [1775390994.274660793] [aic_model]: insert_cable execute loop
[INFO] [1775390994.317957094] [aic_model]: z_offset: 0.1512
[INFO] [1775390994.318721222] [aic_model]: pfrac: 1.0 xy_error: 0.000188 -0.00145   integrators: 0.0172 , -0.0255
[INFO] [1775390994.367991303] [aic_model]: z_offset: 0.1504
[INFO] [1775390994.369255305] [aic_model]: pfrac: 1.0 xy_error: -9.06e-06 -0.00127   integrators: 0.0172 , -0.0268
[INFO] [1775390994.418040701] [aic_model]: z_offset: 0.1496
[INFO] [1775390994.419316574] [aic_model]: pfrac: 1.0 xy_error: -0.000202 -0.00108   integrators: 0.017 , -0.0279
[INFO] [1775390994.467940128] [aic_model]: z_offset: 0.1488
[INFO] [1775390994.469314666] [aic_model]: pfrac: 1.0 xy_error: -0.000379 -0.000881   integrators: 0.0166 , -0.0287
[INFO] [1775390994.518003962] [aic_model]: z_offset: 0.148
[INFO] [1775390994.519187534] [aic_model]: pfrac: 1.0 xy_error: -0.000572 -0.0007   integrators: 0.0161 , -0.0294
[INFO] [1775390994.567971427] [aic_model]: z_offset: 0.1472
[INFO] [1775390994.569166079] [aic_model]: pfrac: 1.0 xy_error: -0.000718 -0.000462   integrators: 0.0153 , -0.0299
[INFO] [1775390994.617948389] [aic_model]: z_offset: 0.1464
[INFO] [1775390994.618375667] [aic_model]: pfrac: 1.0 xy_error: -0.000838 -0.00024   integrators: 0.0145 , -0.0301
[INFO] [1775390994.667990994] [aic_model]: z_offset: 0.1456
[INFO] [1775390994.669431025] [aic_model]: pfrac: 1.0 xy_error: -0.000931 -2.01e-05   integrators: 0.0136 , -0.0302
[INFO] [1775390994.718120832] [aic_model]: z_offset: 0.1448
[INFO] [1775390994.719786945] [aic_model]: pfrac: 1.0 xy_error: -0.00101 0.00017   integrators: 0.0126 , -0.03
[INFO] [1775390994.769940126] [aic_model]: z_offset: 0.144
[INFO] [1775390994.771263018] [aic_model]: pfrac: 1.0 xy_error: -0.00104 0.000358   integrators: 0.0115 , -0.0296
[INFO] [1775390994.819940021] [aic_model]: z_offset: 0.1432
[INFO] [1775390994.821331331] [aic_model]: pfrac: 1.0 xy_error: -0.00106 0.000522   integrators: 0.0105 , -0.0291
[INFO] [1775390994.869925549] [aic_model]: z_offset: 0.1424
[INFO] [1775390994.871130911] [aic_model]: pfrac: 1.0 xy_error: -0.00108 0.000662   integrators: 0.00938 , -0.0284
[INFO] [1775390994.919942476] [aic_model]: z_offset: 0.1416
[INFO] [1775390994.921391524] [aic_model]: pfrac: 1.0 xy_error: -0.00108 0.000797   integrators: 0.0083 , -0.0277
[INFO] [1775390994.969973840] [aic_model]: z_offset: 0.1408
[INFO] [1775390994.971255364] [aic_model]: pfrac: 1.0 xy_error: -0.00108 0.000934   integrators: 0.00721 , -0.0267
[INFO] [1775390995.019957896] [aic_model]: z_offset: 0.14
[INFO] [1775390995.021211438] [aic_model]: pfrac: 1.0 xy_error: -0.00105 0.00107   integrators: 0.00617 , -0.0256
[INFO] [1775390995.070557962] [aic_model]: z_offset: 0.1392
[INFO] [1775390995.070953521] [aic_model]: pfrac: 1.0 xy_error: -0.00099 0.00121   integrators: 0.00517 , -0.0244
[INFO] [1775390995.119968917] [aic_model]: z_offset: 0.1384
[INFO] [1775390995.121078731] [aic_model]: pfrac: 1.0 xy_error: -0.000912 0.00132   integrators: 0.00426 , -0.0231
[INFO] [1775390995.169958092] [aic_model]: z_offset: 0.1376
[INFO] [1775390995.171217595] [aic_model]: pfrac: 1.0 xy_error: -0.000844 0.00142   integrators: 0.00342 , -0.0217
[INFO] [1775390995.219969259] [aic_model]: z_offset: 0.1368
[INFO] [1775390995.221045940] [aic_model]: pfrac: 1.0 xy_error: -0.000765 0.0015   integrators: 0.00265 , -0.0202
[INFO] [1775390995.269940440] [aic_model]: z_offset: 0.136
[INFO] [1775390995.270354323] [aic_model]: pfrac: 1.0 xy_error: -0.000687 0.00156   integrators: 0.00197 , -0.0186
[INFO] [1775390995.275014069] [aic_model]: insert_cable execute loop
[INFO] [1775390995.320002071] [aic_model]: z_offset: 0.1352
[INFO] [1775390995.321205218] [aic_model]: pfrac: 1.0 xy_error: -0.000612 0.0016   integrators: 0.00135 , -0.017
[INFO] [1775390995.369978171] [aic_model]: z_offset: 0.1344
[INFO] [1775390995.371222937] [aic_model]: pfrac: 1.0 xy_error: -0.000526 0.00162   integrators: 0.000827 , -0.0154
[INFO] [1775390995.419916411] [aic_model]: z_offset: 0.1336
[INFO] [1775390995.421548110] [aic_model]: pfrac: 1.0 xy_error: -0.000447 0.00164   integrators: 0.00038 , -0.0138
[INFO] [1775390995.470102014] [aic_model]: z_offset: 0.1328
[INFO] [1775390995.471385381] [aic_model]: pfrac: 1.0 xy_error: -0.000368 0.00164   integrators: 1.17e-05 , -0.0121
[INFO] [1775390995.519992394] [aic_model]: z_offset: 0.132
[INFO] [1775390995.521199539] [aic_model]: pfrac: 1.0 xy_error: -0.000282 0.00163   integrators: -0.00027 , -0.0105
[INFO] [1775390995.569954699] [aic_model]: z_offset: 0.1312
[INFO] [1775390995.571109857] [aic_model]: pfrac: 1.0 xy_error: -0.000177 0.0016   integrators: -0.000447 , -0.00891
[INFO] [1775390995.619935829] [aic_model]: z_offset: 0.1304
[INFO] [1775390995.620332761] [aic_model]: pfrac: 1.0 xy_error: -4.94e-05 0.00161   integrators: -0.000497 , -0.0073
[INFO] [1775390995.669987010] [aic_model]: z_offset: 0.1296
[INFO] [1775390995.671198043] [aic_model]: pfrac: 1.0 xy_error: 0.000105 0.00162   integrators: -0.000392 , -0.00569
[INFO] [1775390995.719984110] [aic_model]: z_offset: 0.1288
[INFO] [1775390995.721293927] [aic_model]: pfrac: 1.0 xy_error: 0.000269 0.00162   integrators: -0.000123 , -0.00407
[INFO] [1775390995.770046813] [aic_model]: z_offset: 0.128
[INFO] [1775390995.771292761] [aic_model]: pfrac: 1.0 xy_error: 0.000461 0.00158   integrators: 0.000338 , -0.00249
[INFO] [1775390995.819943275] [aic_model]: z_offset: 0.1272
[INFO] [1775390995.821236491] [aic_model]: pfrac: 1.0 xy_error: 0.000619 0.00155   integrators: 0.000957 , -0.000941
[INFO] [1775390995.869935947] [aic_model]: z_offset: 0.1264
[INFO] [1775390995.871214796] [aic_model]: pfrac: 1.0 xy_error: 0.00073 0.00156   integrators: 0.00169 , 0.000624
[INFO] [1775390995.920005642] [aic_model]: z_offset: 0.1256
[INFO] [1775390995.921340877] [aic_model]: pfrac: 1.0 xy_error: 0.00087 0.00157   integrators: 0.00256 , 0.00219
[INFO] [1775390995.970000047] [aic_model]: z_offset: 0.1248
[INFO] [1775390995.971377421] [aic_model]: pfrac: 1.0 xy_error: 0.000985 0.00156   integrators: 0.00354 , 0.00376
[INFO] [1775390996.020091343] [aic_model]: z_offset: 0.124
[INFO] [1775390996.021402172] [aic_model]: pfrac: 1.0 xy_error: 0.00106 0.00158   integrators: 0.00461 , 0.00534
[INFO] [1775390996.069968008] [aic_model]: z_offset: 0.1232
[INFO] [1775390996.071273377] [aic_model]: pfrac: 1.0 xy_error: 0.00113 0.00159   integrators: 0.00574 , 0.00693
[INFO] [1775390996.119987821] [aic_model]: z_offset: 0.1224
[INFO] [1775390996.121302487] [aic_model]: pfrac: 1.0 xy_error: 0.00122 0.00158   integrators: 0.00696 , 0.00851
[INFO] [1775390996.169976856] [aic_model]: z_offset: 0.1216
[INFO] [1775390996.171093823] [aic_model]: pfrac: 1.0 xy_error: 0.00124 0.0016   integrators: 0.0082 , 0.0101
[INFO] [1775390996.219981310] [aic_model]: z_offset: 0.1208
[INFO] [1775390996.221288702] [aic_model]: pfrac: 1.0 xy_error: 0.00127 0.00159   integrators: 0.00946 , 0.0117
[INFO] [1775390996.269951480] [aic_model]: z_offset: 0.12
[INFO] [1775390996.270381142] [aic_model]: pfrac: 1.0 xy_error: 0.00129 0.00162   integrators: 0.0108 , 0.0133
[INFO] [1775390996.274189848] [aic_model]: insert_cable execute loop
[INFO] [1775390996.320017729] [aic_model]: z_offset: 0.1192
[INFO] [1775390996.321071047] [aic_model]: pfrac: 1.0 xy_error: 0.00131 0.00164   integrators: 0.0121 , 0.015
[INFO] [1775390996.369951521] [aic_model]: z_offset: 0.1184
[INFO] [1775390996.371096941] [aic_model]: pfrac: 1.0 xy_error: 0.00131 0.00164   integrators: 0.0134 , 0.0166
[INFO] [1775390996.421330954] [aic_model]: z_offset: 0.1176
[INFO] [1775390996.422026734] [aic_model]: pfrac: 1.0 xy_error: 0.00126 0.00156   integrators: 0.0146 , 0.0182
[INFO] [1775390996.471965054] [aic_model]: z_offset: 0.1168
[INFO] [1775390996.473315607] [aic_model]: pfrac: 1.0 xy_error: 0.00119 0.0015   integrators: 0.0158 , 0.0197
[INFO] [1775390996.521959078] [aic_model]: z_offset: 0.116
[INFO] [1775390996.522357252] [aic_model]: pfrac: 1.0 xy_error: 0.00113 0.00136   integrators: 0.017 , 0.021
[INFO] [1775390996.571991455] [aic_model]: z_offset: 0.1152
[INFO] [1775390996.573267769] [aic_model]: pfrac: 1.0 xy_error: 0.00104 0.00116   integrators: 0.018 , 0.0222
[INFO] [1775390996.621948199] [aic_model]: z_offset: 0.1144
[INFO] [1775390996.622938559] [aic_model]: pfrac: 1.0 xy_error: 0.000924 0.00107   integrators: 0.0189 , 0.0232
[INFO] [1775390996.671940090] [aic_model]: z_offset: 0.1136
[INFO] [1775390996.672621723] [aic_model]: pfrac: 1.0 xy_error: 0.000844 0.000995   integrators: 0.0198 , 0.0242
[INFO] [1775390996.721975181] [aic_model]: z_offset: 0.1128
[INFO] [1775390996.723367422] [aic_model]: pfrac: 1.0 xy_error: 0.000752 0.000946   integrators: 0.0205 , 0.0252
[INFO] [1775390996.772066447] [aic_model]: z_offset: 0.112
[INFO] [1775390996.773755372] [aic_model]: pfrac: 1.0 xy_error: 0.000668 0.000898   integrators: 0.0212 , 0.0261
[INFO] [1775390996.824106945] [aic_model]: z_offset: 0.1112
[INFO] [1775390996.825368792] [aic_model]: pfrac: 1.0 xy_error: 0.000625 0.000853   integrators: 0.0218 , 0.0269
[INFO] [1775390996.874093996] [aic_model]: z_offset: 0.1104
[INFO] [1775390996.875307012] [aic_model]: pfrac: 1.0 xy_error: 0.000531 0.000776   integrators: 0.0223 , 0.0277
[INFO] [1775390996.923948059] [aic_model]: z_offset: 0.1096
[INFO] [1775390996.924997981] [aic_model]: pfrac: 1.0 xy_error: 0.000444 0.000714   integrators: 0.0228 , 0.0284
[INFO] [1775390996.973897310] [aic_model]: z_offset: 0.1088
[INFO] [1775390996.974630740] [aic_model]: pfrac: 1.0 xy_error: 0.000346 0.000735   integrators: 0.0231 , 0.0292
[INFO] [1775390997.023926410] [aic_model]: z_offset: 0.108
[INFO] [1775390997.025109801] [aic_model]: pfrac: 1.0 xy_error: 0.00024 0.000758   integrators: 0.0234 , 0.0299
[INFO] [1775390997.075115267] [aic_model]: z_offset: 0.1072
[INFO] [1775390997.075908258] [aic_model]: pfrac: 1.0 xy_error: 0.000197 0.00078   integrators: 0.0236 , 0.0307
[INFO] [1775390997.125962866] [aic_model]: z_offset: 0.1064
[INFO] [1775390997.127369103] [aic_model]: pfrac: 1.0 xy_error: 9.01e-05 0.000719   integrators: 0.0237 , 0.0314
[INFO] [1775390997.176025930] [aic_model]: z_offset: 0.1056
[INFO] [1775390997.177288619] [aic_model]: pfrac: 1.0 xy_error: -3.46e-05 0.000607   integrators: 0.0236 , 0.032
[INFO] [1775390997.225981733] [aic_model]: z_offset: 0.1048
[INFO] [1775390997.227243079] [aic_model]: pfrac: 1.0 xy_error: -0.00016 0.000441   integrators: 0.0235 , 0.0325
[INFO] [1775390997.275316075] [aic_model]: insert_cable execute loop
[INFO] [1775390997.275960489] [aic_model]: z_offset: 0.104
[INFO] [1775390997.277125365] [aic_model]: pfrac: 1.0 xy_error: -0.000203 0.000417   integrators: 0.0233 , 0.0329
[INFO] [1775390997.325945957] [aic_model]: z_offset: 0.1032
[INFO] [1775390997.327163392] [aic_model]: pfrac: 1.0 xy_error: -0.000153 0.000485   integrators: 0.0231 , 0.0334
[INFO] [1775390997.375953768] [aic_model]: z_offset: 0.1024
[INFO] [1775390997.376614302] [aic_model]: pfrac: 1.0 xy_error: -0.000105 0.000581   integrators: 0.023 , 0.034
[INFO] [1775390997.425917756] [aic_model]: z_offset: 0.1016
[INFO] [1775390997.427069528] [aic_model]: pfrac: 1.0 xy_error: -5.75e-05 0.000701   integrators: 0.0229 , 0.0347
[INFO] [1775390997.475959871] [aic_model]: z_offset: 0.1008
[INFO] [1775390997.476949349] [aic_model]: pfrac: 1.0 xy_error: 4.09e-06 0.000818   integrators: 0.0229 , 0.0355
[INFO] [1775390997.525983541] [aic_model]: z_offset: 0.1
[INFO] [1775390997.527262580] [aic_model]: pfrac: 1.0 xy_error: 7.11e-05 0.000939   integrators: 0.023 , 0.0364
[INFO] [1775390997.575975010] [aic_model]: z_offset: 0.0992
[INFO] [1775390997.577216059] [aic_model]: pfrac: 1.0 xy_error: 0.000135 0.00106   integrators: 0.0232 , 0.0375
[INFO] [1775390997.626037363] [aic_model]: z_offset: 0.0984
[INFO] [1775390997.627350807] [aic_model]: pfrac: 1.0 xy_error: 0.000202 0.00119   integrators: 0.0234 , 0.0387
[INFO] [1775390997.676113210] [aic_model]: z_offset: 0.0976
[INFO] [1775390997.677412017] [aic_model]: pfrac: 1.0 xy_error: 0.000274 0.00132   integrators: 0.0236 , 0.04
[INFO] [1775390997.725988413] [aic_model]: z_offset: 0.0968
[INFO] [1775390997.727145685] [aic_model]: pfrac: 1.0 xy_error: 0.000327 0.00146   integrators: 0.024 , 0.0414
[INFO] [1775390997.775996714] [aic_model]: z_offset: 0.096
[INFO] [1775390997.777232032] [aic_model]: pfrac: 1.0 xy_error: 0.000372 0.00161   integrators: 0.0243 , 0.043
[INFO] [1775390997.825959911] [aic_model]: z_offset: 0.0952
[INFO] [1775390997.827259379] [aic_model]: pfrac: 1.0 xy_error: 0.000394 0.00177   integrators: 0.0247 , 0.0448
[INFO] [1775390997.875921154] [aic_model]: z_offset: 0.0944
[INFO] [1775390997.876309299] [aic_model]: pfrac: 1.0 xy_error: 0.000445 0.00192   integrators: 0.0252 , 0.0467
[INFO] [1775390997.925968148] [aic_model]: z_offset: 0.0936
[INFO] [1775390997.926471328] [aic_model]: pfrac: 1.0 xy_error: 0.000504 0.00207   integrators: 0.0257 , 0.0488
[INFO] [1775390997.975977812] [aic_model]: z_offset: 0.0928
[INFO] [1775390997.977240441] [aic_model]: pfrac: 1.0 xy_error: 0.000543 0.00223   integrators: 0.0262 , 0.051
[INFO] [1775390998.025960605] [aic_model]: z_offset: 0.092
[INFO] [1775390998.026796387] [aic_model]: pfrac: 1.0 xy_error: 0.000588 0.00238   integrators: 0.0268 , 0.0534
[INFO] [1775390998.075962825] [aic_model]: z_offset: 0.0912
[INFO] [1775390998.077327365] [aic_model]: pfrac: 1.0 xy_error: 0.000641 0.00253   integrators: 0.0274 , 0.056
[INFO] [1775390998.125932164] [aic_model]: z_offset: 0.0904
[INFO] [1775390998.127087272] [aic_model]: pfrac: 1.0 xy_error: 0.000686 0.00268   integrators: 0.0281 , 0.0586
[INFO] [1775390998.175966814] [aic_model]: z_offset: 0.0896
[INFO] [1775390998.177173018] [aic_model]: pfrac: 1.0 xy_error: 0.000719 0.00283   integrators: 0.0288 , 0.0615
[INFO] [1775390998.227448859] [aic_model]: z_offset: 0.0888
[INFO] [1775390998.228172581] [aic_model]: pfrac: 1.0 xy_error: 0.000733 0.00298   integrators: 0.0296 , 0.0644
[INFO] [1775390998.274251001] [aic_model]: insert_cable execute loop
[INFO] [1775390998.277910558] [aic_model]: z_offset: 0.088
[INFO] [1775390998.279142449] [aic_model]: pfrac: 1.0 xy_error: 0.000752 0.00313   integrators: 0.0303 , 0.0676
[INFO] [1775390998.327960848] [aic_model]: z_offset: 0.0872
[INFO] [1775390998.328984190] [aic_model]: pfrac: 1.0 xy_error: 0.000784 0.00328   integrators: 0.0311 , 0.0709
[INFO] [1775390998.377968458] [aic_model]: z_offset: 0.0864
[INFO] [1775390998.378713069] [aic_model]: pfrac: 1.0 xy_error: 0.000818 0.00344   integrators: 0.0319 , 0.0743
[INFO] [1775390998.427944308] [aic_model]: z_offset: 0.0856
[INFO] [1775390998.429271037] [aic_model]: pfrac: 1.0 xy_error: 0.000839 0.00361   integrators: 0.0328 , 0.0779
[INFO] [1775390998.477995781] [aic_model]: z_offset: 0.0848
[INFO] [1775390998.479236098] [aic_model]: pfrac: 1.0 xy_error: 0.000881 0.00378   integrators: 0.0337 , 0.08
[INFO] [1775390998.527976120] [aic_model]: z_offset: 0.084
[INFO] [1775390998.528399561] [aic_model]: pfrac: 1.0 xy_error: 0.000925 0.00395   integrators: 0.0346 , 0.08
[INFO] [1775390998.578026750] [aic_model]: z_offset: 0.0832
[INFO] [1775390998.579383916] [aic_model]: pfrac: 1.0 xy_error: 0.000935 0.00411   integrators: 0.0355 , 0.08
[INFO] [1775390998.627965031] [aic_model]: z_offset: 0.0824
[INFO] [1775390998.628335623] [aic_model]: pfrac: 1.0 xy_error: 0.000924 0.00428   integrators: 0.0364 , 0.08
[INFO] [1775390998.677928368] [aic_model]: z_offset: 0.0816
[INFO] [1775390998.678338134] [aic_model]: pfrac: 1.0 xy_error: 0.000907 0.00445   integrators: 0.0373 , 0.08
[INFO] [1775390998.728002543] [aic_model]: z_offset: 0.0808
[INFO] [1775390998.729253971] [aic_model]: pfrac: 1.0 xy_error: 0.000892 0.00462   integrators: 0.0382 , 0.08
[INFO] [1775390998.777926968] [aic_model]: z_offset: 0.08
[INFO] [1775390998.779077487] [aic_model]: pfrac: 1.0 xy_error: 0.000881 0.0048   integrators: 0.0391 , 0.08
[INFO] [1775390998.827965515] [aic_model]: z_offset: 0.0792
[INFO] [1775390998.828611192] [aic_model]: pfrac: 1.0 xy_error: 0.000859 0.00499   integrators: 0.04 , 0.08
[INFO] [1775390998.877903195] [aic_model]: z_offset: 0.0784
[INFO] [1775390998.878288134] [aic_model]: pfrac: 1.0 xy_error: 0.000823 0.00519   integrators: 0.0408 , 0.08
[INFO] [1775390998.929421718] [aic_model]: z_offset: 0.0776
[INFO] [1775390998.930104994] [aic_model]: pfrac: 1.0 xy_error: 0.000802 0.0054   integrators: 0.0416 , 0.08
[INFO] [1775390998.979994263] [aic_model]: z_offset: 0.0768
[INFO] [1775390998.981238167] [aic_model]: pfrac: 1.0 xy_error: 0.000797 0.00561   integrators: 0.0424 , 0.08
[INFO] [1775390999.029926543] [aic_model]: z_offset: 0.076
[INFO] [1775390999.030768696] [aic_model]: pfrac: 1.0 xy_error: 0.000785 0.00583   integrators: 0.0432 , 0.08
[INFO] [1775390999.080584278] [aic_model]: z_offset: 0.0752
[INFO] [1775390999.080970219] [aic_model]: pfrac: 1.0 xy_error: 0.000756 0.00607   integrators: 0.0439 , 0.08
[INFO] [1775390999.129965979] [aic_model]: z_offset: 0.0744
[INFO] [1775390999.131180378] [aic_model]: pfrac: 1.0 xy_error: 0.000733 0.0063   integrators: 0.0447 , 0.08
[INFO] [1775390999.183745967] [aic_model]: z_offset: 0.0736
[INFO] [1775390999.184133351] [aic_model]: pfrac: 1.0 xy_error: 0.000716 0.00655   integrators: 0.0454 , 0.08
[INFO] [1775390999.233967307] [aic_model]: z_offset: 0.0728
[INFO] [1775390999.234798109] [aic_model]: pfrac: 1.0 xy_error: 0.000684 0.00679   integrators: 0.0461 , 0.08
[INFO] [1775390999.274428461] [aic_model]: insert_cable execute loop
[INFO] [1775390999.283879308] [aic_model]: z_offset: 0.072
[INFO] [1775390999.284398148] [aic_model]: pfrac: 1.0 xy_error: 0.000648 0.00703   integrators: 0.0467 , 0.08
[INFO] [1775390999.334073898] [aic_model]: Alignment degraded (0.0800 > 0.0294), re-aligning...
[INFO] [1775390999.335287786] [aic_model]: pfrac: 1.0 xy_error: 0.000612 0.00726   integrators: 0.0473 , 0.08
[INFO] [1775390999.384250394] [aic_model]: pfrac: 1.0 xy_error: 0.000575 0.0075   integrators: 0.0479 , 0.08
[INFO] [1775390999.434233538] [aic_model]: pfrac: 1.0 xy_error: 0.00053 0.00774   integrators: 0.0484 , 0.08
[INFO] [1775390999.484091819] [aic_model]: pfrac: 1.0 xy_error: 0.000493 0.00796   integrators: 0.0489 , 0.08
[INFO] [1775390999.534096995] [aic_model]: pfrac: 1.0 xy_error: 0.00047 0.00817   integrators: 0.0494 , 0.08
[INFO] [1775390999.584125595] [aic_model]: pfrac: 1.0 xy_error: 0.000451 0.00835   integrators: 0.0498 , 0.08
[INFO] [1775390999.634922419] [aic_model]: pfrac: 1.0 xy_error: 0.000447 0.0085   integrators: 0.0503 , 0.08
[INFO] [1775390999.684057560] [aic_model]: pfrac: 1.0 xy_error: 0.000448 0.00864   integrators: 0.0507 , 0.08
[INFO] [1775390999.734547080] [aic_model]: pfrac: 1.0 xy_error: 0.000425 0.00877   integrators: 0.0512 , 0.08
[INFO] [1775390999.784135337] [aic_model]: pfrac: 1.0 xy_error: 0.000399 0.00888   integrators: 0.0516 , 0.08
[INFO] [1775390999.834087975] [aic_model]: z_offset: 0.0712
[INFO] [1775390999.835739110] [aic_model]: pfrac: 1.0 xy_error: 0.000375 0.00898   integrators: 0.0519 , 0.08
[INFO] [1775390999.886108285] [aic_model]: z_offset: 0.0704
[INFO] [1775390999.886909823] [aic_model]: pfrac: 1.0 xy_error: 0.00034 0.00908   integrators: 0.0523 , 0.08
[INFO] [1775390999.935963892] [aic_model]: z_offset: 0.0696
[INFO] [1775390999.936368448] [aic_model]: pfrac: 1.0 xy_error: 0.000283 0.00918   integrators: 0.0526 , 0.08
[INFO] [1775390999.985983955] [aic_model]: z_offset: 0.0688
[INFO] [1775390999.987122953] [aic_model]: pfrac: 1.0 xy_error: 0.000224 0.00929   integrators: 0.0528 , 0.08
[INFO] [1775391000.035946862] [aic_model]: z_offset: 0.068
[INFO] [1775391000.036328094] [aic_model]: pfrac: 1.0 xy_error: 0.000161 0.00941   integrators: 0.053 , 0.08
[INFO] [1775391000.085940316] [aic_model]: z_offset: 0.0672
[INFO] [1775391000.086342167] [aic_model]: pfrac: 1.0 xy_error: 0.000112 0.00954   integrators: 0.0531 , 0.08
[INFO] [1775391000.135940262] [aic_model]: z_offset: 0.0664
[INFO] [1775391000.136618770] [aic_model]: pfrac: 1.0 xy_error: 7.75e-05 0.00967   integrators: 0.0531 , 0.08
[INFO] [1775391000.185920411] [aic_model]: z_offset: 0.0656
[INFO] [1775391000.186304970] [aic_model]: pfrac: 1.0 xy_error: 5.43e-05 0.00982   integrators: 0.0532 , 0.08
[INFO] [1775391000.236138475] [aic_model]: z_offset: 0.0648
[INFO] [1775391000.237901579] [aic_model]: pfrac: 1.0 xy_error: 2.05e-05 0.00999   integrators: 0.0532 , 0.08
[INFO] [1775391000.274309831] [aic_model]: insert_cable execute loop
[INFO] [1775391000.287862262] [aic_model]: z_offset: 0.064
[INFO] [1775391000.288232163] [aic_model]: pfrac: 1.0 xy_error: -1.96e-06 0.0102   integrators: 0.0532 , 0.08
[INFO] [1775391000.338138674] [aic_model]: z_offset: 0.0632
[INFO] [1775391000.339021925] [aic_model]: pfrac: 1.0 xy_error: -6.8e-06 0.0104   integrators: 0.0532 , 0.08
[INFO] [1775391000.388141907] [aic_model]: z_offset: 0.0624
[INFO] [1775391000.389521184] [aic_model]: pfrac: 1.0 xy_error: -1.11e-05 0.0106   integrators: 0.0532 , 0.08
[INFO] [1775391000.440039458] [aic_model]: z_offset: 0.0616
[INFO] [1775391000.440646132] [aic_model]: pfrac: 1.0 xy_error: -1.47e-05 0.0108   integrators: 0.0532 , 0.08
[INFO] [1775391000.490052369] [aic_model]: z_offset: 0.0608
[INFO] [1775391000.490436306] [aic_model]: pfrac: 1.0 xy_error: -1.32e-05 0.011   integrators: 0.0532 , 0.08
[INFO] [1775391000.540193348] [aic_model]: z_offset: 0.06
[INFO] [1775391000.540650512] [aic_model]: pfrac: 1.0 xy_error: 7.9e-06 0.0112   integrators: 0.0532 , 0.08
[INFO] [1775391000.590221337] [aic_model]: z_offset: 0.0592
[INFO] [1775391000.591086763] [aic_model]: pfrac: 1.0 xy_error: 4e-05 0.0114   integrators: 0.0532 , 0.08
[INFO] [1775391000.640466691] [aic_model]: z_offset: 0.0584
[INFO] [1775391000.641893196] [aic_model]: pfrac: 1.0 xy_error: 4.94e-05 0.0117   integrators: 0.0533 , 0.08
[INFO] [1775391000.692099107] [aic_model]: z_offset: 0.0576
[INFO] [1775391000.694039373] [aic_model]: pfrac: 1.0 xy_error: 7.45e-05 0.0119   integrators: 0.0533 , 0.08
[INFO] [1775391000.744100864] [aic_model]: z_offset: 0.0568
[INFO] [1775391000.745154612] [aic_model]: pfrac: 1.0 xy_error: 9.64e-05 0.0121   integrators: 0.0534 , 0.08
[INFO] [1775391000.793973211] [aic_model]: z_offset: 0.056
[INFO] [1775391000.794429754] [aic_model]: pfrac: 1.0 xy_error: 0.000135 0.0123   integrators: 0.0536 , 0.08
[INFO] [1775391000.845962855] [aic_model]: z_offset: 0.0552
[INFO] [1775391000.846420831] [aic_model]: pfrac: 1.0 xy_error: 0.000183 0.0126   integrators: 0.0538 , 0.08
[INFO] [1775391000.896075572] [aic_model]: z_offset: 0.0544
[INFO] [1775391000.896615891] [aic_model]: pfrac: 1.0 xy_error: 0.000218 0.0128   integrators: 0.054 , 0.08
[INFO] [1775391000.946018782] [aic_model]: z_offset: 0.0536
[INFO] [1775391000.946464054] [aic_model]: pfrac: 1.0 xy_error: 0.000256 0.013   integrators: 0.0542 , 0.08
[INFO] [1775391000.996298260] [aic_model]: z_offset: 0.0528
[INFO] [1775391000.997220052] [aic_model]: pfrac: 1.0 xy_error: 0.000304 0.0133   integrators: 0.0545 , 0.08
[INFO] [1775391001.048093611] [aic_model]: z_offset: 0.052
[INFO] [1775391001.048815239] [aic_model]: pfrac: 1.0 xy_error: 0.000344 0.0135   integrators: 0.0549 , 0.08
[INFO] [1775391001.101869031] [aic_model]: z_offset: 0.0512
[INFO] [1775391001.102277023] [aic_model]: pfrac: 1.0 xy_error: 0.000394 0.0138   integrators: 0.0553 , 0.08
[INFO] [1775391001.151978933] [aic_model]: z_offset: 0.0504
[INFO] [1775391001.153146374] [aic_model]: pfrac: 1.0 xy_error: 0.000443 0.0141   integrators: 0.0557 , 0.08
[INFO] [1775391001.202141773] [aic_model]: z_offset: 0.0496
[INFO] [1775391001.202723250] [aic_model]: pfrac: 1.0 xy_error: 0.00047 0.0143   integrators: 0.0562 , 0.08
[INFO] [1775391001.252613621] [aic_model]: z_offset: 0.0488
[INFO] [1775391001.253023247] [aic_model]: pfrac: 1.0 xy_error: 0.000501 0.0146   integrators: 0.0567 , 0.08
[INFO] [1775391001.274171007] [aic_model]: insert_cable execute loop
[INFO] [1775391001.302000292] [aic_model]: z_offset: 0.048
[INFO] [1775391001.302496358] [aic_model]: pfrac: 1.0 xy_error: 0.000531 0.0148   integrators: 0.0572 , 0.08
[INFO] [1775391001.351963910] [aic_model]: z_offset: 0.0472
[INFO] [1775391001.353146269] [aic_model]: pfrac: 1.0 xy_error: 0.000578 0.0151   integrators: 0.0578 , 0.08
[INFO] [1775391001.402091395] [aic_model]: z_offset: 0.0464
[INFO] [1775391001.403321222] [aic_model]: pfrac: 1.0 xy_error: 0.000611 0.0154   integrators: 0.0584 , 0.08
[INFO] [1775391001.453805313] [aic_model]: z_offset: 0.0456
[INFO] [1775391001.454231469] [aic_model]: pfrac: 1.0 xy_error: 0.000654 0.0156   integrators: 0.0591 , 0.08
[INFO] [1775391001.504014370] [aic_model]: z_offset: 0.0448
[INFO] [1775391001.504587361] [aic_model]: pfrac: 1.0 xy_error: 0.000646 0.0159   integrators: 0.0597 , 0.08
[INFO] [1775391001.553991764] [aic_model]: z_offset: 0.044
[INFO] [1775391001.555352427] [aic_model]: pfrac: 1.0 xy_error: 0.000665 0.0162   integrators: 0.0604 , 0.08
[INFO] [1775391001.604089904] [aic_model]: z_offset: 0.0432
[INFO] [1775391001.605549852] [aic_model]: pfrac: 1.0 xy_error: 0.000671 0.0165   integrators: 0.061 , 0.08
[INFO] [1775391001.654135776] [aic_model]: z_offset: 0.0424
[INFO] [1775391001.654716762] [aic_model]: pfrac: 1.0 xy_error: 0.000683 0.0167   integrators: 0.0617 , 0.08
[INFO] [1775391001.704045614] [aic_model]: z_offset: 0.0416
[INFO] [1775391001.704511364] [aic_model]: pfrac: 1.0 xy_error: 0.000676 0.017   integrators: 0.0624 , 0.08
[INFO] [1775391001.754085946] [aic_model]: z_offset: 0.0408
[INFO] [1775391001.755406283] [aic_model]: pfrac: 1.0 xy_error: 0.000676 0.0172   integrators: 0.0631 , 0.08
[INFO] [1775391001.805223377] [aic_model]: z_offset: 0.04
[INFO] [1775391001.805997824] [aic_model]: pfrac: 1.0 xy_error: 0.000664 0.0175   integrators: 0.0637 , 0.08
[INFO] [1775391001.857991425] [aic_model]: z_offset: 0.0392
[INFO] [1775391001.861799430] [aic_model]: pfrac: 1.0 xy_error: 0.000649 0.0178   integrators: 0.0644 , 0.08
[INFO] [1775391001.913271196] [aic_model]: z_offset: 0.0384
[INFO] [1775391001.913908487] [aic_model]: pfrac: 1.0 xy_error: 0.000635 0.0181   integrators: 0.065 , 0.08
[INFO] [1775391001.964087498] [aic_model]: z_offset: 0.0376
[INFO] [1775391001.964710762] [aic_model]: pfrac: 1.0 xy_error: 0.00065 0.0183   integrators: 0.0657 , 0.08
[INFO] [1775391002.013951149] [aic_model]: z_offset: 0.0368
[INFO] [1775391002.014479126] [aic_model]: pfrac: 1.0 xy_error: 0.000662 0.0186   integrators: 0.0663 , 0.08
[INFO] [1775391002.063960754] [aic_model]: z_offset: 0.036
[INFO] [1775391002.064553702] [aic_model]: pfrac: 1.0 xy_error: 0.000659 0.0189   integrators: 0.067 , 0.08
[INFO] [1775391002.114351510] [aic_model]: z_offset: 0.0352
[INFO] [1775391002.115943986] [aic_model]: pfrac: 1.0 xy_error: 0.00066 0.0192   integrators: 0.0677 , 0.08
[INFO] [1775391002.165963749] [aic_model]: z_offset: 0.0344
[INFO] [1775391002.166477058] [aic_model]: pfrac: 1.0 xy_error: 0.000642 0.0195   integrators: 0.0683 , 0.08
[INFO] [1775391002.216031422] [aic_model]: z_offset: 0.0336
[INFO] [1775391002.216612888] [aic_model]: pfrac: 1.0 xy_error: 0.000629 0.0198   integrators: 0.0689 , 0.08
[INFO] [1775391002.267836491] [aic_model]: z_offset: 0.0328
[INFO] [1775391002.268251467] [aic_model]: pfrac: 1.0 xy_error: 0.000594 0.0201   integrators: 0.0695 , 0.08
[INFO] [1775391002.275384433] [aic_model]: insert_cable execute loop
[INFO] [1775391002.317953486] [aic_model]: z_offset: 0.032
[INFO] [1775391002.318828742] [aic_model]: pfrac: 1.0 xy_error: 0.00058 0.0204   integrators: 0.0701 , 0.08
[INFO] [1775391002.367923387] [aic_model]: z_offset: 0.0312
[INFO] [1775391002.368570456] [aic_model]: pfrac: 1.0 xy_error: 0.000578 0.0207   integrators: 0.0707 , 0.08
[INFO] [1775391002.417994726] [aic_model]: z_offset: 0.0304
[INFO] [1775391002.419271101] [aic_model]: pfrac: 1.0 xy_error: 0.000545 0.0211   integrators: 0.0712 , 0.08
[INFO] [1775391002.468026953] [aic_model]: z_offset: 0.0296
[INFO] [1775391002.468898451] [aic_model]: pfrac: 1.0 xy_error: 0.000512 0.0214   integrators: 0.0717 , 0.08
[INFO] [1775391002.518055463] [aic_model]: z_offset: 0.0288
[INFO] [1775391002.519061923] [aic_model]: pfrac: 1.0 xy_error: 0.000467 0.0217   integrators: 0.0722 , 0.08
[INFO] [1775391002.568114931] [aic_model]: z_offset: 0.028
[INFO] [1775391002.569286359] [aic_model]: pfrac: 1.0 xy_error: 0.000418 0.0221   integrators: 0.0726 , 0.08
[INFO] [1775391002.618060906] [aic_model]: z_offset: 0.0272
[INFO] [1775391002.618746868] [aic_model]: pfrac: 1.0 xy_error: 0.000366 0.0225   integrators: 0.073 , 0.08
[INFO] [1775391002.668009136] [aic_model]: z_offset: 0.0264
[INFO] [1775391002.668533145] [aic_model]: pfrac: 1.0 xy_error: 0.000332 0.0229   integrators: 0.0733 , 0.08
[INFO] [1775391002.717938240] [aic_model]: z_offset: 0.0256
[INFO] [1775391002.718411334] [aic_model]: pfrac: 1.0 xy_error: 0.00029 0.0232   integrators: 0.0736 , 0.08
[INFO] [1775391002.768065484] [aic_model]: z_offset: 0.0248
[INFO] [1775391002.769210444] [aic_model]: pfrac: 1.0 xy_error: 0.000245 0.0236   integrators: 0.0738 , 0.08
[INFO] [1775391002.818123770] [aic_model]: z_offset: 0.024
[INFO] [1775391002.818844206] [aic_model]: pfrac: 1.0 xy_error: 0.000198 0.024   integrators: 0.074 , 0.08
[INFO] [1775391002.867967274] [aic_model]: z_offset: 0.0232
[INFO] [1775391002.868344218] [aic_model]: pfrac: 1.0 xy_error: 0.000154 0.0244   integrators: 0.0742 , 0.08
[INFO] [1775391002.918009630] [aic_model]: z_offset: 0.0224
[INFO] [1775391002.918377227] [aic_model]: pfrac: 1.0 xy_error: 0.000131 0.0248   integrators: 0.0743 , 0.08
[INFO] [1775391002.967953391] [aic_model]: z_offset: 0.0216
[INFO] [1775391002.968345354] [aic_model]: pfrac: 1.0 xy_error: 8.67e-05 0.0252   integrators: 0.0744 , 0.08
[INFO] [1775391003.017955101] [aic_model]: z_offset: 0.0208
[INFO] [1775391003.018382469] [aic_model]: pfrac: 1.0 xy_error: 5.37e-05 0.0257   integrators: 0.0745 , 0.08
[INFO] [1775391003.067971418] [aic_model]: z_offset: 0.02
[INFO] [1775391003.068417101] [aic_model]: pfrac: 1.0 xy_error: 4.75e-05 0.0261   integrators: 0.0745 , 0.08
[INFO] [1775391003.118276946] [aic_model]: z_offset: 0.0192
[INFO] [1775391003.119990798] [aic_model]: pfrac: 1.0 xy_error: 3.8e-05 0.0265   integrators: 0.0746 , 0.08
[INFO] [1775391003.169987338] [aic_model]: z_offset: 0.0184
[INFO] [1775391003.170664543] [aic_model]: pfrac: 1.0 xy_error: 9.06e-05 0.0269   integrators: 0.0746 , 0.08
[INFO] [1775391003.219953151] [aic_model]: z_offset: 0.0176
[INFO] [1775391003.220397792] [aic_model]: pfrac: 1.0 xy_error: 0.000186 0.0276   integrators: 0.0748 , 0.08
[INFO] [1775391003.269947517] [aic_model]: z_offset: 0.0168
[INFO] [1775391003.270382971] [aic_model]: pfrac: 1.0 xy_error: 0.000416 0.0288   integrators: 0.0753 , 0.08
[INFO] [1775391003.274229948] [aic_model]: insert_cable execute loop
[INFO] [1775391003.319959145] [aic_model]: z_offset: 0.016
[INFO] [1775391003.320378860] [aic_model]: pfrac: 1.0 xy_error: 0.000763 0.0301   integrators: 0.076 , 0.08
[INFO] [1775391003.369974591] [aic_model]: z_offset: 0.0152
[INFO] [1775391003.370461711] [aic_model]: pfrac: 1.0 xy_error: 0.000984 0.0313   integrators: 0.077 , 0.08
[INFO] [1775391003.420114890] [aic_model]: z_offset: 0.0144
[INFO] [1775391003.421446137] [aic_model]: pfrac: 1.0 xy_error: 0.00111 0.0324   integrators: 0.0781 , 0.08
[INFO] [1775391003.469981277] [aic_model]: z_offset: 0.0136
[INFO] [1775391003.471217987] [aic_model]: pfrac: 1.0 xy_error: 0.00116 0.0334   integrators: 0.0793 , 0.08
[INFO] [1775391003.520076161] [aic_model]: z_offset: 0.0128
[INFO] [1775391003.520505693] [aic_model]: pfrac: 1.0 xy_error: 0.00151 0.0346   integrators: 0.08 , 0.08
[INFO] [1775391003.570062111] [aic_model]: z_offset: 0.012
[INFO] [1775391003.570508285] [aic_model]: pfrac: 1.0 xy_error: 0.0019 0.0358   integrators: 0.08 , 0.08
[INFO] [1775391003.620023566] [aic_model]: z_offset: 0.0112
[INFO] [1775391003.623957957] [aic_model]: pfrac: 1.0 xy_error: 0.00226 0.0369   integrators: 0.08 , 0.08
[INFO] [1775391003.674153799] [aic_model]: z_offset: 0.0104
[INFO] [1775391003.674598490] [aic_model]: pfrac: 1.0 xy_error: 0.00265 0.0382   integrators: 0.08 , 0.08
[INFO] [1775391003.723976124] [aic_model]: z_offset: 0.0096
[INFO] [1775391003.724377214] [aic_model]: pfrac: 1.0 xy_error: 0.00299 0.0392   integrators: 0.08 , 0.08
[INFO] [1775391003.773962616] [aic_model]: z_offset: 0.0088
[INFO] [1775391003.774360058] [aic_model]: pfrac: 1.0 xy_error: 0.0033 0.0402   integrators: 0.08 , 0.08
[INFO] [1775391003.823998469] [aic_model]: z_offset: 0.008
[INFO] [1775391003.824428783] [aic_model]: pfrac: 1.0 xy_error: 0.00359 0.0412   integrators: 0.08 , 0.08
[INFO] [1775391003.874073937] [aic_model]: z_offset: 0.0072
[INFO] [1775391003.874474766] [aic_model]: pfrac: 1.0 xy_error: 0.00384 0.0421   integrators: 0.08 , 0.08
[INFO] [1775391003.924005195] [aic_model]: z_offset: 0.0064
[INFO] [1775391003.924401025] [aic_model]: pfrac: 1.0 xy_error: 0.00409 0.0429   integrators: 0.08 , 0.08
[INFO] [1775391003.973973663] [aic_model]: z_offset: 0.0056
[INFO] [1775391003.974435626] [aic_model]: pfrac: 1.0 xy_error: 0.00425 0.0434   integrators: 0.08 , 0.08
[INFO] [1775391004.023943013] [aic_model]: z_offset: 0.0048
[INFO] [1775391004.024331999] [aic_model]: pfrac: 1.0 xy_error: 0.00432 0.0436   integrators: 0.08 , 0.08
[INFO] [1775391004.073965191] [aic_model]: z_offset: 0.004
[INFO] [1775391004.074391848] [aic_model]: pfrac: 1.0 xy_error: 0.00437 0.0436   integrators: 0.08 , 0.08
[INFO] [1775391004.124177254] [aic_model]: z_offset: 0.0032
[INFO] [1775391004.125236974] [aic_model]: pfrac: 1.0 xy_error: 0.00441 0.0436   integrators: 0.08 , 0.08
[INFO] [1775391004.174056906] [aic_model]: z_offset: 0.0024
[INFO] [1775391004.174529399] [aic_model]: pfrac: 1.0 xy_error: 0.00446 0.0436   integrators: 0.08 , 0.08
[INFO] [1775391004.225811060] [aic_model]: z_offset: 0.0016
[INFO] [1775391004.226348144] [aic_model]: pfrac: 1.0 xy_error: 0.0045 0.0436   integrators: 0.08 , 0.08
[INFO] [1775391004.274407134] [aic_model]: insert_cable execute loop
[INFO] [1775391004.275903189] [aic_model]: z_offset: 0.0008
[INFO] [1775391004.276309639] [aic_model]: pfrac: 1.0 xy_error: 0.00454 0.0436   integrators: 0.08 , 0.08
[INFO] [1775391004.325950064] [aic_model]: z_offset: 4.5046e-09
[INFO] [1775391004.326345883] [aic_model]: pfrac: 1.0 xy_error: 0.00458 0.0436   integrators: 0.08 , 0.08
[INFO] [1775391004.375992931] [aic_model]: z_offset: -0.0008
[INFO] [1775391004.379466621] [aic_model]: pfrac: 1.0 xy_error: 0.00462 0.0436   integrators: 0.08 , 0.08
[INFO] [1775391004.428001550] [aic_model]: z_offset: -0.0016
[INFO] [1775391004.428420734] [aic_model]: pfrac: 1.0 xy_error: 0.00467 0.0436   integrators: 0.08 , 0.08
[INFO] [1775391004.477989515] [aic_model]: z_offset: -0.0024
[INFO] [1775391004.478410060] [aic_model]: pfrac: 1.0 xy_error: 0.0047 0.0436   integrators: 0.08 , 0.08
[INFO] [1775391004.528064532] [aic_model]: z_offset: -0.0032
[INFO] [1775391004.528757807] [aic_model]: pfrac: 1.0 xy_error: 0.00474 0.0436   integrators: 0.08 , 0.08
[INFO] [1775391004.577945536] [aic_model]: z_offset: -0.004
[INFO] [1775391004.578364730] [aic_model]: pfrac: 1.0 xy_error: 0.00478 0.0436   integrators: 0.08 , 0.08
[INFO] [1775391004.627969708] [aic_model]: z_offset: -0.0048
[INFO] [1775391004.628384173] [aic_model]: pfrac: 1.0 xy_error: 0.00481 0.0437   integrators: 0.08 , 0.08
[INFO] [1775391004.677940921] [aic_model]: z_offset: -0.0056
[INFO] [1775391004.678328666] [aic_model]: pfrac: 1.0 xy_error: 0.00485 0.0437   integrators: 0.08 , 0.08
[INFO] [1775391004.727984790] [aic_model]: z_offset: -0.0064
[INFO] [1775391004.728403913] [aic_model]: pfrac: 1.0 xy_error: 0.00488 0.0437   integrators: 0.08 , 0.08
[INFO] [1775391004.777956254] [aic_model]: z_offset: -0.0072
[INFO] [1775391004.778380336] [aic_model]: pfrac: 1.0 xy_error: 0.00492 0.0437   integrators: 0.08 , 0.08
[INFO] [1775391004.828094800] [aic_model]: z_offset: -0.008
[INFO] [1775391004.829283701] [aic_model]: pfrac: 1.0 xy_error: 0.00495 0.0437   integrators: 0.08 , 0.08
[INFO] [1775391004.878005059] [aic_model]: z_offset: -0.0088
[INFO] [1775391004.878401329] [aic_model]: pfrac: 1.0 xy_error: 0.00498 0.0437   integrators: 0.08 , 0.08
[INFO] [1775391004.927945675] [aic_model]: z_offset: -0.0096
[INFO] [1775391004.928359157] [aic_model]: pfrac: 1.0 xy_error: 0.00502 0.0437   integrators: 0.08 , 0.08
[INFO] [1775391004.977980276] [aic_model]: z_offset: -0.0104
[INFO] [1775391004.978394881] [aic_model]: pfrac: 1.0 xy_error: 0.00507 0.0438   integrators: 0.08 , 0.08
[INFO] [1775391005.027938044] [aic_model]: z_offset: -0.0112
[INFO] [1775391005.028346057] [aic_model]: pfrac: 1.0 xy_error: 0.00512 0.0439   integrators: 0.08 , 0.08
[INFO] [1775391005.077986041] [aic_model]: z_offset: -0.012
[INFO] [1775391005.079092638] [aic_model]: pfrac: 1.0 xy_error: 0.00517 0.0439   integrators: 0.08 , 0.08
[INFO] [1775391005.128021925] [aic_model]: z_offset: -0.0128
[INFO] [1775391005.128906508] [aic_model]: pfrac: 1.0 xy_error: 0.00523 0.0439   integrators: 0.08 , 0.08
[INFO] [1775391005.178122520] [aic_model]: z_offset: -0.0136
[INFO] [1775391005.180313634] [aic_model]: pfrac: 1.0 xy_error: 0.00529 0.0439   integrators: 0.08 , 0.08
[INFO] [1775391005.229973886] [aic_model]: z_offset: -0.0144
[INFO] [1775391005.231023697] [aic_model]: pfrac: 1.0 xy_error: 0.00537 0.044   integrators: 0.08 , 0.08
[INFO] [1775391005.274223259] [aic_model]: insert_cable execute loop
[INFO] [1775391005.279895587] [aic_model]: z_offset: -0.0152
[INFO] [1775391005.280276578] [aic_model]: pfrac: 1.0 xy_error: 0.00544 0.044   integrators: 0.08 , 0.08
[INFO] [1775391005.330095167] [aic_model]: Waiting for connector to stabilize...
[INFO] [1775391006.275976867] [aic_model]: insert_cable execute loop
[INFO] [1775391007.276239342] [aic_model]: insert_cable execute loop
[INFO] [1775391007.330045731] [aic_model]: AutoCode.insert_cable() exiting...
[INFO] [1775391008.277773566] [aic_model]: insert_cable() returned True
[INFO] [1775391009.037613844] [aic_model]: on_deactivate(LifecycleState(label='active', state_id=3))
[INFO] [1775391009.689690924] [aic_model]: on_cleanup(LifecycleState(label='inactive', state_id=2))
[INFO] [1775391009.690398567] [aic_model]: on_shutdown(LifecycleState(label='unconfigured', state_id=1))
