ZENOH_CONFIG_OVERRIDE_ROUTER=mode="router";listen/endpoints=["tcp/[::]:7447"];connect/endpoints=[];routing/router/peers_failover_brokering=true;transport/shared_memory/enabled=false
ZENOH_CONFIG_OVERRIDE_PEER=;transport/shared_memory/enabled=false
[2m2026-05-07T01:45:07.093199Z[0m [32m INFO[0m ThreadId(02) [2mzenoh::net::runtime[0m[2m:[0m Using ZID: 93ecb5126a62574fe008e5f0fc50079d
[2m2026-05-07T01:45:07.093224Z[0m [33m WARN[0m ThreadId(02) [2mzenoh::net::routing::interceptor::authorization[0m[2m:[0m Rule 'deny_rule' flows list is not set. Setting it to both Ingress and Egress
[2m2026-05-07T01:45:07.093585Z[0m [32m INFO[0m ThreadId(02) [2mzenoh::net::runtime::orchestrator[0m[2m:[0m Zenoh can be reached at: tcp/[fd7a:115c:a1e0::ef01:8616]:7447
[2m2026-05-07T01:45:07.093589Z[0m [32m INFO[0m ThreadId(02) [2mzenoh::net::runtime::orchestrator[0m[2m:[0m Zenoh can be reached at: tcp/100.72.134.15:7447
[2m2026-05-07T01:45:07.093590Z[0m [32m INFO[0m ThreadId(02) [2mzenoh::net::runtime::orchestrator[0m[2m:[0m Zenoh can be reached at: tcp/[fe80::3384:d0dc:aa58:526d]:7447
[2m2026-05-07T01:45:07.093590Z[0m [32m INFO[0m ThreadId(02) [2mzenoh::net::runtime::orchestrator[0m[2m:[0m Zenoh can be reached at: tcp/[fe80::609c:22ff:fe05:2ada]:7447
[2m2026-05-07T01:45:07.093591Z[0m [32m INFO[0m ThreadId(02) [2mzenoh::net::runtime::orchestrator[0m[2m:[0m Zenoh can be reached at: tcp/[fe80::4412:b0ff:fee8:787d]:7447
[2m2026-05-07T01:45:07.093592Z[0m [32m INFO[0m ThreadId(02) [2mzenoh::net::runtime::orchestrator[0m[2m:[0m Zenoh can be reached at: tcp/172.30.1.38:7447
[2m2026-05-07T01:45:07.093592Z[0m [32m INFO[0m ThreadId(02) [2mzenoh::net::runtime::orchestrator[0m[2m:[0m Zenoh can be reached at: tcp/10.10.10.13:7447
[2m2026-05-07T01:45:07.093593Z[0m [32m INFO[0m ThreadId(02) [2mzenoh::net::runtime::orchestrator[0m[2m:[0m Zenoh can be reached at: tcp/172.17.0.1:7447
[INFO] [launch]: All log files can be found below /root/.ros/log/2026-05-07-01-45-07-125368-weed-System-Product-Name-52
[INFO] [launch]: Default logging verbosity is set to INFO
[2m2026-05-07T01:45:07.333242Z[0m [32m INFO[0m acc-0 ThreadId(04) [2mzenoh::net::routing::interceptor::access_control[0m[2m:[0m f3731cb1e1db16d0dcb0a0d4b6046f3c did not match any configured ACL subject. Default permission `Allow` will be applied on all messages
[INFO] [robot_state_publisher-1]: process started with pid [119]
[INFO] [aic_adapter-2]: process started with pid [120]
[INFO] [component_container-3]: process started with pid [121]
[INFO] [gz-4]: process started with pid [122]
[INFO] [create-5]: process started with pid [123]
[INFO] [relay-6]: process started with pid [124]
[INFO] [static_transform_publisher-7]: process started with pid [125]
[2m2026-05-07T01:45:07.436344Z[0m [32m INFO[0m acc-0 ThreadId(04) [2mzenoh::net::routing::interceptor::access_control[0m[2m:[0m 6e1fd48a0bc4e3352ac5915a0eb7dc20 did not match any configured ACL subject. Default permission `Allow` will be applied on all messages
[2m2026-05-07T01:45:07.436386Z[0m [32m INFO[0m acc-0 ThreadId(04) [2mzenoh::net::routing::interceptor::access_control[0m[2m:[0m fe60bafe6a7298aac1cfa56807e98519 did not match any configured ACL subject. Default permission `Allow` will be applied on all messages
[2m2026-05-07T01:45:07.436411Z[0m [32m INFO[0m acc-0 ThreadId(04) [2mzenoh::net::routing::interceptor::access_control[0m[2m:[0m c69b3d7cc61c533858526f1cb7e2b32d did not match any configured ACL subject. Default permission `Allow` will be applied on all messages
[2m2026-05-07T01:45:07.436838Z[0m [32m INFO[0m acc-0 ThreadId(04) [2mzenoh::net::routing::interceptor::access_control[0m[2m:[0m ac88e85b851135f80a87d9e618560f6 did not match any configured ACL subject. Default permission `Allow` will be applied on all messages
[2m2026-05-07T01:45:07.437793Z[0m [32m INFO[0m acc-0 ThreadId(04) [2mzenoh::net::routing::interceptor::access_control[0m[2m:[0m 4d35a2f6f55b4379e9279dff847778cd did not match any configured ACL subject. Default permission `Allow` will be applied on all messages
[2m2026-05-07T01:45:07.442622Z[0m [32m INFO[0m acc-0 ThreadId(04) [2mzenoh::net::routing::interceptor::access_control[0m[2m:[0m 61b558eea57f679809edbfef170d5ce9 did not match any configured ACL subject. Default permission `Allow` will be applied on all messages
[static_transform_publisher-7] [INFO] [1778118307.442790713] [ground_truth_static_tf_publisher]: Spinning until stopped - publishing transform
[static_transform_publisher-7] translation: ('0.000000', '0.000000', '0.000000')
[static_transform_publisher-7] rotation: ('0.000000', '0.000000', '0.000000', '1.000000')
[static_transform_publisher-7] from 'world' to 'aic_world'
[aic_adapter-2] [INFO] [1778118307.444463353] [aic_adapter_node]: Adapter node initialization complete.
[robot_state_publisher-1] [INFO] [1778118307.445799479] [robot_state_publisher]: Robot initialized
[create-5] [INFO] [1778118307.448380158] [ros_gz_sim]: Requesting list of world names.
[gz-4] qt.qpa.xcb: could not connect to display 
[gz-4] qt.qpa.plugin: Could not load the Qt platform plugin "xcb" in "" even though it was found.
[gz-4] This application failed to start because no Qt platform plugin could be initialized. Reinstalling the application may fix this problem.
[gz-4] 
[gz-4] Available platform plugins are: eglfs, linuxfb, minimal, minimalegl, offscreen, vnc, wayland-egl, wayland, wayland-xcomposite-egl, wayland-xcomposite-glx, xcb.
[gz-4] 
[gz-4] Stack trace (most recent call last):
[gz-4] #29   Object "[0xffffffffffffffff]", at 0xffffffffffffffff, in 
[gz-4] #28   Object "gz sim -g", at 0x5e5b151ed1d4, in _start
[gz-4] #27   Object "/lib/x86_64-linux-gnu/libc.so.6", at 0x7b82cffc628a, in __libc_start_main
[gz-4] #26   Object "/lib/x86_64-linux-gnu/libc.so.6", at 0x7b82cffc61c9, in 
[gz-4] #25   Object "gz sim -g", at 0x5e5b151ed186, in 
[gz-4] #24   Object "/lib/x86_64-linux-gnu/libruby-3.2.so.3.2", at 0x7b82d042c152, in ruby_run_node
[gz-4] #23   Object "/lib/x86_64-linux-gnu/libruby-3.2.so.3.2", at 0x7b82d0427e2b, in 
[gz-4] #22   Object "/lib/x86_64-linux-gnu/libruby-3.2.so.3.2", at 0x7b82d05cab49, in rb_vm_exec
[gz-4] #21   Object "/lib/x86_64-linux-gnu/libruby-3.2.so.3.2", at 0x7b82d05c762b, in 
[gz-4] #20   Object "/lib/x86_64-linux-gnu/libruby-3.2.so.3.2", at 0x7b82d05c313e, in 
[gz-4] #19   Object "/lib/x86_64-linux-gnu/libruby-3.2.so.3.2", at 0x7b82d05c092f, in 
[gz-4] #18   Object "/usr/lib/x86_64-linux-gnu/ruby/3.2.0/fiddle.so", at 0x7b82cfc57b13, in 
[gz-4] #17   Object "/lib/x86_64-linux-gnu/libruby-3.2.so.3.2", at 0x7b82d058937b, in rb_nogvl
[gz-4] #16   Object "/usr/lib/x86_64-linux-gnu/ruby/3.2.0/fiddle.so", at 0x7b82cfc5743b, in 
[gz-4] #15   Object "/lib/x86_64-linux-gnu/libffi.so.8", at 0x7b82cfc0b0bd, in ffi_call
[gz-4] #14   Object "/lib/x86_64-linux-gnu/libffi.so.8", at 0x7b82cfc083ee, in 
[gz-4] #13   Object "/lib/x86_64-linux-gnu/libffi.so.8", at 0x7b82cfc0bb15, in 
[gz-4] #12   Object "/ws_aic/install/lib/libgz-sim9-gz.so.9.5.0", at 0x7b82cabf3a65, in runGui
[gz-4] #11   Object "/ws_aic/install/lib/libgz-sim9-gui.so.9", at 0x7b82caa26c8c, in gz::sim::v9::gui::runGui(int&, char**, char const*, char const*, int, char const*, char const*)
[gz-4] #10   Object "/ws_aic/install/lib/libgz-sim9-gui.so.9", at 0x7b82caa23970, in gz::sim::v9::gui::createGui(int&, char**, char const*, char const*, bool, char const*, int, char const*, char const*)
[gz-4] #9    Object "/ws_aic/install/lib/libgz-gui9.so.9", at 0x7b82c95f866b, in gz::gui::Application::Application(int&, char**, gz::gui::WindowType, char const*)
[gz-4] #8    Object "/lib/x86_64-linux-gnu/libQt5Widgets.so.5", at 0x7b82c867b5b4, in QApplicationPrivate::init()
[gz-4] #7    Object "/lib/x86_64-linux-gnu/libQt5Gui.so.5", at 0x7b82c7f51b9e, in QGuiApplicationPrivate::init()
[gz-4] #6    Object "/lib/x86_64-linux-gnu/libQt5Core.so.5", at 0x7b82c9958ff4, in QCoreApplicationPrivate::init()
[gz-4] #5    Object "/lib/x86_64-linux-gnu/libQt5Gui.so.5", at 0x7b82c7f4ec1f, in QGuiApplicationPrivate::createEventDispatcher()
[gz-4] #4    Object "/lib/x86_64-linux-gnu/libQt5Gui.so.5", at 0x7b82c7f4e6dc, in QGuiApplicationPrivate::createPlatformIntegration()
[gz-4] #3    Object "/lib/x86_64-linux-gnu/libQt5Core.so.5", at 0x7b82c970b103, in QMessageLogger::fatal(char const*, ...) const
[gz-4] #2    Object "/lib/x86_64-linux-gnu/libc.so.6", at 0x7b82cffc48fe, in abort
[gz-4] #1    Object "/lib/x86_64-linux-gnu/libc.so.6", at 0x7b82cffe127d, in gsignal
[gz-4] #0    Object "/lib/x86_64-linux-gnu/libc.so.6", at 0x7b82d003ab2c, in pthread_kill
[gz-4] Aborted (Signal sent by tkill() 122 0)
Started Zenoh router with id 93ecb5126a62574fe008e5f0fc50079d
[component_container-3] [INFO] [1778118307.600167733] [ros_gz_container]: Load Library: /ws_aic/install/lib/libgzserver_component.so
[component_container-3] [INFO] [1778118307.615968555] [ros_gz_container]: Found class: rclcpp_components::NodeFactoryTemplate<ros_gz_sim::GzServer>
[component_container-3] [INFO] [1778118307.616002980] [ros_gz_container]: Instantiate class: rclcpp_components::NodeFactoryTemplate<ros_gz_sim::GzServer>
[INFO] [launch_ros.actions.load_composable_nodes]: Loaded node '/gz_server' in container '/ros_gz_container'
[component_container-3] [INFO] [1778118307.617160369] [ros_gz_container]: Load Library: /ws_aic/install/lib/libros_gz_bridge.so
[ERROR] [gz-4]: process has died [pid 122, exit code -6, cmd 'gz sim -g'].
[component_container-3] [INFO] [1778118307.633350254] [ros_gz_container]: Found class: rclcpp_components::NodeFactoryTemplate<ros_gz_bridge::RosGzBridge>
[component_container-3] [INFO] [1778118307.633365653] [ros_gz_container]: Instantiate class: rclcpp_components::NodeFactoryTemplate<ros_gz_bridge::RosGzBridge>
[INFO] [launch_ros.actions.load_composable_nodes]: Loaded node '/ros_gz_bridge' in container 'ros_gz_container'
[component_container-3] (2026-05-07 01:45:07.642) [info] [ServerPrivate.cc:664] Loading SDF world file[/ws_aic/install/share/aic_description/world/aic.sdf].
[component_container-3] [INFO] [1778118308.634719759] [ros_gz_bridge]: Creating GZ->ROS Bridge: [/clock (gz.msgs.Clock) -> /clock (rosgraph_msgs/msg/Clock)] (Lazy 0)
[component_container-3] [INFO] [1778118308.635385462] [ros_gz_bridge]: Creating GZ->ROS Bridge: [/left_camera/image (gz.msgs.Image) -> /left_camera/image (sensor_msgs/msg/Image)] (Lazy 1)
[component_container-3] [INFO] [1778118308.635926291] [ros_gz_bridge]: Creating GZ->ROS Bridge: [/center_camera/image (gz.msgs.Image) -> /center_camera/image (sensor_msgs/msg/Image)] (Lazy 1)
[component_container-3] [INFO] [1778118308.636011030] [ros_gz_bridge]: Creating GZ->ROS Bridge: [/right_camera/image (gz.msgs.Image) -> /right_camera/image (sensor_msgs/msg/Image)] (Lazy 1)
[component_container-3] [INFO] [1778118308.636076614] [ros_gz_bridge]: Creating GZ->ROS Bridge: [/left_camera/camera_info (gz.msgs.CameraInfo) -> /left_camera/camera_info (sensor_msgs/msg/CameraInfo)] (Lazy 1)
[component_container-3] [INFO] [1778118308.636190558] [ros_gz_bridge]: Creating GZ->ROS Bridge: [/center_camera/camera_info (gz.msgs.CameraInfo) -> /center_camera/camera_info (sensor_msgs/msg/CameraInfo)] (Lazy 1)
[component_container-3] [INFO] [1778118308.636255060] [ros_gz_bridge]: Creating GZ->ROS Bridge: [/right_camera/camera_info (gz.msgs.CameraInfo) -> /right_camera/camera_info (sensor_msgs/msg/CameraInfo)] (Lazy 1)
[component_container-3] [INFO] [1778118308.636317067] [ros_gz_bridge]: Creating GZ->ROS Bridge: [/aic/gazebo/contacts/off_limit (gz.msgs.Contacts) -> /aic/gazebo/contacts/off_limit (ros_gz_interfaces/msg/Contacts)] (Lazy 1)
[component_container-3] [INFO] [1778118308.636661425] [ros_gz_bridge]: Creating GZ->ROS Bridge: [/cable_0/pose (gz.msgs.Pose_V) -> /scoring/tf (tf2_msgs/msg/TFMessage)] (Lazy 1)
[component_container-3] [INFO] [1778118308.636997007] [ros_gz_bridge]: Creating GZ->ROS Bridge: [/cable_1/pose (gz.msgs.Pose_V) -> /scoring/tf (tf2_msgs/msg/TFMessage)] (Lazy 1)
[component_container-3] [INFO] [1778118308.637106663] [ros_gz_bridge]: Creating GZ->ROS Bridge: [/cable_2/pose (gz.msgs.Pose_V) -> /scoring/tf (tf2_msgs/msg/TFMessage)] (Lazy 1)
[component_container-3] [INFO] [1778118308.637151087] [ros_gz_bridge]: Creating GZ->ROS Bridge: [/cable_3/pose (gz.msgs.Pose_V) -> /scoring/tf (tf2_msgs/msg/TFMessage)] (Lazy 1)
[component_container-3] [INFO] [1778118308.637203446] [ros_gz_bridge]: Creating GZ->ROS Bridge: [/cable_4/pose (gz.msgs.Pose_V) -> /scoring/tf (tf2_msgs/msg/TFMessage)] (Lazy 1)
[component_container-3] [INFO] [1778118308.637264040] [ros_gz_bridge]: Creating GZ->ROS Bridge: [/task_board/pose_static (gz.msgs.Pose_V) -> /scoring/tf (tf2_msgs/msg/TFMessage)] (Lazy 1)
[component_container-3] [INFO] [1778118308.637311589] [ros_gz_bridge]: Creating GZ->ROS Bridge: [/cable_0/insertion_event (gz.msgs.StringMsg) -> /scoring/insertion_event (std_msgs/msg/String)] (Lazy 1)
[component_container-3] [INFO] [1778118308.637426756] [ros_gz_bridge]: Creating GZ->ROS Bridge: [/cable_1/insertion_event (gz.msgs.StringMsg) -> /scoring/insertion_event (std_msgs/msg/String)] (Lazy 1)
[component_container-3] (2026-05-07 01:45:09.634) [info] [SystemManager.cc:54] Serving entity system service on [/entity/system/add]
[component_container-3] (2026-05-07 01:45:09.636) [info] [UserCommands.cc:752] Create service on [/world/aic_world/create_multiple] (async)
[component_container-3] (2026-05-07 01:45:09.636) [info] [UserCommands.cc:754] Create service on [/world/aic_world/create_multiple/blocking] (blocking)
[component_container-3] (2026-05-07 01:45:09.636) [info] [UserCommands.cc:752] Remove service on [/world/aic_world/remove] (async)
[component_container-3] (2026-05-07 01:45:09.636) [info] [UserCommands.cc:754] Remove service on [/world/aic_world/remove/blocking] (blocking)
[component_container-3] (2026-05-07 01:45:09.636) [info] [UserCommands.cc:752] Pose service on [/world/aic_world/set_pose] (async)
[component_container-3] (2026-05-07 01:45:09.636) [info] [UserCommands.cc:754] Pose service on [/world/aic_world/set_pose/blocking] (blocking)
[component_container-3] (2026-05-07 01:45:09.636) [info] [UserCommands.cc:752] Pose service on [/world/aic_world/set_pose_vector] (async)
[component_container-3] (2026-05-07 01:45:09.636) [info] [UserCommands.cc:754] Pose service on [/world/aic_world/set_pose_vector/blocking] (blocking)
[component_container-3] (2026-05-07 01:45:09.636) [info] [UserCommands.cc:752] Light configuration service on [/world/aic_world/light_config] (async)
[component_container-3] (2026-05-07 01:45:09.636) [info] [UserCommands.cc:754] Light configuration service on [/world/aic_world/light_config/blocking] (blocking)
[component_container-3] (2026-05-07 01:45:09.637) [info] [UserCommands.cc:752] Physics service on [/world/aic_world/set_physics] (async)
[component_container-3] (2026-05-07 01:45:09.637) [info] [UserCommands.cc:754] Physics service on [/world/aic_world/set_physics/blocking] (blocking)
[component_container-3] (2026-05-07 01:45:09.637) [info] [UserCommands.cc:752] SphericalCoordinates service on [/world/aic_world/set_spherical_coordinates] (async)
[component_container-3] (2026-05-07 01:45:09.637) [info] [UserCommands.cc:754] SphericalCoordinates service on [/world/aic_world/set_spherical_coordinates/blocking] (blocking)
[component_container-3] (2026-05-07 01:45:09.637) [info] [UserCommands.cc:752] Enable collision service on [/world/aic_world/enable_collision] (async)
[component_container-3] (2026-05-07 01:45:09.637) [info] [UserCommands.cc:754] Enable collision service on [/world/aic_world/enable_collision/blocking] (blocking)
[component_container-3] (2026-05-07 01:45:09.637) [info] [UserCommands.cc:752] Disable collision service on [/world/aic_world/disable_collision] (async)
[component_container-3] (2026-05-07 01:45:09.637) [info] [UserCommands.cc:754] Disable collision service on [/world/aic_world/disable_collision/blocking] (blocking)
[component_container-3] (2026-05-07 01:45:09.637) [info] [UserCommands.cc:752] Material service on [/world/aic_world/visual_config] (async)
[component_container-3] (2026-05-07 01:45:09.637) [info] [UserCommands.cc:754] Material service on [/world/aic_world/visual_config/blocking] (blocking)
[component_container-3] (2026-05-07 01:45:09.637) [info] [UserCommands.cc:752] Material service on [/world/aic_world/wheel_slip] (async)
[component_container-3] (2026-05-07 01:45:09.637) [info] [UserCommands.cc:754] Material service on [/world/aic_world/wheel_slip/blocking] (blocking)
[component_container-3] (2026-05-07 01:45:09.637) [debug] [SystemManager.cc:80] Loaded system [gz::sim::systems::UserCommands] for entity [1]
[component_container-3] (2026-05-07 01:45:09.649) [debug] [Physics.cc:967] Loaded [gz::physics::bullet_featherstone::Plugin] from library [/ws_aic/install/lib/gz-physics-8/engine-plugins/libgz-physics-bullet-featherstone-plugin.so]
[component_container-3] (2026-05-07 01:45:09.649) [debug] [SystemManager.cc:80] Loaded system [gz::sim::systems::Physics] for entity [1]
[component_container-3] (2026-05-07 01:45:09.652) [debug] [Sensors.cc:697] Configuring Sensors system
[component_container-3] (2026-05-07 01:45:09.652) [debug] [Sensors.cc:557] SensorsPrivate::Run
[component_container-3] (2026-05-07 01:45:09.652) [debug] [SystemManager.cc:80] Loaded system [gz::sim::systems::Sensors] for entity [1]
[component_container-3] (2026-05-07 01:45:09.652) [debug] [Sensors.cc:532] SensorsPrivate::RenderThread started
[component_container-3] (2026-05-07 01:45:09.652) [debug] [Sensors.cc:337] Waiting for init
[component_container-3] (2026-05-07 01:45:09.652) [debug] [ScoringPlugin.cc:45] aic_gazebo::ScoringPlugin::Configure on entity: 1
[component_container-3] (2026-05-07 01:45:09.652) [debug] [SystemManager.cc:80] Loaded system [aic_gazebo::ScoringPlugin] for entity [1]
[component_container-3] (2026-05-07 01:45:09.653) [debug] [WorldSdfGeneratorPlugin.cc:47] aic_gazebo::WorldSdfGeneratorPlugin::Configure
[component_container-3] (2026-05-07 01:45:09.653) [debug] [SystemManager.cc:80] Loaded system [aic_gazebo::WorldSdfGeneratorPlugin] for entity [1]
[component_container-3] (2026-05-07 01:45:09.653) [debug] [SystemManager.cc:80] Loaded system [gz::sim::systems::Contact] for entity [1]
[component_container-3] (2026-05-07 01:45:09.653) [info] [LevelManager.cc:646] Loaded level [default]
[component_container-3] (2026-05-07 01:45:09.654) [debug] [ServerConfig.cc:1025] Loading (3) plugins from file [/root/.gz/sim/9/server.config]
[component_container-3] (2026-05-07 01:45:09.654) [debug] [SimulationRunner.cc:1696] Additional plugins to load:
[component_container-3] (2026-05-07 01:45:09.654) [debug] [SimulationRunner.cc:1699] gz::sim::systems::SceneBroadcaster gz-sim-scene-broadcaster-system
[component_container-3] (2026-05-07 01:45:09.654) [debug] [SystemManager.cc:80] Loaded system [gz::sim::systems::SceneBroadcaster] for entity [1]
[component_container-3] (2026-05-07 01:45:09.655) [info] [SimulationRunner.cc:275] Serving world controls on [/world/aic_world/control], [/world/aic_world/control/state] and [/world/aic_world/playback/control]
[component_container-3] (2026-05-07 01:45:09.655) [info] [SimulationRunner.cc:301] Serving GUI information on [/world/aic_world/gui/info]
[component_container-3] (2026-05-07 01:45:09.655) [info] [SimulationRunner.cc:304] World [aic_world] initialized with [2ms] physics profile.
[component_container-3] (2026-05-07 01:45:09.655) [info] [SimulationRunner.cc:311] Serving world SDF generation service on [/world/aic_world/generate_world_sdf]
[component_container-3] (2026-05-07 01:45:09.655) [info] [ServerPrivate.cc:344] Serving world names on [/gazebo/worlds]
[component_container-3] (2026-05-07 01:45:09.655) [info] [ServerPrivate.cc:357] Resource path add service on [/gazebo/resource_paths/add].
[component_container-3] (2026-05-07 01:45:09.655) [info] [ServerPrivate.cc:370] Resource path get service on [/gazebo/resource_paths/get].
[component_container-3] (2026-05-07 01:45:09.655) [info] [ServerPrivate.cc:385] Resource path resolve service on [/gazebo/resource_paths/resolve].
[component_container-3] (2026-05-07 01:45:09.655) [info] [ServerPrivate.cc:399] Resource paths published on [/gazebo/resource_paths].
[component_container-3] (2026-05-07 01:45:09.655) [info] [ServerPrivate.cc:412] Server control service on [/server_control].
[component_container-3] (2026-05-07 01:45:09.755) [info] [SimulationRunner.cc:769] Found no publishers on /stats, adding root stats topic
[component_container-3] (2026-05-07 01:45:09.755) [info] [SimulationRunner.cc:803] Found no publishers on /clock, adding root clock topic
[component_container-3] (2026-05-07 01:45:09.755) [debug] [SimulationRunner.cc:573] Creating PostUpdate worker threads: 5
[component_container-3] (2026-05-07 01:45:09.755) [debug] [SimulationRunner.cc:584] Creating postupdate worker thread (0)
[component_container-3] (2026-05-07 01:45:09.755) [debug] [SimulationRunner.cc:584] Creating postupdate worker thread (1)
[component_container-3] (2026-05-07 01:45:09.756) [debug] [SimulationRunner.cc:584] Creating postupdate worker thread (2)
[component_container-3] (2026-05-07 01:45:09.756) [debug] [SimulationRunner.cc:584] Creating postupdate worker thread (3)
[create-5] [INFO] [1778118309.756070416] [ros_gz_sim]: Entity creation successful.
[INFO] [create-5]: process has finished cleanly [pid 123]
[INFO] [spawner-8]: process started with pid [255]
[INFO] [spawner-9]: process started with pid [256]
[component_container-3] [1;33mWarning [Utils.cc:119][0m [/sdf/model[@name="ur"]/link[@name="center_camera/sensor_link"]/sensor[@name="center_camera"]/camera[@name="center_camera"]/optical_frame_id]: SDF Element[optical_frame_id] is deprecated
[component_container-3] [1;33mWarning [Utils.cc:119][0m [/sdf/model[@name="ur"]/link[@name="left_camera/sensor_link"]/sensor[@name="left_camera"]/camera[@name="left_camera"]/optical_frame_id]: SDF Element[optical_frame_id] is deprecated
[component_container-3] [1;33mWarning [Utils.cc:119][0m [/sdf/model[@name="ur"]/link[@name="right_camera/sensor_link"]/sensor[@name="right_camera"]/camera[@name="right_camera"]/optical_frame_id]: SDF Element[optical_frame_id] is deprecated
[component_container-3] [WARN] [1778118309.808084353] [rcl.logging_rosout]: Publisher already registered for node name: 'ros_gz_container'. If this is due to multiple nodes with the same name then all logs for the logger named 'ros_gz_container' will go out over the existing publisher. As soon as any node with that name is destructed it will unregister the publisher, preventing any further logs for that name from being published on the rosout topic.
[component_container-3] [INFO] [1778118309.808889770] [ros_gz_container]: [gz_ros2_control] Fixed joint [tabletop_joint] (Entity=101)] is skipped
[component_container-3] [INFO] [1778118309.808909927] [ros_gz_container]: [gz_ros2_control] Fixed joint [center_camera/attach_sensor_link] (Entity=108)] is skipped
[component_container-3] [INFO] [1778118309.808929284] [ros_gz_container]: [gz_ros2_control] Fixed joint [center_camera/attach_optical] (Entity=109)] is skipped
[component_container-3] [INFO] [1778118309.808948200] [ros_gz_container]: [gz_ros2_control] Fixed joint [ati/attach_joint] (Entity=110)] is skipped
[component_container-3] [INFO] [1778118309.808951075] [ros_gz_container]: [gz_ros2_control] Fixed joint [left_camera/attach_sensor_link] (Entity=114)] is skipped
[component_container-3] [INFO] [1778118309.808952898] [ros_gz_container]: [gz_ros2_control] Fixed joint [left_camera/attach_optical] (Entity=115)] is skipped
[component_container-3] [INFO] [1778118309.808954592] [ros_gz_container]: [gz_ros2_control] Fixed joint [right_camera/attach_sensor_link] (Entity=116)] is skipped
[component_container-3] [INFO] [1778118309.808956315] [ros_gz_container]: [gz_ros2_control] Fixed joint [right_camera/attach_optical] (Entity=117)] is skipped
[component_container-3] [INFO] [1778118309.809396904] [ros_gz_container]: Loading controller_manager
[component_container-3] [INFO] [1778118309.813170450] [controller_manager]: Using ROS clock for triggering controller manager cycles.
[component_container-3] [INFO] [1778118309.814310306] [controller_manager]: Subscribing to '/robot_description' topic for robot description.
[component_container-3] [INFO] [1778118309.815145428] [controller_manager]: Enforcing command limits is enabled...
[component_container-3] [WARN] [1778118309.815162380] [ros_gz_container]: Waiting RM to load and initialize hardware...
[component_container-3] [INFO] [1778118309.815223776] [controller_manager]: Received robot description from topic.
[component_container-3] [INFO] [1778118309.816680088] [ros_gz_container]: Using JointLimiter for joint 'gripper/left_finger_joint' in hardware 'gripper' : '  has position limits: true [0, 0.025]
[component_container-3]   has velocity limits: true [0.05]
[component_container-3]   has acceleration limits: false [nan]
[component_container-3]   has deceleration limits: false [nan]
[component_container-3]   has jerk limits: false [nan]
[component_container-3]   has effort limits: true [20]
[component_container-3]   angle wraparound: false'
[component_container-3] [INFO] [1778118309.816694134] [ros_gz_container]: Creating JointSaturationLimiter for joint 'gripper/left_finger_joint' in hardware 'gripper'
[component_container-3] [INFO] [1778118309.816708000] [ros_gz_container]: Using JointLimiter for joint 'wrist_3_joint' in hardware 'ControlSystem' : '  has position limits: true [-6.28319, 6.28319]
[component_container-3]   has velocity limits: true [3.14159]
[component_container-3]   has acceleration limits: false [nan]
[component_container-3]   has deceleration limits: false [nan]
[component_container-3]   has jerk limits: false [nan]
[component_container-3]   has effort limits: true [28]
[component_container-3]   angle wraparound: false'
[component_container-3] [INFO] [1778118309.816710695] [ros_gz_container]: Creating JointSaturationLimiter for joint 'wrist_3_joint' in hardware 'ControlSystem'
[component_container-3] [INFO] [1778118309.816714503] [ros_gz_container]: Using JointLimiter for joint 'wrist_2_joint' in hardware 'ControlSystem' : '  has position limits: true [-6.28319, 6.28319]
[component_container-3]   has velocity limits: true [3.14159]
[component_container-3]   has acceleration limits: false [nan]
[component_container-3]   has deceleration limits: false [nan]
[component_container-3]   has jerk limits: false [nan]
[component_container-3]   has effort limits: true [28]
[component_container-3]   angle wraparound: false'
[component_container-3] [INFO] [1778118309.816716657] [ros_gz_container]: Creating JointSaturationLimiter for joint 'wrist_2_joint' in hardware 'ControlSystem'
[component_container-3] [INFO] [1778118309.816719792] [ros_gz_container]: Using JointLimiter for joint 'wrist_1_joint' in hardware 'ControlSystem' : '  has position limits: true [-6.28319, 6.28319]
[component_container-3]   has velocity limits: true [3.14159]
[component_container-3]   has acceleration limits: false [nan]
[component_container-3]   has deceleration limits: false [nan]
[component_container-3]   has jerk limits: false [nan]
[component_container-3]   has effort limits: true [28]
[component_container-3]   angle wraparound: false'
[component_container-3] [INFO] [1778118309.816721977] [ros_gz_container]: Creating JointSaturationLimiter for joint 'wrist_1_joint' in hardware 'ControlSystem'
[component_container-3] [INFO] [1778118309.816725463] [ros_gz_container]: Using JointLimiter for joint 'elbow_joint' in hardware 'ControlSystem' : '  has position limits: true [-3.14159, 3.14159]
[component_container-3]   has velocity limits: true [3.14159]
[component_container-3]   has acceleration limits: false [nan]
[component_container-3]   has deceleration limits: false [nan]
[component_container-3]   has jerk limits: false [nan]
[component_container-3]   has effort limits: true [150]
[component_container-3]   angle wraparound: false'
[component_container-3] [INFO] [1778118309.816727457] [ros_gz_container]: Creating JointSaturationLimiter for joint 'elbow_joint' in hardware 'ControlSystem'
[component_container-3] [INFO] [1778118309.816731234] [ros_gz_container]: Using JointLimiter for joint 'shoulder_lift_joint' in hardware 'ControlSystem' : '  has position limits: true [-6.28319, 6.28319]
[component_container-3]   has velocity limits: true [3.14159]
[component_container-3]   has acceleration limits: false [nan]
[component_container-3]   has deceleration limits: false [nan]
[component_container-3]   has jerk limits: false [nan]
[component_container-3]   has effort limits: true [150]
[component_container-3]   angle wraparound: false'
[component_container-3] [INFO] [1778118309.816742555] [ros_gz_container]: Creating JointSaturationLimiter for joint 'shoulder_lift_joint' in hardware 'ControlSystem'
[component_container-3] [INFO] [1778118309.816746393] [ros_gz_container]: Using JointLimiter for joint 'shoulder_pan_joint' in hardware 'ControlSystem' : '  has position limits: true [-6.28319, 6.28319]
[component_container-3]   has velocity limits: true [3.14159]
[component_container-3]   has acceleration limits: false [nan]
[component_container-3]   has deceleration limits: false [nan]
[component_container-3]   has jerk limits: false [nan]
[component_container-3]   has effort limits: true [150]
[component_container-3]   angle wraparound: false'
[component_container-3] [INFO] [1778118309.816748497] [ros_gz_container]: Creating JointSaturationLimiter for joint 'shoulder_pan_joint' in hardware 'ControlSystem'
[component_container-3] [INFO] [1778118309.818510003] [ros_gz_container]: The position_proportional_gain has been set to: 0.1
[component_container-3] [INFO] [1778118309.818539880] [ros_gz_container]: Loading joint: gripper/left_finger_joint
[component_container-3] [INFO] [1778118309.818542865] [ros_gz_container]: 	State:
[component_container-3] [INFO] [1778118309.818546462] [ros_gz_container]: 		 position
[component_container-3] [INFO] [1778118309.818553145] [ros_gz_container]: 			 found initial value: 0.007300
[component_container-3] [INFO] [1778118309.818556721] [ros_gz_container]: 		 velocity
[component_container-3] [INFO] [1778118309.818563123] [ros_gz_container]: 			 found initial value: 0.000000
[component_container-3] [INFO] [1778118309.818567401] [ros_gz_container]: 		 effort
[component_container-3] [INFO] [1778118309.818571910] [ros_gz_container]: 			 found initial value: 0.000000
[component_container-3] [INFO] [1778118309.818574755] [ros_gz_container]: 	Command:
[component_container-3] [INFO] [1778118309.818577350] [ros_gz_container]: 		 position
[component_container-3] [INFO] [1778118309.818585205] [ros_gz_container]: 		 effort
[component_container-3] [INFO] [1778118309.818633606] [ros_gz_container]: Loading sensor: AtiForceTorqueSensor
[component_container-3] [INFO] [1778118309.818638044] [ros_gz_container]: 	State:
[component_container-3] [INFO] [1778118309.818682137] [ros_gz_container]: Initialize hardware 'gripper' 
[component_container-3] [WARN] [1778118309.818768600] [rcl.logging_rosout]: Publisher already registered for node name: 'ros_gz_container'. If this is due to multiple nodes with the same name then all logs for the logger named 'ros_gz_container' will go out over the existing publisher. As soon as any node with that name is destructed it will unregister the publisher, preventing any further logs for that name from being published on the rosout topic.
[component_container-3] [INFO] [1778118309.819210693] [ros_gz_container.hardware_component.system.gripper]: `status_publish_rate` is set to 0.0, hardware status publisher will not be created.
[component_container-3] [INFO] [1778118309.819261188] [ros_gz_container]: Successful initialization of hardware 'gripper'
[component_container-3] [INFO] [1778118309.819359333] [ros_gz_container]: The position_proportional_gain has been set to: 0.1
[component_container-3] [INFO] [1778118309.819369432] [ros_gz_container]: Loading joint: shoulder_pan_joint
[component_container-3] [INFO] [1778118309.819371616] [ros_gz_container]: 	State:
[component_container-3] [INFO] [1778118309.819374421] [ros_gz_container]: 		 position
[component_container-3] [INFO] [1778118309.819380342] [ros_gz_container]: 			 found initial value: -0.159700
[component_container-3] [INFO] [1778118309.819382877] [ros_gz_container]: 		 velocity
[component_container-3] [INFO] [1778118309.819385722] [ros_gz_container]: 			 found initial value: 0.000000
[component_container-3] [INFO] [1778118309.819388588] [ros_gz_container]: 		 effort
[component_container-3] [INFO] [1778118309.819391072] [ros_gz_container]: 			 found initial value: 0.000000
[component_container-3] [INFO] [1778118309.819393016] [ros_gz_container]: 	Command:
[component_container-3] [INFO] [1778118309.819394699] [ros_gz_container]: 		 position
[component_container-3] [INFO] [1778118309.819398807] [ros_gz_container]: 		 velocity
[component_container-3] [INFO] [1778118309.819401722] [ros_gz_container]: 		 effort
[component_container-3] [INFO] [1778118309.819406261] [ros_gz_container]: Loading joint: shoulder_lift_joint
[component_container-3] [INFO] [1778118309.819408014] [ros_gz_container]: 	State:
[component_container-3] [INFO] [1778118309.819409617] [ros_gz_container]: 		 position
[component_container-3] [INFO] [1778118309.819411891] [ros_gz_container]: 			 found initial value: -1.354200
[component_container-3] [INFO] [1778118309.819413725] [ros_gz_container]: 		 velocity
[component_container-3] [INFO] [1778118309.819417833] [ros_gz_container]: 			 found initial value: 0.000000
[component_container-3] [INFO] [1778118309.819419606] [ros_gz_container]: 		 effort
[component_container-3] [INFO] [1778118309.819429525] [ros_gz_container]: 			 found initial value: 0.000000
[component_container-3] [INFO] [1778118309.819431418] [ros_gz_container]: 	Command:
[component_container-3] [INFO] [1778118309.819432941] [ros_gz_container]: 		 position
[component_container-3] [INFO] [1778118309.819435837] [ros_gz_container]: 		 velocity
[component_container-3] [INFO] [1778118309.819438291] [ros_gz_container]: 		 effort
[component_container-3] [INFO] [1778118309.819442499] [ros_gz_container]: Loading joint: elbow_joint
[component_container-3] [INFO] [1778118309.819444202] [ros_gz_container]: 	State:
[component_container-3] [INFO] [1778118309.819445755] [ros_gz_container]: 		 position
[component_container-3] [INFO] [1778118309.819447689] [ros_gz_container]: 			 found initial value: -1.664800
[component_container-3] [INFO] [1778118309.819449512] [ros_gz_container]: 		 velocity
[component_container-3] [INFO] [1778118309.819451316] [ros_gz_container]: 			 found initial value: 0.000000
[component_container-3] [INFO] [1778118309.819453219] [ros_gz_container]: 		 effort
[component_container-3] [INFO] [1778118309.819455564] [ros_gz_container]: 			 found initial value: 0.000000
[component_container-3] [INFO] [1778118309.819458289] [ros_gz_container]: 	Command:
[component_container-3] [INFO] [1778118309.819460753] [ros_gz_container]: 		 position
[component_container-3] [INFO] [1778118309.819463559] [ros_gz_container]: 		 velocity
[component_container-3] [INFO] [1778118309.819465643] [ros_gz_container]: 		 effort
[component_container-3] [INFO] [1778118309.819469660] [ros_gz_container]: Loading joint: wrist_1_joint
[component_container-3] [INFO] [1778118309.819471333] [ros_gz_container]: 	State:
[component_container-3] [INFO] [1778118309.819472896] [ros_gz_container]: 		 position
[component_container-3] [INFO] [1778118309.819474730] [ros_gz_container]: 			 found initial value: -1.693300
[component_container-3] [INFO] [1778118309.819476563] [ros_gz_container]: 		 velocity
[component_container-3] [INFO] [1778118309.819478196] [ros_gz_container]: 			 found initial value: 0.000000
[component_container-3] [INFO] [1778118309.819480511] [ros_gz_container]: 		 effort
[component_container-3] [INFO] [1778118309.819482204] [ros_gz_container]: 			 found initial value: 0.000000
[component_container-3] [INFO] [1778118309.819483917] [ros_gz_container]: 	Command:
[component_container-3] [INFO] [1778118309.819485380] [ros_gz_container]: 		 position
[component_container-3] [INFO] [1778118309.819487604] [ros_gz_container]: 		 velocity
[component_container-3] [INFO] [1778118309.819489558] [ros_gz_container]: 		 effort
[component_container-3] [INFO] [1778118309.819492453] [ros_gz_container]: Loading joint: wrist_2_joint
[component_container-3] [INFO] [1778118309.819494026] [ros_gz_container]: 	State:
[component_container-3] [INFO] [1778118309.819495840] [ros_gz_container]: 		 position
[component_container-3] [INFO] [1778118309.819497723] [ros_gz_container]: 			 found initial value: 1.571000
[component_container-3] [INFO] [1778118309.819499677] [ros_gz_container]: 		 velocity
[component_container-3] [INFO] [1778118309.819501330] [ros_gz_container]: 			 found initial value: 0.000000
[component_container-3] [INFO] [1778118309.819503063] [ros_gz_container]: 		 effort
[component_container-3] [INFO] [1778118309.819504726] [ros_gz_container]: 			 found initial value: 0.000000
[component_container-3] [INFO] [1778118309.819506460] [ros_gz_container]: 	Command:
[component_container-3] [INFO] [1778118309.819507932] [ros_gz_container]: 		 position
[component_container-3] [INFO] [1778118309.819510096] [ros_gz_container]: 		 velocity
[component_container-3] [INFO] [1778118309.819512531] [ros_gz_container]: 		 effort
[component_container-3] [INFO] [1778118309.819515356] [ros_gz_container]: Loading joint: wrist_3_joint
[component_container-3] [INFO] [1778118309.819521718] [ros_gz_container]: 	State:
[component_container-3] [INFO] [1778118309.819524093] [ros_gz_container]: 		 position
[component_container-3] [INFO] [1778118309.819525906] [ros_gz_container]: 			 found initial value: 1.411000
[component_container-3] [INFO] [1778118309.819527659] [ros_gz_container]: 		 velocity
[component_container-3] [INFO] [1778118309.819530355] [ros_gz_container]: 			 found initial value: 0.000000
[component_container-3] [INFO] [1778118309.819532198] [ros_gz_container]: 		 effort
[component_container-3] [INFO] [1778118309.819533851] [ros_gz_container]: 			 found initial value: 0.000000
[component_container-3] [INFO] [1778118309.819535624] [ros_gz_container]: 	Command:
[component_container-3] [INFO] [1778118309.819537107] [ros_gz_container]: 		 position
[component_container-3] [INFO] [1778118309.819539412] [ros_gz_container]: 		 velocity
[component_container-3] [INFO] [1778118309.819543099] [ros_gz_container]: 		 effort
[component_container-3] [INFO] [1778118309.819553678] [ros_gz_container]: Loading sensor: AtiForceTorqueSensor
[component_container-3] [INFO] [1778118309.819555873] [ros_gz_container]: 	State:
[component_container-3] [INFO] [1778118309.819559730] [ros_gz_container]: 		 force.x
[component_container-3] [INFO] [1778118309.819561603] [ros_gz_container]: 		 force.y
[component_container-3] [INFO] [1778118309.819563998] [ros_gz_container]: 		 force.z
[component_container-3] [INFO] [1778118309.819565801] [ros_gz_container]: 		 torque.x
[component_container-3] [INFO] [1778118309.819567585] [ros_gz_container]: 		 torque.y
[component_container-3] [INFO] [1778118309.819571783] [ros_gz_container]: 		 torque.z
[component_container-3] [INFO] [1778118309.819606648] [ros_gz_container]: Initialize hardware 'ControlSystem' 
[component_container-3] [WARN] [1778118309.819658656] [rcl.logging_rosout]: Publisher already registered for node name: 'ros_gz_container'. If this is due to multiple nodes with the same name then all logs for the logger named 'ros_gz_container' will go out over the existing publisher. As soon as any node with that name is destructed it will unregister the publisher, preventing any further logs for that name from being published on the rosout topic.
[component_container-3] [INFO] [1778118309.820287560] [ros_gz_container.hardware_component.system.ControlSystem]: `status_publish_rate` is set to 0.0, hardware status publisher will not be created.
[component_container-3] [INFO] [1778118309.820339919] [ros_gz_container]: Successful initialization of hardware 'ControlSystem'
[component_container-3] [INFO] [1778118309.820443965] [resource_manager]: 'configure' hardware 'ControlSystem' 
[component_container-3] [INFO] [1778118309.820446409] [ros_gz_container]: System Successfully configured!
[component_container-3] [INFO] [1778118309.820449225] [resource_manager]: Successful 'configure' of hardware 'ControlSystem'
[component_container-3] [INFO] [1778118309.820455957] [resource_manager]: 'activate' hardware 'ControlSystem' 
[component_container-3] [INFO] [1778118309.820463501] [resource_manager]: Successful 'activate' of hardware 'ControlSystem'
[component_container-3] [INFO] [1778118309.820489080] [resource_manager]: 'configure' hardware 'gripper' 
[component_container-3] [INFO] [1778118309.820490041] [ros_gz_container]: System Successfully configured!
[component_container-3] [INFO] [1778118309.820491965] [resource_manager]: Successful 'configure' of hardware 'gripper'
[component_container-3] [INFO] [1778118309.820493288] [resource_manager]: 'activate' hardware 'gripper' 
[component_container-3] [INFO] [1778118309.820494380] [resource_manager]: Successful 'activate' of hardware 'gripper'
[component_container-3] [WARN] [1778118309.820500982] [controller_manager]: Component 'ControlSystem' does not have read or write statistics initialized, skipping registration.
[component_container-3] [WARN] [1778118309.820506442] [controller_manager]: Component 'gripper' does not have read or write statistics initialized, skipping registration.
[component_container-3] [INFO] [1778118309.820512854] [controller_manager]: Resource Manager has been successfully initialized. Starting Controller Manager services...
[2m2026-05-07T01:45:09.852255Z[0m [32m INFO[0m acc-0 ThreadId(04) [2mzenoh::net::routing::interceptor::access_control[0m[2m:[0m 11fcd7a3b0ac8962aa65b022e82ffe36 did not match any configured ACL subject. Default permission `Allow` will be applied on all messages
[2m2026-05-07T01:45:09.852310Z[0m [32m INFO[0m acc-0 ThreadId(04) [2mzenoh::net::routing::interceptor::access_control[0m[2m:[0m d8fec6444e291a0fa5f3f58f6f5d8f64 did not match any configured ACL subject. Default permission `Allow` will be applied on all messages
[component_container-3] [INFO] [1778118309.875378370] [controller_manager]: Loading controller : 'joint_state_broadcaster' of type 'joint_state_broadcaster/JointStateBroadcaster'
[component_container-3] [INFO] [1778118309.875400852] [controller_manager]: Loading controller 'joint_state_broadcaster'
[component_container-3] [INFO] [1778118309.876068099] [controller_manager]: Controller 'joint_state_broadcaster' node arguments: --ros-args --params-file /ws_aic/install/share/aic_bringup/config/aic_ros2_controllers.yaml -p use_sim_time:=true --param use_sim_time:=true 
[spawner-8] [INFO] [1778118309.883925874] [spawner_joint_state_broadcaster]: Loaded joint_state_broadcaster
[component_container-3] [INFO] [1778118309.884157550] [controller_manager]: Configuring controller: 'joint_state_broadcaster'
[component_container-3] [INFO] [1778118309.884223715] [joint_state_broadcaster]: 'joints' or 'interfaces' parameter is empty. All available state interfaces will be published
[component_container-3] [INFO] [1778118309.886435720] [controller_manager]: Activating controllers: [ joint_state_broadcaster ]
[component_container-3] [INFO] [1778118309.886492547] [controller_manager]: Requested controller switch from non-realtime loop
[component_container-3] [INFO] [1778118309.886588909] [controller_manager]: Successfully switched controllers!
[component_container-3] (2026-05-07 01:45:11.815) [debug] [SystemManager.cc:80] Loaded system [gz_ros2_control::GazeboSimROS2ControlPlugin] for entity [31]
[component_container-3] (2026-05-07 01:45:11.816) [debug] [SystemManager.cc:80] Loaded system [gz::sim::systems::ForceTorque] for entity [31]
[component_container-3] (2026-05-07 01:45:11.816) [debug] [OffLimitContactsPlugin.cc:41] aic_gazebo::OffLimitContactsPlugin::Configure on entity: 31
[component_container-3] (2026-05-07 01:45:11.816) [debug] [OffLimitContactsPlugin.cc:165] Enabled collision [34]
[component_container-3] (2026-05-07 01:45:11.816) [debug] [OffLimitContactsPlugin.cc:165] Enabled collision [37]
[component_container-3] (2026-05-07 01:45:11.816) [debug] [OffLimitContactsPlugin.cc:165] Enabled collision [40]
[component_container-3] (2026-05-07 01:45:11.816) [debug] [OffLimitContactsPlugin.cc:165] Enabled collision [43]
[component_container-3] (2026-05-07 01:45:11.816) [debug] [OffLimitContactsPlugin.cc:165] Enabled collision [46]
[component_container-3] (2026-05-07 01:45:11.816) [debug] [OffLimitContactsPlugin.cc:165] Enabled collision [49]
[component_container-3] (2026-05-07 01:45:11.816) [debug] [OffLimitContactsPlugin.cc:165] Enabled collision [57]
[component_container-3] (2026-05-07 01:45:11.816) [debug] [OffLimitContactsPlugin.cc:165] Enabled collision [58]
[component_container-3] (2026-05-07 01:45:11.816) [debug] [OffLimitContactsPlugin.cc:165] Enabled collision [59]
[component_container-3] (2026-05-07 01:45:11.816) [debug] [OffLimitContactsPlugin.cc:165] Enabled collision [60]
[component_container-3] (2026-05-07 01:45:11.816) [debug] [OffLimitContactsPlugin.cc:165] Enabled collision [61]
[component_container-3] (2026-05-07 01:45:11.816) [debug] [OffLimitContactsPlugin.cc:165] Enabled collision [62]
[component_container-3] (2026-05-07 01:45:11.816) [debug] [OffLimitContactsPlugin.cc:165] Enabled collision [63]
[component_container-3] (2026-05-07 01:45:11.816) [debug] [OffLimitContactsPlugin.cc:165] Enabled collision [64]
[component_container-3] (2026-05-07 01:45:11.816) [debug] [OffLimitContactsPlugin.cc:165] Enabled collision [65]
[component_container-3] (2026-05-07 01:45:11.816) [debug] [OffLimitContactsPlugin.cc:165] Enabled collision [66]
[component_container-3] (2026-05-07 01:45:11.816) [debug] [OffLimitContactsPlugin.cc:165] Enabled collision [67]
[component_container-3] (2026-05-07 01:45:11.816) [debug] [OffLimitContactsPlugin.cc:165] Enabled collision [68]
[component_container-3] (2026-05-07 01:45:11.816) [debug] [OffLimitContactsPlugin.cc:165] Enabled collision [69]
[component_container-3] (2026-05-07 01:45:11.816) [debug] [OffLimitContactsPlugin.cc:165] Enabled collision [70]
[component_container-3] (2026-05-07 01:45:11.816) [debug] [OffLimitContactsPlugin.cc:165] Enabled collision [71]
[component_container-3] (2026-05-07 01:45:11.816) [debug] [OffLimitContactsPlugin.cc:165] Enabled collision [72]
[component_container-3] (2026-05-07 01:45:11.816) [debug] [OffLimitContactsPlugin.cc:165] Enabled collision [73]
[component_container-3] (2026-05-07 01:45:11.816) [debug] [OffLimitContactsPlugin.cc:165] Enabled collision [74]
[component_container-3] (2026-05-07 01:45:11.816) [debug] [OffLimitContactsPlugin.cc:165] Enabled collision [75]
[component_container-3] (2026-05-07 01:45:11.816) [debug] [OffLimitContactsPlugin.cc:165] Enabled collision [81]
[component_container-3] (2026-05-07 01:45:11.816) [debug] [OffLimitContactsPlugin.cc:165] Enabled collision [82]
[component_container-3] (2026-05-07 01:45:11.816) [debug] [OffLimitContactsPlugin.cc:165] Enabled collision [85]
[component_container-3] (2026-05-07 01:45:11.816) [debug] [OffLimitContactsPlugin.cc:165] Enabled collision [86]
[component_container-3] (2026-05-07 01:45:11.816) [debug] [OffLimitContactsPlugin.cc:165] Enabled collision [87]
[component_container-3] (2026-05-07 01:45:11.816) [debug] [OffLimitContactsPlugin.cc:165] Enabled collision [88]
[component_container-3] (2026-05-07 01:45:11.816) [debug] [OffLimitContactsPlugin.cc:165] Enabled collision [91]
[component_container-3] (2026-05-07 01:45:11.816) [debug] [OffLimitContactsPlugin.cc:165] Enabled collision [92]
[component_container-3] (2026-05-07 01:45:11.816) [debug] [OffLimitContactsPlugin.cc:165] Enabled collision [93]
[component_container-3] (2026-05-07 01:45:11.816) [debug] [OffLimitContactsPlugin.cc:165] Enabled collision [94]
[component_container-3] (2026-05-07 01:45:11.816) [debug] [SystemManager.cc:80] Loaded system [aic_gazebo::OffLimitContactsPlugin] for entity [31]
[component_container-3] (2026-05-07 01:45:11.817) [debug] [ResetJointsPlugin.cc:40] aic_gazebo::ResetJointsPlugin::Configure on entity: 31
[component_container-3] [WARN] [1778118311.817689291] [rcl.logging_rosout]: Publisher already registered for node name: 'ros_gz_container'. If this is due to multiple nodes with the same name then all logs for the logger named 'ros_gz_container' will go out over the existing publisher. As soon as any node with that name is destructed it will unregister the publisher, preventing any further logs for that name from being published on the rosout topic.
[component_container-3] (2026-05-07 01:45:11.818) [info] [ResetJointsPlugin.cc:117] Initialized ResetJointsPlugin!
[component_container-3] (2026-05-07 01:45:11.818) [debug] [SystemManager.cc:80] Loaded system [aic_gazebo::ResetJointsPlugin] for entity [31]
[component_container-3] (2026-05-07 01:45:11.818) [debug] [UserCommands.cc:1108] Created entity [31] named [ur5e]
[component_container-3] (2026-05-07 01:45:11.822) [debug] [Physics.cc:1171] Attempting to set physics options, but the physics engine doesn't support feature [CollisionPairMaxContacts]. Options will be ignored.
[component_container-3] (2026-05-07 01:45:11.827) [debug] [Sensors.cc:953] Initialization needed
[component_container-3] (2026-05-07 01:45:11.827) [debug] [Sensors.cc:349] Initializing render context
[component_container-3] (2026-05-07 01:45:11.827) [info] [RenderEngineManager.cc:514] Loading plugin [gz-rendering-ogre2]
[component_container-3] (2026-05-07 01:45:11.827) [info] [SceneBroadcaster.cc:634] Serving scene information on [/world/aic_world/scene/info]
[component_container-3] (2026-05-07 01:45:11.827) [info] [SceneBroadcaster.cc:643] Serving graph information on [/world/aic_world/scene/graph]
[component_container-3] (2026-05-07 01:45:11.827) [info] [SceneBroadcaster.cc:654] Serving full state on [/world/aic_world/state]
[component_container-3] (2026-05-07 01:45:11.827) [info] [SceneBroadcaster.cc:663] Serving full state (async) on [/world/aic_world/state_async]
[component_container-3] (2026-05-07 01:45:11.827) [info] [SceneBroadcaster.cc:671] Publishing scene information on [/world/aic_world/scene/info]
[component_container-3] (2026-05-07 01:45:11.827) [info] [SceneBroadcaster.cc:680] Publishing entity deletions on [/world/aic_world/scene/deletion]
[component_container-3] (2026-05-07 01:45:11.827) [info] [SceneBroadcaster.cc:689] Publishing state changes on [/world/aic_world/state]
[component_container-3] (2026-05-07 01:45:11.827) [info] [SceneBroadcaster.cc:700] Publishing pose messages on [/world/aic_world/pose/info]
[component_container-3] (2026-05-07 01:45:11.827) [info] [SceneBroadcaster.cc:711] Publishing dynamic pose messages on [/world/aic_world/dynamic_pose/info]
[component_container-3] (2026-05-07 01:45:11.832) [debug] [SimulationRunner.cc:600] Exiting postupdate worker thread (3)
[component_container-3] (2026-05-07 01:45:11.832) [debug] [SimulationRunner.cc:600] Exiting postupdate worker thread (2)
[component_container-3] (2026-05-07 01:45:11.832) [debug] [SimulationRunner.cc:600] Exiting postupdate worker thread (1)
[component_container-3] (2026-05-07 01:45:11.832) [debug] [SimulationRunner.cc:600] Exiting postupdate worker thread (0)
[component_container-3] (2026-05-07 01:45:11.832) [debug] [SimulationRunner.cc:573] Creating PostUpdate worker threads: 6
[component_container-3] (2026-05-07 01:45:11.832) [debug] [SimulationRunner.cc:584] Creating postupdate worker thread (0)
[component_container-3] (2026-05-07 01:45:11.832) [debug] [SimulationRunner.cc:584] Creating postupdate worker thread (1)
[component_container-3] (2026-05-07 01:45:11.832) [debug] [SimulationRunner.cc:584] Creating postupdate worker thread (2)
[component_container-3] (2026-05-07 01:45:11.832) [debug] [SimulationRunner.cc:584] Creating postupdate worker thread (3)
[component_container-3] (2026-05-07 01:45:11.832) [debug] [SimulationRunner.cc:584] Creating postupdate worker thread (4)
[component_container-3] (2026-05-07 01:45:11.832) [warning] [Ogre2RenderEngine.cc:556] Unable to open display: . Trying to run in headless mode.
[component_container-3] (2026-05-07 01:45:11.833) [debug] [EntityComponentManager.cc:1676] Updated state thread iterators: 16 threads processing around 8 entities each.
[spawner-8] [INFO] [1778118311.834601865] [spawner_joint_state_broadcaster]: Configured and activated joint_state_broadcaster
[INFO] [spawner-8]: process has finished cleanly [pid 255]
[INFO] [spawner-10]: process started with pid [334]
[component_container-3] [1;33mWarning [Utils.cc:119][0m [/sdf/model[@name="ur"]/link[@name="center_camera/sensor_link"]/sensor[@name="center_camera"]/camera[@name="center_camera"]/optical_frame_id]: SDF Element[optical_frame_id] is deprecated
[component_container-3] [1;33mWarning [Utils.cc:119][0m [/sdf/model[@name="ur"]/link[@name="left_camera/sensor_link"]/sensor[@name="left_camera"]/camera[@name="left_camera"]/optical_frame_id]: SDF Element[optical_frame_id] is deprecated
[component_container-3] [1;33mWarning [Utils.cc:119][0m [/sdf/model[@name="ur"]/link[@name="right_camera/sensor_link"]/sensor[@name="right_camera"]/camera[@name="right_camera"]/optical_frame_id]: SDF Element[optical_frame_id] is deprecated
[component_container-3] [INFO] [1778118311.877525935] [controller_manager]: Loading controller : 'fts_broadcaster' of type 'force_torque_sensor_broadcaster/ForceTorqueSensorBroadcaster'
[component_container-3] [INFO] [1778118311.877558997] [controller_manager]: Loading controller 'fts_broadcaster'
[component_container-3] [INFO] [1778118311.878182100] [controller_manager]: Controller 'fts_broadcaster' node arguments: --ros-args --params-file /ws_aic/install/share/aic_bringup/config/aic_ros2_controllers.yaml -p use_sim_time:=true --param use_sim_time:=true 
[component_container-3] [INFO] [1778118311.882329429] [gz_server]: InitializeCanonicalLinks
[component_container-3] [INFO] [1778118311.882458201] [gz_server]: Creating services on gz_server
[component_container-3] [INFO] [1778118311.896270347] [gz_server]: Created service /gz_server/delete_entity
[component_container-3] [INFO] [1778118311.896436460] [gz_server]: Created service /gz_server/get_entities
[component_container-3] [INFO] [1778118311.896545335] [gz_server]: Created service /gz_server/get_entity_info
[component_container-3] [INFO] [1778118311.896847524] [gz_server]: Created service /gz_server/get_entity_state
[component_container-3] [INFO] [1778118311.896991585] [gz_server]: Created service /gz_server/get_entities_states
[component_container-3] [INFO] [1778118311.897078078] [gz_server]: Created service /gz_server/get_simulation_state
[component_container-3] [INFO] [1778118311.897176944] [gz_server]: Created service /gz_server/get_simulator_features
[component_container-3] [INFO] [1778118311.897269929] [gz_server]: Created service /gz_server/reset_simulation
[component_container-3] [INFO] [1778118311.897368856] [gz_server]: Created service /gz_server/set_entity_state
[component_container-3] [INFO] [1778118311.897456962] [gz_server]: Created service /gz_server/set_simulation_state
[component_container-3] [INFO] [1778118311.897559425] [gz_server]: Created service /gz_server/spawn_entity
[component_container-3] [INFO] [1778118311.897641048] [gz_server]: Created service /gz_server/step_simulation
[component_container-3] [INFO] [1778118311.899052356] [gz_server]: Created action /gz_server/simulate_steps
[component_container-3] libEGL warning: pci id for fd 70: 10de:2c02, driver (null)
[component_container-3] 
[component_container-3] pci id for fd 72: 10de:2c02, driver (null)
[component_container-3] pci id for fd 73: 10de:2c02, driver (null)
[component_container-3] libEGL warning: egl: failed to create dri2 screen
[component_container-3] libEGL warning: pci id for fd 70: 10de:2c02, driver (null)
[component_container-3] 
[component_container-3] pci id for fd 72: 10de:2c02, driver (null)
[component_container-3] pci id for fd 73: 10de:2c02, driver (null)
[component_container-3] libEGL warning: egl: failed to create dri2 screen
[component_container-3] libEGL warning: pci id for fd 70: 10de:2c02, driver (null)
[component_container-3] 
[2m2026-05-07T01:45:11.947471Z[0m [32m INFO[0m acc-0 ThreadId(04) [2mzenoh::net::routing::interceptor::access_control[0m[2m:[0m f1e1c8d46e876f087d1a523b66d172b0 did not match any configured ACL subject. Default permission `Allow` will be applied on all messages
[component_container-3] (2026-05-07 01:45:11.986) [debug] [RenderUtil.cc:2646] Create scene [scene]
[component_container-3] (2026-05-07 01:45:12.184) [debug] [Sensors.cc:391] Rendering Thread initialized
[component_container-3] (2026-05-07 01:45:12.184) [debug] [Sensors.cc:953] Initialization needed
[component_container-3] (2026-05-07 01:45:12.185) [debug] [ForceTorque.cc:162] Adding JointTransmittedWrench to: 110
[component_container-3] [INFO] [1778118312.186122373] [ros_gz_container]: ForceTorque AtiForceTorqueSensor has a topic name: /axia80_m20/wrench
[component_container-3] [INFO] [1778118312.186240966] [ros_gz_container]: ForceTorque AtiForceTorqueSensor has a topic name: /axia80_m20/wrench
[spawner-9] [INFO] [1778118312.193102956] [spawner_fts_broadcaster]: Loaded fts_broadcaster
[component_container-3] [INFO] [1778118312.193581207] [controller_manager]: Configuring controller: 'fts_broadcaster'
[component_container-3] [INFO] [1778118312.194665588] [fts_broadcaster]: configure successful
[2m2026-05-07T01:45:12.259442Z[0m [32m INFO[0m acc-0 ThreadId(04) [2mzenoh::net::routing::interceptor::access_control[0m[2m:[0m d65d9a1515b11cc03b4f7eaba4b58461 did not match any configured ACL subject. Default permission `Allow` will be applied on all messages
[2m2026-05-07T01:45:12.352342Z[0m [32m INFO[0m acc-0 ThreadId(04) [2mzenoh::net::routing::interceptor::access_control[0m[2m:[0m b056883706b57fd6236d567b71af2bca did not match any configured ACL subject. Default permission `Allow` will be applied on all messages
[component_container-3] (2026-05-07 01:45:12.510) [debug] [CameraSensor.cc:342] Camera images for [ur5e::center_camera/sensor_link::center_camera] advertised on [/center_camera/image]
[component_container-3] (2026-05-07 01:45:12.510) [debug] [CameraSensor.cc:632] Camera info for [ur5e::center_camera/sensor_link::center_camera] advertised on [/center_camera/camera_info]
[component_container-3] (2026-05-07 01:45:12.510) [warning] [Ogre2Camera.cc:423] Ogre2Camera::SetVisibilityMask: Mask bits c0000000 are set but will be ignored as they conflict with the reserved bits used internally by the ogre2 backend.
[component_container-3] (2026-05-07 01:45:12.511) [debug] [CameraSensor.cc:342] Camera images for [ur5e::left_camera/sensor_link::left_camera] advertised on [/left_camera/image]
[component_container-3] (2026-05-07 01:45:12.511) [debug] [CameraSensor.cc:632] Camera info for [ur5e::left_camera/sensor_link::left_camera] advertised on [/left_camera/camera_info]
[component_container-3] (2026-05-07 01:45:12.511) [warning] [Ogre2Camera.cc:423] Ogre2Camera::SetVisibilityMask: Mask bits c0000000 are set but will be ignored as they conflict with the reserved bits used internally by the ogre2 backend.
[component_container-3] (2026-05-07 01:45:12.511) [debug] [CameraSensor.cc:342] Camera images for [ur5e::right_camera/sensor_link::right_camera] advertised on [/right_camera/image]
[component_container-3] (2026-05-07 01:45:12.511) [debug] [CameraSensor.cc:632] Camera info for [ur5e::right_camera/sensor_link::right_camera] advertised on [/right_camera/camera_info]
[component_container-3] (2026-05-07 01:45:12.511) [warning] [Ogre2Camera.cc:423] Ogre2Camera::SetVisibilityMask: Mask bits c0000000 are set but will be ignored as they conflict with the reserved bits used internally by the ogre2 backend.
[component_container-3] (2026-05-07 01:45:12.860) [debug] [CameraSensor.cc:441] Enabling camera sensor: 'ur5e::center_camera/sensor_link::center_camera' data generation.
[component_container-3] (2026-05-07 01:45:12.884) [debug] [CameraSensor.cc:441] Enabling camera sensor: 'ur5e::left_camera/sensor_link::left_camera' data generation.
[component_container-3] (2026-05-07 01:45:12.891) [debug] [CameraSensor.cc:441] Enabling camera sensor: 'ur5e::right_camera/sensor_link::right_camera' data generation.
[component_container-3] [INFO] [1778118312.898757588] [controller_manager]: Activating controllers: [ fts_broadcaster ]
[component_container-3] [INFO] [1778118312.898806279] [controller_manager]: Requested controller switch from non-realtime loop
[component_container-3] [INFO] [1778118312.898842357] [controller_manager]: Successfully switched controllers!
[spawner-9] [INFO] [1778118312.899854373] [spawner_fts_broadcaster]: Configured and activated fts_broadcaster
[component_container-3] [INFO] [1778118312.921380703] [controller_manager]: Loading controller : 'aic_controller' of type 'aic/Controller'
[component_container-3] [INFO] [1778118312.921402113] [controller_manager]: Loading controller 'aic_controller'
[component_container-3] [INFO] [1778118312.923788286] [controller_manager]: Controller 'aic_controller' node arguments: --ros-args --params-file /ws_aic/install/share/aic_bringup/config/aic_ros2_controllers.yaml -p use_sim_time:=true --param use_sim_time:=true 
[INFO] [spawner-9]: process has finished cleanly [pid 256]
[spawner-10] [INFO] [1778118312.934821370] [spawner_aic_controller]: Loaded aic_controller
[component_container-3] [INFO] [1778118312.935094664] [controller_manager]: Configuring controller: 'aic_controller'
[component_container-3] [INFO] [1778118312.935134970] [aic_controller]: Control mode set to impedance
[component_container-3] [INFO] [1778118312.935139128] [aic_controller]: Target mode set to Cartesian. Accepting MotionUpdate targets.
[component_container-3] [INFO] [1778118312.939826493] [controller_manager]: Activating controllers: [ aic_controller ]
[component_container-3] [INFO] [1778118312.939895564] [controller_manager]: Requested controller switch from non-realtime loop
[component_container-3] [INFO] [1778118312.939954575] [controller_manager]: Successfully switched controllers!
[component_container-3] (2026-05-07 01:45:12.941) [warning] [Component.hh:144] Trying to serialize component with data type [St6vectorIdSaIdEE], which doesn't have `operator<<`. Component will not be serialized.
[component_container-3] (2026-05-07 01:45:12.941) [warning] [Component.hh:189] Trying to deserialize component with data type [St6vectorIdSaIdEE], which doesn't have `operator>>`. Component will not be deserialized.
[spawner-10] [INFO] [1778118312.943109415] [spawner_aic_controller]: Configured and activated all the parsed controllers list : ['aic_controller']!
[INFO] [spawner-10]: process has finished cleanly [pid 334]
[INFO] [rviz2-11]: process started with pid [489]
[rviz2-11] qt.qpa.xcb: could not connect to display 
[rviz2-11] qt.qpa.plugin: Could not load the Qt platform plugin "xcb" in "" even though it was found.
[rviz2-11] This application failed to start because no Qt platform plugin could be initialized. Reinstalling the application may fix this problem.
[rviz2-11] 
[rviz2-11] Available platform plugins are: eglfs, linuxfb, minimal, minimalegl, offscreen, vnc, wayland-egl, wayland, wayland-xcomposite-egl, wayland-xcomposite-glx, xcb.
[rviz2-11] 
[ERROR] [rviz2-11]: process has died [pid 489, exit code -6, cmd '/opt/ros/kilted/lib/rviz2/rviz2 -d /ws_aic/install/share/aic_bringup/rviz/aic.rviz --ros-args -r __node:=rviz2 --params-file /tmp/launch_params_qau9j8xz'].
[component_container-3] (2026-05-07 01:45:13.117) [debug] [WorldSdfGeneratorPlugin.cc:79] Saving world: aic_world to: /tmp/aic.sdf
[component_container-3] (2026-05-07 01:45:13.117) [info] [WorldSdfGeneratorPlugin.cc:86] File: /tmp/aic.sdf could not be opened for saving. Please check that the directory containg the file exists and the correct permissions are set.
[2m2026-05-07T01:45:16.000005Z[0m [32m INFO[0m acc-0 ThreadId(04) [2mzenoh::net::routing::interceptor::access_control[0m[2m:[0m ea5cc3fcc18f87e0c3f6f7279bbf640c did not match any configured ACL subject. Default permission `Allow` will be applied on all messages
[2m2026-05-07T01:45:25.897363Z[0m [32m INFO[0m acc-0 ThreadId(04) [2mzenoh::net::routing::interceptor::access_control[0m[2m:[0m cb868c2fedea7a9366c9c3b48a59199a did not match any configured ACL subject. Default permission `Allow` will be applied on all messages
[component_container-3] (2026-05-07 01:45:27.027) [debug] [SdfEntityCreator.cc:547] Link has auto-inertial enabled: sc_port_0::sc_port_link
[component_container-3] (2026-05-07 01:45:27.028) [debug] [SdfEntityCreator.cc:549]   pose: 1.88554e-19 -0.00100271 0.000137321 0 0 0
[component_container-3] (2026-05-07 01:45:27.028) [debug] [SdfEntityCreator.cc:550]   mass: 0.04
[component_container-3] (2026-05-07 01:45:27.028) [debug] [SdfEntityCreator.cc:551]   ixx iyy izz: 1.86262e-06 5.50332e-06 6.55187e-06
[component_container-3] (2026-05-07 01:45:27.028) [debug] [SdfEntityCreator.cc:553]   ixy ixz iyz: -7.41324e-15 4.19415e-23 -5.5077e-09
[component_container-3] (2026-05-07 01:45:27.028) [debug] [SdfEntityCreator.cc:547] Link has auto-inertial enabled: nic_card_mount_0::nic_card_link
[component_container-3] (2026-05-07 01:45:27.028) [debug] [SdfEntityCreator.cc:549]   pose: 0.00150732 -0.00850988 0.00340281 0 0 0
[component_container-3] (2026-05-07 01:45:27.028) [debug] [SdfEntityCreator.cc:550]   mass: 0.15
[component_container-3] (2026-05-07 01:45:27.028) [debug] [SdfEntityCreator.cc:551]   ixx iyy izz: 0.000185176 4.95164e-05 0.000228127
[component_container-3] (2026-05-07 01:45:27.028) [debug] [SdfEntityCreator.cc:553]   ixy ixz iyz: -1.61776e-06 6.54063e-07 1.04636e-07
[component_container-3] (2026-05-07 01:45:27.029) [debug] [SystemManager.cc:80] Loaded system [gz::sim::systems::PosePublisher] for entity [118]
[component_container-3] (2026-05-07 01:45:27.030) [debug] [SystemManager.cc:80] Loaded system [gz::sim::systems::TouchPlugin] for entity [165]
[component_container-3] (2026-05-07 01:45:27.030) [debug] [SystemManager.cc:80] Loaded system [gz::sim::systems::TouchPlugin] for entity [188]
[component_container-3] (2026-05-07 01:45:27.030) [debug] [SystemManager.cc:80] Loaded system [gz::sim::systems::TouchPlugin] for entity [188]
[component_container-3] (2026-05-07 01:45:27.030) [debug] [UserCommands.cc:1108] Created entity [118] named [task_board]
[component_container-3] (2026-05-07 01:45:27.033) [info] [Contact.cc:125] Contact system publishing on world/aic_world/model/task_board/model/sc_port_0/link/sc_port_link/sensor/sc_port_sensor/contact
[component_container-3] (2026-05-07 01:45:27.033) [info] [Contact.cc:125] Contact system publishing on world/aic_world/model/task_board/model/nic_card_mount_0/link/nic_card_link/sensor/sfp_port_sensor/contact
[component_container-3] [INFO] [1778118327.034794821] [aic_controller]: Received service request to tare force torque sensor!
[component_container-3] [INFO] [1778118327.034819538] [aic_controller]: Successfully tared force torque sensor.
[component_container-3] [INFO] [1778118327.035313267] [gz_server]: InitializeCanonicalLinks
[component_container-3] (2026-05-07 01:45:27.035) [warning] [Component.hh:127] Trying to serialize component with data type [St10shared_ptrIN3sdf3v157ElementEE], which doesn't have `operator<<`. Component will not be serialized.
[component_container-3] (2026-05-07 01:45:27.036) [debug] [SimulationRunner.cc:600] Exiting postupdate worker thread (0)
[component_container-3] (2026-05-07 01:45:27.036) [debug] [SimulationRunner.cc:600] Exiting postupdate worker thread (1)
[component_container-3] (2026-05-07 01:45:27.036) [debug] [SimulationRunner.cc:600] Exiting postupdate worker thread (4)
[component_container-3] (2026-05-07 01:45:27.036) [debug] [SimulationRunner.cc:600] Exiting postupdate worker thread (2)
[component_container-3] (2026-05-07 01:45:27.036) [debug] [SimulationRunner.cc:600] Exiting postupdate worker thread (3)
[component_container-3] (2026-05-07 01:45:27.036) [debug] [SimulationRunner.cc:573] Creating PostUpdate worker threads: 10
[component_container-3] (2026-05-07 01:45:27.036) [debug] [SimulationRunner.cc:584] Creating postupdate worker thread (0)
[component_container-3] (2026-05-07 01:45:27.036) [debug] [SimulationRunner.cc:584] Creating postupdate worker thread (1)
[component_container-3] (2026-05-07 01:45:27.036) [debug] [SimulationRunner.cc:584] Creating postupdate worker thread (2)
[component_container-3] (2026-05-07 01:45:27.036) [debug] [SimulationRunner.cc:584] Creating postupdate worker thread (3)
[component_container-3] (2026-05-07 01:45:27.036) [debug] [SimulationRunner.cc:584] Creating postupdate worker thread (4)
[component_container-3] (2026-05-07 01:45:27.036) [debug] [SimulationRunner.cc:584] Creating postupdate worker thread (5)
[component_container-3] (2026-05-07 01:45:27.036) [debug] [SimulationRunner.cc:584] Creating postupdate worker thread (6)
[component_container-3] (2026-05-07 01:45:27.036) [debug] [SimulationRunner.cc:584] Creating postupdate worker thread (7)
[component_container-3] (2026-05-07 01:45:27.036) [debug] [SimulationRunner.cc:584] Creating postupdate worker thread (8)
[component_container-3] (2026-05-07 01:45:27.037) [debug] [TouchPlugin.cc:267] Started touch plugin [sc_port_0/sc_port_base]
[component_container-3] (2026-05-07 01:45:27.037) [debug] [TouchPlugin.cc:267] Started touch plugin [nic_card_mount_0/sfp_port_0]
[component_container-3] (2026-05-07 01:45:27.037) [debug] [TouchPlugin.cc:267] Started touch plugin [nic_card_mount_0/sfp_port_1]
[component_container-3] (2026-05-07 01:45:27.077) [warning] [Component.hh:172] Trying to deserialize component with data type [St10shared_ptrIN3sdf3v157ElementEE], which doesn't have `operator>>`. Component will not be deserialized.
[component_container-3] (2026-05-07 01:45:29.275) [debug] [SdfEntityCreator.cc:547] Link has auto-inertial enabled: cable_0::lc_plug_link
[component_container-3] (2026-05-07 01:45:29.275) [debug] [SdfEntityCreator.cc:549]   pose: 0 0.0197 0 0 0 0
[component_container-3] (2026-05-07 01:45:29.275) [debug] [SdfEntityCreator.cc:550]   mass: 0.01
[component_container-3] (2026-05-07 01:45:29.275) [debug] [SdfEntityCreator.cc:551]   ixx iyy izz: 8.49658e-09 9.96094e-08 1.06153e-07
[component_container-3] (2026-05-07 01:45:29.275) [debug] [SdfEntityCreator.cc:553]   ixy ixz iyz: 0 0 2.13837e-15
[component_container-3] (2026-05-07 01:45:29.275) [debug] [SdfEntityCreator.cc:547] Link has auto-inertial enabled: cable_0::sc_plug_link
[component_container-3] (2026-05-07 01:45:29.275) [debug] [SdfEntityCreator.cc:549]   pose: -0.00907511 4.9566e-05 8.71699e-06 0 0 0
[component_container-3] (2026-05-07 01:45:29.275) [debug] [SdfEntityCreator.cc:550]   mass: 0.04
[component_container-3] (2026-05-07 01:45:29.275) [debug] [SdfEntityCreator.cc:551]   ixx iyy izz: 2.12257e-06 7.17318e-06 8.85404e-06
[component_container-3] (2026-05-07 01:45:29.275) [debug] [SdfEntityCreator.cc:553]   ixy ixz iyz: 1.24369e-08 -3.73363e-09 1.72827e-11
[component_container-3] (2026-05-07 01:45:29.275) [debug] [SdfEntityCreator.cc:547] Link has auto-inertial enabled: cable_0::sfp_module_link
[component_container-3] (2026-05-07 01:45:29.275) [debug] [SdfEntityCreator.cc:549]   pose: 0.00024115 0.00702224 0.000553372 0 0 0
[component_container-3] (2026-05-07 01:45:29.275) [debug] [SdfEntityCreator.cc:550]   mass: 0.02
[component_container-3] (2026-05-07 01:45:29.275) [debug] [SdfEntityCreator.cc:551]   ixx iyy izz: 2.81022e-06 5.74024e-07 3.07134e-06
[component_container-3] (2026-05-07 01:45:29.275) [debug] [SdfEntityCreator.cc:553]   ixy ixz iyz: 2.90452e-08 2.66891e-09 9.66165e-08
[component_container-3] (2026-05-07 01:45:29.277) [debug] [CablePlugin.cc:86] aic_gazebo::CablePlugin::Configure on entity: 242
[component_container-3] (2026-05-07 01:45:29.277) [info] [CablePlugin.cc:150] Cable transitioning to HARNESS state.
[component_container-3] (2026-05-07 01:45:29.277) [debug] [SystemManager.cc:80] Loaded system [aic_gazebo::CablePlugin] for entity [242]
[component_container-3] (2026-05-07 01:45:29.277) [debug] [SystemManager.cc:80] Loaded system [gz::sim::systems::PosePublisher] for entity [242]
[component_container-3] (2026-05-07 01:45:29.278) [debug] [UserCommands.cc:1108] Created entity [242] named [cable_0]
[component_container-3] [INFO] [1778118329.283945885] [gz_server]: InitializeCanonicalLinks
[component_container-3] (2026-05-07 01:45:29.285) [debug] [SimulationRunner.cc:600] Exiting postupdate worker thread (3)
[component_container-3] (2026-05-07 01:45:29.285) [debug] [SimulationRunner.cc:600] Exiting postupdate worker thread (5)
[component_container-3] (2026-05-07 01:45:29.285) [debug] [SimulationRunner.cc:600] Exiting postupdate worker thread (8)
[component_container-3] (2026-05-07 01:45:29.285) [debug] [SimulationRunner.cc:600] Exiting postupdate worker thread (0)
[component_container-3] (2026-05-07 01:45:29.285) [debug] [SimulationRunner.cc:600] Exiting postupdate worker thread (7)
[component_container-3] (2026-05-07 01:45:29.285) [debug] [SimulationRunner.cc:600] Exiting postupdate worker thread (6)
[component_container-3] (2026-05-07 01:45:29.285) [debug] [SimulationRunner.cc:600] Exiting postupdate worker thread (1)
[component_container-3] (2026-05-07 01:45:29.285) [debug] [SimulationRunner.cc:600] Exiting postupdate worker thread (4)
[component_container-3] (2026-05-07 01:45:29.285) [debug] [SimulationRunner.cc:600] Exiting postupdate worker thread (2)
[component_container-3] (2026-05-07 01:45:29.286) [debug] [SimulationRunner.cc:573] Creating PostUpdate worker threads: 12
[component_container-3] (2026-05-07 01:45:29.286) [debug] [SimulationRunner.cc:584] Creating postupdate worker thread (0)
[component_container-3] (2026-05-07 01:45:29.286) [debug] [SimulationRunner.cc:584] Creating postupdate worker thread (1)
[component_container-3] (2026-05-07 01:45:29.286) [debug] [SimulationRunner.cc:584] Creating postupdate worker thread (2)
[component_container-3] (2026-05-07 01:45:29.286) [debug] [SimulationRunner.cc:584] Creating postupdate worker thread (3)
[component_container-3] (2026-05-07 01:45:29.286) [debug] [SimulationRunner.cc:584] Creating postupdate worker thread (4)
[component_container-3] (2026-05-07 01:45:29.286) [debug] [SimulationRunner.cc:584] Creating postupdate worker thread (5)
[component_container-3] (2026-05-07 01:45:29.286) [debug] [SimulationRunner.cc:584] Creating postupdate worker thread (6)
[component_container-3] (2026-05-07 01:45:29.286) [debug] [SimulationRunner.cc:584] Creating postupdate worker thread (7)
[component_container-3] (2026-05-07 01:45:29.286) [debug] [SimulationRunner.cc:584] Creating postupdate worker thread (8)
[component_container-3] (2026-05-07 01:45:29.286) [debug] [SimulationRunner.cc:584] Creating postupdate worker thread (9)
[component_container-3] (2026-05-07 01:45:29.286) [debug] [SimulationRunner.cc:584] Creating postupdate worker thread (10)
[component_container-3] (2026-05-07 01:45:29.289) [info] [CablePlugin.cc:201] Cable transitioning to WAITING state.
[component_container-3] (2026-05-07 01:45:29.289) [info] [CablePlugin.cc:213] Cable transitioning to CREATE_CONNECTIONS state.
[component_container-3] (2026-05-07 01:45:29.289) [debug] [Physics.cc:2015] Creating detachable joint [418]
[component_container-3] (2026-05-07 01:45:29.289) [debug] [Physics.cc:2015] Creating detachable joint [421]
[component_container-3] (2026-05-07 01:45:29.290) [debug] [Physics.cc:2136] Detaching joint [418]
[component_container-3] (2026-05-07 01:45:29.290) [debug] [Physics.cc:2136] Detaching joint [421]
[component_container-3] (2026-05-07 01:45:29.290) [info] [CablePlugin.cc:247] Cable transitioning to CABLE_ATTACHED_TO_GRIPPER state.
[component_container-3] (2026-05-07 01:45:29.290) [debug] [Physics.cc:2015] Creating detachable joint [422]
[component_container-3] [INFO] [1778118329.321597125] [gz_server]: InitializeCanonicalLinks
[component_container-3] [INFO] [1778118334.000529890] [aic_controller]: Controller is already in Cartesian target mode.
[component_container-3] (2026-05-07 01:45:42.782) [debug] [TouchPlugin.cc:352] Model [nic_card_mount_0] started touching [sfp_tip_link/collision/contact_collision] at 24.45 s
[component_container-3] (2026-05-07 01:45:43.784) [debug] [TouchPlugin.cc:366] Model [nic_card_mount_0] touched [sfp_tip_link/collision/contact_collision] exclusively for 1 s
[component_container-3] (2026-05-07 01:45:43.784) [debug] [TouchPlugin.cc:273] Stopped touch plugin [nic_card_mount_0/sfp_port_0]
[component_container-3] (2026-05-07 01:45:43.784) [debug] [CablePlugin.cc:271] Cable connection 0 touched: 1. Topic: /nic_card_mount_0/sfp_port_0/touched
[component_container-3] (2026-05-07 01:45:43.785) [info] [CablePlugin.cc:281] Cable transitioning to ATTACH_CABLE_TO_PORT state.
[component_container-3] (2026-05-07 01:45:43.786) [debug] [Physics.cc:2136] Detaching joint [422]
[component_container-3] (2026-05-07 01:45:43.788) [info] [CablePlugin.cc:326] Cable transitioning to COMPLETED state.
[component_container-3] (2026-05-07 01:45:43.788) [debug] [Physics.cc:2015] Creating detachable joint [423]
[component_container-3] (2026-05-07 01:45:43.788) [debug] [Physics.cc:2015] Creating detachable joint [424]
[component_container-3] (2026-05-07 01:45:43.788) [debug] [Physics.cc:2015] Creating detachable joint [427]
[component_container-3] [INFO] [1778118343.789269712] [gz_server]: InitializeCanonicalLinks
[component_container-3] (2026-05-07 01:45:54.501) [debug] [UserCommands.cc:1158] Requesting removal of entity [118]
[component_container-3] (2026-05-07 01:45:54.522) [debug] [SimulationRunner.cc:600] Exiting postupdate worker thread (0)
[component_container-3] (2026-05-07 01:45:54.522) [debug] [SimulationRunner.cc:600] Exiting postupdate worker thread (2)
[component_container-3] (2026-05-07 01:45:54.522) [debug] [SimulationRunner.cc:600] Exiting postupdate worker thread (6)
[component_container-3] (2026-05-07 01:45:54.522) [debug] [SimulationRunner.cc:600] Exiting postupdate worker thread (7)
[component_container-3] (2026-05-07 01:45:54.522) [debug] [SimulationRunner.cc:600] Exiting postupdate worker thread (10)
[component_container-3] (2026-05-07 01:45:54.522) [debug] [SimulationRunner.cc:600] Exiting postupdate worker thread (5)
[component_container-3] (2026-05-07 01:45:54.522) [debug] [SimulationRunner.cc:600] Exiting postupdate worker thread (4)
[component_container-3] (2026-05-07 01:45:54.522) [debug] [SimulationRunner.cc:600] Exiting postupdate worker thread (3)
[component_container-3] (2026-05-07 01:45:54.522) [debug] [SimulationRunner.cc:600] Exiting postupdate worker thread (1)
[component_container-3] (2026-05-07 01:45:54.522) [debug] [SimulationRunner.cc:600] Exiting postupdate worker thread (9)
[component_container-3] (2026-05-07 01:45:54.522) [debug] [SimulationRunner.cc:600] Exiting postupdate worker thread (8)
[component_container-3] (2026-05-07 01:45:54.522) [debug] [SimulationRunner.cc:573] Creating PostUpdate worker threads: 8
[component_container-3] (2026-05-07 01:45:54.522) [debug] [SimulationRunner.cc:584] Creating postupdate worker thread (0)
[component_container-3] (2026-05-07 01:45:54.522) [debug] [SimulationRunner.cc:584] Creating postupdate worker thread (1)
[component_container-3] (2026-05-07 01:45:54.522) [debug] [SimulationRunner.cc:584] Creating postupdate worker thread (2)
[component_container-3] (2026-05-07 01:45:54.522) [debug] [SimulationRunner.cc:584] Creating postupdate worker thread (3)
[component_container-3] (2026-05-07 01:45:54.522) [debug] [SimulationRunner.cc:584] Creating postupdate worker thread (4)
[component_container-3] (2026-05-07 01:45:54.522) [debug] [SimulationRunner.cc:584] Creating postupdate worker thread (5)
[component_container-3] (2026-05-07 01:45:54.522) [debug] [SimulationRunner.cc:584] Creating postupdate worker thread (6)
[component_container-3] (2026-05-07 01:45:54.522) [debug] [UserCommands.cc:1158] Requesting removal of entity [242]
[component_container-3] (2026-05-07 01:45:54.523) [info] [CablePlugin.cc:162] Cable transitioning to CABLE_REMOVED state.
[component_container-3] [INFO] [1778118354.524065816] [controller_manager]: Deactivating controllers: [ aic_controller ]
[component_container-3] [INFO] [1778118354.524155013] [controller_manager]: Switch controller timeout is set to 0, using default 1s!
[component_container-3] [INFO] [1778118354.524158650] [controller_manager]: Requested controller switch from non-realtime loop
[component_container-3] [INFO] [1778118354.524251345] [controller_manager]: Deactivated controllers: [ aic_controller ]
[component_container-3] [INFO] [1778118354.524255583] [controller_manager]: Successfully switched controllers!
[component_container-3] (2026-05-07 01:45:54.525) [debug] [Physics.cc:2136] Detaching joint [423]
[component_container-3] (2026-05-07 01:45:54.525) [debug] [Physics.cc:2136] Detaching joint [424]
[component_container-3] (2026-05-07 01:45:54.525) [debug] [Physics.cc:2136] Detaching joint [427]
[component_container-3] (2026-05-07 01:45:54.530) [info] [ResetJointsPlugin.cc:105] Received reset request for joint: shoulder_pan_joint
[component_container-3] (2026-05-07 01:45:54.530) [info] [ResetJointsPlugin.cc:105] Received reset request for joint: shoulder_lift_joint
[component_container-3] (2026-05-07 01:45:54.530) [info] [ResetJointsPlugin.cc:105] Received reset request for joint: elbow_joint
[component_container-3] (2026-05-07 01:45:54.530) [info] [ResetJointsPlugin.cc:105] Received reset request for joint: wrist_1_joint
[component_container-3] (2026-05-07 01:45:54.530) [info] [ResetJointsPlugin.cc:105] Received reset request for joint: wrist_2_joint
[component_container-3] (2026-05-07 01:45:54.530) [info] [ResetJointsPlugin.cc:105] Received reset request for joint: wrist_3_joint
[component_container-3] (2026-05-07 01:45:54.558) [debug] [SimulationRunner.cc:600] Exiting postupdate worker thread (0)
[component_container-3] (2026-05-07 01:45:54.558) [debug] [SimulationRunner.cc:600] Exiting postupdate worker thread (1)
[component_container-3] (2026-05-07 01:45:54.558) [debug] [SimulationRunner.cc:600] Exiting postupdate worker thread (5)
[component_container-3] (2026-05-07 01:45:54.558) [debug] [SimulationRunner.cc:600] Exiting postupdate worker thread (2)
[component_container-3] (2026-05-07 01:45:54.558) [debug] [SimulationRunner.cc:600] Exiting postupdate worker thread (6)
[component_container-3] (2026-05-07 01:45:54.558) [debug] [SimulationRunner.cc:600] Exiting postupdate worker thread (4)
[component_container-3] (2026-05-07 01:45:54.558) [debug] [SimulationRunner.cc:600] Exiting postupdate worker thread (3)
[component_container-3] (2026-05-07 01:45:54.558) [debug] [SimulationRunner.cc:573] Creating PostUpdate worker threads: 6
[component_container-3] (2026-05-07 01:45:54.558) [debug] [SimulationRunner.cc:584] Creating postupdate worker thread (0)
[component_container-3] (2026-05-07 01:45:54.558) [debug] [SimulationRunner.cc:584] Creating postupdate worker thread (1)
[component_container-3] (2026-05-07 01:45:54.558) [debug] [SimulationRunner.cc:584] Creating postupdate worker thread (2)
[component_container-3] (2026-05-07 01:45:54.558) [debug] [SimulationRunner.cc:584] Creating postupdate worker thread (3)
[component_container-3] (2026-05-07 01:45:54.558) [debug] [SimulationRunner.cc:584] Creating postupdate worker thread (4)
[component_container-3] (2026-05-07 01:45:55.514) [info] [ResetJointsPlugin.cc:149] Joint wrist_3_joint reset to initial position: 1.411
[component_container-3] (2026-05-07 01:45:55.514) [info] [ResetJointsPlugin.cc:149] Joint wrist_2_joint reset to initial position: 1.571
[component_container-3] (2026-05-07 01:45:55.514) [info] [ResetJointsPlugin.cc:149] Joint wrist_1_joint reset to initial position: -1.6933
[component_container-3] (2026-05-07 01:45:55.515) [info] [ResetJointsPlugin.cc:149] Joint elbow_joint reset to initial position: -1.6648
[component_container-3] (2026-05-07 01:45:55.515) [info] [ResetJointsPlugin.cc:149] Joint shoulder_lift_joint reset to initial position: -1.3542
[component_container-3] (2026-05-07 01:45:55.515) [info] [ResetJointsPlugin.cc:149] Joint shoulder_pan_joint reset to initial position: -0.1597
[component_container-3] (2026-05-07 01:45:55.515) [warning] [Physics.cc:2467] Found both JointVelocityReset and JointVelocityCmd components for Joint [shoulder_pan_joint(Entity=102]). Ignoring JointVelocityCmd component.
[component_container-3] (2026-05-07 01:45:55.515) [warning] [Physics.cc:2467] Found both JointVelocityReset and JointVelocityCmd components for Joint [shoulder_lift_joint(Entity=103]). Ignoring JointVelocityCmd component.
[component_container-3] (2026-05-07 01:45:55.515) [warning] [Physics.cc:2467] Found both JointVelocityReset and JointVelocityCmd components for Joint [elbow_joint(Entity=104]). Ignoring JointVelocityCmd component.
[component_container-3] (2026-05-07 01:45:55.515) [warning] [Physics.cc:2467] Found both JointVelocityReset and JointVelocityCmd components for Joint [wrist_1_joint(Entity=105]). Ignoring JointVelocityCmd component.
[component_container-3] (2026-05-07 01:45:55.515) [warning] [Physics.cc:2467] Found both JointVelocityReset and JointVelocityCmd components for Joint [wrist_2_joint(Entity=106]). Ignoring JointVelocityCmd component.
[component_container-3] (2026-05-07 01:45:55.515) [warning] [Physics.cc:2467] Found both JointVelocityReset and JointVelocityCmd components for Joint [wrist_3_joint(Entity=107]). Ignoring JointVelocityCmd component.
[component_container-3] [INFO] [1778118355.516134625] [controller_manager]: Activating controllers: [ aic_controller ]
[component_container-3] [INFO] [1778118355.516222190] [controller_manager]: Requested controller switch from non-realtime loop
[component_container-3] [INFO] [1778118355.516289407] [controller_manager]: Activated controllers: [ aic_controller ]
[component_container-3] [INFO] [1778118355.516292763] [controller_manager]: Successfully switched controllers!
[component_container-3] (2026-05-07 01:45:55.632) [debug] [SdfEntityCreator.cc:547] Link has auto-inertial enabled: sc_port_1::sc_port_link
[component_container-3] (2026-05-07 01:45:55.632) [debug] [SdfEntityCreator.cc:549]   pose: 1.88554e-19 -0.00100271 0.000137321 0 0 0
[component_container-3] (2026-05-07 01:45:55.632) [debug] [SdfEntityCreator.cc:550]   mass: 0.04
[component_container-3] (2026-05-07 01:45:55.632) [debug] [SdfEntityCreator.cc:551]   ixx iyy izz: 1.86262e-06 5.50332e-06 6.55187e-06
[component_container-3] (2026-05-07 01:45:55.632) [debug] [SdfEntityCreator.cc:553]   ixy ixz iyz: -7.41324e-15 4.19415e-23 -5.5077e-09
[component_container-3] (2026-05-07 01:45:55.633) [debug] [SystemManager.cc:80] Loaded system [gz::sim::systems::PosePublisher] for entity [428]
[component_container-3] (2026-05-07 01:45:55.633) [debug] [SystemManager.cc:80] Loaded system [gz::sim::systems::TouchPlugin] for entity [465]
[component_container-3] (2026-05-07 01:45:55.633) [debug] [UserCommands.cc:1108] Created entity [428] named [task_board]
[component_container-3] (2026-05-07 01:45:55.637) [info] [Contact.cc:125] Contact system publishing on world/aic_world/model/task_board/model/sc_port_1/link/sc_port_link/sensor/sc_port_sensor/contact
[component_container-3] [INFO] [1778118355.637641680] [aic_controller]: Received service request to tare force torque sensor!
[component_container-3] [INFO] [1778118355.637663301] [aic_controller]: Successfully tared force torque sensor.
[component_container-3] [INFO] [1778118355.638641051] [gz_server]: InitializeCanonicalLinks
[component_container-3] (2026-05-07 01:45:55.638) [warning] [Component.hh:127] Trying to serialize component with data type [St10shared_ptrIN3sdf3v157ElementEE], which doesn't have `operator<<`. Component will not be serialized.
[component_container-3] (2026-05-07 01:45:55.639) [debug] [SimulationRunner.cc:600] Exiting postupdate worker thread (3)
[component_container-3] (2026-05-07 01:45:55.639) [debug] [SimulationRunner.cc:600] Exiting postupdate worker thread (0)
[component_container-3] (2026-05-07 01:45:55.639) [debug] [SimulationRunner.cc:600] Exiting postupdate worker thread (4)
[component_container-3] (2026-05-07 01:45:55.639) [debug] [SimulationRunner.cc:600] Exiting postupdate worker thread (2)
[component_container-3] (2026-05-07 01:45:55.639) [debug] [SimulationRunner.cc:600] Exiting postupdate worker thread (1)
[component_container-3] (2026-05-07 01:45:55.640) [debug] [SimulationRunner.cc:573] Creating PostUpdate worker threads: 8
[component_container-3] (2026-05-07 01:45:55.640) [debug] [SimulationRunner.cc:584] Creating postupdate worker thread (0)
[component_container-3] (2026-05-07 01:45:55.640) [debug] [SimulationRunner.cc:584] Creating postupdate worker thread (1)
[component_container-3] (2026-05-07 01:45:55.640) [debug] [SimulationRunner.cc:584] Creating postupdate worker thread (2)
[component_container-3] (2026-05-07 01:45:55.640) [debug] [SimulationRunner.cc:584] Creating postupdate worker thread (3)
[component_container-3] (2026-05-07 01:45:55.640) [debug] [SimulationRunner.cc:584] Creating postupdate worker thread (4)
[component_container-3] (2026-05-07 01:45:55.640) [debug] [SimulationRunner.cc:584] Creating postupdate worker thread (5)
[component_container-3] (2026-05-07 01:45:55.640) [debug] [SimulationRunner.cc:584] Creating postupdate worker thread (6)
[component_container-3] (2026-05-07 01:45:55.640) [debug] [TouchPlugin.cc:267] Started touch plugin [sc_port_1/sc_port_base]
[component_container-3] (2026-05-07 01:45:55.789) [debug] [SdfEntityCreator.cc:547] Link has auto-inertial enabled: cable_1::sc_plug_link
[component_container-3] (2026-05-07 01:45:55.789) [debug] [SdfEntityCreator.cc:549]   pose: -0.00907511 4.9566e-05 8.71699e-06 0 0 0
[component_container-3] (2026-05-07 01:45:55.789) [debug] [SdfEntityCreator.cc:550]   mass: 0.04
[component_container-3] (2026-05-07 01:45:55.789) [debug] [SdfEntityCreator.cc:551]   ixx iyy izz: 2.12257e-06 7.17318e-06 8.85404e-06
[component_container-3] (2026-05-07 01:45:55.789) [debug] [SdfEntityCreator.cc:553]   ixy ixz iyz: 1.24369e-08 -3.73363e-09 1.72827e-11
[component_container-3] (2026-05-07 01:45:55.789) [debug] [SdfEntityCreator.cc:547] Link has auto-inertial enabled: cable_1::lc_plug_link
[component_container-3] (2026-05-07 01:45:55.789) [debug] [SdfEntityCreator.cc:549]   pose: 0 -0.00428702 8.58528e-05 0 0 0
[component_container-3] (2026-05-07 01:45:55.789) [debug] [SdfEntityCreator.cc:550]   mass: 0.01
[component_container-3] (2026-05-07 01:45:55.789) [debug] [SdfEntityCreator.cc:551]   ixx iyy izz: 1.73585e-06 1.30886e-07 1.82579e-06
[component_container-3] (2026-05-07 01:45:55.789) [debug] [SdfEntityCreator.cc:553]   ixy ixz iyz: -3.13192e-14 3.63653e-15 -5.82954e-09
[component_container-3] (2026-05-07 01:45:55.789) [debug] [SdfEntityCreator.cc:547] Link has auto-inertial enabled: cable_1::sfp_module_link
[component_container-3] (2026-05-07 01:45:55.789) [debug] [SdfEntityCreator.cc:549]   pose: 0.000140388 0.0140944 0.000755794 0 0 0
[component_container-3] (2026-05-07 01:45:55.789) [debug] [SdfEntityCreator.cc:550]   mass: 0.02
[component_container-3] (2026-05-07 01:45:55.789) [debug] [SdfEntityCreator.cc:551]   ixx iyy izz: 3.52972e-06 5.95336e-07 3.76244e-06
[component_container-3] (2026-05-07 01:45:55.789) [debug] [SdfEntityCreator.cc:553]   ixy ixz iyz: 3.87677e-08 3.1005e-09 9.04204e-09
[component_container-3] (2026-05-07 01:45:55.791) [debug] [CablePlugin.cc:86] aic_gazebo::CablePlugin::Configure on entity: 488
[component_container-3] (2026-05-07 01:45:55.791) [info] [CablePlugin.cc:150] Cable transitioning to HARNESS state.
[component_container-3] (2026-05-07 01:45:55.791) [debug] [SystemManager.cc:80] Loaded system [aic_gazebo::CablePlugin] for entity [488]
[component_container-3] (2026-05-07 01:45:55.791) [debug] [SystemManager.cc:80] Loaded system [gz::sim::systems::PosePublisher] for entity [488]
[component_container-3] (2026-05-07 01:45:55.791) [debug] [UserCommands.cc:1108] Created entity [488] named [cable_1]
[component_container-3] [INFO] [1778118355.799914799] [gz_server]: InitializeCanonicalLinks
[component_container-3] (2026-05-07 01:45:55.802) [debug] [SimulationRunner.cc:600] Exiting postupdate worker thread (0)
[component_container-3] (2026-05-07 01:45:55.802) [debug] [SimulationRunner.cc:600] Exiting postupdate worker thread (5)
[component_container-3] (2026-05-07 01:45:55.802) [debug] [SimulationRunner.cc:600] Exiting postupdate worker thread (1)
[component_container-3] (2026-05-07 01:45:55.802) [debug] [SimulationRunner.cc:600] Exiting postupdate worker thread (2)
[component_container-3] (2026-05-07 01:45:55.802) [debug] [SimulationRunner.cc:600] Exiting postupdate worker thread (3)
[component_container-3] (2026-05-07 01:45:55.802) [debug] [SimulationRunner.cc:600] Exiting postupdate worker thread (6)
[component_container-3] (2026-05-07 01:45:55.802) [debug] [SimulationRunner.cc:600] Exiting postupdate worker thread (4)
[component_container-3] (2026-05-07 01:45:55.802) [debug] [SimulationRunner.cc:573] Creating PostUpdate worker threads: 10
[component_container-3] (2026-05-07 01:45:55.802) [debug] [SimulationRunner.cc:584] Creating postupdate worker thread (0)
[component_container-3] (2026-05-07 01:45:55.802) [debug] [SimulationRunner.cc:584] Creating postupdate worker thread (1)
[component_container-3] (2026-05-07 01:45:55.802) [debug] [SimulationRunner.cc:584] Creating postupdate worker thread (2)
[component_container-3] (2026-05-07 01:45:55.802) [debug] [SimulationRunner.cc:584] Creating postupdate worker thread (3)
[component_container-3] (2026-05-07 01:45:55.802) [debug] [SimulationRunner.cc:584] Creating postupdate worker thread (4)
[component_container-3] (2026-05-07 01:45:55.802) [debug] [SimulationRunner.cc:584] Creating postupdate worker thread (5)
[component_container-3] (2026-05-07 01:45:55.802) [debug] [SimulationRunner.cc:584] Creating postupdate worker thread (6)
[component_container-3] (2026-05-07 01:45:55.802) [debug] [SimulationRunner.cc:584] Creating postupdate worker thread (7)
[component_container-3] (2026-05-07 01:45:55.802) [debug] [SimulationRunner.cc:584] Creating postupdate worker thread (8)
[component_container-3] (2026-05-07 01:45:55.803) [info] [CablePlugin.cc:201] Cable transitioning to WAITING state.
[component_container-3] (2026-05-07 01:45:55.803) [info] [CablePlugin.cc:213] Cable transitioning to CREATE_CONNECTIONS state.
[component_container-3] (2026-05-07 01:45:55.803) [debug] [Physics.cc:2015] Creating detachable joint [686]
[component_container-3] (2026-05-07 01:45:55.803) [debug] [Physics.cc:2015] Creating detachable joint [689]
[component_container-3] (2026-05-07 01:45:55.804) [debug] [Physics.cc:2136] Detaching joint [686]
[component_container-3] (2026-05-07 01:45:55.804) [debug] [Physics.cc:2136] Detaching joint [689]
[component_container-3] (2026-05-07 01:45:55.805) [info] [CablePlugin.cc:247] Cable transitioning to CABLE_ATTACHED_TO_GRIPPER state.
[component_container-3] (2026-05-07 01:45:55.805) [debug] [Physics.cc:2015] Creating detachable joint [690]
[component_container-3] [INFO] [1778118355.833267421] [gz_server]: InitializeCanonicalLinks
[component_container-3] (2026-05-07 01:46:11.153) [debug] [TouchPlugin.cc:352] Model [sc_port_1] started touching [sc_plug] at 52.188 s
[component_container-3] (2026-05-07 01:46:12.155) [debug] [TouchPlugin.cc:366] Model [sc_port_1] touched [sc_plug] exclusively for 1 s
[component_container-3] (2026-05-07 01:46:12.155) [debug] [TouchPlugin.cc:273] Stopped touch plugin [sc_port_1/sc_port_base]
[component_container-3] (2026-05-07 01:46:12.155) [debug] [CablePlugin.cc:271] Cable connection 0 touched: 1. Topic: /sc_port_1/sc_port_base/touched
[component_container-3] (2026-05-07 01:46:12.156) [info] [CablePlugin.cc:281] Cable transitioning to ATTACH_CABLE_TO_PORT state.
[component_container-3] (2026-05-07 01:46:12.157) [debug] [Physics.cc:2136] Detaching joint [690]
[component_container-3] (2026-05-07 01:46:12.158) [info] [CablePlugin.cc:326] Cable transitioning to COMPLETED state.
[component_container-3] (2026-05-07 01:46:12.159) [debug] [Physics.cc:2015] Creating detachable joint [691]
[component_container-3] (2026-05-07 01:46:12.159) [debug] [Physics.cc:2015] Creating detachable joint [692]
[component_container-3] (2026-05-07 01:46:12.159) [debug] [Physics.cc:2015] Creating detachable joint [695]
[component_container-3] [INFO] [1778118372.160087339] [gz_server]: InitializeCanonicalLinks
[component_container-3] (2026-05-07 01:46:18.488) [debug] [UserCommands.cc:1158] Requesting removal of entity [428]
[component_container-3] (2026-05-07 01:46:18.497) [debug] [SimulationRunner.cc:600] Exiting postupdate worker thread (6)
[component_container-3] (2026-05-07 01:46:18.497) [debug] [SimulationRunner.cc:600] Exiting postupdate worker thread (1)
[component_container-3] (2026-05-07 01:46:18.497) [debug] [SimulationRunner.cc:600] Exiting postupdate worker thread (3)
[component_container-3] (2026-05-07 01:46:18.497) [debug] [SimulationRunner.cc:600] Exiting postupdate worker thread (7)
[component_container-3] (2026-05-07 01:46:18.497) [debug] [SimulationRunner.cc:600] Exiting postupdate worker thread (2)
[component_container-3] (2026-05-07 01:46:18.497) [debug] [SimulationRunner.cc:600] Exiting postupdate worker thread (8)
[component_container-3] (2026-05-07 01:46:18.497) [debug] [SimulationRunner.cc:600] Exiting postupdate worker thread (5)
[component_container-3] (2026-05-07 01:46:18.497) [debug] [SimulationRunner.cc:600] Exiting postupdate worker thread (0)
[component_container-3] (2026-05-07 01:46:18.497) [debug] [SimulationRunner.cc:600] Exiting postupdate worker thread (4)
[component_container-3] (2026-05-07 01:46:18.497) [debug] [SimulationRunner.cc:573] Creating PostUpdate worker threads: 8
[component_container-3] (2026-05-07 01:46:18.497) [debug] [SimulationRunner.cc:584] Creating postupdate worker thread (0)
[component_container-3] (2026-05-07 01:46:18.497) [debug] [SimulationRunner.cc:584] Creating postupdate worker thread (1)
[component_container-3] (2026-05-07 01:46:18.497) [debug] [SimulationRunner.cc:584] Creating postupdate worker thread (2)
[component_container-3] (2026-05-07 01:46:18.497) [debug] [SimulationRunner.cc:584] Creating postupdate worker thread (3)
[component_container-3] (2026-05-07 01:46:18.497) [debug] [SimulationRunner.cc:584] Creating postupdate worker thread (4)
[component_container-3] (2026-05-07 01:46:18.497) [debug] [SimulationRunner.cc:584] Creating postupdate worker thread (5)
[component_container-3] (2026-05-07 01:46:18.497) [debug] [SimulationRunner.cc:584] Creating postupdate worker thread (6)
[component_container-3] (2026-05-07 01:46:18.497) [debug] [UserCommands.cc:1158] Requesting removal of entity [488]
[component_container-3] (2026-05-07 01:46:18.498) [info] [CablePlugin.cc:162] Cable transitioning to CABLE_REMOVED state.
[component_container-3] [INFO] [1778118378.498606118] [controller_manager]: Deactivating controllers: [ aic_controller ]
[component_container-3] [INFO] [1778118378.498677672] [controller_manager]: Requested controller switch from non-realtime loop
[component_container-3] [INFO] [1778118378.498748075] [controller_manager]: Deactivated controllers: [ aic_controller ]
[component_container-3] [INFO] [1778118378.498752353] [controller_manager]: Successfully switched controllers!
[component_container-3] (2026-05-07 01:46:18.499) [debug] [Physics.cc:2136] Detaching joint [691]
[component_container-3] (2026-05-07 01:46:18.499) [debug] [Physics.cc:2136] Detaching joint [692]
[component_container-3] (2026-05-07 01:46:18.499) [debug] [Physics.cc:2136] Detaching joint [695]
[component_container-3] (2026-05-07 01:46:18.500) [info] [ResetJointsPlugin.cc:105] Received reset request for joint: shoulder_pan_joint
[component_container-3] (2026-05-07 01:46:18.500) [info] [ResetJointsPlugin.cc:105] Received reset request for joint: shoulder_lift_joint
[component_container-3] (2026-05-07 01:46:18.500) [info] [ResetJointsPlugin.cc:105] Received reset request for joint: elbow_joint
[component_container-3] (2026-05-07 01:46:18.500) [info] [ResetJointsPlugin.cc:105] Received reset request for joint: wrist_1_joint
[component_container-3] (2026-05-07 01:46:18.500) [info] [ResetJointsPlugin.cc:105] Received reset request for joint: wrist_2_joint
[component_container-3] (2026-05-07 01:46:18.500) [info] [ResetJointsPlugin.cc:105] Received reset request for joint: wrist_3_joint
[component_container-3] (2026-05-07 01:46:18.525) [debug] [SimulationRunner.cc:600] Exiting postupdate worker thread (0)
[component_container-3] (2026-05-07 01:46:18.525) [debug] [SimulationRunner.cc:600] Exiting postupdate worker thread (2)
[component_container-3] (2026-05-07 01:46:18.525) [debug] [SimulationRunner.cc:600] Exiting postupdate worker thread (3)
[component_container-3] (2026-05-07 01:46:18.525) [debug] [SimulationRunner.cc:600] Exiting postupdate worker thread (4)
[component_container-3] (2026-05-07 01:46:18.525) [debug] [SimulationRunner.cc:600] Exiting postupdate worker thread (6)
[component_container-3] (2026-05-07 01:46:18.525) [debug] [SimulationRunner.cc:600] Exiting postupdate worker thread (5)
[component_container-3] (2026-05-07 01:46:18.525) [debug] [SimulationRunner.cc:600] Exiting postupdate worker thread (1)
[component_container-3] (2026-05-07 01:46:18.525) [debug] [SimulationRunner.cc:573] Creating PostUpdate worker threads: 6
[component_container-3] (2026-05-07 01:46:18.525) [debug] [SimulationRunner.cc:584] Creating postupdate worker thread (0)
[component_container-3] (2026-05-07 01:46:18.525) [debug] [SimulationRunner.cc:584] Creating postupdate worker thread (1)
[component_container-3] (2026-05-07 01:46:18.525) [debug] [SimulationRunner.cc:584] Creating postupdate worker thread (2)
[component_container-3] (2026-05-07 01:46:18.525) [debug] [SimulationRunner.cc:584] Creating postupdate worker thread (3)
[component_container-3] (2026-05-07 01:46:18.525) [debug] [SimulationRunner.cc:584] Creating postupdate worker thread (4)
[component_container-3] (2026-05-07 01:46:18.997) [info] [ResetJointsPlugin.cc:149] Joint wrist_3_joint reset to initial position: 1.411
[component_container-3] (2026-05-07 01:46:18.997) [info] [ResetJointsPlugin.cc:149] Joint wrist_2_joint reset to initial position: 1.571
[component_container-3] (2026-05-07 01:46:18.997) [info] [ResetJointsPlugin.cc:149] Joint wrist_1_joint reset to initial position: -1.6933
[component_container-3] (2026-05-07 01:46:18.997) [info] [ResetJointsPlugin.cc:149] Joint elbow_joint reset to initial position: -1.6648
[component_container-3] (2026-05-07 01:46:18.997) [info] [ResetJointsPlugin.cc:149] Joint shoulder_lift_joint reset to initial position: -1.3542
[component_container-3] (2026-05-07 01:46:18.997) [info] [ResetJointsPlugin.cc:149] Joint shoulder_pan_joint reset to initial position: -0.1597
[component_container-3] (2026-05-07 01:46:18.997) [warning] [Physics.cc:2467] Found both JointVelocityReset and JointVelocityCmd components for Joint [shoulder_pan_joint(Entity=102]). Ignoring JointVelocityCmd component.
[component_container-3] (2026-05-07 01:46:18.997) [warning] [Physics.cc:2467] Found both JointVelocityReset and JointVelocityCmd components for Joint [shoulder_lift_joint(Entity=103]). Ignoring JointVelocityCmd component.
[component_container-3] (2026-05-07 01:46:18.997) [warning] [Physics.cc:2467] Found both JointVelocityReset and JointVelocityCmd components for Joint [elbow_joint(Entity=104]). Ignoring JointVelocityCmd component.
[component_container-3] (2026-05-07 01:46:18.997) [warning] [Physics.cc:2467] Found both JointVelocityReset and JointVelocityCmd components for Joint [wrist_1_joint(Entity=105]). Ignoring JointVelocityCmd component.
[component_container-3] (2026-05-07 01:46:18.997) [warning] [Physics.cc:2467] Found both JointVelocityReset and JointVelocityCmd components for Joint [wrist_2_joint(Entity=106]). Ignoring JointVelocityCmd component.
[component_container-3] (2026-05-07 01:46:18.997) [warning] [Physics.cc:2467] Found both JointVelocityReset and JointVelocityCmd components for Joint [wrist_3_joint(Entity=107]). Ignoring JointVelocityCmd component.
[component_container-3] [INFO] [1778118378.997328045] [controller_manager]: Activating controllers: [ aic_controller ]
[component_container-3] [INFO] [1778118378.997416291] [controller_manager]: Requested controller switch from non-realtime loop
[component_container-3] [INFO] [1778118378.997480883] [controller_manager]: Activated controllers: [ aic_controller ]
[component_container-3] [INFO] [1778118378.997483898] [controller_manager]: Successfully switched controllers!
[component_container-3] (2026-05-07 01:46:19.077) [debug] [SdfEntityCreator.cc:547] Link has auto-inertial enabled: sc_port_1::sc_port_link
[component_container-3] (2026-05-07 01:46:19.077) [debug] [SdfEntityCreator.cc:549]   pose: 1.88554e-19 -0.00100271 0.000137321 0 0 0
[component_container-3] (2026-05-07 01:46:19.077) [debug] [SdfEntityCreator.cc:550]   mass: 0.04
[component_container-3] (2026-05-07 01:46:19.077) [debug] [SdfEntityCreator.cc:551]   ixx iyy izz: 1.86262e-06 5.50332e-06 6.55187e-06
[component_container-3] (2026-05-07 01:46:19.077) [debug] [SdfEntityCreator.cc:553]   ixy ixz iyz: -7.41324e-15 4.19415e-23 -5.5077e-09
[component_container-3] (2026-05-07 01:46:19.077) [debug] [SystemManager.cc:80] Loaded system [gz::sim::systems::PosePublisher] for entity [696]
[component_container-3] (2026-05-07 01:46:19.077) [debug] [SystemManager.cc:80] Loaded system [gz::sim::systems::TouchPlugin] for entity [733]
[component_container-3] (2026-05-07 01:46:19.077) [debug] [UserCommands.cc:1108] Created entity [696] named [task_board]
[component_container-3] (2026-05-07 01:46:19.080) [info] [Contact.cc:125] Contact system publishing on world/aic_world/model/task_board/model/sc_port_1/link/sc_port_link/sensor/sc_port_sensor/contact
[component_container-3] [INFO] [1778118379.080599063] [aic_controller]: Received service request to tare force torque sensor!
[component_container-3] [INFO] [1778118379.080619592] [aic_controller]: Successfully tared force torque sensor.
[component_container-3] [INFO] [1778118379.081396264] [gz_server]: InitializeCanonicalLinks
[component_container-3] (2026-05-07 01:46:19.082) [debug] [SimulationRunner.cc:600] Exiting postupdate worker thread (3)
[component_container-3] (2026-05-07 01:46:19.082) [debug] [SimulationRunner.cc:600] Exiting postupdate worker thread (1)
[component_container-3] (2026-05-07 01:46:19.082) [debug] [SimulationRunner.cc:600] Exiting postupdate worker thread (2)
[component_container-3] (2026-05-07 01:46:19.082) [debug] [SimulationRunner.cc:600] Exiting postupdate worker thread (4)
[component_container-3] (2026-05-07 01:46:19.082) [debug] [SimulationRunner.cc:600] Exiting postupdate worker thread (0)
[component_container-3] (2026-05-07 01:46:19.082) [debug] [SimulationRunner.cc:573] Creating PostUpdate worker threads: 8
[component_container-3] (2026-05-07 01:46:19.082) [debug] [SimulationRunner.cc:584] Creating postupdate worker thread (0)
[component_container-3] (2026-05-07 01:46:19.082) [debug] [SimulationRunner.cc:584] Creating postupdate worker thread (1)
[component_container-3] (2026-05-07 01:46:19.082) [debug] [SimulationRunner.cc:584] Creating postupdate worker thread (2)
[component_container-3] (2026-05-07 01:46:19.082) [debug] [SimulationRunner.cc:584] Creating postupdate worker thread (3)
[component_container-3] (2026-05-07 01:46:19.082) [debug] [SimulationRunner.cc:584] Creating postupdate worker thread (4)
[component_container-3] (2026-05-07 01:46:19.082) [debug] [SimulationRunner.cc:584] Creating postupdate worker thread (5)
[component_container-3] (2026-05-07 01:46:19.082) [debug] [SimulationRunner.cc:584] Creating postupdate worker thread (6)
[component_container-3] (2026-05-07 01:46:19.082) [debug] [TouchPlugin.cc:267] Started touch plugin [sc_port_1/sc_port_base]
[component_container-3] (2026-05-07 01:46:19.228) [debug] [SdfEntityCreator.cc:547] Link has auto-inertial enabled: cable_1::sc_plug_link
[component_container-3] (2026-05-07 01:46:19.228) [debug] [SdfEntityCreator.cc:549]   pose: -0.00907511 4.9566e-05 8.71699e-06 0 0 0
[component_container-3] (2026-05-07 01:46:19.228) [debug] [SdfEntityCreator.cc:550]   mass: 0.04
[component_container-3] (2026-05-07 01:46:19.228) [debug] [SdfEntityCreator.cc:551]   ixx iyy izz: 2.12257e-06 7.17318e-06 8.85404e-06
[component_container-3] (2026-05-07 01:46:19.228) [debug] [SdfEntityCreator.cc:553]   ixy ixz iyz: 1.24369e-08 -3.73363e-09 1.72827e-11
[component_container-3] (2026-05-07 01:46:19.228) [debug] [SdfEntityCreator.cc:547] Link has auto-inertial enabled: cable_1::lc_plug_link
[component_container-3] (2026-05-07 01:46:19.228) [debug] [SdfEntityCreator.cc:549]   pose: 0 -0.00428702 8.58528e-05 0 0 0
[component_container-3] (2026-05-07 01:46:19.228) [debug] [SdfEntityCreator.cc:550]   mass: 0.01
[component_container-3] (2026-05-07 01:46:19.228) [debug] [SdfEntityCreator.cc:551]   ixx iyy izz: 1.73585e-06 1.30886e-07 1.82579e-06
[component_container-3] (2026-05-07 01:46:19.228) [debug] [SdfEntityCreator.cc:553]   ixy ixz iyz: -3.13192e-14 3.63653e-15 -5.82954e-09
[component_container-3] (2026-05-07 01:46:19.228) [debug] [SdfEntityCreator.cc:547] Link has auto-inertial enabled: cable_1::sfp_module_link
[component_container-3] (2026-05-07 01:46:19.228) [debug] [SdfEntityCreator.cc:549]   pose: 0.000140388 0.0140944 0.000755794 0 0 0
[component_container-3] (2026-05-07 01:46:19.228) [debug] [SdfEntityCreator.cc:550]   mass: 0.02
[component_container-3] (2026-05-07 01:46:19.228) [debug] [SdfEntityCreator.cc:551]   ixx iyy izz: 3.52972e-06 5.95336e-07 3.76244e-06
[component_container-3] (2026-05-07 01:46:19.228) [debug] [SdfEntityCreator.cc:553]   ixy ixz iyz: 3.87677e-08 3.1005e-09 9.04204e-09
[component_container-3] (2026-05-07 01:46:19.229) [debug] [CablePlugin.cc:86] aic_gazebo::CablePlugin::Configure on entity: 756
[component_container-3] (2026-05-07 01:46:19.229) [info] [CablePlugin.cc:150] Cable transitioning to HARNESS state.
[component_container-3] (2026-05-07 01:46:19.229) [debug] [SystemManager.cc:80] Loaded system [aic_gazebo::CablePlugin] for entity [756]
[component_container-3] (2026-05-07 01:46:19.230) [debug] [SystemManager.cc:80] Loaded system [gz::sim::systems::PosePublisher] for entity [756]
[component_container-3] (2026-05-07 01:46:19.230) [debug] [UserCommands.cc:1108] Created entity [756] named [cable_1]
[component_container-3] [INFO] [1778118379.236421810] [gz_server]: InitializeCanonicalLinks
[component_container-3] (2026-05-07 01:46:19.238) [debug] [SimulationRunner.cc:600] Exiting postupdate worker thread (3)
[component_container-3] (2026-05-07 01:46:19.238) [debug] [SimulationRunner.cc:600] Exiting postupdate worker thread (0)
[component_container-3] (2026-05-07 01:46:19.238) [debug] [SimulationRunner.cc:600] Exiting postupdate worker thread (1)
[component_container-3] (2026-05-07 01:46:19.238) [debug] [SimulationRunner.cc:600] Exiting postupdate worker thread (5)
[component_container-3] (2026-05-07 01:46:19.238) [debug] [SimulationRunner.cc:600] Exiting postupdate worker thread (2)
[component_container-3] (2026-05-07 01:46:19.238) [debug] [SimulationRunner.cc:600] Exiting postupdate worker thread (6)
[component_container-3] (2026-05-07 01:46:19.238) [debug] [SimulationRunner.cc:600] Exiting postupdate worker thread (4)
[component_container-3] (2026-05-07 01:46:19.238) [debug] [SimulationRunner.cc:573] Creating PostUpdate worker threads: 10
[component_container-3] (2026-05-07 01:46:19.238) [debug] [SimulationRunner.cc:584] Creating postupdate worker thread (0)
[component_container-3] (2026-05-07 01:46:19.238) [debug] [SimulationRunner.cc:584] Creating postupdate worker thread (1)
[component_container-3] (2026-05-07 01:46:19.238) [debug] [SimulationRunner.cc:584] Creating postupdate worker thread (2)
[component_container-3] (2026-05-07 01:46:19.238) [debug] [SimulationRunner.cc:584] Creating postupdate worker thread (3)
[component_container-3] (2026-05-07 01:46:19.238) [debug] [SimulationRunner.cc:584] Creating postupdate worker thread (4)
[component_container-3] (2026-05-07 01:46:19.238) [debug] [SimulationRunner.cc:584] Creating postupdate worker thread (5)
[component_container-3] (2026-05-07 01:46:19.238) [debug] [SimulationRunner.cc:584] Creating postupdate worker thread (6)
[component_container-3] (2026-05-07 01:46:19.238) [debug] [SimulationRunner.cc:584] Creating postupdate worker thread (7)
[component_container-3] (2026-05-07 01:46:19.238) [debug] [SimulationRunner.cc:584] Creating postupdate worker thread (8)
[component_container-3] (2026-05-07 01:46:19.239) [info] [CablePlugin.cc:201] Cable transitioning to WAITING state.
[component_container-3] (2026-05-07 01:46:19.239) [info] [CablePlugin.cc:213] Cable transitioning to CREATE_CONNECTIONS state.
[component_container-3] (2026-05-07 01:46:19.239) [debug] [Physics.cc:2015] Creating detachable joint [954]
[component_container-3] (2026-05-07 01:46:19.239) [debug] [Physics.cc:2015] Creating detachable joint [957]
[component_container-3] (2026-05-07 01:46:19.239) [debug] [Physics.cc:2136] Detaching joint [954]
[component_container-3] (2026-05-07 01:46:19.239) [debug] [Physics.cc:2136] Detaching joint [957]
[component_container-3] (2026-05-07 01:46:19.240) [info] [CablePlugin.cc:247] Cable transitioning to CABLE_ATTACHED_TO_GRIPPER state.
[component_container-3] (2026-05-07 01:46:19.240) [debug] [Physics.cc:2015] Creating detachable joint [958]
[component_container-3] [INFO] [1778118379.260678493] [gz_server]: InitializeCanonicalLinks
[component_container-3] (2026-05-07 01:46:34.606) [debug] [TouchPlugin.cc:352] Model [sc_port_1] started touching [sc_plug] at 75.284 s
[component_container-3] (2026-05-07 01:46:35.608) [debug] [TouchPlugin.cc:366] Model [sc_port_1] touched [sc_plug] exclusively for 1 s
[component_container-3] (2026-05-07 01:46:35.608) [debug] [TouchPlugin.cc:273] Stopped touch plugin [sc_port_1/sc_port_base]
[component_container-3] (2026-05-07 01:46:35.608) [debug] [CablePlugin.cc:271] Cable connection 0 touched: 1. Topic: /sc_port_1/sc_port_base/touched
[component_container-3] (2026-05-07 01:46:35.609) [info] [CablePlugin.cc:281] Cable transitioning to ATTACH_CABLE_TO_PORT state.
[component_container-3] (2026-05-07 01:46:35.610) [debug] [Physics.cc:2136] Detaching joint [958]
[component_container-3] (2026-05-07 01:46:35.612) [info] [CablePlugin.cc:326] Cable transitioning to COMPLETED state.
[component_container-3] (2026-05-07 01:46:35.612) [debug] [Physics.cc:2015] Creating detachable joint [959]
[component_container-3] (2026-05-07 01:46:35.612) [debug] [Physics.cc:2015] Creating detachable joint [960]
[component_container-3] (2026-05-07 01:46:35.612) [debug] [Physics.cc:2015] Creating detachable joint [963]
[component_container-3] [INFO] [1778118395.613193290] [gz_server]: InitializeCanonicalLinks
[component_container-3] (2026-05-07 01:46:42.041) [debug] [UserCommands.cc:1158] Requesting removal of entity [696]
[component_container-3] (2026-05-07 01:46:42.050) [debug] [SimulationRunner.cc:600] Exiting postupdate worker thread (6)
[component_container-3] (2026-05-07 01:46:42.050) [debug] [SimulationRunner.cc:600] Exiting postupdate worker thread (3)
[component_container-3] (2026-05-07 01:46:42.050) [debug] [SimulationRunner.cc:600] Exiting postupdate worker thread (2)
[component_container-3] (2026-05-07 01:46:42.050) [debug] [SimulationRunner.cc:600] Exiting postupdate worker thread (4)
[component_container-3] (2026-05-07 01:46:42.050) [debug] [SimulationRunner.cc:600] Exiting postupdate worker thread (7)
[component_container-3] (2026-05-07 01:46:42.050) [debug] [SimulationRunner.cc:600] Exiting postupdate worker thread (8)
[component_container-3] (2026-05-07 01:46:42.050) [debug] [SimulationRunner.cc:600] Exiting postupdate worker thread (1)
[component_container-3] (2026-05-07 01:46:42.050) [debug] [SimulationRunner.cc:600] Exiting postupdate worker thread (5)
[component_container-3] (2026-05-07 01:46:42.050) [debug] [SimulationRunner.cc:600] Exiting postupdate worker thread (0)
[component_container-3] (2026-05-07 01:46:42.051) [debug] [SimulationRunner.cc:573] Creating PostUpdate worker threads: 8
[component_container-3] (2026-05-07 01:46:42.051) [debug] [SimulationRunner.cc:584] Creating postupdate worker thread (0)
[component_container-3] (2026-05-07 01:46:42.051) [debug] [SimulationRunner.cc:584] Creating postupdate worker thread (1)
[component_container-3] (2026-05-07 01:46:42.051) [debug] [SimulationRunner.cc:584] Creating postupdate worker thread (2)
[component_container-3] (2026-05-07 01:46:42.051) [debug] [SimulationRunner.cc:584] Creating postupdate worker thread (3)
[component_container-3] (2026-05-07 01:46:42.051) [debug] [SimulationRunner.cc:584] Creating postupdate worker thread (4)
[component_container-3] (2026-05-07 01:46:42.051) [debug] [SimulationRunner.cc:584] Creating postupdate worker thread (5)
[component_container-3] (2026-05-07 01:46:42.051) [debug] [SimulationRunner.cc:584] Creating postupdate worker thread (6)
[component_container-3] (2026-05-07 01:46:42.051) [debug] [UserCommands.cc:1158] Requesting removal of entity [756]
[component_container-3] (2026-05-07 01:46:42.052) [info] [CablePlugin.cc:162] Cable transitioning to CABLE_REMOVED state.
[component_container-3] [INFO] [1778118402.052469418] [controller_manager]: Deactivating controllers: [ aic_controller ]
[component_container-3] [INFO] [1778118402.052532356] [controller_manager]: Requested controller switch from non-realtime loop
[component_container-3] [INFO] [1778118402.052595024] [controller_manager]: Deactivated controllers: [ aic_controller ]
[component_container-3] [INFO] [1778118402.052597970] [controller_manager]: Successfully switched controllers!
[component_container-3] (2026-05-07 01:46:42.053) [debug] [Physics.cc:2136] Detaching joint [959]
[component_container-3] (2026-05-07 01:46:42.053) [debug] [Physics.cc:2136] Detaching joint [960]
[component_container-3] (2026-05-07 01:46:42.053) [debug] [Physics.cc:2136] Detaching joint [963]
[component_container-3] (2026-05-07 01:46:42.054) [info] [ResetJointsPlugin.cc:105] Received reset request for joint: shoulder_pan_joint
[component_container-3] (2026-05-07 01:46:42.054) [info] [ResetJointsPlugin.cc:105] Received reset request for joint: shoulder_lift_joint
[component_container-3] (2026-05-07 01:46:42.054) [info] [ResetJointsPlugin.cc:105] Received reset request for joint: elbow_joint
[component_container-3] (2026-05-07 01:46:42.054) [info] [ResetJointsPlugin.cc:105] Received reset request for joint: wrist_1_joint
[component_container-3] (2026-05-07 01:46:42.054) [info] [ResetJointsPlugin.cc:105] Received reset request for joint: wrist_2_joint
[component_container-3] (2026-05-07 01:46:42.054) [info] [ResetJointsPlugin.cc:105] Received reset request for joint: wrist_3_joint
[component_container-3] (2026-05-07 01:46:42.078) [debug] [SimulationRunner.cc:600] Exiting postupdate worker thread (0)
[component_container-3] (2026-05-07 01:46:42.078) [debug] [SimulationRunner.cc:600] Exiting postupdate worker thread (3)
[component_container-3] (2026-05-07 01:46:42.078) [debug] [SimulationRunner.cc:600] Exiting postupdate worker thread (6)
[component_container-3] (2026-05-07 01:46:42.078) [debug] [SimulationRunner.cc:600] Exiting postupdate worker thread (5)
[component_container-3] (2026-05-07 01:46:42.078) [debug] [SimulationRunner.cc:600] Exiting postupdate worker thread (1)
[component_container-3] (2026-05-07 01:46:42.078) [debug] [SimulationRunner.cc:600] Exiting postupdate worker thread (4)
[component_container-3] (2026-05-07 01:46:42.078) [debug] [SimulationRunner.cc:600] Exiting postupdate worker thread (2)
[component_container-3] (2026-05-07 01:46:42.078) [debug] [SimulationRunner.cc:573] Creating PostUpdate worker threads: 6
[component_container-3] (2026-05-07 01:46:42.078) [debug] [SimulationRunner.cc:584] Creating postupdate worker thread (0)
[component_container-3] (2026-05-07 01:46:42.079) [debug] [SimulationRunner.cc:584] Creating postupdate worker thread (1)
[component_container-3] (2026-05-07 01:46:42.079) [debug] [SimulationRunner.cc:584] Creating postupdate worker thread (2)
[component_container-3] (2026-05-07 01:46:42.079) [debug] [SimulationRunner.cc:584] Creating postupdate worker thread (3)
[component_container-3] (2026-05-07 01:46:42.079) [debug] [SimulationRunner.cc:584] Creating postupdate worker thread (4)
[component_container-3] (2026-05-07 01:46:42.356) [info] [ResetJointsPlugin.cc:149] Joint wrist_3_joint reset to initial position: 1.411
[component_container-3] (2026-05-07 01:46:42.357) [info] [ResetJointsPlugin.cc:149] Joint wrist_2_joint reset to initial position: 1.571
[component_container-3] (2026-05-07 01:46:42.357) [info] [ResetJointsPlugin.cc:149] Joint wrist_1_joint reset to initial position: -1.6933
[component_container-3] (2026-05-07 01:46:42.357) [info] [ResetJointsPlugin.cc:149] Joint elbow_joint reset to initial position: -1.6648
[component_container-3] (2026-05-07 01:46:42.357) [info] [ResetJointsPlugin.cc:149] Joint shoulder_lift_joint reset to initial position: -1.3542
[component_container-3] (2026-05-07 01:46:42.357) [info] [ResetJointsPlugin.cc:149] Joint shoulder_pan_joint reset to initial position: -0.1597
[component_container-3] (2026-05-07 01:46:42.357) [warning] [Physics.cc:2467] Found both JointVelocityReset and JointVelocityCmd components for Joint [shoulder_pan_joint(Entity=102]). Ignoring JointVelocityCmd component.
[component_container-3] (2026-05-07 01:46:42.357) [warning] [Physics.cc:2467] Found both JointVelocityReset and JointVelocityCmd components for Joint [shoulder_lift_joint(Entity=103]). Ignoring JointVelocityCmd component.
[component_container-3] (2026-05-07 01:46:42.357) [warning] [Physics.cc:2467] Found both JointVelocityReset and JointVelocityCmd components for Joint [elbow_joint(Entity=104]). Ignoring JointVelocityCmd component.
[component_container-3] (2026-05-07 01:46:42.357) [warning] [Physics.cc:2467] Found both JointVelocityReset and JointVelocityCmd components for Joint [wrist_1_joint(Entity=105]). Ignoring JointVelocityCmd component.
[component_container-3] (2026-05-07 01:46:42.357) [warning] [Physics.cc:2467] Found both JointVelocityReset and JointVelocityCmd components for Joint [wrist_2_joint(Entity=106]). Ignoring JointVelocityCmd component.
[component_container-3] (2026-05-07 01:46:42.357) [warning] [Physics.cc:2467] Found both JointVelocityReset and JointVelocityCmd components for Joint [wrist_3_joint(Entity=107]). Ignoring JointVelocityCmd component.
[component_container-3] [INFO] [1778118402.357241696] [controller_manager]: Activating controllers: [ aic_controller ]
[component_container-3] [INFO] [1778118402.357321787] [controller_manager]: Requested controller switch from non-realtime loop
[component_container-3] [INFO] [1778118402.357394454] [controller_manager]: Activated controllers: [ aic_controller ]
[component_container-3] [INFO] [1778118402.357398742] [controller_manager]: Successfully switched controllers!
