[INFO] [1778160238.338957126] [aic_model]: Loading policy module: aic_example_policies.ros.AutoCode2
[INFO] [1778160238.343282877] [aic_model]: Loaded policy module aic_example_policies.ros.AutoCode2
[INFO] [1778160238.343467884] [aic_model]: Using policy: AutoCode2
[INFO] [1778160248.212653291] [aic_model]: on_configure(LifecycleState(label='unconfigured', state_id=1))
[INFO] [1778160248.212833158] [aic_model]: Instantiating policy...
[INFO] [1778160248.214479391] [aic_model]: Policy.__init__()
[ERROR] [1778160248.215644634] [aic_model]: aic_model lifecycle is not in the active state
[INFO] [1778160249.213485711] [aic_model]: on_activate()
[INFO] [1778160256.082208338] [aic_model]: Goal accepted
[INFO] [1778160256.084085364] [aic_model]: Entering insert_cable_execute_callback()
[INFO] [1778160256.084885542] [aic_model]: insert_cable execute loop
[INFO] [1778160256.086345747] [aic_model]: AutoCode2.insert_cable() task: aic_task_interfaces.msg.Task(id='task_1', cable_type='sfp_sc', cable_name='cable_0', plug_type='sfp', plug_name='sfp_tip', port_type='sfp', port_name='sfp_port_0', target_module_name='nic_card_mount_0', time_limit=180)
[INFO] [1778160256.086836837] [aic_model]: pfrac: 0.0 xy_error: -0.0125 -0.002   integrators: 0.0 , 0.0
[INFO] [1778160256.087095892] [aic_model]: Setting cartesian mode...
[INFO] [1778160256.091533453] [aic_model]: Successfully set target mode
[INFO] [1778160256.144130908] [aic_model]: pfrac: 0.025 xy_error: -0.0125 -0.00205   integrators: 0.0 , 0.0
[INFO] [1778160256.195873883] [aic_model]: pfrac: 0.05 xy_error: -0.0125 -0.00195   integrators: 0.0 , 0.0
[INFO] [1778160256.245739903] [aic_model]: pfrac: 0.075 xy_error: -0.0125 -0.00166   integrators: 0.0 , 0.0
[INFO] [1778160256.295875738] [aic_model]: pfrac: 0.1 xy_error: -0.0125 -0.00129   integrators: 0.0 , 0.0
[INFO] [1778160256.345356096] [aic_model]: pfrac: 0.125 xy_error: -0.0125 -0.000808   integrators: 0.0 , 0.0
[INFO] [1778160256.395818954] [aic_model]: pfrac: 0.15 xy_error: -0.0124 -0.000299   integrators: 0.0 , 0.0
[INFO] [1778160256.445346039] [aic_model]: pfrac: 0.175 xy_error: -0.0124 0.000253   integrators: 0.0 , 0.0
[INFO] [1778160256.496798520] [aic_model]: pfrac: 0.2 xy_error: -0.0124 0.000782   integrators: 0.0 , 0.0
[INFO] [1778160256.547873294] [aic_model]: pfrac: 0.225 xy_error: -0.0124 0.00138   integrators: 0.0 , 0.0
[INFO] [1778160256.597207267] [aic_model]: pfrac: 0.25 xy_error: -0.0123 0.00192   integrators: 0.0 , 0.0
[INFO] [1778160256.647702666] [aic_model]: pfrac: 0.275 xy_error: -0.0123 0.00246   integrators: 0.0 , 0.0
[INFO] [1778160256.697908202] [aic_model]: pfrac: 0.3 xy_error: -0.0122 0.00298   integrators: 0.0 , 0.0
[INFO] [1778160256.748265612] [aic_model]: pfrac: 0.325 xy_error: -0.0121 0.00343   integrators: 0.0 , 0.0
[INFO] [1778160256.797852159] [aic_model]: pfrac: 0.35 xy_error: -0.012 0.00384   integrators: 0.0 , 0.0
[INFO] [1778160256.846984715] [aic_model]: pfrac: 0.375 xy_error: -0.0119 0.0042   integrators: 0.0 , 0.0
[INFO] [1778160256.898604530] [aic_model]: pfrac: 0.4 xy_error: -0.0118 0.00451   integrators: 0.0 , 0.0
[INFO] [1778160256.949793788] [aic_model]: pfrac: 0.425 xy_error: -0.0117 0.0047   integrators: 0.0 , 0.0
[INFO] [1778160256.999811762] [aic_model]: pfrac: 0.45 xy_error: -0.0115 0.0048   integrators: 0.0 , 0.0
[INFO] [1778160257.049940754] [aic_model]: pfrac: 0.475 xy_error: -0.0113 0.00486   integrators: 0.0 , 0.0
[INFO] [1778160257.085959611] [aic_model]: insert_cable execute loop
[INFO] [1778160257.099583316] [aic_model]: pfrac: 0.5 xy_error: -0.0111 0.00484   integrators: 0.0 , 0.0
[INFO] [1778160257.149807546] [aic_model]: pfrac: 0.525 xy_error: -0.0108 0.00473   integrators: 0.0 , 0.0
[INFO] [1778160257.199804822] [aic_model]: pfrac: 0.55 xy_error: -0.0106 0.00458   integrators: 0.0 , 0.0
[INFO] [1778160257.248986650] [aic_model]: pfrac: 0.575 xy_error: -0.0103 0.00439   integrators: 0.0 , 0.0
[INFO] [1778160257.299733209] [aic_model]: pfrac: 0.6 xy_error: -0.01 0.00415   integrators: 0.0 , 0.0
[INFO] [1778160257.349830201] [aic_model]: pfrac: 0.625 xy_error: -0.00966 0.00391   integrators: 0.0 , 0.0
[INFO] [1778160257.399905343] [aic_model]: pfrac: 0.65 xy_error: -0.00928 0.00359   integrators: 0.0 , 0.0
[INFO] [1778160257.449760332] [aic_model]: pfrac: 0.675 xy_error: -0.00886 0.00326   integrators: 0.0 , 0.0
[INFO] [1778160257.499143848] [aic_model]: pfrac: 0.7 xy_error: -0.00843 0.00291   integrators: 0.0 , 0.0
[INFO] [1778160257.549932435] [aic_model]: pfrac: 0.725 xy_error: -0.00799 0.00255   integrators: 0.0 , 0.0
[INFO] [1778160257.599999411] [aic_model]: pfrac: 0.75 xy_error: -0.00755 0.00216   integrators: 0.0 , 0.0
[INFO] [1778160257.649805399] [aic_model]: pfrac: 0.775 xy_error: -0.00708 0.00178   integrators: 0.0 , 0.0
[INFO] [1778160257.699086704] [aic_model]: pfrac: 0.8 xy_error: -0.00657 0.0014   integrators: 0.0 , 0.0
[INFO] [1778160257.750831552] [aic_model]: pfrac: 0.825 xy_error: -0.00605 0.00105   integrators: 0.0 , 0.0
[INFO] [1778160257.801807260] [aic_model]: pfrac: 0.85 xy_error: -0.00553 0.000707   integrators: 0.0 , 0.0
[INFO] [1778160257.852015430] [aic_model]: pfrac: 0.875 xy_error: -0.00501 0.000381   integrators: 0.0 , 0.0
[INFO] [1778160257.901299570] [aic_model]: pfrac: 0.9 xy_error: -0.00448 8.82e-05   integrators: 0.0 , 0.0
[INFO] [1778160257.951836607] [aic_model]: pfrac: 0.925 xy_error: -0.00397 -0.000206   integrators: 0.0 , 0.0
[INFO] [1778160258.001879628] [aic_model]: pfrac: 0.95 xy_error: -0.00346 -0.000482   integrators: 0.0 , 0.0
[INFO] [1778160258.051703879] [aic_model]: pfrac: 0.975 xy_error: -0.00299 -0.00073   integrators: 0.0 , 0.0
[INFO] [1778160258.086095458] [aic_model]: insert_cable execute loop
[INFO] [1778160258.101202841] [aic_model]: pfrac: 1.0 xy_error: -0.00253 -0.000987   integrators: -0.00253 , -0.000987
[INFO] [1778160258.151939471] [aic_model]: pfrac: 1.0 xy_error: -0.00207 -0.00121   integrators: -0.0046 , -0.0022
[INFO] [1778160258.201760597] [aic_model]: pfrac: 1.0 xy_error: -0.00162 -0.00142   integrators: -0.00623 , -0.00361
[INFO] [1778160258.251873078] [aic_model]: pfrac: 1.0 xy_error: -0.0012 -0.00158   integrators: -0.00743 , -0.00519
[INFO] [1778160258.301721424] [aic_model]: pfrac: 1.0 xy_error: -0.000783 -0.00171   integrators: -0.00821 , -0.0069
[INFO] [1778160258.351832994] [aic_model]: pfrac: 1.0 xy_error: -0.00039 -0.0018   integrators: -0.0086 , -0.0087
[INFO] [1778160258.401381268] [aic_model]: pfrac: 1.0 xy_error: -3.1e-05 -0.00184   integrators: -0.00863 , -0.0105
[INFO] [1778160258.451382992] [aic_model]: pfrac: 1.0 xy_error: 0.000293 -0.00183   integrators: -0.00834 , -0.0124
[INFO] [1778160258.501001778] [aic_model]: pfrac: 1.0 xy_error: 0.000565 -0.00179   integrators: -0.00777 , -0.0142
[INFO] [1778160258.551827335] [aic_model]: pfrac: 1.0 xy_error: 0.000818 -0.00172   integrators: -0.00695 , -0.0159
[INFO] [1778160258.601872370] [aic_model]: pfrac: 1.0 xy_error: 0.00101 -0.00158   integrators: -0.00594 , -0.0175
[INFO] [1778160258.651599379] [aic_model]: pfrac: 1.0 xy_error: 0.00115 -0.00138   integrators: -0.00479 , -0.0188
[INFO] [1778160258.702016841] [aic_model]: pfrac: 1.0 xy_error: 0.0013 -0.00116   integrators: -0.00349 , -0.02
[INFO] [1778160258.752099306] [aic_model]: pfrac: 1.0 xy_error: 0.00141 -0.000933   integrators: -0.00208 , -0.0209
[INFO] [1778160258.801839009] [aic_model]: pfrac: 1.0 xy_error: 0.00148 -0.000691   integrators: -0.000601 , -0.0216
[INFO] [1778160258.851859318] [aic_model]: pfrac: 1.0 xy_error: 0.00151 -0.000438   integrators: 0.000913 , -0.0221
[INFO] [1778160258.901691033] [aic_model]: pfrac: 1.0 xy_error: 0.00151 -0.00015   integrators: 0.00243 , -0.0222
[INFO] [1778160258.951018394] [aic_model]: pfrac: 1.0 xy_error: 0.0015 0.00015   integrators: 0.00393 , -0.0221
[INFO] [1778160259.001540171] [aic_model]: pfrac: 1.0 xy_error: 0.00143 0.00043   integrators: 0.00536 , -0.0216
[INFO] [1778160259.050996694] [aic_model]: pfrac: 1.0 xy_error: 0.00137 0.000678   integrators: 0.00673 , -0.021
[INFO] [1778160259.086009766] [aic_model]: insert_cable execute loop
[INFO] [1778160259.100864827] [aic_model]: z_offset: 0.1992
[INFO] [1778160259.101616615] [aic_model]: pfrac: 1.0 xy_error: 0.00125 0.000908   integrators: 0.00798 , -0.02
[INFO] [1778160259.150793574] [aic_model]: z_offset: 0.1984
[INFO] [1778160259.152023697] [aic_model]: pfrac: 1.0 xy_error: 0.0011 0.00114   integrators: 0.00908 , -0.0189
[INFO] [1778160259.200886077] [aic_model]: z_offset: 0.1976
[INFO] [1778160259.201698639] [aic_model]: pfrac: 1.0 xy_error: 0.000927 0.00133   integrators: 0.01 , -0.0176
[INFO] [1778160259.250845101] [aic_model]: z_offset: 0.1968
[INFO] [1778160259.252060807] [aic_model]: pfrac: 1.0 xy_error: 0.000751 0.0015   integrators: 0.0108 , -0.0161
[INFO] [1778160259.300824242] [aic_model]: z_offset: 0.196
[INFO] [1778160259.302088429] [aic_model]: pfrac: 1.0 xy_error: 0.000576 0.00166   integrators: 0.0113 , -0.0144
[INFO] [1778160259.350838278] [aic_model]: z_offset: 0.1952
[INFO] [1778160259.352141489] [aic_model]: pfrac: 1.0 xy_error: 0.000381 0.00179   integrators: 0.0117 , -0.0126
[INFO] [1778160259.400850712] [aic_model]: z_offset: 0.1944
[INFO] [1778160259.401985437] [aic_model]: pfrac: 1.0 xy_error: 0.000182 0.00188   integrators: 0.0119 , -0.0107
[INFO] [1778160259.450809405] [aic_model]: z_offset: 0.1936
[INFO] [1778160259.451941916] [aic_model]: pfrac: 1.0 xy_error: -1.44e-05 0.00195   integrators: 0.0119 , -0.0088
[INFO] [1778160259.500834001] [aic_model]: z_offset: 0.1928
[INFO] [1778160259.502082690] [aic_model]: pfrac: 1.0 xy_error: -0.000233 0.002   integrators: 0.0116 , -0.00679
[INFO] [1778160259.550900516] [aic_model]: z_offset: 0.192
[INFO] [1778160259.552014081] [aic_model]: pfrac: 1.0 xy_error: -0.00041 0.00201   integrators: 0.0112 , -0.00478
[INFO] [1778160259.600803234] [aic_model]: z_offset: 0.1912
[INFO] [1778160259.602024711] [aic_model]: pfrac: 1.0 xy_error: -0.000613 0.00202   integrators: 0.0106 , -0.00276
[INFO] [1778160259.650824845] [aic_model]: z_offset: 0.1904
[INFO] [1778160259.652094723] [aic_model]: pfrac: 1.0 xy_error: -0.000801 0.002   integrators: 0.00982 , -0.000766
[INFO] [1778160259.701887445] [aic_model]: z_offset: 0.1896
[INFO] [1778160259.702797449] [aic_model]: pfrac: 1.0 xy_error: -0.000968 0.00193   integrators: 0.00885 , 0.00117
[INFO] [1778160259.752859305] [aic_model]: z_offset: 0.1888
[INFO] [1778160259.754224021] [aic_model]: pfrac: 1.0 xy_error: -0.00112 0.00187   integrators: 0.00774 , 0.00304
[INFO] [1778160259.802850850] [aic_model]: z_offset: 0.188
[INFO] [1778160259.804108936] [aic_model]: pfrac: 1.0 xy_error: -0.00123 0.00178   integrators: 0.0065 , 0.00482
[INFO] [1778160259.852829730] [aic_model]: z_offset: 0.1872
[INFO] [1778160259.854057890] [aic_model]: pfrac: 1.0 xy_error: -0.00133 0.00166   integrators: 0.00517 , 0.00648
[INFO] [1778160259.902847153] [aic_model]: z_offset: 0.1864
[INFO] [1778160259.904053883] [aic_model]: pfrac: 1.0 xy_error: -0.00141 0.00153   integrators: 0.00376 , 0.00801
[INFO] [1778160259.952842234] [aic_model]: z_offset: 0.1856
[INFO] [1778160259.954034477] [aic_model]: pfrac: 1.0 xy_error: -0.00145 0.00138   integrators: 0.00232 , 0.00939
[INFO] [1778160260.002811186] [aic_model]: z_offset: 0.1848
[INFO] [1778160260.004060015] [aic_model]: pfrac: 1.0 xy_error: -0.00145 0.00122   integrators: 0.000863 , 0.0106
[INFO] [1778160260.052880687] [aic_model]: z_offset: 0.184
[INFO] [1778160260.054081045] [aic_model]: pfrac: 1.0 xy_error: -0.00141 0.00103   integrators: -0.000543 , 0.0117
[INFO] [1778160260.086046930] [aic_model]: insert_cable execute loop
[INFO] [1778160260.102821496] [aic_model]: z_offset: 0.1832
[INFO] [1778160260.104119156] [aic_model]: pfrac: 1.0 xy_error: -0.00134 0.000836   integrators: -0.00188 , 0.0125
[INFO] [1778160260.152817017] [aic_model]: z_offset: 0.1824
[INFO] [1778160260.154056478] [aic_model]: pfrac: 1.0 xy_error: -0.00123 0.000633   integrators: -0.00311 , 0.0131
[INFO] [1778160260.202939066] [aic_model]: z_offset: 0.1816
[INFO] [1778160260.204203744] [aic_model]: pfrac: 1.0 xy_error: -0.0011 0.000423   integrators: -0.00421 , 0.0135
[INFO] [1778160260.252830332] [aic_model]: z_offset: 0.1808
[INFO] [1778160260.254111983] [aic_model]: pfrac: 1.0 xy_error: -0.000966 0.000245   integrators: -0.00517 , 0.0138
[INFO] [1778160260.302951249] [aic_model]: z_offset: 0.18
[INFO] [1778160260.304174029] [aic_model]: pfrac: 1.0 xy_error: -0.000843 7.42e-05   integrators: -0.00602 , 0.0139
[INFO] [1778160260.352834881] [aic_model]: z_offset: 0.1792
[INFO] [1778160260.354079472] [aic_model]: pfrac: 1.0 xy_error: -0.000698 -8.27e-05   integrators: -0.00671 , 0.0138
[INFO] [1778160260.402826295] [aic_model]: z_offset: 0.1784
[INFO] [1778160260.404073641] [aic_model]: pfrac: 1.0 xy_error: -0.000536 -0.00027   integrators: -0.00725 , 0.0135
[INFO] [1778160260.452816166] [aic_model]: z_offset: 0.1776
[INFO] [1778160260.454056859] [aic_model]: pfrac: 1.0 xy_error: -0.000387 -0.000471   integrators: -0.00764 , 0.013
[INFO] [1778160260.502934157] [aic_model]: z_offset: 0.1768
[INFO] [1778160260.504146527] [aic_model]: pfrac: 1.0 xy_error: -0.00023 -0.00065   integrators: -0.00787 , 0.0124
[INFO] [1778160260.552822558] [aic_model]: z_offset: 0.176
[INFO] [1778160260.553438842] [aic_model]: pfrac: 1.0 xy_error: -8.25e-05 -0.000796   integrators: -0.00795 , 0.0116
[INFO] [1778160260.602852223] [aic_model]: z_offset: 0.1752
[INFO] [1778160260.604107695] [aic_model]: pfrac: 1.0 xy_error: 8.13e-05 -0.000916   integrators: -0.00787 , 0.0107
[INFO] [1778160260.652827818] [aic_model]: z_offset: 0.1744
[INFO] [1778160260.654079071] [aic_model]: pfrac: 1.0 xy_error: 0.000256 -0.001   integrators: -0.00761 , 0.00968
[INFO] [1778160260.702922074] [aic_model]: z_offset: 0.1736
[INFO] [1778160260.703604743] [aic_model]: pfrac: 1.0 xy_error: 0.000401 -0.00109   integrators: -0.00721 , 0.00859
[INFO] [1778160260.752983059] [aic_model]: z_offset: 0.1728
[INFO] [1778160260.754838283] [aic_model]: pfrac: 1.0 xy_error: 0.000542 -0.00116   integrators: -0.00667 , 0.00742
[INFO] [1778160260.806140702] [aic_model]: z_offset: 0.172
[INFO] [1778160260.806811098] [aic_model]: pfrac: 1.0 xy_error: 0.000703 -0.00119   integrators: -0.00597 , 0.00624
[INFO] [1778160260.856783276] [aic_model]: z_offset: 0.1712
[INFO] [1778160260.858050048] [aic_model]: pfrac: 1.0 xy_error: 0.000828 -0.0012   integrators: -0.00514 , 0.00504
[INFO] [1778160260.906820135] [aic_model]: z_offset: 0.1704
[INFO] [1778160260.908071298] [aic_model]: pfrac: 1.0 xy_error: 0.000948 -0.00122   integrators: -0.00419 , 0.00382
[INFO] [1778160260.956814714] [aic_model]: z_offset: 0.1696
[INFO] [1778160260.957990567] [aic_model]: pfrac: 1.0 xy_error: 0.00103 -0.00124   integrators: -0.00316 , 0.00258
[INFO] [1778160261.008130589] [aic_model]: z_offset: 0.1688
[INFO] [1778160261.008731264] [aic_model]: pfrac: 1.0 xy_error: 0.00111 -0.00123   integrators: -0.00205 , 0.00135
[INFO] [1778160261.059012150] [aic_model]: z_offset: 0.168
[INFO] [1778160261.060328335] [aic_model]: pfrac: 1.0 xy_error: 0.00117 -0.00124   integrators: -0.00088 , 0.000112
[INFO] [1778160261.087078372] [aic_model]: insert_cable execute loop
[INFO] [1778160261.108809550] [aic_model]: z_offset: 0.1672
[INFO] [1778160261.109976235] [aic_model]: pfrac: 1.0 xy_error: 0.00121 -0.00122   integrators: 0.000333 , -0.00111
[INFO] [1778160261.158805823] [aic_model]: z_offset: 0.1664
[INFO] [1778160261.160000791] [aic_model]: pfrac: 1.0 xy_error: 0.00125 -0.0012   integrators: 0.00158 , -0.00232
[INFO] [1778160261.208830188] [aic_model]: z_offset: 0.1656
[INFO] [1778160261.210057146] [aic_model]: pfrac: 1.0 xy_error: 0.00124 -0.00117   integrators: 0.00282 , -0.00349
[INFO] [1778160261.258819819] [aic_model]: z_offset: 0.1648
[INFO] [1778160261.259532273] [aic_model]: pfrac: 1.0 xy_error: 0.00123 -0.00112   integrators: 0.00405 , -0.00461
[INFO] [1778160261.308821301] [aic_model]: z_offset: 0.164
[INFO] [1778160261.310099555] [aic_model]: pfrac: 1.0 xy_error: 0.00119 -0.00103   integrators: 0.00523 , -0.00564
[INFO] [1778160261.358913113] [aic_model]: z_offset: 0.1632
[INFO] [1778160261.360145882] [aic_model]: pfrac: 1.0 xy_error: 0.00116 -0.000899   integrators: 0.0064 , -0.00654
[INFO] [1778160261.408836940] [aic_model]: z_offset: 0.1624
[INFO] [1778160261.410014205] [aic_model]: pfrac: 1.0 xy_error: 0.00112 -0.000753   integrators: 0.00752 , -0.00729
[INFO] [1778160261.458808076] [aic_model]: z_offset: 0.1616
[INFO] [1778160261.460016028] [aic_model]: pfrac: 1.0 xy_error: 0.00106 -0.000607   integrators: 0.00857 , -0.0079
[INFO] [1778160261.508838232] [aic_model]: z_offset: 0.1608
[INFO] [1778160261.510048469] [aic_model]: pfrac: 1.0 xy_error: 0.000993 -0.000478   integrators: 0.00956 , -0.00838
[INFO] [1778160261.558809278] [aic_model]: z_offset: 0.16
[INFO] [1778160261.559975141] [aic_model]: pfrac: 1.0 xy_error: 0.000906 -0.00037   integrators: 0.0105 , -0.00875
[INFO] [1778160261.608919715] [aic_model]: z_offset: 0.1592
[INFO] [1778160261.610110234] [aic_model]: pfrac: 1.0 xy_error: 0.000823 -0.00024   integrators: 0.0113 , -0.00899
[INFO] [1778160261.658837060] [aic_model]: z_offset: 0.1584
[INFO] [1778160261.660020225] [aic_model]: pfrac: 1.0 xy_error: 0.000714 -0.000132   integrators: 0.012 , -0.00912
[INFO] [1778160261.709002499] [aic_model]: z_offset: 0.1576
[INFO] [1778160261.710822227] [aic_model]: pfrac: 1.0 xy_error: 0.000599 -4.64e-05   integrators: 0.0126 , -0.00916
[INFO] [1778160261.761062928] [aic_model]: z_offset: 0.1568
[INFO] [1778160261.762034547] [aic_model]: pfrac: 1.0 xy_error: 0.000493 5.82e-05   integrators: 0.0131 , -0.00911
[INFO] [1778160261.810806768] [aic_model]: z_offset: 0.156
[INFO] [1778160261.812097465] [aic_model]: pfrac: 1.0 xy_error: 0.000408 0.000167   integrators: 0.0135 , -0.00894
[INFO] [1778160261.860792882] [aic_model]: z_offset: 0.1552
[INFO] [1778160261.861457206] [aic_model]: pfrac: 1.0 xy_error: 0.00031 0.000278   integrators: 0.0138 , -0.00866
[INFO] [1778160261.910833868] [aic_model]: z_offset: 0.1544
[INFO] [1778160261.912091083] [aic_model]: pfrac: 1.0 xy_error: 0.000228 0.000354   integrators: 0.014 , -0.00831
[INFO] [1778160261.960835852] [aic_model]: z_offset: 0.1536
[INFO] [1778160261.962108706] [aic_model]: pfrac: 1.0 xy_error: 0.00012 0.000427   integrators: 0.0142 , -0.00788
[INFO] [1778160262.010821875] [aic_model]: z_offset: 0.1528
[INFO] [1778160262.012118854] [aic_model]: pfrac: 1.0 xy_error: 2.6e-05 0.000483   integrators: 0.0142 , -0.0074
[INFO] [1778160262.060938694] [aic_model]: z_offset: 0.152
[INFO] [1778160262.062141226] [aic_model]: pfrac: 1.0 xy_error: -3.65e-05 0.0005   integrators: 0.0142 , -0.0069
[INFO] [1778160262.087018586] [aic_model]: insert_cable execute loop
[INFO] [1778160262.110799563] [aic_model]: z_offset: 0.1512
[INFO] [1778160262.111192128] [aic_model]: pfrac: 1.0 xy_error: -0.000111 0.000502   integrators: 0.014 , -0.0064
[INFO] [1778160262.160830170] [aic_model]: z_offset: 0.1504
[INFO] [1778160262.161800587] [aic_model]: pfrac: 1.0 xy_error: -0.000183 0.000472   integrators: 0.0139 , -0.00592
[INFO] [1778160262.210844276] [aic_model]: z_offset: 0.1496
[INFO] [1778160262.212035677] [aic_model]: pfrac: 1.0 xy_error: -0.000256 0.000437   integrators: 0.0136 , -0.00549
[INFO] [1778160262.260812005] [aic_model]: z_offset: 0.1488
[INFO] [1778160262.261857633] [aic_model]: pfrac: 1.0 xy_error: -0.000332 0.000413   integrators: 0.0133 , -0.00507
[INFO] [1778160262.310823336] [aic_model]: z_offset: 0.148
[INFO] [1778160262.311209299] [aic_model]: pfrac: 1.0 xy_error: -0.000376 0.000389   integrators: 0.0129 , -0.00468
[INFO] [1778160262.360835638] [aic_model]: z_offset: 0.1472
[INFO] [1778160262.361369137] [aic_model]: pfrac: 1.0 xy_error: -0.000375 0.000387   integrators: 0.0125 , -0.0043
[INFO] [1778160262.410925596] [aic_model]: z_offset: 0.1464
[INFO] [1778160262.411760450] [aic_model]: pfrac: 1.0 xy_error: -0.000375 0.000368   integrators: 0.0121 , -0.00393
[INFO] [1778160262.460837681] [aic_model]: z_offset: 0.1456
[INFO] [1778160262.461232110] [aic_model]: pfrac: 1.0 xy_error: -0.000375 0.000327   integrators: 0.0118 , -0.0036
[INFO] [1778160262.510793368] [aic_model]: z_offset: 0.1448
[INFO] [1778160262.511452212] [aic_model]: pfrac: 1.0 xy_error: -0.000375 0.000289   integrators: 0.0114 , -0.00331
[INFO] [1778160262.560793738] [aic_model]: z_offset: 0.144
[INFO] [1778160262.561244192] [aic_model]: pfrac: 1.0 xy_error: -0.000375 0.000255   integrators: 0.011 , -0.00306
[INFO] [1778160262.610814226] [aic_model]: z_offset: 0.1432
[INFO] [1778160262.611796306] [aic_model]: pfrac: 1.0 xy_error: -0.000374 0.000238   integrators: 0.0106 , -0.00282
[INFO] [1778160262.660899896] [aic_model]: z_offset: 0.1424
[INFO] [1778160262.662165907] [aic_model]: pfrac: 1.0 xy_error: -0.000375 0.000196   integrators: 0.0103 , -0.00262
[INFO] [1778160262.710975487] [aic_model]: z_offset: 0.1416
[INFO] [1778160262.712883701] [aic_model]: pfrac: 1.0 xy_error: -0.000375 0.000129   integrators: 0.0099 , -0.00249
[INFO] [1778160262.763041526] [aic_model]: z_offset: 0.1408
[INFO] [1778160262.764330891] [aic_model]: pfrac: 1.0 xy_error: -0.000373 8.2e-05   integrators: 0.00953 , -0.00241
[INFO] [1778160262.812840930] [aic_model]: z_offset: 0.14
[INFO] [1778160262.813356726] [aic_model]: pfrac: 1.0 xy_error: -0.000375 2.84e-05   integrators: 0.00915 , -0.00238
[INFO] [1778160262.862812807] [aic_model]: z_offset: 0.1392
[INFO] [1778160262.863219519] [aic_model]: pfrac: 1.0 xy_error: -0.000375 -2.16e-05   integrators: 0.00878 , -0.00241
[INFO] [1778160262.912852511] [aic_model]: z_offset: 0.1384
[INFO] [1778160262.913378466] [aic_model]: pfrac: 1.0 xy_error: -0.000375 -6.46e-05   integrators: 0.0084 , -0.00247
[INFO] [1778160262.962868130] [aic_model]: z_offset: 0.1376
[INFO] [1778160262.963236961] [aic_model]: pfrac: 1.0 xy_error: -0.000376 -0.00014   integrators: 0.00803 , -0.00261
[INFO] [1778160263.012817194] [aic_model]: z_offset: 0.1368
[INFO] [1778160263.013186957] [aic_model]: pfrac: 1.0 xy_error: -0.000377 -0.000183   integrators: 0.00765 , -0.00279
[INFO] [1778160263.062967825] [aic_model]: z_offset: 0.136
[INFO] [1778160263.063366793] [aic_model]: pfrac: 1.0 xy_error: -0.000377 -0.000227   integrators: 0.00727 , -0.00302
[INFO] [1778160263.088201302] [aic_model]: insert_cable execute loop
[INFO] [1778160263.112826891] [aic_model]: z_offset: 0.1352
[INFO] [1778160263.113599949] [aic_model]: pfrac: 1.0 xy_error: -0.000361 -0.000252   integrators: 0.00691 , -0.00327
[INFO] [1778160263.162809718] [aic_model]: z_offset: 0.1344
[INFO] [1778160263.164075950] [aic_model]: pfrac: 1.0 xy_error: -0.000364 -0.000273   integrators: 0.00655 , -0.00355
[INFO] [1778160263.212832921] [aic_model]: z_offset: 0.1336
[INFO] [1778160263.214148295] [aic_model]: pfrac: 1.0 xy_error: -0.000338 -0.000258   integrators: 0.00621 , -0.0038
[INFO] [1778160263.262830285] [aic_model]: z_offset: 0.1328
[INFO] [1778160263.264004374] [aic_model]: pfrac: 1.0 xy_error: -0.000302 -0.000249   integrators: 0.00591 , -0.00405
[INFO] [1778160263.312829273] [aic_model]: z_offset: 0.132
[INFO] [1778160263.314073904] [aic_model]: pfrac: 1.0 xy_error: -0.000266 -0.000222   integrators: 0.00564 , -0.00427
[INFO] [1778160263.362842046] [aic_model]: z_offset: 0.1312
[INFO] [1778160263.364051091] [aic_model]: pfrac: 1.0 xy_error: -0.000215 -0.000213   integrators: 0.00543 , -0.00449
[INFO] [1778160263.412834462] [aic_model]: z_offset: 0.1304
[INFO] [1778160263.414025302] [aic_model]: pfrac: 1.0 xy_error: -0.000166 -0.000196   integrators: 0.00526 , -0.00468
[INFO] [1778160263.462799676] [aic_model]: z_offset: 0.1296
[INFO] [1778160263.464032705] [aic_model]: pfrac: 1.0 xy_error: -8.89e-05 -0.00019   integrators: 0.00517 , -0.00487
[INFO] [1778160263.512803232] [aic_model]: z_offset: 0.1288
[INFO] [1778160263.514012827] [aic_model]: pfrac: 1.0 xy_error: -2.38e-05 -0.000201   integrators: 0.00515 , -0.00507
[INFO] [1778160263.562845501] [aic_model]: z_offset: 0.128
[INFO] [1778160263.564112052] [aic_model]: pfrac: 1.0 xy_error: 5.01e-05 -0.000248   integrators: 0.0052 , -0.00532
[INFO] [1778160263.612879774] [aic_model]: z_offset: 0.1272
[INFO] [1778160263.614125517] [aic_model]: pfrac: 1.0 xy_error: 0.000122 -0.000278   integrators: 0.00532 , -0.0056
[INFO] [1778160263.662809382] [aic_model]: z_offset: 0.1264
[INFO] [1778160263.664050346] [aic_model]: pfrac: 1.0 xy_error: 0.000187 -0.000292   integrators: 0.00551 , -0.00589
[INFO] [1778160263.713085298] [aic_model]: z_offset: 0.1256
[INFO] [1778160263.714821840] [aic_model]: pfrac: 1.0 xy_error: 0.000268 -0.000293   integrators: 0.00577 , -0.00618
[INFO] [1778160263.764864339] [aic_model]: z_offset: 0.1248
[INFO] [1778160263.766244253] [aic_model]: pfrac: 1.0 xy_error: 0.000361 -0.000312   integrators: 0.00614 , -0.0065
[INFO] [1778160263.814808784] [aic_model]: z_offset: 0.124
[INFO] [1778160263.815200698] [aic_model]: pfrac: 1.0 xy_error: 0.000374 -0.000341   integrators: 0.00651 , -0.00684
[INFO] [1778160263.864822359] [aic_model]: z_offset: 0.1232
[INFO] [1778160263.865183095] [aic_model]: pfrac: 1.0 xy_error: 0.000375 -0.00037   integrators: 0.00689 , -0.00721
[INFO] [1778160263.914804745] [aic_model]: z_offset: 0.1224
[INFO] [1778160263.915178585] [aic_model]: pfrac: 1.0 xy_error: 0.000374 -0.000395   integrators: 0.00726 , -0.0076
[INFO] [1778160263.965005200] [aic_model]: z_offset: 0.1216
[INFO] [1778160263.965471033] [aic_model]: pfrac: 1.0 xy_error: 0.000374 -0.000403   integrators: 0.00763 , -0.00801
[INFO] [1778160264.014821816] [aic_model]: z_offset: 0.1208
[INFO] [1778160264.015227295] [aic_model]: pfrac: 1.0 xy_error: 0.000374 -0.000368   integrators: 0.00801 , -0.00837
[INFO] [1778160264.064790316] [aic_model]: z_offset: 0.12
[INFO] [1778160264.065152975] [aic_model]: pfrac: 1.0 xy_error: 0.000374 -0.000316   integrators: 0.00838 , -0.00869
[INFO] [1778160264.087352380] [aic_model]: insert_cable execute loop
[INFO] [1778160264.114812758] [aic_model]: z_offset: 0.1192
[INFO] [1778160264.115186367] [aic_model]: pfrac: 1.0 xy_error: 0.000374 -0.00029   integrators: 0.00876 , -0.00898
[INFO] [1778160264.164956015] [aic_model]: z_offset: 0.1184
[INFO] [1778160264.165460670] [aic_model]: pfrac: 1.0 xy_error: 0.000375 -0.00023   integrators: 0.00913 , -0.00921
[INFO] [1778160264.214808628] [aic_model]: z_offset: 0.1176
[INFO] [1778160264.215174132] [aic_model]: pfrac: 1.0 xy_error: 0.000374 -0.000173   integrators: 0.00951 , -0.00938
[INFO] [1778160264.264798508] [aic_model]: z_offset: 0.1168
[INFO] [1778160264.265199209] [aic_model]: pfrac: 1.0 xy_error: 0.000374 -0.00012   integrators: 0.00988 , -0.0095
[INFO] [1778160264.314937277] [aic_model]: z_offset: 0.116
[INFO] [1778160264.315339220] [aic_model]: pfrac: 1.0 xy_error: 0.000374 -7.64e-05   integrators: 0.0103 , -0.00958
[INFO] [1778160264.364952124] [aic_model]: z_offset: 0.1152
[INFO] [1778160264.365930437] [aic_model]: pfrac: 1.0 xy_error: 0.000374 -3.91e-05   integrators: 0.0106 , -0.00962
[INFO] [1778160264.414935422] [aic_model]: z_offset: 0.1144
[INFO] [1778160264.415390514] [aic_model]: pfrac: 1.0 xy_error: 0.000374 -1.78e-05   integrators: 0.011 , -0.00964
[INFO] [1778160264.464801390] [aic_model]: z_offset: 0.1136
[INFO] [1778160264.465455445] [aic_model]: pfrac: 1.0 xy_error: 0.000374 -2.49e-06   integrators: 0.0114 , -0.00964
[INFO] [1778160264.514822980] [aic_model]: z_offset: 0.1128
[INFO] [1778160264.515890249] [aic_model]: pfrac: 1.0 xy_error: 0.000374 2.34e-05   integrators: 0.0118 , -0.00962
[INFO] [1778160264.564840743] [aic_model]: z_offset: 0.112
[INFO] [1778160264.565210365] [aic_model]: pfrac: 1.0 xy_error: 0.000374 4.33e-05   integrators: 0.0121 , -0.00957
[INFO] [1778160264.614818229] [aic_model]: z_offset: 0.1112
[INFO] [1778160264.615417021] [aic_model]: pfrac: 1.0 xy_error: 0.000374 6.61e-05   integrators: 0.0125 , -0.00951
[INFO] [1778160264.664847924] [aic_model]: z_offset: 0.1104
[INFO] [1778160264.665382195] [aic_model]: pfrac: 1.0 xy_error: 0.000374 7.45e-05   integrators: 0.0129 , -0.00943
[INFO] [1778160264.714925809] [aic_model]: z_offset: 0.1096
[INFO] [1778160264.716348003] [aic_model]: pfrac: 1.0 xy_error: 0.000374 8.96e-05   integrators: 0.0132 , -0.00934
[INFO] [1778160264.765041605] [aic_model]: z_offset: 0.1088
[INFO] [1778160264.766382727] [aic_model]: pfrac: 1.0 xy_error: 0.000374 9.77e-05   integrators: 0.0136 , -0.00924
[INFO] [1778160264.814824428] [aic_model]: z_offset: 0.108
[INFO] [1778160264.815477581] [aic_model]: pfrac: 1.0 xy_error: 0.000374 9.06e-05   integrators: 0.014 , -0.00915
[INFO] [1778160264.864811913] [aic_model]: z_offset: 0.1072
[INFO] [1778160264.865500132] [aic_model]: pfrac: 1.0 xy_error: 0.000374 8.95e-05   integrators: 0.0144 , -0.00906
[INFO] [1778160264.914850705] [aic_model]: z_offset: 0.1064
[INFO] [1778160264.915936689] [aic_model]: pfrac: 1.0 xy_error: 0.000374 6.25e-05   integrators: 0.0147 , -0.009
[INFO] [1778160264.964992170] [aic_model]: z_offset: 0.1056
[INFO] [1778160264.965365238] [aic_model]: pfrac: 1.0 xy_error: 0.000379 4.61e-05   integrators: 0.0151 , -0.00896
[INFO] [1778160265.014847808] [aic_model]: z_offset: 0.1048
[INFO] [1778160265.015332887] [aic_model]: pfrac: 1.0 xy_error: 0.000367 3.5e-06   integrators: 0.0155 , -0.00895
[INFO] [1778160265.064903431] [aic_model]: z_offset: 0.104
[INFO] [1778160265.065406584] [aic_model]: pfrac: 1.0 xy_error: 0.000352 -4.31e-05   integrators: 0.0158 , -0.00899
[INFO] [1778160265.087156496] [aic_model]: insert_cable execute loop
[INFO] [1778160265.114795508] [aic_model]: z_offset: 0.1032
[INFO] [1778160265.115298971] [aic_model]: pfrac: 1.0 xy_error: 0.000341 -7.98e-05   integrators: 0.0162 , -0.00907
[INFO] [1778160265.164815675] [aic_model]: z_offset: 0.1024
[INFO] [1778160265.165185247] [aic_model]: pfrac: 1.0 xy_error: 0.000335 -0.000106   integrators: 0.0165 , -0.00918
[INFO] [1778160265.214805805] [aic_model]: z_offset: 0.1016
[INFO] [1778160265.215475370] [aic_model]: pfrac: 1.0 xy_error: 0.000337 -0.000118   integrators: 0.0169 , -0.0093
[INFO] [1778160265.264815733] [aic_model]: z_offset: 0.1008
[INFO] [1778160265.265206144] [aic_model]: pfrac: 1.0 xy_error: 0.000335 -0.000134   integrators: 0.0172 , -0.00943
[INFO] [1778160265.314841560] [aic_model]: z_offset: 0.1
[INFO] [1778160265.315222424] [aic_model]: pfrac: 1.0 xy_error: 0.000343 -0.000143   integrators: 0.0175 , -0.00958
[INFO] [1778160265.364820891] [aic_model]: z_offset: 0.0992
[INFO] [1778160265.365194701] [aic_model]: pfrac: 1.0 xy_error: 0.000358 -0.00016   integrators: 0.0179 , -0.00974
[INFO] [1778160265.414837260] [aic_model]: z_offset: 0.0984
[INFO] [1778160265.415238642] [aic_model]: pfrac: 1.0 xy_error: 0.000364 -0.000196   integrators: 0.0183 , -0.00993
[INFO] [1778160265.464834164] [aic_model]: z_offset: 0.0976
[INFO] [1778160265.465232750] [aic_model]: pfrac: 1.0 xy_error: 0.000362 -0.00022   integrators: 0.0186 , -0.0102
[INFO] [1778160265.514823863] [aic_model]: z_offset: 0.0968
[INFO] [1778160265.515270830] [aic_model]: pfrac: 1.0 xy_error: 0.000338 -0.000255   integrators: 0.019 , -0.0104
[INFO] [1778160265.564767998] [aic_model]: z_offset: 0.096
[INFO] [1778160265.565142218] [aic_model]: pfrac: 1.0 xy_error: 0.000273 -0.000322   integrators: 0.0192 , -0.0107
[INFO] [1778160265.614818982] [aic_model]: z_offset: 0.0952
[INFO] [1778160265.616003370] [aic_model]: pfrac: 1.0 xy_error: 0.000208 -0.000376   integrators: 0.0194 , -0.0111
[INFO] [1778160265.664794475] [aic_model]: z_offset: 0.0944
[INFO] [1778160265.665300172] [aic_model]: pfrac: 1.0 xy_error: 0.000144 -0.000422   integrators: 0.0196 , -0.0115
[INFO] [1778160265.715036708] [aic_model]: z_offset: 0.0936
[INFO] [1778160265.716828894] [aic_model]: pfrac: 1.0 xy_error: 9.28e-05 -0.000443   integrators: 0.0197 , -0.012
[INFO] [1778160265.766813033] [aic_model]: z_offset: 0.0928
[INFO] [1778160265.767209666] [aic_model]: pfrac: 1.0 xy_error: 2.32e-05 -0.000468   integrators: 0.0197 , -0.0124
[INFO] [1778160265.816871101] [aic_model]: z_offset: 0.092
[INFO] [1778160265.818063394] [aic_model]: pfrac: 1.0 xy_error: -3.69e-05 -0.000468   integrators: 0.0197 , -0.0129
[INFO] [1778160265.866853798] [aic_model]: z_offset: 0.0912
[INFO] [1778160265.867262293] [aic_model]: pfrac: 1.0 xy_error: -0.000102 -0.000469   integrators: 0.0196 , -0.0134
[INFO] [1778160265.916831234] [aic_model]: z_offset: 0.0904
[INFO] [1778160265.917193753] [aic_model]: pfrac: 1.0 xy_error: -0.000173 -0.000467   integrators: 0.0194 , -0.0138
[INFO] [1778160265.966827146] [aic_model]: z_offset: 0.0896
[INFO] [1778160265.967195155] [aic_model]: pfrac: 1.0 xy_error: -0.00024 -0.000464   integrators: 0.0191 , -0.0143
[INFO] [1778160266.018332043] [aic_model]: z_offset: 0.0888
[INFO] [1778160266.019057952] [aic_model]: pfrac: 1.0 xy_error: -0.000282 -0.000466   integrators: 0.0189 , -0.0148
[INFO] [1778160266.068795660] [aic_model]: z_offset: 0.088
[INFO] [1778160266.069149643] [aic_model]: pfrac: 1.0 xy_error: -0.000303 -0.000466   integrators: 0.0186 , -0.0152
[INFO] [1778160266.087425098] [aic_model]: insert_cable execute loop
[INFO] [1778160266.118809685] [aic_model]: z_offset: 0.0872
[INFO] [1778160266.119167274] [aic_model]: pfrac: 1.0 xy_error: -0.000319 -0.000468   integrators: 0.0182 , -0.0157
[INFO] [1778160266.168849999] [aic_model]: z_offset: 0.0864
[INFO] [1778160266.169249758] [aic_model]: pfrac: 1.0 xy_error: -0.000335 -0.000467   integrators: 0.0179 , -0.0162
[INFO] [1778160266.218807518] [aic_model]: z_offset: 0.0856
[INFO] [1778160266.219197168] [aic_model]: pfrac: 1.0 xy_error: -0.000345 -0.000465   integrators: 0.0176 , -0.0166
[INFO] [1778160266.268807788] [aic_model]: z_offset: 0.0848
[INFO] [1778160266.269176428] [aic_model]: pfrac: 1.0 xy_error: -0.000351 -0.000467   integrators: 0.0172 , -0.0171
[INFO] [1778160266.318813357] [aic_model]: z_offset: 0.084
[INFO] [1778160266.319183931] [aic_model]: pfrac: 1.0 xy_error: -0.000352 -0.000468   integrators: 0.0169 , -0.0176
[INFO] [1778160266.368801033] [aic_model]: z_offset: 0.0832
[INFO] [1778160266.369167529] [aic_model]: pfrac: 1.0 xy_error: -0.000375 -0.000466   integrators: 0.0165 , -0.018
[INFO] [1778160266.418863097] [aic_model]: z_offset: 0.0824
[INFO] [1778160266.419241706] [aic_model]: pfrac: 1.0 xy_error: -0.000375 -0.000464   integrators: 0.0161 , -0.0185
[INFO] [1778160266.468968013] [aic_model]: z_offset: 0.0816
[INFO] [1778160266.469332215] [aic_model]: pfrac: 1.0 xy_error: -0.000375 -0.000464   integrators: 0.0157 , -0.019
[INFO] [1778160266.518861482] [aic_model]: z_offset: 0.0808
[INFO] [1778160266.519280166] [aic_model]: pfrac: 1.0 xy_error: -0.00037 -0.000461   integrators: 0.0154 , -0.0194
[INFO] [1778160266.568787773] [aic_model]: z_offset: 0.08
[INFO] [1778160266.569153498] [aic_model]: pfrac: 1.0 xy_error: -0.000375 -0.00046   integrators: 0.015 , -0.0199
[INFO] [1778160266.618827085] [aic_model]: z_offset: 0.0792
[INFO] [1778160266.619199022] [aic_model]: pfrac: 1.0 xy_error: -0.000374 -0.00046   integrators: 0.0146 , -0.0203
[INFO] [1778160266.668838665] [aic_model]: z_offset: 0.0784
[INFO] [1778160266.669205011] [aic_model]: pfrac: 1.0 xy_error: -0.000373 -0.000461   integrators: 0.0142 , -0.0208
[INFO] [1778160266.718851548] [aic_model]: z_offset: 0.0776
[INFO] [1778160266.719225980] [aic_model]: pfrac: 1.0 xy_error: -0.000373 -0.000463   integrators: 0.0139 , -0.0213
[INFO] [1778160266.768963727] [aic_model]: z_offset: 0.0768
[INFO] [1778160266.769463002] [aic_model]: pfrac: 1.0 xy_error: -0.000375 -0.000468   integrators: 0.0135 , -0.0217
[INFO] [1778160266.818823483] [aic_model]: z_offset: 0.076
[INFO] [1778160266.819202523] [aic_model]: pfrac: 1.0 xy_error: -0.000375 -0.000467   integrators: 0.0131 , -0.0222
[INFO] [1778160266.868857926] [aic_model]: z_offset: 0.0752
[INFO] [1778160266.869226236] [aic_model]: pfrac: 1.0 xy_error: -0.000375 -0.000468   integrators: 0.0127 , -0.0227
[INFO] [1778160266.919413316] [aic_model]: z_offset: 0.0744
[INFO] [1778160266.920845187] [aic_model]: pfrac: 1.0 xy_error: -0.000371 -0.000466   integrators: 0.0124 , -0.0231
[INFO] [1778160266.970878769] [aic_model]: z_offset: 0.0736
[INFO] [1778160266.971242931] [aic_model]: pfrac: 1.0 xy_error: -0.00037 -0.000466   integrators: 0.012 , -0.0236
[INFO] [1778160267.020795451] [aic_model]: z_offset: 0.0728
[INFO] [1778160267.021155696] [aic_model]: pfrac: 1.0 xy_error: -0.00037 -0.000466   integrators: 0.0116 , -0.0241
[INFO] [1778160267.070811530] [aic_model]: z_offset: 0.072
[INFO] [1778160267.071200418] [aic_model]: pfrac: 1.0 xy_error: -0.00037 -0.000466   integrators: 0.0113 , -0.0245
[INFO] [1778160267.089247256] [aic_model]: insert_cable execute loop
[INFO] [1778160267.120865880] [aic_model]: z_offset: 0.0712
[INFO] [1778160267.121230343] [aic_model]: pfrac: 1.0 xy_error: -0.000371 -0.000466   integrators: 0.0109 , -0.025
[INFO] [1778160267.170954014] [aic_model]: z_offset: 0.0704
[INFO] [1778160267.171337482] [aic_model]: pfrac: 1.0 xy_error: -0.000371 -0.000466   integrators: 0.0105 , -0.0255
[INFO] [1778160267.220846842] [aic_model]: z_offset: 0.0696
[INFO] [1778160267.221216795] [aic_model]: pfrac: 1.0 xy_error: -0.000371 -0.000466   integrators: 0.0101 , -0.0259
[INFO] [1778160267.270842442] [aic_model]: z_offset: 0.0688
[INFO] [1778160267.271210872] [aic_model]: pfrac: 1.0 xy_error: -0.000371 -0.000466   integrators: 0.00978 , -0.0264
[INFO] [1778160267.320832622] [aic_model]: z_offset: 0.068
[INFO] [1778160267.321208196] [aic_model]: pfrac: 1.0 xy_error: -0.00037 -0.000466   integrators: 0.0094 , -0.0269
[INFO] [1778160267.370970499] [aic_model]: z_offset: 0.0672
[INFO] [1778160267.371475244] [aic_model]: pfrac: 1.0 xy_error: -0.00037 -0.000466   integrators: 0.00903 , -0.0273
[INFO] [1778160267.420856985] [aic_model]: z_offset: 0.0664
[INFO] [1778160267.421234652] [aic_model]: pfrac: 1.0 xy_error: -0.00037 -0.000466   integrators: 0.00866 , -0.0278
[INFO] [1778160267.471030499] [aic_model]: z_offset: 0.0656
[INFO] [1778160267.471395703] [aic_model]: pfrac: 1.0 xy_error: -0.00037 -0.000466   integrators: 0.00829 , -0.0283
[INFO] [1778160267.520862382] [aic_model]: z_offset: 0.0648
[INFO] [1778160267.521230892] [aic_model]: pfrac: 1.0 xy_error: -0.00037 -0.000466   integrators: 0.00792 , -0.0287
[INFO] [1778160267.570841953] [aic_model]: z_offset: 0.064
[INFO] [1778160267.571203460] [aic_model]: pfrac: 1.0 xy_error: -0.00037 -0.000466   integrators: 0.00755 , -0.0292
[INFO] [1778160267.622753020] [aic_model]: z_offset: 0.0632
[INFO] [1778160267.623119997] [aic_model]: pfrac: 1.0 xy_error: -0.00037 -0.000466   integrators: 0.00718 , -0.0297
[INFO] [1778160267.672910954] [aic_model]: z_offset: 0.0624
[INFO] [1778160267.673301756] [aic_model]: pfrac: 1.0 xy_error: -0.00037 -0.000466   integrators: 0.00681 , -0.0301
[INFO] [1778160267.723058189] [aic_model]: z_offset: 0.0616
[INFO] [1778160267.723432109] [aic_model]: pfrac: 1.0 xy_error: -0.000371 -0.000466   integrators: 0.00644 , -0.0306
[INFO] [1778160267.772914408] [aic_model]: z_offset: 0.0608
[INFO] [1778160267.773291514] [aic_model]: pfrac: 1.0 xy_error: -0.000371 -0.000466   integrators: 0.00607 , -0.0311
[INFO] [1778160267.822811734] [aic_model]: z_offset: 0.06
[INFO] [1778160267.823184192] [aic_model]: pfrac: 1.0 xy_error: -0.00037 -0.000466   integrators: 0.0057 , -0.0315
[INFO] [1778160267.872829506] [aic_model]: z_offset: 0.0592
[INFO] [1778160267.873183529] [aic_model]: pfrac: 1.0 xy_error: -0.00037 -0.000466   integrators: 0.00533 , -0.032
[INFO] [1778160267.923056329] [aic_model]: z_offset: 0.0584
[INFO] [1778160267.923564311] [aic_model]: pfrac: 1.0 xy_error: -0.00037 -0.000466   integrators: 0.00496 , -0.0325
[INFO] [1778160267.972861774] [aic_model]: z_offset: 0.0576
[INFO] [1778160267.973221317] [aic_model]: pfrac: 1.0 xy_error: -0.00037 -0.000466   integrators: 0.00459 , -0.0329
[INFO] [1778160268.022861331] [aic_model]: z_offset: 0.0568
[INFO] [1778160268.023229390] [aic_model]: pfrac: 1.0 xy_error: -0.00037 -0.000466   integrators: 0.00422 , -0.0334
[INFO] [1778160268.072905602] [aic_model]: z_offset: 0.056
[INFO] [1778160268.073268753] [aic_model]: pfrac: 1.0 xy_error: -0.00037 -0.000466   integrators: 0.00385 , -0.0339
[INFO] [1778160268.089463812] [aic_model]: insert_cable execute loop
[INFO] [1778160268.122926690] [aic_model]: z_offset: 0.0552
[INFO] [1778160268.123293668] [aic_model]: pfrac: 1.0 xy_error: -0.00037 -0.000466   integrators: 0.00348 , -0.0343
[INFO] [1778160268.172881624] [aic_model]: z_offset: 0.0544
[INFO] [1778160268.173259402] [aic_model]: pfrac: 1.0 xy_error: -0.00037 -0.000465   integrators: 0.00311 , -0.0348
[INFO] [1778160268.222809928] [aic_model]: z_offset: 0.0536
[INFO] [1778160268.223187445] [aic_model]: pfrac: 1.0 xy_error: -0.00037 -0.000465   integrators: 0.00274 , -0.0353
[INFO] [1778160268.272935452] [aic_model]: z_offset: 0.0528
[INFO] [1778160268.273312177] [aic_model]: pfrac: 1.0 xy_error: -0.00037 -0.000465   integrators: 0.00237 , -0.0357
[INFO] [1778160268.323366838] [aic_model]: z_offset: 0.052
[INFO] [1778160268.323785963] [aic_model]: pfrac: 1.0 xy_error: -0.00037 -0.000465   integrators: 0.002 , -0.0362
[INFO] [1778160268.372815894] [aic_model]: z_offset: 0.0512
[INFO] [1778160268.373192540] [aic_model]: pfrac: 1.0 xy_error: -0.00037 -0.000465   integrators: 0.00163 , -0.0367
[INFO] [1778160268.423028120] [aic_model]: z_offset: 0.0504
[INFO] [1778160268.423398103] [aic_model]: pfrac: 1.0 xy_error: -0.00037 -0.000465   integrators: 0.00126 , -0.0371
[INFO] [1778160268.472902844] [aic_model]: z_offset: 0.0496
[INFO] [1778160268.473268910] [aic_model]: pfrac: 1.0 xy_error: -0.00037 -0.000465   integrators: 0.000889 , -0.0376
[INFO] [1778160268.522949009] [aic_model]: z_offset: 0.0488
[INFO] [1778160268.523316647] [aic_model]: pfrac: 1.0 xy_error: -0.00037 -0.000466   integrators: 0.000519 , -0.038
[INFO] [1778160268.572957784] [aic_model]: z_offset: 0.048
[INFO] [1778160268.573329450] [aic_model]: pfrac: 1.0 xy_error: -0.00037 -0.000465   integrators: 0.00015 , -0.0385
[INFO] [1778160268.622879635] [aic_model]: z_offset: 0.0472
[INFO] [1778160268.623247374] [aic_model]: pfrac: 1.0 xy_error: -0.00037 -0.000465   integrators: -0.00022 , -0.039
[INFO] [1778160268.672985172] [aic_model]: z_offset: 0.0464
[INFO] [1778160268.673358941] [aic_model]: pfrac: 1.0 xy_error: -0.00037 -0.000465   integrators: -0.00059 , -0.0394
[INFO] [1778160268.723159146] [aic_model]: z_offset: 0.0456
[INFO] [1778160268.723556340] [aic_model]: pfrac: 1.0 xy_error: -0.00037 -0.000465   integrators: -0.00096 , -0.0399
[INFO] [1778160268.772847551] [aic_model]: z_offset: 0.0448
[INFO] [1778160268.773211763] [aic_model]: pfrac: 1.0 xy_error: -0.00037 -0.000465   integrators: -0.00133 , -0.0404
[INFO] [1778160268.822885149] [aic_model]: z_offset: 0.044
[INFO] [1778160268.823255072] [aic_model]: pfrac: 1.0 xy_error: -0.000369 -0.000465   integrators: -0.0017 , -0.0408
[INFO] [1778160268.872878124] [aic_model]: z_offset: 0.0432
[INFO] [1778160268.873251564] [aic_model]: pfrac: 1.0 xy_error: -0.000369 -0.000465   integrators: -0.00207 , -0.0413
[INFO] [1778160268.922905003] [aic_model]: z_offset: 0.0424
[INFO] [1778160268.923281218] [aic_model]: pfrac: 1.0 xy_error: -0.000369 -0.000465   integrators: -0.00244 , -0.0418
[INFO] [1778160268.972927003] [aic_model]: z_offset: 0.0416
[INFO] [1778160268.973289161] [aic_model]: pfrac: 1.0 xy_error: -0.00037 -0.000465   integrators: -0.00281 , -0.0422
[INFO] [1778160269.022954803] [aic_model]: z_offset: 0.0408
[INFO] [1778160269.023312884] [aic_model]: pfrac: 1.0 xy_error: -0.00037 -0.000465   integrators: -0.00318 , -0.0427
[INFO] [1778160269.072950002] [aic_model]: z_offset: 0.04
[INFO] [1778160269.073326157] [aic_model]: pfrac: 1.0 xy_error: -0.00037 -0.000465   integrators: -0.00355 , -0.0432
[INFO] [1778160269.089313227] [aic_model]: insert_cable execute loop
[INFO] [1778160269.123588296] [aic_model]: z_offset: 0.0392
[INFO] [1778160269.125355645] [aic_model]: pfrac: 1.0 xy_error: -0.00037 -0.000465   integrators: -0.00392 , -0.0436
[INFO] [1778160269.175355303] [aic_model]: z_offset: 0.0384
[INFO] [1778160269.175762906] [aic_model]: pfrac: 1.0 xy_error: -0.00037 -0.000465   integrators: -0.00429 , -0.0441
[INFO] [1778160269.225225328] [aic_model]: z_offset: 0.0376
[INFO] [1778160269.225617913] [aic_model]: pfrac: 1.0 xy_error: -0.00037 -0.000465   integrators: -0.00466 , -0.0446
[INFO] [1778160269.275063813] [aic_model]: z_offset: 0.0368
[INFO] [1778160269.275483589] [aic_model]: pfrac: 1.0 xy_error: -0.00037 -0.000465   integrators: -0.00503 , -0.045
[INFO] [1778160269.325103335] [aic_model]: z_offset: 0.036
[INFO] [1778160269.325521188] [aic_model]: pfrac: 1.0 xy_error: -0.00037 -0.000465   integrators: -0.0054 , -0.0455
[INFO] [1778160269.375077455] [aic_model]: z_offset: 0.0352
[INFO] [1778160269.375612136] [aic_model]: pfrac: 1.0 xy_error: -0.00037 -0.000465   integrators: -0.00577 , -0.046
[INFO] [1778160269.425122047] [aic_model]: z_offset: 0.0344
[INFO] [1778160269.425646990] [aic_model]: pfrac: 1.0 xy_error: -0.00037 -0.000465   integrators: -0.00614 , -0.0464
[INFO] [1778160269.475136412] [aic_model]: z_offset: 0.0336
[INFO] [1778160269.475687424] [aic_model]: pfrac: 1.0 xy_error: -0.00037 -0.000465   integrators: -0.00651 , -0.0469
[INFO] [1778160269.525201502] [aic_model]: z_offset: 0.0328
[INFO] [1778160269.525615387] [aic_model]: pfrac: 1.0 xy_error: -0.000371 -0.000465   integrators: -0.00688 , -0.0473
[INFO] [1778160269.575257915] [aic_model]: z_offset: 0.032
[INFO] [1778160269.575681228] [aic_model]: pfrac: 1.0 xy_error: -0.00037 -0.000465   integrators: -0.00725 , -0.0478
[INFO] [1778160269.625105438] [aic_model]: z_offset: 0.0312
[INFO] [1778160269.625489758] [aic_model]: pfrac: 1.0 xy_error: -0.000371 -0.000465   integrators: -0.00762 , -0.0483
[INFO] [1778160269.675440704] [aic_model]: z_offset: 0.0304
[INFO] [1778160269.676979276] [aic_model]: pfrac: 1.0 xy_error: -0.00037 -0.000465   integrators: -0.00799 , -0.0487
[INFO] [1778160269.727323168] [aic_model]: z_offset: 0.0296
[INFO] [1778160269.728183038] [aic_model]: pfrac: 1.0 xy_error: -0.00037 -0.000465   integrators: -0.00836 , -0.0492
[INFO] [1778160269.777112552] [aic_model]: z_offset: 0.0288
[INFO] [1778160269.777488796] [aic_model]: pfrac: 1.0 xy_error: -0.00037 -0.000465   integrators: -0.00873 , -0.0497
[INFO] [1778160269.826959924] [aic_model]: z_offset: 0.028
[INFO] [1778160269.827332031] [aic_model]: pfrac: 1.0 xy_error: -0.00037 -0.000466   integrators: -0.0091 , -0.0501
[INFO] [1778160269.876980931] [aic_model]: z_offset: 0.0272
[INFO] [1778160269.877342318] [aic_model]: pfrac: 1.0 xy_error: -0.00037 -0.000465   integrators: -0.00947 , -0.0506
[INFO] [1778160269.926971552] [aic_model]: z_offset: 0.0264
[INFO] [1778160269.927337848] [aic_model]: pfrac: 1.0 xy_error: -0.00037 -0.000465   integrators: -0.00984 , -0.0511
[INFO] [1778160269.976992519] [aic_model]: z_offset: 0.0256
[INFO] [1778160269.977364817] [aic_model]: pfrac: 1.0 xy_error: -0.00037 -0.000465   integrators: -0.0102 , -0.0515
[INFO] [1778160270.027154751] [aic_model]: z_offset: 0.0248
[INFO] [1778160270.027541545] [aic_model]: pfrac: 1.0 xy_error: -0.00037 -0.000465   integrators: -0.0106 , -0.052
[INFO] [1778160270.077047759] [aic_model]: z_offset: 0.024
[INFO] [1778160270.077413965] [aic_model]: pfrac: 1.0 xy_error: -0.00037 -0.000465   integrators: -0.0109 , -0.0525
[INFO] [1778160270.089456808] [aic_model]: insert_cable execute loop
[INFO] [1778160270.127014745] [aic_model]: z_offset: 0.0232
[INFO] [1778160270.127376592] [aic_model]: pfrac: 1.0 xy_error: -0.000371 -0.000467   integrators: -0.0113 , -0.0529
[INFO] [1778160270.177061170] [aic_model]: z_offset: 0.0224
[INFO] [1778160270.177438446] [aic_model]: pfrac: 1.0 xy_error: -0.000371 -0.000469   integrators: -0.0117 , -0.0534
[INFO] [1778160270.229119342] [aic_model]: z_offset: 0.0216
[INFO] [1778160270.229498261] [aic_model]: pfrac: 1.0 xy_error: -0.000371 -0.000469   integrators: -0.0121 , -0.0539
[INFO] [1778160270.279546470] [aic_model]: z_offset: 0.0208
[INFO] [1778160270.279993727] [aic_model]: pfrac: 1.0 xy_error: -0.000372 -0.000468   integrators: -0.0124 , -0.0543
[INFO] [1778160270.329085344] [aic_model]: z_offset: 0.02
[INFO] [1778160270.329453995] [aic_model]: pfrac: 1.0 xy_error: -0.000372 -0.000468   integrators: -0.0128 , -0.0548
[INFO] [1778160270.378962913] [aic_model]: z_offset: 0.0192
[INFO] [1778160270.379344197] [aic_model]: pfrac: 1.0 xy_error: -0.000371 -0.000469   integrators: -0.0132 , -0.0553
[INFO] [1778160270.428951119] [aic_model]: z_offset: 0.0184
[INFO] [1778160270.429334767] [aic_model]: pfrac: 1.0 xy_error: -0.000371 -0.00047   integrators: -0.0135 , -0.0557
[INFO] [1778160270.479173894] [aic_model]: z_offset: 0.0176
[INFO] [1778160270.479557312] [aic_model]: pfrac: 1.0 xy_error: -0.000372 -0.000469   integrators: -0.0139 , -0.0562
[INFO] [1778160270.528972845] [aic_model]: z_offset: 0.0168
[INFO] [1778160270.529342017] [aic_model]: pfrac: 1.0 xy_error: -0.000371 -0.000469   integrators: -0.0143 , -0.0567
[INFO] [1778160270.578990967] [aic_model]: z_offset: 0.016
[INFO] [1778160270.579467149] [aic_model]: pfrac: 1.0 xy_error: -0.000371 -0.000469   integrators: -0.0147 , -0.0572
[INFO] [1778160270.629127481] [aic_model]: z_offset: 0.0152
[INFO] [1778160270.629502844] [aic_model]: pfrac: 1.0 xy_error: -0.000371 -0.000469   integrators: -0.015 , -0.0576
[INFO] [1778160270.679384310] [aic_model]: z_offset: 0.0144
[INFO] [1778160270.679828692] [aic_model]: pfrac: 1.0 xy_error: -0.000371 -0.000469   integrators: -0.0154 , -0.0581
[INFO] [1778160270.729418231] [aic_model]: z_offset: 0.0136
[INFO] [1778160270.729852053] [aic_model]: pfrac: 1.0 xy_error: -0.000372 -0.00047   integrators: -0.0158 , -0.0586
[INFO] [1778160270.779089724] [aic_model]: z_offset: 0.012801
[INFO] [1778160270.779471399] [aic_model]: pfrac: 1.0 xy_error: -0.000372 -0.000468   integrators: -0.0161 , -0.059
[INFO] [1778160270.829047623] [aic_model]: z_offset: 0.012001
[INFO] [1778160270.829431652] [aic_model]: pfrac: 1.0 xy_error: -0.000371 -0.000469   integrators: -0.0165 , -0.0595
[INFO] [1778160270.879029066] [aic_model]: z_offset: 0.011201
[INFO] [1778160270.879404549] [aic_model]: pfrac: 1.0 xy_error: -0.000372 -0.000469   integrators: -0.0169 , -0.06
[INFO] [1778160270.929071804] [aic_model]: z_offset: 0.010401
[INFO] [1778160270.929563044] [aic_model]: pfrac: 1.0 xy_error: -0.000371 -0.000469   integrators: -0.0173 , -0.0604
[INFO] [1778160270.978999176] [aic_model]: z_offset: 0.0096008
[INFO] [1778160270.979383385] [aic_model]: pfrac: 1.0 xy_error: -0.000371 -0.000469   integrators: -0.0176 , -0.0609
[INFO] [1778160271.029076027] [aic_model]: z_offset: 0.0088008
[INFO] [1778160271.029595110] [aic_model]: pfrac: 1.0 xy_error: -0.000371 -0.000469   integrators: -0.018 , -0.0614
[INFO] [1778160271.079143782] [aic_model]: z_offset: 0.0080009
[INFO] [1778160271.079545524] [aic_model]: pfrac: 1.0 xy_error: -0.000371 -0.000469   integrators: -0.0184 , -0.0618
[INFO] [1778160271.089548517] [aic_model]: insert_cable execute loop
[INFO] [1778160271.129039114] [aic_model]: Alignment degraded (0.0618 > 0.0210), re-aligning...
[INFO] [1778160271.129422652] [aic_model]: pfrac: 1.0 xy_error: -0.000371 -0.000469   integrators: -0.0187 , -0.0623
[INFO] [1778160271.179247662] [aic_model]: pfrac: 1.0 xy_error: -0.000371 -0.000468   integrators: -0.0191 , -0.0628
[INFO] [1778160271.229275722] [aic_model]: pfrac: 1.0 xy_error: -0.000371 -0.000469   integrators: -0.0195 , -0.0633
[INFO] [1778160271.279185050] [aic_model]: pfrac: 1.0 xy_error: -0.000371 -0.000469   integrators: -0.0199 , -0.0637
[INFO] [1778160271.329362290] [aic_model]: pfrac: 1.0 xy_error: -0.000371 -0.000468   integrators: -0.0202 , -0.0642
[INFO] [1778160271.379269804] [aic_model]: pfrac: 1.0 xy_error: -0.000371 -0.000469   integrators: -0.0206 , -0.0647
[INFO] [1778160271.429207355] [aic_model]: pfrac: 1.0 xy_error: -0.000371 -0.000468   integrators: -0.021 , -0.0651
[INFO] [1778160271.479150105] [aic_model]: pfrac: 1.0 xy_error: -0.000371 -0.000468   integrators: -0.0213 , -0.0656
[INFO] [1778160271.529572725] [aic_model]: pfrac: 1.0 xy_error: -0.000372 -0.000467   integrators: -0.0217 , -0.0661
[INFO] [1778160271.579241452] [aic_model]: pfrac: 1.0 xy_error: -0.000372 -0.000469   integrators: -0.0221 , -0.0665
[INFO] [1778160271.628961085] [aic_model]: z_offset: 0.007201
[INFO] [1778160271.629341367] [aic_model]: pfrac: 1.0 xy_error: -0.000372 -0.000468   integrators: -0.0225 , -0.067
[INFO] [1778160271.679227742] [aic_model]: z_offset: 0.006401
[INFO] [1778160271.679643791] [aic_model]: pfrac: 1.0 xy_error: -0.000372 -0.000467   integrators: -0.0228 , -0.0675
[INFO] [1778160271.729342815] [aic_model]: z_offset: 0.0056011
[INFO] [1778160271.729911520] [aic_model]: pfrac: 1.0 xy_error: -0.000372 -0.000468   integrators: -0.0232 , -0.0679
[INFO] [1778160271.778979252] [aic_model]: z_offset: 0.0048012
[INFO] [1778160271.779354895] [aic_model]: pfrac: 1.0 xy_error: -0.000371 -0.000468   integrators: -0.0236 , -0.0684
[INFO] [1778160271.829023823] [aic_model]: z_offset: 0.0040012
[INFO] [1778160271.829413182] [aic_model]: pfrac: 1.0 xy_error: -0.000372 -0.000468   integrators: -0.0239 , -0.0689
[INFO] [1778160271.879081308] [aic_model]: z_offset: 0.0032013
[INFO] [1778160271.879496646] [aic_model]: pfrac: 1.0 xy_error: -0.000372 -0.000469   integrators: -0.0243 , -0.0693
[INFO] [1778160271.929047493] [aic_model]: z_offset: 0.0024013
[INFO] [1778160271.929426162] [aic_model]: pfrac: 1.0 xy_error: -0.000371 -0.000467   integrators: -0.0247 , -0.0698
[INFO] [1778160271.979000523] [aic_model]: z_offset: 0.0016014
[INFO] [1778160271.979398047] [aic_model]: pfrac: 1.0 xy_error: -0.000371 -0.000467   integrators: -0.0251 , -0.0703
[INFO] [1778160272.028955446] [aic_model]: z_offset: 0.00080147
[INFO] [1778160272.029338804] [aic_model]: pfrac: 1.0 xy_error: -0.000372 -0.000468   integrators: -0.0254 , -0.0707
[INFO] [1778160272.079079636] [aic_model]: z_offset: 1.534e-06
[INFO] [1778160272.079462152] [aic_model]: pfrac: 1.0 xy_error: -0.000372 -0.000468   integrators: -0.0258 , -0.0712
[INFO] [1778160272.089549112] [aic_model]: insert_cable execute loop
[INFO] [1778160272.129227530] [aic_model]: z_offset: -0.0007984
[INFO] [1778160272.131777436] [aic_model]: pfrac: 1.0 xy_error: -0.000372 -0.000467   integrators: -0.0262 , -0.0717
[INFO] [1778160272.181132165] [aic_model]: z_offset: -0.0015983
[INFO] [1778160272.181724734] [aic_model]: pfrac: 1.0 xy_error: -0.000371 -0.000467   integrators: -0.0265 , -0.0721
[INFO] [1778160272.230969848] [aic_model]: z_offset: -0.0023983
[INFO] [1778160272.231369126] [aic_model]: pfrac: 1.0 xy_error: -0.000372 -0.000468   integrators: -0.0269 , -0.0726
[INFO] [1778160272.281442741] [aic_model]: z_offset: -0.0031982
[INFO] [1778160272.282216631] [aic_model]: pfrac: 1.0 xy_error: -0.000371 -0.000467   integrators: -0.0273 , -0.0731
[INFO] [1778160272.331002044] [aic_model]: z_offset: -0.0039981
[INFO] [1778160272.331395080] [aic_model]: pfrac: 1.0 xy_error: -0.000372 -0.000467   integrators: -0.0277 , -0.0735
[INFO] [1778160272.381547603] [aic_model]: z_offset: -0.0047981
[INFO] [1778160272.382010439] [aic_model]: pfrac: 1.0 xy_error: -0.000371 -0.000468   integrators: -0.028 , -0.074
[INFO] [1778160272.431155736] [aic_model]: z_offset: -0.005598
[INFO] [1778160272.431592063] [aic_model]: pfrac: 1.0 xy_error: -0.000371 -0.000467   integrators: -0.0284 , -0.0745
[INFO] [1778160272.481377088] [aic_model]: z_offset: -0.006398
[INFO] [1778160272.482226369] [aic_model]: pfrac: 1.0 xy_error: -0.000372 -0.000467   integrators: -0.0288 , -0.0749
[INFO] [1778160272.531023354] [aic_model]: z_offset: -0.0071979
[INFO] [1778160272.531410138] [aic_model]: pfrac: 1.0 xy_error: -0.000371 -0.000467   integrators: -0.0292 , -0.0754
[INFO] [1778160272.581447145] [aic_model]: z_offset: -0.0079978
[INFO] [1778160272.582333615] [aic_model]: pfrac: 1.0 xy_error: -0.000371 -0.000467   integrators: -0.0295 , -0.0759
[INFO] [1778160272.631042845] [aic_model]: z_offset: -0.0087978
[INFO] [1778160272.631593566] [aic_model]: pfrac: 1.0 xy_error: -0.000372 -0.000467   integrators: -0.0299 , -0.0763
[INFO] [1778160272.681439115] [aic_model]: z_offset: -0.0095977
[INFO] [1778160272.682162529] [aic_model]: pfrac: 1.0 xy_error: -0.000372 -0.000467   integrators: -0.0303 , -0.0768
[INFO] [1778160272.731310241] [aic_model]: z_offset: -0.010398
[INFO] [1778160272.732128744] [aic_model]: pfrac: 1.0 xy_error: -0.000372 -0.000467   integrators: -0.0306 , -0.0773
[INFO] [1778160272.781149207] [aic_model]: z_offset: -0.011198
[INFO] [1778160272.781630668] [aic_model]: pfrac: 1.0 xy_error: -0.000371 -0.000467   integrators: -0.031 , -0.0777
[INFO] [1778160272.831093640] [aic_model]: z_offset: -0.011998
[INFO] [1778160272.831492918] [aic_model]: pfrac: 1.0 xy_error: -0.000371 -0.000468   integrators: -0.0314 , -0.0782
[INFO] [1778160272.881428555] [aic_model]: z_offset: -0.012797
[INFO] [1778160272.882355130] [aic_model]: pfrac: 1.0 xy_error: -0.000371 -0.000467   integrators: -0.0318 , -0.0787
[INFO] [1778160272.930991885] [aic_model]: z_offset: -0.013597
[INFO] [1778160272.931371335] [aic_model]: pfrac: 1.0 xy_error: -0.000371 -0.000467   integrators: -0.0321 , -0.0791
[INFO] [1778160272.981184383] [aic_model]: z_offset: -0.014397
[INFO] [1778160272.981717371] [aic_model]: pfrac: 1.0 xy_error: -0.000371 -0.000467   integrators: -0.0325 , -0.0796
[INFO] [1778160273.031030031] [aic_model]: z_offset: -0.015197
[INFO] [1778160273.031451641] [aic_model]: pfrac: 1.0 xy_error: -0.000371 -0.000467   integrators: -0.0329 , -0.08
[INFO] [1778160273.081278143] [aic_model]: Waiting for connector to stabilize...
[INFO] [1778160273.089295538] [aic_model]: insert_cable execute loop
[INFO] [1778160274.091152972] [aic_model]: insert_cable execute loop
[INFO] [1778160275.081212267] [aic_model]: AutoCode2.insert_cable() exiting...
[INFO] [1778160275.091233073] [aic_model]: insert_cable() returned True
[INFO] [1778160275.403604603] [aic_model]: on_deactivate(LifecycleState(label='active', state_id=3))
[INFO] [1778160276.420355900] [aic_model]: on_activate()
[INFO] [1778160278.749911247] [aic_model]: Goal accepted
[INFO] [1778160278.751889031] [aic_model]: Entering insert_cable_execute_callback()
[INFO] [1778160278.753611757] [aic_model]: AutoCode2.insert_cable() task: aic_task_interfaces.msg.Task(id='task_1', cable_type='sfp_sc', cable_name='cable_1', plug_type='sc', plug_name='sc_tip', port_type='sc', port_name='sc_port_base', target_module_name='sc_port_1', time_limit=180)
[INFO] [1778160278.754162408] [aic_model]: insert_cable execute loop
[INFO] [1778160278.754639842] [aic_model]: pfrac: 0.0 xy_error: -0.125 0.0636   integrators: 0.0 , 0.0
[INFO] [1778160278.805432052] [aic_model]: pfrac: 0.025 xy_error: -0.125 0.0636   integrators: 0.0 , 0.0
[INFO] [1778160278.855479257] [aic_model]: pfrac: 0.05 xy_error: -0.125 0.0639   integrators: 0.0 , 0.0
[INFO] [1778160278.905464506] [aic_model]: pfrac: 0.075 xy_error: -0.124 0.0643   integrators: 0.0 , 0.0
[INFO] [1778160278.955535946] [aic_model]: pfrac: 0.1 xy_error: -0.124 0.0647   integrators: 0.0 , 0.0
[INFO] [1778160279.005349012] [aic_model]: pfrac: 0.125 xy_error: -0.124 0.0651   integrators: 0.0 , 0.0
[INFO] [1778160279.055170554] [aic_model]: pfrac: 0.15 xy_error: -0.123 0.0654   integrators: 0.0 , 0.0
[INFO] [1778160279.105465843] [aic_model]: pfrac: 0.175 xy_error: -0.122 0.0656   integrators: 0.0 , 0.0
[INFO] [1778160279.154904708] [aic_model]: pfrac: 0.2 xy_error: -0.121 0.0657   integrators: 0.0 , 0.0
[INFO] [1778160279.205504577] [aic_model]: pfrac: 0.225 xy_error: -0.12 0.0657   integrators: 0.0 , 0.0
[INFO] [1778160279.255240018] [aic_model]: pfrac: 0.25 xy_error: -0.119 0.0655   integrators: 0.0 , 0.0
[INFO] [1778160279.305424249] [aic_model]: pfrac: 0.275 xy_error: -0.117 0.0651   integrators: 0.0 , 0.0
[INFO] [1778160279.355854251] [aic_model]: pfrac: 0.3 xy_error: -0.116 0.0646   integrators: 0.0 , 0.0
[INFO] [1778160279.405380439] [aic_model]: pfrac: 0.325 xy_error: -0.114 0.0639   integrators: 0.0 , 0.0
[INFO] [1778160279.455432132] [aic_model]: pfrac: 0.35 xy_error: -0.112 0.063   integrators: 0.0 , 0.0
[INFO] [1778160279.505504885] [aic_model]: pfrac: 0.375 xy_error: -0.109 0.062   integrators: 0.0 , 0.0
[INFO] [1778160279.555097097] [aic_model]: pfrac: 0.4 xy_error: -0.107 0.0608   integrators: 0.0 , 0.0
[INFO] [1778160279.605473638] [aic_model]: pfrac: 0.425 xy_error: -0.104 0.0594   integrators: 0.0 , 0.0
[INFO] [1778160279.655433289] [aic_model]: pfrac: 0.45 xy_error: -0.102 0.0579   integrators: 0.0 , 0.0
[INFO] [1778160279.705751901] [aic_model]: pfrac: 0.475 xy_error: -0.0985 0.0563   integrators: 0.0 , 0.0
[INFO] [1778160279.753867929] [aic_model]: insert_cable execute loop
[INFO] [1778160279.755534510] [aic_model]: pfrac: 0.5 xy_error: -0.0953 0.0546   integrators: 0.0 , 0.0
[INFO] [1778160279.805328771] [aic_model]: pfrac: 0.525 xy_error: -0.092 0.0527   integrators: 0.0 , 0.0
[INFO] [1778160279.855546104] [aic_model]: pfrac: 0.55 xy_error: -0.0886 0.0507   integrators: 0.0 , 0.0
[INFO] [1778160279.905462724] [aic_model]: pfrac: 0.575 xy_error: -0.085 0.0486   integrators: 0.0 , 0.0
[INFO] [1778160279.955410032] [aic_model]: pfrac: 0.6 xy_error: -0.0813 0.0465   integrators: 0.0 , 0.0
[INFO] [1778160280.005655477] [aic_model]: pfrac: 0.625 xy_error: -0.0774 0.0443   integrators: 0.0 , 0.0
[INFO] [1778160280.055564653] [aic_model]: pfrac: 0.65 xy_error: -0.0736 0.042   integrators: 0.0 , 0.0
[INFO] [1778160280.105013477] [aic_model]: pfrac: 0.675 xy_error: -0.0696 0.0397   integrators: 0.0 , 0.0
[INFO] [1778160280.155352598] [aic_model]: pfrac: 0.7 xy_error: -0.0656 0.0373   integrators: 0.0 , 0.0
[INFO] [1778160280.205040419] [aic_model]: pfrac: 0.725 xy_error: -0.0616 0.0349   integrators: 0.0 , 0.0
[INFO] [1778160280.254998055] [aic_model]: pfrac: 0.75 xy_error: -0.0576 0.0325   integrators: 0.0 , 0.0
[INFO] [1778160280.305347947] [aic_model]: pfrac: 0.775 xy_error: -0.0536 0.0301   integrators: 0.0 , 0.0
[INFO] [1778160280.355419697] [aic_model]: pfrac: 0.8 xy_error: -0.0496 0.0277   integrators: 0.0 , 0.0
[INFO] [1778160280.405493040] [aic_model]: pfrac: 0.825 xy_error: -0.0457 0.0254   integrators: 0.0 , 0.0
[INFO] [1778160280.455334469] [aic_model]: pfrac: 0.85 xy_error: -0.0419 0.0231   integrators: 0.0 , 0.0
[INFO] [1778160280.504872029] [aic_model]: pfrac: 0.875 xy_error: -0.0381 0.0209   integrators: 0.0 , 0.0
[INFO] [1778160280.555331255] [aic_model]: pfrac: 0.9 xy_error: -0.0345 0.0187   integrators: 0.0 , 0.0
[INFO] [1778160280.605523380] [aic_model]: pfrac: 0.925 xy_error: -0.031 0.0166   integrators: 0.0 , 0.0
[INFO] [1778160280.654666351] [aic_model]: pfrac: 0.95 xy_error: -0.0277 0.0146   integrators: 0.0 , 0.0
[INFO] [1778160280.705737403] [aic_model]: pfrac: 0.975 xy_error: -0.0245 0.0127   integrators: 0.0 , 0.0
[INFO] [1778160280.753928571] [aic_model]: insert_cable execute loop
[INFO] [1778160280.755667568] [aic_model]: pfrac: 1.0 xy_error: -0.0215 0.0109   integrators: -0.0215 , 0.0109
[INFO] [1778160280.804725950] [aic_model]: pfrac: 1.0 xy_error: -0.0186 0.00924   integrators: -0.0402 , 0.0202
[INFO] [1778160280.854661385] [aic_model]: pfrac: 1.0 xy_error: -0.0158 0.00763   integrators: -0.056 , 0.0278
[INFO] [1778160280.905393953] [aic_model]: pfrac: 1.0 xy_error: -0.0131 0.00608   integrators: -0.0691 , 0.0339
[INFO] [1778160280.955498996] [aic_model]: pfrac: 1.0 xy_error: -0.0105 0.00459   integrators: -0.0796 , 0.0385
[INFO] [1778160281.005358198] [aic_model]: pfrac: 1.0 xy_error: -0.00795 0.00321   integrators: -0.08 , 0.0417
[INFO] [1778160281.055772089] [aic_model]: pfrac: 1.0 xy_error: -0.00557 0.00193   integrators: -0.08 , 0.0436
[INFO] [1778160281.104860127] [aic_model]: pfrac: 1.0 xy_error: -0.00335 0.000754   integrators: -0.08 , 0.0444
[INFO] [1778160281.155398310] [aic_model]: pfrac: 1.0 xy_error: -0.00129 -0.000288   integrators: -0.08 , 0.0441
[INFO] [1778160281.204702062] [aic_model]: pfrac: 1.0 xy_error: 0.000597 -0.00125   integrators: -0.0794 , 0.0428
[INFO] [1778160281.254624893] [aic_model]: pfrac: 1.0 xy_error: 0.00231 -0.0021   integrators: -0.0771 , 0.0407
[INFO] [1778160281.305051097] [aic_model]: pfrac: 1.0 xy_error: 0.00383 -0.00282   integrators: -0.0733 , 0.0379
[INFO] [1778160281.355441083] [aic_model]: pfrac: 1.0 xy_error: 0.00515 -0.00344   integrators: -0.0681 , 0.0345
[INFO] [1778160281.405299423] [aic_model]: pfrac: 1.0 xy_error: 0.00628 -0.00395   integrators: -0.0618 , 0.0305
[INFO] [1778160281.455028141] [aic_model]: pfrac: 1.0 xy_error: 0.0072 -0.00435   integrators: -0.0546 , 0.0262
[INFO] [1778160281.509115802] [aic_model]: pfrac: 1.0 xy_error: 0.00789 -0.00466   integrators: -0.0467 , 0.0215
[INFO] [1778160281.559562794] [aic_model]: pfrac: 1.0 xy_error: 0.00851 -0.00488   integrators: -0.0382 , 0.0166
[INFO] [1778160281.609566878] [aic_model]: pfrac: 1.0 xy_error: 0.00888 -0.00495   integrators: -0.0293 , 0.0117
[INFO] [1778160281.661505394] [aic_model]: pfrac: 1.0 xy_error: 0.00906 -0.00495   integrators: -0.0203 , 0.00673
[INFO] [1778160281.710696084] [aic_model]: pfrac: 1.0 xy_error: 0.0091 -0.00482   integrators: -0.0112 , 0.00191
[INFO] [1778160281.753772654] [aic_model]: insert_cable execute loop
[INFO] [1778160281.760543423] [aic_model]: z_offset: 0.1992
[INFO] [1778160281.761876710] [aic_model]: pfrac: 1.0 xy_error: 0.00897 -0.00462   integrators: -0.00222 , -0.00271
[INFO] [1778160281.810522219] [aic_model]: z_offset: 0.1984
[INFO] [1778160281.811783030] [aic_model]: pfrac: 1.0 xy_error: 0.0087 -0.00436   integrators: 0.00648 , -0.00707
[INFO] [1778160281.860494503] [aic_model]: z_offset: 0.1976
[INFO] [1778160281.861798205] [aic_model]: pfrac: 1.0 xy_error: 0.00829 -0.00403   integrators: 0.0148 , -0.0111
[INFO] [1778160281.910524154] [aic_model]: z_offset: 0.1968
[INFO] [1778160281.911753006] [aic_model]: pfrac: 1.0 xy_error: 0.00775 -0.00366   integrators: 0.0225 , -0.0148
[INFO] [1778160281.960494565] [aic_model]: z_offset: 0.196
[INFO] [1778160281.961747361] [aic_model]: pfrac: 1.0 xy_error: 0.00713 -0.00321   integrators: 0.0297 , -0.018
[INFO] [1778160282.010496704] [aic_model]: z_offset: 0.1952
[INFO] [1778160282.010880643] [aic_model]: pfrac: 1.0 xy_error: 0.0064 -0.00275   integrators: 0.0361 , -0.0207
[INFO] [1778160282.060470030] [aic_model]: z_offset: 0.1944
[INFO] [1778160282.061685386] [aic_model]: pfrac: 1.0 xy_error: 0.00558 -0.00223   integrators: 0.0416 , -0.023
[INFO] [1778160282.110533795] [aic_model]: z_offset: 0.1936
[INFO] [1778160282.111741106] [aic_model]: pfrac: 1.0 xy_error: 0.00468 -0.00171   integrators: 0.0463 , -0.0247
[INFO] [1778160282.161586892] [aic_model]: z_offset: 0.1928
[INFO] [1778160282.161987392] [aic_model]: pfrac: 1.0 xy_error: 0.00368 -0.00118   integrators: 0.05 , -0.0258
[INFO] [1778160282.210525931] [aic_model]: z_offset: 0.192
[INFO] [1778160282.211777204] [aic_model]: pfrac: 1.0 xy_error: 0.00273 -0.000669   integrators: 0.0527 , -0.0265
[INFO] [1778160282.260500158] [aic_model]: z_offset: 0.1912
[INFO] [1778160282.261763915] [aic_model]: pfrac: 1.0 xy_error: 0.00174 -0.000128   integrators: 0.0545 , -0.0266
[INFO] [1778160282.310539768] [aic_model]: z_offset: 0.1904
[INFO] [1778160282.311861523] [aic_model]: pfrac: 1.0 xy_error: 0.000724 0.000418   integrators: 0.0552 , -0.0262
[INFO] [1778160282.360497814] [aic_model]: z_offset: 0.1896
[INFO] [1778160282.361740492] [aic_model]: pfrac: 1.0 xy_error: -0.000273 0.000956   integrators: 0.0549 , -0.0253
[INFO] [1778160282.410501988] [aic_model]: z_offset: 0.1888
[INFO] [1778160282.411706103] [aic_model]: pfrac: 1.0 xy_error: -0.00122 0.00147   integrators: 0.0537 , -0.0238
[INFO] [1778160282.460478700] [aic_model]: z_offset: 0.188
[INFO] [1778160282.461813289] [aic_model]: pfrac: 1.0 xy_error: -0.00212 0.00196   integrators: 0.0516 , -0.0218
[INFO] [1778160282.510544018] [aic_model]: z_offset: 0.1872
[INFO] [1778160282.511753292] [aic_model]: pfrac: 1.0 xy_error: -0.00297 0.00242   integrators: 0.0486 , -0.0194
[INFO] [1778160282.560521360] [aic_model]: z_offset: 0.1864
[INFO] [1778160282.561712161] [aic_model]: pfrac: 1.0 xy_error: -0.00375 0.00285   integrators: 0.0448 , -0.0166
[INFO] [1778160282.610479608] [aic_model]: z_offset: 0.1856
[INFO] [1778160282.611668915] [aic_model]: pfrac: 1.0 xy_error: -0.00443 0.00324   integrators: 0.0404 , -0.0133
[INFO] [1778160282.661526123] [aic_model]: z_offset: 0.1848
[INFO] [1778160282.661907668] [aic_model]: pfrac: 1.0 xy_error: -0.00506 0.00358   integrators: 0.0354 , -0.00974
[INFO] [1778160282.711264519] [aic_model]: z_offset: 0.184
[INFO] [1778160282.712441072] [aic_model]: pfrac: 1.0 xy_error: -0.00555 0.00383   integrators: 0.0298 , -0.00592
[INFO] [1778160282.753893991] [aic_model]: insert_cable execute loop
[INFO] [1778160282.762496141] [aic_model]: z_offset: 0.1832
[INFO] [1778160282.763781658] [aic_model]: pfrac: 1.0 xy_error: -0.00596 0.004   integrators: 0.0238 , -0.00192
[INFO] [1778160282.812524619] [aic_model]: z_offset: 0.1824
[INFO] [1778160282.813877443] [aic_model]: pfrac: 1.0 xy_error: -0.00625 0.00411   integrators: 0.0176 , 0.00219
[INFO] [1778160282.862482025] [aic_model]: z_offset: 0.1816
[INFO] [1778160282.863639693] [aic_model]: pfrac: 1.0 xy_error: -0.00645 0.00414   integrators: 0.0111 , 0.00633
[INFO] [1778160282.912468074] [aic_model]: z_offset: 0.1808
[INFO] [1778160282.913552135] [aic_model]: pfrac: 1.0 xy_error: -0.00653 0.0041   integrators: 0.0046 , 0.0104
[INFO] [1778160282.963687604] [aic_model]: z_offset: 0.18
[INFO] [1778160282.964389859] [aic_model]: pfrac: 1.0 xy_error: -0.00653 0.004   integrators: -0.00192 , 0.0144
[INFO] [1778160283.014489451] [aic_model]: z_offset: 0.1792
[INFO] [1778160283.015715136] [aic_model]: pfrac: 1.0 xy_error: -0.00643 0.00383   integrators: -0.00836 , 0.0183
[INFO] [1778160283.064501789] [aic_model]: z_offset: 0.1784
[INFO] [1778160283.065732965] [aic_model]: pfrac: 1.0 xy_error: -0.00623 0.00362   integrators: -0.0146 , 0.0219
[INFO] [1778160283.114535317] [aic_model]: z_offset: 0.1776
[INFO] [1778160283.115747026] [aic_model]: pfrac: 1.0 xy_error: -0.00592 0.00338   integrators: -0.0205 , 0.0253
[INFO] [1778160283.164489517] [aic_model]: z_offset: 0.1768
[INFO] [1778160283.165673123] [aic_model]: pfrac: 1.0 xy_error: -0.00555 0.00307   integrators: -0.0261 , 0.0283
[INFO] [1778160283.214602113] [aic_model]: z_offset: 0.176
[INFO] [1778160283.215758448] [aic_model]: pfrac: 1.0 xy_error: -0.00509 0.00271   integrators: -0.0311 , 0.031
[INFO] [1778160283.264478176] [aic_model]: z_offset: 0.1752
[INFO] [1778160283.265642496] [aic_model]: pfrac: 1.0 xy_error: -0.00457 0.00234   integrators: -0.0357 , 0.0334
[INFO] [1778160283.314611351] [aic_model]: z_offset: 0.1744
[INFO] [1778160283.315865910] [aic_model]: pfrac: 1.0 xy_error: -0.00398 0.00195   integrators: -0.0397 , 0.0353
[INFO] [1778160283.364486943] [aic_model]: z_offset: 0.1736
[INFO] [1778160283.365759756] [aic_model]: pfrac: 1.0 xy_error: -0.00333 0.00154   integrators: -0.043 , 0.0369
[INFO] [1778160283.414567379] [aic_model]: z_offset: 0.1728
[INFO] [1778160283.415796581] [aic_model]: pfrac: 1.0 xy_error: -0.00265 0.00111   integrators: -0.0457 , 0.038
[INFO] [1778160283.464577202] [aic_model]: z_offset: 0.172
[INFO] [1778160283.465792258] [aic_model]: pfrac: 1.0 xy_error: -0.00198 0.000677   integrators: -0.0477 , 0.0387
[INFO] [1778160283.514500584] [aic_model]: z_offset: 0.1712
[INFO] [1778160283.515690112] [aic_model]: pfrac: 1.0 xy_error: -0.0013 0.000239   integrators: -0.049 , 0.0389
[INFO] [1778160283.564535986] [aic_model]: z_offset: 0.1704
[INFO] [1778160283.565818898] [aic_model]: pfrac: 1.0 xy_error: -0.000631 -0.000173   integrators: -0.0496 , 0.0387
[INFO] [1778160283.614470328] [aic_model]: z_offset: 0.1696
[INFO] [1778160283.615702586] [aic_model]: pfrac: 1.0 xy_error: 5.65e-05 -0.000564   integrators: -0.0495 , 0.0382
[INFO] [1778160283.664603413] [aic_model]: z_offset: 0.1688
[INFO] [1778160283.665774275] [aic_model]: pfrac: 1.0 xy_error: 0.00069 -0.000958   integrators: -0.0489 , 0.0372
[INFO] [1778160283.714574904] [aic_model]: z_offset: 0.168
[INFO] [1778160283.716523523] [aic_model]: pfrac: 1.0 xy_error: 0.0013 -0.00133   integrators: -0.0475 , 0.0359
[INFO] [1778160283.754482369] [aic_model]: insert_cable execute loop
[INFO] [1778160283.766478835] [aic_model]: z_offset: 0.1672
[INFO] [1778160283.768270440] [aic_model]: pfrac: 1.0 xy_error: 0.0019 -0.00168   integrators: -0.0457 , 0.0342
[INFO] [1778160283.816504248] [aic_model]: z_offset: 0.1664
[INFO] [1778160283.817695980] [aic_model]: pfrac: 1.0 xy_error: 0.00245 -0.00197   integrators: -0.0432 , 0.0322
[INFO] [1778160283.866461904] [aic_model]: z_offset: 0.1656
[INFO] [1778160283.867124705] [aic_model]: pfrac: 1.0 xy_error: 0.00292 -0.00221   integrators: -0.0403 , 0.03
[INFO] [1778160283.916497255] [aic_model]: z_offset: 0.1648
[INFO] [1778160283.917709225] [aic_model]: pfrac: 1.0 xy_error: 0.00337 -0.00242   integrators: -0.0369 , 0.0276
[INFO] [1778160283.966490318] [aic_model]: z_offset: 0.164
[INFO] [1778160283.967691487] [aic_model]: pfrac: 1.0 xy_error: 0.00374 -0.00258   integrators: -0.0332 , 0.025
[INFO] [1778160284.016460678] [aic_model]: z_offset: 0.1632
[INFO] [1778160284.016943271] [aic_model]: pfrac: 1.0 xy_error: 0.00405 -0.00272   integrators: -0.0291 , 0.0223
[INFO] [1778160284.066457306] [aic_model]: z_offset: 0.1624
[INFO] [1778160284.067677301] [aic_model]: pfrac: 1.0 xy_error: 0.0043 -0.00282   integrators: -0.0248 , 0.0195
[INFO] [1778160284.116477599] [aic_model]: z_offset: 0.1616
[INFO] [1778160284.117748449] [aic_model]: pfrac: 1.0 xy_error: 0.00447 -0.00289   integrators: -0.0203 , 0.0166
[INFO] [1778160284.166487593] [aic_model]: z_offset: 0.1608
[INFO] [1778160284.167693211] [aic_model]: pfrac: 1.0 xy_error: 0.00454 -0.00291   integrators: -0.0158 , 0.0137
[INFO] [1778160284.216620948] [aic_model]: z_offset: 0.16
[INFO] [1778160284.217828319] [aic_model]: pfrac: 1.0 xy_error: 0.00453 -0.00288   integrators: -0.0113 , 0.0108
[INFO] [1778160284.266601867] [aic_model]: z_offset: 0.1592
[INFO] [1778160284.267235193] [aic_model]: pfrac: 1.0 xy_error: 0.00445 -0.00281   integrators: -0.00683 , 0.00799
[INFO] [1778160284.316474754] [aic_model]: z_offset: 0.1584
[INFO] [1778160284.317735455] [aic_model]: pfrac: 1.0 xy_error: 0.00432 -0.00269   integrators: -0.0025 , 0.0053
[INFO] [1778160284.366594123] [aic_model]: z_offset: 0.1576
[INFO] [1778160284.367848011] [aic_model]: pfrac: 1.0 xy_error: 0.00416 -0.00254   integrators: 0.00166 , 0.00276
[INFO] [1778160284.417729444] [aic_model]: z_offset: 0.1568
[INFO] [1778160284.418241633] [aic_model]: pfrac: 1.0 xy_error: 0.00392 -0.00232   integrators: 0.00557 , 0.000441
[INFO] [1778160284.468586624] [aic_model]: z_offset: 0.156
[INFO] [1778160284.469838158] [aic_model]: pfrac: 1.0 xy_error: 0.00364 -0.00212   integrators: 0.00921 , -0.00168
[INFO] [1778160284.518472515] [aic_model]: z_offset: 0.1552
[INFO] [1778160284.519701988] [aic_model]: pfrac: 1.0 xy_error: 0.00331 -0.00191   integrators: 0.0125 , -0.00359
[INFO] [1778160284.568474254] [aic_model]: z_offset: 0.1544
[INFO] [1778160284.569793665] [aic_model]: pfrac: 1.0 xy_error: 0.00295 -0.00168   integrators: 0.0155 , -0.00528
[INFO] [1778160284.618471604] [aic_model]: z_offset: 0.1536
[INFO] [1778160284.619720413] [aic_model]: pfrac: 1.0 xy_error: 0.00256 -0.00144   integrators: 0.018 , -0.00671
[INFO] [1778160284.668451862] [aic_model]: z_offset: 0.1528
[INFO] [1778160284.669750734] [aic_model]: pfrac: 1.0 xy_error: 0.00213 -0.0012   integrators: 0.0202 , -0.00791
[INFO] [1778160284.718664475] [aic_model]: z_offset: 0.152
[INFO] [1778160284.720016838] [aic_model]: pfrac: 1.0 xy_error: 0.00172 -0.000935   integrators: 0.0219 , -0.00885
[INFO] [1778160284.754889243] [aic_model]: insert_cable execute loop
[INFO] [1778160284.768482690] [aic_model]: z_offset: 0.1512
[INFO] [1778160284.769737149] [aic_model]: pfrac: 1.0 xy_error: 0.0013 -0.000678   integrators: 0.0232 , -0.00953
[INFO] [1778160284.818476463] [aic_model]: z_offset: 0.1504
[INFO] [1778160284.819657645] [aic_model]: pfrac: 1.0 xy_error: 0.000856 -0.00041   integrators: 0.024 , -0.00994
[INFO] [1778160284.868485084] [aic_model]: z_offset: 0.1496
[INFO] [1778160284.869625610] [aic_model]: pfrac: 1.0 xy_error: 0.000431 -0.000145   integrators: 0.0245 , -0.0101
[INFO] [1778160284.918477225] [aic_model]: z_offset: 0.1488
[INFO] [1778160284.919625816] [aic_model]: pfrac: 1.0 xy_error: 1.53e-05 0.00011   integrators: 0.0245 , -0.00997
[INFO] [1778160284.968483141] [aic_model]: z_offset: 0.148
[INFO] [1778160284.969769119] [aic_model]: pfrac: 1.0 xy_error: -0.000401 0.000369   integrators: 0.0241 , -0.0096
[INFO] [1778160285.018461786] [aic_model]: z_offset: 0.1472
[INFO] [1778160285.019608964] [aic_model]: pfrac: 1.0 xy_error: -0.000784 0.000635   integrators: 0.0233 , -0.00897
[INFO] [1778160285.068455549] [aic_model]: z_offset: 0.1464
[INFO] [1778160285.069386693] [aic_model]: pfrac: 1.0 xy_error: -0.00114 0.00089   integrators: 0.0222 , -0.00808
[INFO] [1778160285.118523271] [aic_model]: z_offset: 0.1456
[INFO] [1778160285.119737304] [aic_model]: pfrac: 1.0 xy_error: -0.00147 0.0011   integrators: 0.0207 , -0.00697
[INFO] [1778160285.168458364] [aic_model]: z_offset: 0.1448
[INFO] [1778160285.169125784] [aic_model]: pfrac: 1.0 xy_error: -0.00175 0.00128   integrators: 0.0189 , -0.00569
[INFO] [1778160285.218494977] [aic_model]: z_offset: 0.144
[INFO] [1778160285.219704493] [aic_model]: pfrac: 1.0 xy_error: -0.00199 0.00141   integrators: 0.0169 , -0.00428
[INFO] [1778160285.268495123] [aic_model]: z_offset: 0.1432
[INFO] [1778160285.269682326] [aic_model]: pfrac: 1.0 xy_error: -0.00219 0.0015   integrators: 0.0148 , -0.00278
[INFO] [1778160285.318500257] [aic_model]: z_offset: 0.1424
[INFO] [1778160285.319707969] [aic_model]: pfrac: 1.0 xy_error: -0.00234 0.00159   integrators: 0.0124 , -0.00119
[INFO] [1778160285.368447954] [aic_model]: z_offset: 0.1416
[INFO] [1778160285.369702744] [aic_model]: pfrac: 1.0 xy_error: -0.00245 0.00165   integrators: 0.00997 , 0.000463
[INFO] [1778160285.418488334] [aic_model]: z_offset: 0.1408
[INFO] [1778160285.419762871] [aic_model]: pfrac: 1.0 xy_error: -0.0025 0.00172   integrators: 0.00747 , 0.00218
[INFO] [1778160285.468487207] [aic_model]: z_offset: 0.14
[INFO] [1778160285.469259894] [aic_model]: pfrac: 1.0 xy_error: -0.0025 0.00177   integrators: 0.00497 , 0.00395
[INFO] [1778160285.518523811] [aic_model]: z_offset: 0.1392
[INFO] [1778160285.519738556] [aic_model]: pfrac: 1.0 xy_error: -0.00247 0.00178   integrators: 0.0025 , 0.00573
[INFO] [1778160285.568473441] [aic_model]: z_offset: 0.1384
[INFO] [1778160285.569673579] [aic_model]: pfrac: 1.0 xy_error: -0.00239 0.00176   integrators: 0.000116 , 0.00749
[INFO] [1778160285.618461854] [aic_model]: z_offset: 0.1376
[INFO] [1778160285.619664957] [aic_model]: pfrac: 1.0 xy_error: -0.00229 0.0017   integrators: -0.00217 , 0.0092
[INFO] [1778160285.668503507] [aic_model]: z_offset: 0.1368
[INFO] [1778160285.669698475] [aic_model]: pfrac: 1.0 xy_error: -0.00215 0.00161   integrators: -0.00432 , 0.0108
[INFO] [1778160285.718612596] [aic_model]: z_offset: 0.136
[INFO] [1778160285.719983434] [aic_model]: pfrac: 1.0 xy_error: -0.00197 0.00151   integrators: -0.00629 , 0.0123
[INFO] [1778160285.756357441] [aic_model]: insert_cable execute loop
[INFO] [1778160285.768511893] [aic_model]: z_offset: 0.1352
[INFO] [1778160285.769738690] [aic_model]: pfrac: 1.0 xy_error: -0.00178 0.00139   integrators: -0.00807 , 0.0137
[INFO] [1778160285.818494565] [aic_model]: z_offset: 0.1344
[INFO] [1778160285.819684904] [aic_model]: pfrac: 1.0 xy_error: -0.00155 0.00124   integrators: -0.00962 , 0.0149
[INFO] [1778160285.868472268] [aic_model]: z_offset: 0.1336
[INFO] [1778160285.869643902] [aic_model]: pfrac: 1.0 xy_error: -0.0013 0.00109   integrators: -0.0109 , 0.016
[INFO] [1778160285.918536744] [aic_model]: z_offset: 0.1328
[INFO] [1778160285.919760786] [aic_model]: pfrac: 1.0 xy_error: -0.00104 0.000897   integrators: -0.012 , 0.0169
[INFO] [1778160285.968510289] [aic_model]: z_offset: 0.132
[INFO] [1778160285.969697442] [aic_model]: pfrac: 1.0 xy_error: -0.000789 0.000689   integrators: -0.0127 , 0.0176
[INFO] [1778160286.018490497] [aic_model]: z_offset: 0.1312
[INFO] [1778160286.019646722] [aic_model]: pfrac: 1.0 xy_error: -0.000501 0.000482   integrators: -0.0132 , 0.0181
[INFO] [1778160286.068501392] [aic_model]: z_offset: 0.1304
[INFO] [1778160286.069573109] [aic_model]: pfrac: 1.0 xy_error: -0.000228 0.00028   integrators: -0.0135 , 0.0184
[INFO] [1778160286.118554576] [aic_model]: z_offset: 0.1296
[INFO] [1778160286.119190086] [aic_model]: pfrac: 1.0 xy_error: 3.59e-05 8.41e-05   integrators: -0.0134 , 0.0185
[INFO] [1778160286.168605326] [aic_model]: z_offset: 0.1288
[INFO] [1778160286.169782731] [aic_model]: pfrac: 1.0 xy_error: 0.000291 -0.000112   integrators: -0.0131 , 0.0183
[INFO] [1778160286.218489183] [aic_model]: z_offset: 0.128
[INFO] [1778160286.219695763] [aic_model]: pfrac: 1.0 xy_error: 0.000537 -0.000293   integrators: -0.0126 , 0.0181
[INFO] [1778160286.268473468] [aic_model]: z_offset: 0.1272
[INFO] [1778160286.269714242] [aic_model]: pfrac: 1.0 xy_error: 0.000792 -0.000464   integrators: -0.0118 , 0.0176
[INFO] [1778160286.319801670] [aic_model]: z_offset: 0.1264
[INFO] [1778160286.320416692] [aic_model]: pfrac: 1.0 xy_error: 0.00101 -0.000583   integrators: -0.0108 , 0.017
[INFO] [1778160286.370549926] [aic_model]: z_offset: 0.1256
[INFO] [1778160286.371842477] [aic_model]: pfrac: 1.0 xy_error: 0.00118 -0.000687   integrators: -0.00962 , 0.0163
[INFO] [1778160286.420474480] [aic_model]: z_offset: 0.1248
[INFO] [1778160286.421753615] [aic_model]: pfrac: 1.0 xy_error: 0.00133 -0.000773   integrators: -0.00829 , 0.0155
[INFO] [1778160286.470462311] [aic_model]: z_offset: 0.124
[INFO] [1778160286.471688948] [aic_model]: pfrac: 1.0 xy_error: 0.00147 -0.000845   integrators: -0.00682 , 0.0147
[INFO] [1778160286.520616906] [aic_model]: z_offset: 0.1232
[INFO] [1778160286.521000334] [aic_model]: pfrac: 1.0 xy_error: 0.00157 -0.000921   integrators: -0.00524 , 0.0138
[INFO] [1778160286.570464956] [aic_model]: z_offset: 0.1224
[INFO] [1778160286.571648702] [aic_model]: pfrac: 1.0 xy_error: 0.00163 -0.000992   integrators: -0.00362 , 0.0128
[INFO] [1778160286.620521887] [aic_model]: z_offset: 0.1216
[INFO] [1778160286.621758843] [aic_model]: pfrac: 1.0 xy_error: 0.00165 -0.00106   integrators: -0.00197 , 0.0117
[INFO] [1778160286.670508146] [aic_model]: z_offset: 0.1208
[INFO] [1778160286.672255598] [aic_model]: pfrac: 1.0 xy_error: 0.00166 -0.00112   integrators: -0.000304 , 0.0106
[INFO] [1778160286.724847727] [aic_model]: z_offset: 0.12
[INFO] [1778160286.726585892] [aic_model]: pfrac: 1.0 xy_error: 0.00162 -0.00118   integrators: 0.00131 , 0.00943
[INFO] [1778160286.758410069] [aic_model]: insert_cable execute loop
[INFO] [1778160286.776459230] [aic_model]: z_offset: 0.1192
[INFO] [1778160286.777107794] [aic_model]: pfrac: 1.0 xy_error: 0.00158 -0.0012   integrators: 0.00289 , 0.00823
[INFO] [1778160286.826513787] [aic_model]: z_offset: 0.1184
[INFO] [1778160286.827878803] [aic_model]: pfrac: 1.0 xy_error: 0.00155 -0.0012   integrators: 0.00445 , 0.00702
[INFO] [1778160286.876606254] [aic_model]: z_offset: 0.1176
[INFO] [1778160286.878607843] [aic_model]: pfrac: 1.0 xy_error: 0.0015 -0.00118   integrators: 0.00595 , 0.00585
[INFO] [1778160286.928550189] [aic_model]: z_offset: 0.1168
[INFO] [1778160286.930244442] [aic_model]: pfrac: 1.0 xy_error: 0.00144 -0.00111   integrators: 0.00739 , 0.00473
[INFO] [1778160286.980104805] [aic_model]: z_offset: 0.116
[INFO] [1778160286.981185219] [aic_model]: pfrac: 1.0 xy_error: 0.00139 -0.00103   integrators: 0.00878 , 0.00371
[INFO] [1778160287.032434943] [aic_model]: z_offset: 0.1152
[INFO] [1778160287.033685876] [aic_model]: pfrac: 1.0 xy_error: 0.0013 -0.000932   integrators: 0.0101 , 0.00278
[INFO] [1778160287.082617530] [aic_model]: z_offset: 0.1144
[INFO] [1778160287.083994439] [aic_model]: pfrac: 1.0 xy_error: 0.0012 -0.000854   integrators: 0.0113 , 0.00192
[INFO] [1778160287.132535691] [aic_model]: z_offset: 0.1136
[INFO] [1778160287.133697908] [aic_model]: pfrac: 1.0 xy_error: 0.00107 -0.000775   integrators: 0.0123 , 0.00115
[INFO] [1778160287.182721634] [aic_model]: z_offset: 0.1128
[INFO] [1778160287.184507147] [aic_model]: pfrac: 1.0 xy_error: 0.00093 -0.0007   integrators: 0.0133 , 0.000447
[INFO] [1778160287.235832374] [aic_model]: z_offset: 0.112
[INFO] [1778160287.236582078] [aic_model]: pfrac: 1.0 xy_error: 0.000787 -0.000614   integrators: 0.0141 , -0.000167
[INFO] [1778160287.286587763] [aic_model]: z_offset: 0.1112
[INFO] [1778160287.287956306] [aic_model]: pfrac: 1.0 xy_error: 0.000636 -0.0005   integrators: 0.0147 , -0.000666
[INFO] [1778160287.336564684] [aic_model]: z_offset: 0.1104
[INFO] [1778160287.338072578] [aic_model]: pfrac: 1.0 xy_error: 0.000507 -0.000386   integrators: 0.0152 , -0.00105
[INFO] [1778160287.386504375] [aic_model]: z_offset: 0.1096
[INFO] [1778160287.386927778] [aic_model]: pfrac: 1.0 xy_error: 0.000352 -0.000283   integrators: 0.0156 , -0.00134
[INFO] [1778160287.436498850] [aic_model]: z_offset: 0.1088
[INFO] [1778160287.437196526] [aic_model]: pfrac: 1.0 xy_error: 0.000201 -0.000207   integrators: 0.0158 , -0.00154
[INFO] [1778160287.486546163] [aic_model]: z_offset: 0.108
[INFO] [1778160287.487100210] [aic_model]: pfrac: 1.0 xy_error: 4.36e-05 -0.00013   integrators: 0.0158 , -0.00167
[INFO] [1778160287.536558360] [aic_model]: z_offset: 0.1072
[INFO] [1778160287.537899572] [aic_model]: pfrac: 1.0 xy_error: -0.000141 -5.04e-05   integrators: 0.0157 , -0.00172
[INFO] [1778160287.586515564] [aic_model]: z_offset: 0.1064
[INFO] [1778160287.586946812] [aic_model]: pfrac: 1.0 xy_error: -0.000292 4.91e-05   integrators: 0.0154 , -0.00167
[INFO] [1778160287.636540656] [aic_model]: z_offset: 0.1056
[INFO] [1778160287.638271778] [aic_model]: pfrac: 1.0 xy_error: -0.000449 0.000147   integrators: 0.0149 , -0.00153
[INFO] [1778160287.688499318] [aic_model]: z_offset: 0.1048
[INFO] [1778160287.689793922] [aic_model]: pfrac: 1.0 xy_error: -0.000601 0.000245   integrators: 0.0143 , -0.00128
[INFO] [1778160287.738631460] [aic_model]: z_offset: 0.104
[INFO] [1778160287.740300987] [aic_model]: pfrac: 1.0 xy_error: -0.000713 0.000329   integrators: 0.0136 , -0.000953
[INFO] [1778160287.758826279] [aic_model]: insert_cable execute loop
[INFO] [1778160287.792045027] [aic_model]: z_offset: 0.1032
[INFO] [1778160287.792612409] [aic_model]: pfrac: 1.0 xy_error: -0.000798 0.000426   integrators: 0.0128 , -0.000527
[INFO] [1778160287.840882775] [aic_model]: z_offset: 0.1024
[INFO] [1778160287.841458914] [aic_model]: pfrac: 1.0 xy_error: -0.000848 0.000524   integrators: 0.012 , -3.27e-06
[INFO] [1778160287.890537894] [aic_model]: z_offset: 0.1016
[INFO] [1778160287.892252705] [aic_model]: pfrac: 1.0 xy_error: -0.000861 0.000603   integrators: 0.0111 , 0.0006
[INFO] [1778160287.940569197] [aic_model]: z_offset: 0.1008
[INFO] [1778160287.942084645] [aic_model]: pfrac: 1.0 xy_error: -0.000886 0.000654   integrators: 0.0102 , 0.00125
[INFO] [1778160287.990624404] [aic_model]: z_offset: 0.1
[INFO] [1778160287.991683177] [aic_model]: pfrac: 1.0 xy_error: -0.000874 0.000674   integrators: 0.00934 , 0.00193
[INFO] [1778160288.040597478] [aic_model]: z_offset: 0.0992
[INFO] [1778160288.042294667] [aic_model]: pfrac: 1.0 xy_error: -0.000838 0.000702   integrators: 0.0085 , 0.00263
[INFO] [1778160288.090594307] [aic_model]: z_offset: 0.0984
[INFO] [1778160288.091821705] [aic_model]: pfrac: 1.0 xy_error: -0.000797 0.000706   integrators: 0.00771 , 0.00334
[INFO] [1778160288.140576578] [aic_model]: z_offset: 0.0976
[INFO] [1778160288.142178548] [aic_model]: pfrac: 1.0 xy_error: -0.00078 0.000657   integrators: 0.00693 , 0.00399
[INFO] [1778160288.190577233] [aic_model]: z_offset: 0.0968
[INFO] [1778160288.192331468] [aic_model]: pfrac: 1.0 xy_error: -0.000763 0.000616   integrators: 0.00616 , 0.00461
[INFO] [1778160288.240529839] [aic_model]: z_offset: 0.096
[INFO] [1778160288.241908460] [aic_model]: pfrac: 1.0 xy_error: -0.000721 0.000567   integrators: 0.00544 , 0.00518
[INFO] [1778160288.290630932] [aic_model]: z_offset: 0.0952
[INFO] [1778160288.292329974] [aic_model]: pfrac: 1.0 xy_error: -0.000671 0.000508   integrators: 0.00477 , 0.00568
[INFO] [1778160288.340653208] [aic_model]: z_offset: 0.0944
[INFO] [1778160288.342104706] [aic_model]: pfrac: 1.0 xy_error: -0.000592 0.000439   integrators: 0.00418 , 0.00612
[INFO] [1778160288.390710269] [aic_model]: z_offset: 0.0936
[INFO] [1778160288.392189770] [aic_model]: pfrac: 1.0 xy_error: -0.000496 0.000365   integrators: 0.00368 , 0.00649
[INFO] [1778160288.440628811] [aic_model]: z_offset: 0.0928
[INFO] [1778160288.441941469] [aic_model]: pfrac: 1.0 xy_error: -0.000399 0.000305   integrators: 0.00329 , 0.00679
[INFO] [1778160288.490522917] [aic_model]: z_offset: 0.092
[INFO] [1778160288.491820297] [aic_model]: pfrac: 1.0 xy_error: -0.000297 0.000255   integrators: 0.00299 , 0.00705
[INFO] [1778160288.540491042] [aic_model]: z_offset: 0.0912
[INFO] [1778160288.541867169] [aic_model]: pfrac: 1.0 xy_error: -0.000195 0.000203   integrators: 0.00279 , 0.00725
[INFO] [1778160288.590547922] [aic_model]: z_offset: 0.0904
[INFO] [1778160288.592462848] [aic_model]: pfrac: 1.0 xy_error: -8.86e-05 0.000136   integrators: 0.00271 , 0.00739
[INFO] [1778160288.642744550] [aic_model]: z_offset: 0.0896
[INFO] [1778160288.643214029] [aic_model]: pfrac: 1.0 xy_error: 2.14e-05 7.1e-05   integrators: 0.00273 , 0.00746
[INFO] [1778160288.692711032] [aic_model]: z_offset: 0.0888
[INFO] [1778160288.694373234] [aic_model]: pfrac: 1.0 xy_error: 0.00015 5.84e-05   integrators: 0.00288 , 0.00752
[INFO] [1778160288.742770177] [aic_model]: z_offset: 0.088
[INFO] [1778160288.744730738] [aic_model]: pfrac: 1.0 xy_error: 0.000252 4.22e-05   integrators: 0.00313 , 0.00756
[INFO] [1778160288.758958873] [aic_model]: insert_cable execute loop
[INFO] [1778160288.798702160] [aic_model]: z_offset: 0.0872
[INFO] [1778160288.799965986] [aic_model]: pfrac: 1.0 xy_error: 0.000356 -9.09e-06   integrators: 0.00348 , 0.00755
[INFO] [1778160288.848488374] [aic_model]: z_offset: 0.0864
[INFO] [1778160288.849626084] [aic_model]: pfrac: 1.0 xy_error: 0.000451 -6.6e-05   integrators: 0.00393 , 0.00748
[INFO] [1778160288.899709224] [aic_model]: z_offset: 0.0856
[INFO] [1778160288.900374089] [aic_model]: pfrac: 1.0 xy_error: 0.000535 -0.000138   integrators: 0.00447 , 0.00735
[INFO] [1778160288.950491493] [aic_model]: z_offset: 0.0848
[INFO] [1778160288.951731746] [aic_model]: pfrac: 1.0 xy_error: 0.000617 -0.000192   integrators: 0.00509 , 0.00715
[INFO] [1778160289.000634385] [aic_model]: z_offset: 0.084
[INFO] [1778160289.001878004] [aic_model]: pfrac: 1.0 xy_error: 0.000675 -0.000231   integrators: 0.00576 , 0.00692
[INFO] [1778160289.050493536] [aic_model]: z_offset: 0.0832
[INFO] [1778160289.051762251] [aic_model]: pfrac: 1.0 xy_error: 0.000718 -0.000269   integrators: 0.00648 , 0.00665
[INFO] [1778160289.100536159] [aic_model]: z_offset: 0.0824
[INFO] [1778160289.101857724] [aic_model]: pfrac: 1.0 xy_error: 0.000727 -0.000305   integrators: 0.00721 , 0.00635
[INFO] [1778160289.150514202] [aic_model]: z_offset: 0.0816
[INFO] [1778160289.151739206] [aic_model]: pfrac: 1.0 xy_error: 0.000754 -0.000333   integrators: 0.00796 , 0.00601
[INFO] [1778160289.200481826] [aic_model]: z_offset: 0.0808
[INFO] [1778160289.201136802] [aic_model]: pfrac: 1.0 xy_error: 0.000778 -0.000347   integrators: 0.00874 , 0.00567
[INFO] [1778160289.250526293] [aic_model]: z_offset: 0.08
[INFO] [1778160289.251162434] [aic_model]: pfrac: 1.0 xy_error: 0.000792 -0.000348   integrators: 0.00953 , 0.00532
[INFO] [1778160289.300563096] [aic_model]: z_offset: 0.0792
[INFO] [1778160289.301811925] [aic_model]: pfrac: 1.0 xy_error: 0.000789 -0.000337   integrators: 0.0103 , 0.00498
[INFO] [1778160289.354691631] [aic_model]: z_offset: 0.0784
[INFO] [1778160289.355129471] [aic_model]: pfrac: 1.0 xy_error: 0.000761 -0.000335   integrators: 0.0111 , 0.00465
[INFO] [1778160289.404472255] [aic_model]: z_offset: 0.0776
[INFO] [1778160289.405686529] [aic_model]: pfrac: 1.0 xy_error: 0.000727 -0.000329   integrators: 0.0118 , 0.00432
[INFO] [1778160289.454460066] [aic_model]: z_offset: 0.0768
[INFO] [1778160289.455664912] [aic_model]: pfrac: 1.0 xy_error: 0.000701 -0.000327   integrators: 0.0125 , 0.00399
[INFO] [1778160289.504483394] [aic_model]: z_offset: 0.076
[INFO] [1778160289.505610314] [aic_model]: pfrac: 1.0 xy_error: 0.000661 -0.000335   integrators: 0.0132 , 0.00366
[INFO] [1778160289.554592743] [aic_model]: z_offset: 0.0752
[INFO] [1778160289.555187887] [aic_model]: pfrac: 1.0 xy_error: 0.000611 -0.000342   integrators: 0.0138 , 0.00332
[INFO] [1778160289.604481438] [aic_model]: z_offset: 0.0744
[INFO] [1778160289.604992425] [aic_model]: pfrac: 1.0 xy_error: 0.000546 -0.000325   integrators: 0.0143 , 0.00299
[INFO] [1778160289.654499396] [aic_model]: z_offset: 0.0736
[INFO] [1778160289.655784452] [aic_model]: pfrac: 1.0 xy_error: 0.000468 -0.000303   integrators: 0.0148 , 0.00269
[INFO] [1778160289.704555455] [aic_model]: z_offset: 0.0728
[INFO] [1778160289.705843387] [aic_model]: pfrac: 1.0 xy_error: 0.000415 -0.000277   integrators: 0.0152 , 0.00241
[INFO] [1778160289.754531474] [aic_model]: z_offset: 0.072
[INFO] [1778160289.756027135] [aic_model]: pfrac: 1.0 xy_error: 0.00036 -0.000263   integrators: 0.0156 , 0.00215
[INFO] [1778160289.758727321] [aic_model]: insert_cable execute loop
[INFO] [1778160289.804724369] [aic_model]: Alignment degraded (0.0156 > 0.0112), re-aligning...
[INFO] [1778160289.806204762] [aic_model]: pfrac: 1.0 xy_error: 0.000313 -0.000214   integrators: 0.0159 , 0.00193
[INFO] [1778160289.854703955] [aic_model]: pfrac: 1.0 xy_error: 0.000275 -0.000151   integrators: 0.0162 , 0.00178
[INFO] [1778160289.904663714] [aic_model]: pfrac: 1.0 xy_error: 0.000216 -7.02e-05   integrators: 0.0164 , 0.00171
[INFO] [1778160289.955955868] [aic_model]: pfrac: 1.0 xy_error: 0.00016 -6.18e-06   integrators: 0.0165 , 0.00171
[INFO] [1778160290.004991896] [aic_model]: pfrac: 1.0 xy_error: 0.000109 3.53e-05   integrators: 0.0166 , 0.00174
[INFO] [1778160290.054662223] [aic_model]: pfrac: 1.0 xy_error: 6.36e-05 6.33e-05   integrators: 0.0167 , 0.00181
[INFO] [1778160290.104677876] [aic_model]: pfrac: 1.0 xy_error: 1.94e-05 9.86e-05   integrators: 0.0167 , 0.0019
[INFO] [1778160290.154598451] [aic_model]: pfrac: 1.0 xy_error: 7.01e-06 0.00013   integrators: 0.0167 , 0.00203
[INFO] [1778160290.204618052] [aic_model]: pfrac: 1.0 xy_error: 6.19e-06 0.000129   integrators: 0.0167 , 0.00216
[INFO] [1778160290.255735588] [aic_model]: pfrac: 1.0 xy_error: 2.88e-05 0.000141   integrators: 0.0168 , 0.0023
[INFO] [1778160290.304498906] [aic_model]: z_offset: 0.0712
[INFO] [1778160290.305676642] [aic_model]: pfrac: 1.0 xy_error: 3.19e-05 0.00016   integrators: 0.0168 , 0.00246
[INFO] [1778160290.354537913] [aic_model]: z_offset: 0.0704
[INFO] [1778160290.355695541] [aic_model]: pfrac: 1.0 xy_error: 2.29e-05 0.000172   integrators: 0.0168 , 0.00264
[INFO] [1778160290.404561612] [aic_model]: z_offset: 0.0696
[INFO] [1778160290.405749546] [aic_model]: pfrac: 1.0 xy_error: 2.89e-05 0.000188   integrators: 0.0169 , 0.00282
[INFO] [1778160290.454639652] [aic_model]: z_offset: 0.0688
[INFO] [1778160290.455874274] [aic_model]: pfrac: 1.0 xy_error: 7.71e-06 0.000212   integrators: 0.0169 , 0.00304
[INFO] [1778160290.510328188] [aic_model]: z_offset: 0.068
[INFO] [1778160290.510733678] [aic_model]: pfrac: 1.0 xy_error: -3.66e-05 0.000224   integrators: 0.0168 , 0.00326
[INFO] [1778160290.560604329] [aic_model]: z_offset: 0.0672
[INFO] [1778160290.561064731] [aic_model]: pfrac: 1.0 xy_error: -0.000101 0.000219   integrators: 0.0167 , 0.00348
[INFO] [1778160290.610507362] [aic_model]: z_offset: 0.0664
[INFO] [1778160290.611345361] [aic_model]: pfrac: 1.0 xy_error: -0.000127 0.000217   integrators: 0.0166 , 0.0037
[INFO] [1778160290.660523786] [aic_model]: z_offset: 0.0656
[INFO] [1778160290.661190034] [aic_model]: pfrac: 1.0 xy_error: -0.000172 0.000226   integrators: 0.0164 , 0.00392
[INFO] [1778160290.710506057] [aic_model]: z_offset: 0.0648
[INFO] [1778160290.710888834] [aic_model]: pfrac: 1.0 xy_error: -0.000214 0.000232   integrators: 0.0162 , 0.00415
[INFO] [1778160290.758791330] [aic_model]: insert_cable execute loop
[INFO] [1778160290.760572786] [aic_model]: z_offset: 0.064
[INFO] [1778160290.760983164] [aic_model]: pfrac: 1.0 xy_error: -0.000241 0.000221   integrators: 0.016 , 0.00437
[INFO] [1778160290.810653340] [aic_model]: z_offset: 0.0632
[INFO] [1778160290.811881991] [aic_model]: pfrac: 1.0 xy_error: -0.000257 0.000215   integrators: 0.0157 , 0.00459
[INFO] [1778160290.860485059] [aic_model]: z_offset: 0.0624
[INFO] [1778160290.861557417] [aic_model]: pfrac: 1.0 xy_error: -0.000281 0.000222   integrators: 0.0154 , 0.00481
[INFO] [1778160290.910456670] [aic_model]: z_offset: 0.0616
[INFO] [1778160290.911674320] [aic_model]: pfrac: 1.0 xy_error: -0.000309 0.000207   integrators: 0.0151 , 0.00502
[INFO] [1778160290.960581327] [aic_model]: z_offset: 0.0608
[INFO] [1778160290.961782086] [aic_model]: pfrac: 1.0 xy_error: -0.000359 0.000175   integrators: 0.0148 , 0.00519
[INFO] [1778160291.010484590] [aic_model]: z_offset: 0.06
[INFO] [1778160291.010902983] [aic_model]: pfrac: 1.0 xy_error: -0.000385 0.000136   integrators: 0.0144 , 0.00533
[INFO] [1778160291.060628493] [aic_model]: z_offset: 0.0592
[INFO] [1778160291.061849610] [aic_model]: pfrac: 1.0 xy_error: -0.000383 7.71e-05   integrators: 0.014 , 0.00541
[INFO] [1778160291.110491219] [aic_model]: z_offset: 0.0584
[INFO] [1778160291.111666140] [aic_model]: pfrac: 1.0 xy_error: -0.00038 3.07e-05   integrators: 0.0136 , 0.00544
[INFO] [1778160291.160471215] [aic_model]: z_offset: 0.0576
[INFO] [1778160291.161755701] [aic_model]: pfrac: 1.0 xy_error: -0.000344 -1.82e-05   integrators: 0.0133 , 0.00542
[INFO] [1778160291.210459587] [aic_model]: z_offset: 0.0568
[INFO] [1778160291.210870176] [aic_model]: pfrac: 1.0 xy_error: -0.000336 -6.92e-05   integrators: 0.0129 , 0.00535
[INFO] [1778160291.260565419] [aic_model]: z_offset: 0.056
[INFO] [1778160291.261749667] [aic_model]: pfrac: 1.0 xy_error: -0.000315 -0.000113   integrators: 0.0126 , 0.00524
[INFO] [1778160291.310525819] [aic_model]: z_offset: 0.0552
[INFO] [1778160291.311810565] [aic_model]: pfrac: 1.0 xy_error: -0.000269 -0.000149   integrators: 0.0124 , 0.00509
[INFO] [1778160291.360541582] [aic_model]: z_offset: 0.0544
[INFO] [1778160291.361493465] [aic_model]: pfrac: 1.0 xy_error: -0.000213 -0.000187   integrators: 0.0121 , 0.0049
[INFO] [1778160291.410532689] [aic_model]: z_offset: 0.0536
[INFO] [1778160291.411728478] [aic_model]: pfrac: 1.0 xy_error: -0.000169 -0.000216   integrators: 0.012 , 0.00469
[INFO] [1778160291.460506373] [aic_model]: z_offset: 0.0528
[INFO] [1778160291.461749261] [aic_model]: pfrac: 1.0 xy_error: -0.000126 -0.000228   integrators: 0.0118 , 0.00446
[INFO] [1778160291.510469678] [aic_model]: z_offset: 0.052
[INFO] [1778160291.511693650] [aic_model]: pfrac: 1.0 xy_error: -7.87e-05 -0.000246   integrators: 0.0118 , 0.00421
[INFO] [1778160291.560482857] [aic_model]: z_offset: 0.0512
[INFO] [1778160291.561608465] [aic_model]: pfrac: 1.0 xy_error: -3.54e-05 -0.000246   integrators: 0.0117 , 0.00397
[INFO] [1778160291.610664160] [aic_model]: z_offset: 0.0504
[INFO] [1778160291.611887751] [aic_model]: pfrac: 1.0 xy_error: 3.66e-06 -0.000261   integrators: 0.0117 , 0.0037
[INFO] [1778160291.660505677] [aic_model]: z_offset: 0.0496
[INFO] [1778160291.661126249] [aic_model]: pfrac: 1.0 xy_error: 3.99e-05 -0.000288   integrators: 0.0118 , 0.00342
[INFO] [1778160291.710668615] [aic_model]: z_offset: 0.0488
[INFO] [1778160291.711873231] [aic_model]: pfrac: 1.0 xy_error: 0.000111 -0.000277   integrators: 0.0119 , 0.00314
[INFO] [1778160291.758772468] [aic_model]: insert_cable execute loop
[INFO] [1778160291.760570525] [aic_model]: z_offset: 0.048
[INFO] [1778160291.761217537] [aic_model]: pfrac: 1.0 xy_error: 0.000185 -0.000256   integrators: 0.0121 , 0.00288
[INFO] [1778160291.810508463] [aic_model]: z_offset: 0.0472
[INFO] [1778160291.811278405] [aic_model]: pfrac: 1.0 xy_error: 0.000245 -0.000253   integrators: 0.0123 , 0.00263
[INFO] [1778160291.860499480] [aic_model]: z_offset: 0.0464
[INFO] [1778160291.861015256] [aic_model]: pfrac: 1.0 xy_error: 0.000297 -0.000233   integrators: 0.0126 , 0.0024
[INFO] [1778160291.910504132] [aic_model]: z_offset: 0.0456
[INFO] [1778160291.911345929] [aic_model]: pfrac: 1.0 xy_error: 0.000325 -0.000212   integrators: 0.0129 , 0.00219
[INFO] [1778160291.960506580] [aic_model]: z_offset: 0.0448
[INFO] [1778160291.961726014] [aic_model]: pfrac: 1.0 xy_error: 0.000356 -0.000176   integrators: 0.0133 , 0.00201
[INFO] [1778160292.010594519] [aic_model]: z_offset: 0.044
[INFO] [1778160292.011709627] [aic_model]: pfrac: 1.0 xy_error: 0.000396 -0.00013   integrators: 0.0137 , 0.00188
[INFO] [1778160292.060498873] [aic_model]: z_offset: 0.0432
[INFO] [1778160292.061372589] [aic_model]: pfrac: 1.0 xy_error: 0.000419 -9.39e-05   integrators: 0.0141 , 0.00179
[INFO] [1778160292.110482846] [aic_model]: z_offset: 0.0424
[INFO] [1778160292.110878377] [aic_model]: pfrac: 1.0 xy_error: 0.000417 -8.02e-05   integrators: 0.0145 , 0.0017
[INFO] [1778160292.160542852] [aic_model]: z_offset: 0.0416
[INFO] [1778160292.161799586] [aic_model]: pfrac: 1.0 xy_error: 0.00041 -7.34e-05   integrators: 0.0149 , 0.00163
[INFO] [1778160292.210582620] [aic_model]: z_offset: 0.0408
[INFO] [1778160292.211039936] [aic_model]: pfrac: 1.0 xy_error: 0.000405 -6.67e-05   integrators: 0.0153 , 0.00156
[INFO] [1778160292.260609023] [aic_model]: z_offset: 0.04
[INFO] [1778160292.261926911] [aic_model]: pfrac: 1.0 xy_error: 0.000396 -5.05e-05   integrators: 0.0157 , 0.00151
[INFO] [1778160292.310564904] [aic_model]: z_offset: 0.0392
[INFO] [1778160292.310929306] [aic_model]: pfrac: 1.0 xy_error: 0.000412 -3.87e-05   integrators: 0.0161 , 0.00148
[INFO] [1778160292.360595314] [aic_model]: z_offset: 0.0384
[INFO] [1778160292.360965287] [aic_model]: pfrac: 1.0 xy_error: 0.000404 -1.25e-05   integrators: 0.0166 , 0.00146
[INFO] [1778160292.410471316] [aic_model]: z_offset: 0.0376
[INFO] [1778160292.411495353] [aic_model]: pfrac: 1.0 xy_error: 0.000384 3.05e-05   integrators: 0.0169 , 0.00149
[INFO] [1778160292.460458315] [aic_model]: z_offset: 0.0368
[INFO] [1778160292.461292928] [aic_model]: pfrac: 1.0 xy_error: 0.000368 8.12e-05   integrators: 0.0173 , 0.00157
[INFO] [1778160292.510479458] [aic_model]: z_offset: 0.036
[INFO] [1778160292.511554511] [aic_model]: pfrac: 1.0 xy_error: 0.000372 0.000137   integrators: 0.0177 , 0.00171
[INFO] [1778160292.560466457] [aic_model]: z_offset: 0.0352
[INFO] [1778160292.560847721] [aic_model]: pfrac: 1.0 xy_error: 0.000378 0.000151   integrators: 0.0181 , 0.00186
[INFO] [1778160292.612324780] [aic_model]: z_offset: 0.0344
[INFO] [1778160292.612710412] [aic_model]: pfrac: 1.0 xy_error: 0.000379 0.00015   integrators: 0.0184 , 0.00201
[INFO] [1778160292.662737256] [aic_model]: z_offset: 0.0336
[INFO] [1778160292.663113631] [aic_model]: pfrac: 1.0 xy_error: 0.000379 0.000149   integrators: 0.0188 , 0.00216
[INFO] [1778160292.712669362] [aic_model]: z_offset: 0.0328
[INFO] [1778160292.713058451] [aic_model]: pfrac: 1.0 xy_error: 0.000379 0.000148   integrators: 0.0192 , 0.00231
[INFO] [1778160292.760877861] [aic_model]: insert_cable execute loop
[INFO] [1778160292.762460334] [aic_model]: z_offset: 0.032
[INFO] [1778160292.762865684] [aic_model]: pfrac: 1.0 xy_error: 0.000379 0.000146   integrators: 0.0196 , 0.00246
[INFO] [1778160292.812466269] [aic_model]: z_offset: 0.0312
[INFO] [1778160292.812858103] [aic_model]: pfrac: 1.0 xy_error: 0.000379 0.000144   integrators: 0.0199 , 0.0026
[INFO] [1778160292.862579074] [aic_model]: z_offset: 0.0304
[INFO] [1778160292.862953645] [aic_model]: pfrac: 1.0 xy_error: 0.000379 0.000143   integrators: 0.0203 , 0.00274
[INFO] [1778160292.912488878] [aic_model]: z_offset: 0.0296
[INFO] [1778160292.912868549] [aic_model]: pfrac: 1.0 xy_error: 0.000379 0.000142   integrators: 0.0207 , 0.00288
[INFO] [1778160292.962506705] [aic_model]: z_offset: 0.0288
[INFO] [1778160292.962884793] [aic_model]: pfrac: 1.0 xy_error: 0.000379 0.000142   integrators: 0.0211 , 0.00303
[INFO] [1778160293.012496529] [aic_model]: z_offset: 0.028
[INFO] [1778160293.012933388] [aic_model]: pfrac: 1.0 xy_error: 0.00038 0.000142   integrators: 0.0215 , 0.00317
[INFO] [1778160293.062513505] [aic_model]: z_offset: 0.0272
[INFO] [1778160293.063122004] [aic_model]: pfrac: 1.0 xy_error: 0.00038 0.000144   integrators: 0.0218 , 0.00331
[INFO] [1778160293.112498029] [aic_model]: z_offset: 0.0264
[INFO] [1778160293.113650647] [aic_model]: pfrac: 1.0 xy_error: 0.000379 0.000147   integrators: 0.0222 , 0.00346
[INFO] [1778160293.162572552] [aic_model]: z_offset: 0.0256
[INFO] [1778160293.163779893] [aic_model]: pfrac: 1.0 xy_error: 0.000379 0.000147   integrators: 0.0226 , 0.00361
[INFO] [1778160293.212507232] [aic_model]: z_offset: 0.0248
[INFO] [1778160293.213243311] [aic_model]: pfrac: 1.0 xy_error: 0.000379 0.000147   integrators: 0.023 , 0.00375
[INFO] [1778160293.262478913] [aic_model]: z_offset: 0.024
[INFO] [1778160293.262886466] [aic_model]: pfrac: 1.0 xy_error: 0.000379 0.000147   integrators: 0.0234 , 0.0039
[INFO] [1778160293.312468316] [aic_model]: z_offset: 0.0232
[INFO] [1778160293.312831957] [aic_model]: pfrac: 1.0 xy_error: 0.000379 0.000147   integrators: 0.0237 , 0.00405
[INFO] [1778160293.362502393] [aic_model]: z_offset: 0.0224
[INFO] [1778160293.363655613] [aic_model]: pfrac: 1.0 xy_error: 0.000379 0.000147   integrators: 0.0241 , 0.00419
[INFO] [1778160293.412529598] [aic_model]: z_offset: 0.0216
[INFO] [1778160293.413083044] [aic_model]: pfrac: 1.0 xy_error: 0.000379 0.000147   integrators: 0.0245 , 0.00434
[INFO] [1778160293.462541032] [aic_model]: z_offset: 0.0208
[INFO] [1778160293.463765004] [aic_model]: pfrac: 1.0 xy_error: 0.000379 0.000147   integrators: 0.0249 , 0.00449
[INFO] [1778160293.512481975] [aic_model]: z_offset: 0.02
[INFO] [1778160293.512902242] [aic_model]: pfrac: 1.0 xy_error: 0.000379 0.000147   integrators: 0.0253 , 0.00464
[INFO] [1778160293.562629474] [aic_model]: z_offset: 0.0192
[INFO] [1778160293.563543646] [aic_model]: pfrac: 1.0 xy_error: 0.00038 0.000146   integrators: 0.0256 , 0.00478
[INFO] [1778160293.612474588] [aic_model]: z_offset: 0.0184
[INFO] [1778160293.612860320] [aic_model]: pfrac: 1.0 xy_error: 0.000381 0.000146   integrators: 0.026 , 0.00493
[INFO] [1778160293.662492304] [aic_model]: z_offset: 0.0176
[INFO] [1778160293.662883076] [aic_model]: pfrac: 1.0 xy_error: 0.000381 0.000145   integrators: 0.0264 , 0.00507
[INFO] [1778160293.712558651] [aic_model]: z_offset: 0.0168
[INFO] [1778160293.712949063] [aic_model]: pfrac: 1.0 xy_error: 0.000382 0.000145   integrators: 0.0268 , 0.00522
[INFO] [1778160293.760911210] [aic_model]: insert_cable execute loop
[INFO] [1778160293.762554928] [aic_model]: z_offset: 0.016
[INFO] [1778160293.762919260] [aic_model]: pfrac: 1.0 xy_error: 0.000382 0.000144   integrators: 0.0272 , 0.00536
[INFO] [1778160293.812485942] [aic_model]: z_offset: 0.0152
[INFO] [1778160293.812885881] [aic_model]: pfrac: 1.0 xy_error: 0.000382 0.000144   integrators: 0.0275 , 0.00551
[INFO] [1778160293.862493209] [aic_model]: z_offset: 0.0144
[INFO] [1778160293.862875034] [aic_model]: pfrac: 1.0 xy_error: 0.000382 0.000143   integrators: 0.0279 , 0.00565
[INFO] [1778160293.912501567] [aic_model]: z_offset: 0.0136
[INFO] [1778160293.912889223] [aic_model]: pfrac: 1.0 xy_error: 0.000382 0.000143   integrators: 0.0283 , 0.00579
[INFO] [1778160293.962477285] [aic_model]: z_offset: 0.0128
[INFO] [1778160293.962866474] [aic_model]: pfrac: 1.0 xy_error: 0.000382 0.000142   integrators: 0.0287 , 0.00593
[INFO] [1778160294.012602082] [aic_model]: z_offset: 0.012
[INFO] [1778160294.013120573] [aic_model]: pfrac: 1.0 xy_error: 0.000382 0.000142   integrators: 0.0291 , 0.00608
[INFO] [1778160294.062602115] [aic_model]: z_offset: 0.0112
[INFO] [1778160294.065570113] [aic_model]: pfrac: 1.0 xy_error: 0.000382 0.000141   integrators: 0.0295 , 0.00622
[INFO] [1778160294.114489232] [aic_model]: z_offset: 0.0104
[INFO] [1778160294.114929216] [aic_model]: pfrac: 1.0 xy_error: 0.000382 0.000141   integrators: 0.0298 , 0.00636
[INFO] [1778160294.164610092] [aic_model]: z_offset: 0.0096
[INFO] [1778160294.164993039] [aic_model]: pfrac: 1.0 xy_error: 0.000383 0.00014   integrators: 0.0302 , 0.0065
[INFO] [1778160294.214504417] [aic_model]: z_offset: 0.0088
[INFO] [1778160294.214892113] [aic_model]: pfrac: 1.0 xy_error: 0.000383 0.00014   integrators: 0.0306 , 0.00664
[INFO] [1778160294.264785366] [aic_model]: z_offset: 0.008
[INFO] [1778160294.266308689] [aic_model]: pfrac: 1.0 xy_error: 0.000383 0.000139   integrators: 0.031 , 0.00678
[INFO] [1778160294.316580882] [aic_model]: Alignment degraded (0.0310 > 0.0168), re-aligning...
[INFO] [1778160294.316961935] [aic_model]: pfrac: 1.0 xy_error: 0.000383 0.000139   integrators: 0.0314 , 0.00692
[INFO] [1778160294.366619407] [aic_model]: pfrac: 1.0 xy_error: 0.000382 0.000138   integrators: 0.0318 , 0.00705
[INFO] [1778160294.416611274] [aic_model]: pfrac: 1.0 xy_error: 0.000382 0.000137   integrators: 0.0321 , 0.00719
[INFO] [1778160294.466684334] [aic_model]: pfrac: 1.0 xy_error: 0.000382 0.000136   integrators: 0.0325 , 0.00733
[INFO] [1778160294.516774987] [aic_model]: pfrac: 1.0 xy_error: 0.000382 0.000136   integrators: 0.0329 , 0.00746
[INFO] [1778160294.566665666] [aic_model]: pfrac: 1.0 xy_error: 0.000382 0.000135   integrators: 0.0333 , 0.0076
[INFO] [1778160294.616657814] [aic_model]: pfrac: 1.0 xy_error: 0.000382 0.000135   integrators: 0.0337 , 0.00773
[INFO] [1778160294.666695287] [aic_model]: pfrac: 1.0 xy_error: 0.000382 0.000134   integrators: 0.034 , 0.00787
[INFO] [1778160294.716704197] [aic_model]: pfrac: 1.0 xy_error: 0.000382 0.000133   integrators: 0.0344 , 0.008
[INFO] [1778160294.761072674] [aic_model]: insert_cable execute loop
[INFO] [1778160294.767602242] [aic_model]: pfrac: 1.0 xy_error: 0.000382 0.000131   integrators: 0.0348 , 0.00813
[INFO] [1778160294.816498778] [aic_model]: z_offset: 0.0072
[INFO] [1778160294.816903115] [aic_model]: pfrac: 1.0 xy_error: 0.000382 0.000129   integrators: 0.0352 , 0.00826
[INFO] [1778160294.866488953] [aic_model]: z_offset: 0.0064
[INFO] [1778160294.868665118] [aic_model]: pfrac: 1.0 xy_error: 0.000382 0.000127   integrators: 0.0356 , 0.00839
[INFO] [1778160294.918657046] [aic_model]: z_offset: 0.0056
[INFO] [1778160294.919169746] [aic_model]: pfrac: 1.0 xy_error: 0.000382 0.000125   integrators: 0.036 , 0.00851
[INFO] [1778160294.968618968] [aic_model]: z_offset: 0.0048
[INFO] [1778160294.969005151] [aic_model]: pfrac: 1.0 xy_error: 0.000382 0.000122   integrators: 0.0363 , 0.00863
[INFO] [1778160295.018501391] [aic_model]: z_offset: 0.004
[INFO] [1778160295.018886452] [aic_model]: pfrac: 1.0 xy_error: 0.000382 0.00012   integrators: 0.0367 , 0.00875
[INFO] [1778160295.068499410] [aic_model]: z_offset: 0.0032
[INFO] [1778160295.068884922] [aic_model]: pfrac: 1.0 xy_error: 0.000382 0.000117   integrators: 0.0371 , 0.00887
[INFO] [1778160295.118483463] [aic_model]: z_offset: 0.0024
[INFO] [1778160295.118860669] [aic_model]: pfrac: 1.0 xy_error: 0.000382 0.000117   integrators: 0.0375 , 0.00899
[INFO] [1778160295.168514834] [aic_model]: z_offset: 0.0016
[INFO] [1778160295.168902901] [aic_model]: pfrac: 1.0 xy_error: 0.000383 0.000119   integrators: 0.0379 , 0.00911
[INFO] [1778160295.218511832] [aic_model]: z_offset: 0.0008
[INFO] [1778160295.218891643] [aic_model]: pfrac: 1.0 xy_error: 0.000383 0.00012   integrators: 0.0382 , 0.00923
[INFO] [1778160295.268494532] [aic_model]: z_offset: 4.382e-09
[INFO] [1778160295.268883501] [aic_model]: pfrac: 1.0 xy_error: 0.000384 0.000122   integrators: 0.0386 , 0.00935
[INFO] [1778160295.318510545] [aic_model]: z_offset: -0.0008
[INFO] [1778160295.318882091] [aic_model]: pfrac: 1.0 xy_error: 0.000384 0.000122   integrators: 0.039 , 0.00947
[INFO] [1778160295.368485621] [aic_model]: z_offset: -0.0016
[INFO] [1778160295.368877074] [aic_model]: pfrac: 1.0 xy_error: 0.000384 0.000123   integrators: 0.0394 , 0.00959
[INFO] [1778160295.418526591] [aic_model]: z_offset: -0.0024
[INFO] [1778160295.418959421] [aic_model]: pfrac: 1.0 xy_error: 0.000385 0.000124   integrators: 0.0398 , 0.00972
[INFO] [1778160295.468495946] [aic_model]: z_offset: -0.0032
[INFO] [1778160295.468876509] [aic_model]: pfrac: 1.0 xy_error: 0.000385 0.000125   integrators: 0.0402 , 0.00984
[INFO] [1778160295.518480460] [aic_model]: z_offset: -0.004
[INFO] [1778160295.518913952] [aic_model]: pfrac: 1.0 xy_error: 0.000386 0.000127   integrators: 0.0406 , 0.00997
[INFO] [1778160295.568654299] [aic_model]: z_offset: -0.0048
[INFO] [1778160295.569051252] [aic_model]: pfrac: 1.0 xy_error: 0.000386 0.000128   integrators: 0.0409 , 0.0101
[INFO] [1778160295.618510913] [aic_model]: z_offset: -0.0056
[INFO] [1778160295.618885985] [aic_model]: pfrac: 1.0 xy_error: 0.000387 0.00013   integrators: 0.0413 , 0.0102
[INFO] [1778160295.668594252] [aic_model]: z_offset: -0.0064
[INFO] [1778160295.669105529] [aic_model]: pfrac: 1.0 xy_error: 0.000387 0.000131   integrators: 0.0417 , 0.0104
[INFO] [1778160295.718809428] [aic_model]: z_offset: -0.0072
[INFO] [1778160295.719310526] [aic_model]: pfrac: 1.0 xy_error: 0.000387 0.000132   integrators: 0.0421 , 0.0105
[INFO] [1778160295.760966403] [aic_model]: insert_cable execute loop
[INFO] [1778160295.768507806] [aic_model]: z_offset: -0.008
[INFO] [1778160295.768895902] [aic_model]: pfrac: 1.0 xy_error: 0.000388 0.000134   integrators: 0.0425 , 0.0106
[INFO] [1778160295.818479285] [aic_model]: z_offset: -0.0088
[INFO] [1778160295.821022808] [aic_model]: pfrac: 1.0 xy_error: 0.000388 0.000135   integrators: 0.0429 , 0.0108
[INFO] [1778160295.870632330] [aic_model]: z_offset: -0.0096
[INFO] [1778160295.871145341] [aic_model]: pfrac: 1.0 xy_error: 0.000389 0.000137   integrators: 0.0433 , 0.0109
[INFO] [1778160295.920506006] [aic_model]: z_offset: -0.0104
[INFO] [1778160295.920890907] [aic_model]: pfrac: 1.0 xy_error: 0.000389 0.000139   integrators: 0.0437 , 0.011
[INFO] [1778160295.970525786] [aic_model]: z_offset: -0.0112
[INFO] [1778160295.970905647] [aic_model]: pfrac: 1.0 xy_error: 0.000389 0.000141   integrators: 0.044 , 0.0112
[INFO] [1778160296.020588326] [aic_model]: z_offset: -0.012
[INFO] [1778160296.020981162] [aic_model]: pfrac: 1.0 xy_error: 0.000389 0.000144   integrators: 0.0444 , 0.0113
[INFO] [1778160296.070507968] [aic_model]: z_offset: -0.0128
[INFO] [1778160296.070895624] [aic_model]: pfrac: 1.0 xy_error: 0.000389 0.000147   integrators: 0.0448 , 0.0115
[INFO] [1778160296.120496920] [aic_model]: z_offset: -0.0136
[INFO] [1778160296.122529306] [aic_model]: pfrac: 1.0 xy_error: 0.00039 0.00015   integrators: 0.0452 , 0.0116
[INFO] [1778160296.172541401] [aic_model]: z_offset: -0.0144
[INFO] [1778160296.172923797] [aic_model]: pfrac: 1.0 xy_error: 0.00039 0.000154   integrators: 0.0456 , 0.0118
[INFO] [1778160296.222494356] [aic_model]: z_offset: -0.0152
[INFO] [1778160296.222883374] [aic_model]: pfrac: 1.0 xy_error: 0.000389 0.000158   integrators: 0.046 , 0.0119
[INFO] [1778160296.272497725] [aic_model]: z_offset: -0.016
[INFO] [1778160296.272887976] [aic_model]: pfrac: 1.0 xy_error: 0.000389 0.000161   integrators: 0.0464 , 0.0121
[INFO] [1778160296.322486707] [aic_model]: z_offset: -0.0168
[INFO] [1778160296.322875906] [aic_model]: pfrac: 1.0 xy_error: 0.000389 0.000165   integrators: 0.0468 , 0.0123
[INFO] [1778160296.372543967] [aic_model]: z_offset: -0.0176
[INFO] [1778160296.372921394] [aic_model]: pfrac: 1.0 xy_error: 0.000388 0.000169   integrators: 0.0472 , 0.0124
[INFO] [1778160296.422507351] [aic_model]: z_offset: -0.0184
[INFO] [1778160296.422889897] [aic_model]: pfrac: 1.0 xy_error: 0.000388 0.000172   integrators: 0.0475 , 0.0126
[INFO] [1778160296.472486094] [aic_model]: z_offset: -0.0192
[INFO] [1778160296.472866286] [aic_model]: pfrac: 1.0 xy_error: 0.000388 0.000173   integrators: 0.0479 , 0.0128
[INFO] [1778160296.522497127] [aic_model]: z_offset: -0.02
[INFO] [1778160296.522883440] [aic_model]: pfrac: 1.0 xy_error: 0.000388 0.000172   integrators: 0.0483 , 0.0129
[INFO] [1778160296.572634597] [aic_model]: z_offset: -0.0208
[INFO] [1778160296.573011603] [aic_model]: pfrac: 1.0 xy_error: 0.000388 0.000174   integrators: 0.0487 , 0.0131
[INFO] [1778160296.622511309] [aic_model]: z_offset: -0.0216
[INFO] [1778160296.622900698] [aic_model]: pfrac: 1.0 xy_error: 0.000388 0.000173   integrators: 0.0491 , 0.0133
[INFO] [1778160296.672534024] [aic_model]: z_offset: -0.0224
[INFO] [1778160296.675194466] [aic_model]: pfrac: 1.0 xy_error: 0.000389 0.000173   integrators: 0.0495 , 0.0135
[INFO] [1778160296.724928381] [aic_model]: z_offset: -0.0232
[INFO] [1778160296.726596945] [aic_model]: pfrac: 1.0 xy_error: 0.000388 0.000172   integrators: 0.0499 , 0.0136
[INFO] [1778160296.760758899] [aic_model]: insert_cable execute loop
[INFO] [1778160296.776433261] [aic_model]: z_offset: -0.024
[INFO] [1778160296.776816649] [aic_model]: pfrac: 1.0 xy_error: 0.000388 0.000173   integrators: 0.0503 , 0.0138
[INFO] [1778160296.826690967] [aic_model]: z_offset: -0.0248
[INFO] [1778160296.827113408] [aic_model]: pfrac: 1.0 xy_error: 0.000389 0.000173   integrators: 0.0507 , 0.014
[INFO] [1778160296.876774596] [aic_model]: z_offset: -0.0256
[INFO] [1778160296.877167161] [aic_model]: pfrac: 1.0 xy_error: 0.000388 0.000172   integrators: 0.051 , 0.0142
[INFO] [1778160296.926759981] [aic_model]: Waiting for connector to stabilize...
[INFO] [1778160297.760976426] [aic_model]: insert_cable execute loop
[INFO] [1778160298.760809500] [aic_model]: insert_cable execute loop
[INFO] [1778160298.926758544] [aic_model]: AutoCode2.insert_cable() exiting...
[INFO] [1778160299.760846041] [aic_model]: insert_cable() returned True
[INFO] [1778160300.302967840] [aic_model]: on_deactivate(LifecycleState(label='active', state_id=3))
[INFO] [1778160300.806728651] [aic_model]: on_activate()
[INFO] [1778160303.117667178] [aic_model]: Goal accepted
[INFO] [1778160303.118934011] [aic_model]: Entering insert_cable_execute_callback()
[INFO] [1778160303.119982203] [aic_model]: insert_cable execute loop
[INFO] [1778160303.120305158] [aic_model]: AutoCode2.insert_cable() task: aic_task_interfaces.msg.Task(id='task_1', cable_type='sfp_sc', cable_name='cable_1', plug_type='sc', plug_name='sc_tip', port_type='sc', port_name='sc_port_base', target_module_name='sc_port_1', time_limit=180)
[INFO] [1778160303.121714437] [aic_model]: pfrac: 0.0 xy_error: -0.128 0.0636   integrators: 0.0 , 0.0
[INFO] [1778160303.171600175] [aic_model]: pfrac: 0.025 xy_error: -0.128 0.0636   integrators: 0.0 , 0.0
[INFO] [1778160303.221574959] [aic_model]: pfrac: 0.05 xy_error: -0.128 0.0638   integrators: 0.0 , 0.0
[INFO] [1778160303.271631406] [aic_model]: pfrac: 0.075 xy_error: -0.128 0.0642   integrators: 0.0 , 0.0
[INFO] [1778160303.321580642] [aic_model]: pfrac: 0.1 xy_error: -0.127 0.0645   integrators: 0.0 , 0.0
[INFO] [1778160303.371021967] [aic_model]: pfrac: 0.125 xy_error: -0.127 0.0649   integrators: 0.0 , 0.0
[INFO] [1778160303.421558854] [aic_model]: pfrac: 0.15 xy_error: -0.127 0.0651   integrators: 0.0 , 0.0
[INFO] [1778160303.471569244] [aic_model]: pfrac: 0.175 xy_error: -0.126 0.0652   integrators: 0.0 , 0.0
[INFO] [1778160303.521531215] [aic_model]: pfrac: 0.2 xy_error: -0.125 0.0651   integrators: 0.0 , 0.0
[INFO] [1778160303.570861852] [aic_model]: pfrac: 0.225 xy_error: -0.124 0.0649   integrators: 0.0 , 0.0
[INFO] [1778160303.620813693] [aic_model]: pfrac: 0.25 xy_error: -0.123 0.0646   integrators: 0.0 , 0.0
[INFO] [1778160303.671546898] [aic_model]: pfrac: 0.275 xy_error: -0.122 0.0642   integrators: 0.0 , 0.0
[INFO] [1778160303.722891978] [aic_model]: pfrac: 0.3 xy_error: -0.12 0.0636   integrators: 0.0 , 0.0
[INFO] [1778160303.773423945] [aic_model]: pfrac: 0.325 xy_error: -0.118 0.0627   integrators: 0.0 , 0.0
[INFO] [1778160303.823521569] [aic_model]: pfrac: 0.35 xy_error: -0.116 0.0617   integrators: 0.0 , 0.0
[INFO] [1778160303.872937888] [aic_model]: pfrac: 0.375 xy_error: -0.114 0.0606   integrators: 0.0 , 0.0
[INFO] [1778160303.923271203] [aic_model]: pfrac: 0.4 xy_error: -0.112 0.0593   integrators: 0.0 , 0.0
[INFO] [1778160303.973592486] [aic_model]: pfrac: 0.425 xy_error: -0.109 0.058   integrators: 0.0 , 0.0
[INFO] [1778160304.023253062] [aic_model]: pfrac: 0.45 xy_error: -0.106 0.0564   integrators: 0.0 , 0.0
[INFO] [1778160304.072964523] [aic_model]: pfrac: 0.475 xy_error: -0.104 0.0548   integrators: 0.0 , 0.0
[INFO] [1778160304.119290173] [aic_model]: insert_cable execute loop
[INFO] [1778160304.122674190] [aic_model]: pfrac: 0.5 xy_error: -0.1 0.053   integrators: 0.0 , 0.0
[INFO] [1778160304.173216256] [aic_model]: pfrac: 0.525 xy_error: -0.0972 0.0511   integrators: 0.0 , 0.0
[INFO] [1778160304.223563477] [aic_model]: pfrac: 0.55 xy_error: -0.0937 0.0491   integrators: 0.0 , 0.0
[INFO] [1778160304.272863327] [aic_model]: pfrac: 0.575 xy_error: -0.0902 0.047   integrators: 0.0 , 0.0
[INFO] [1778160304.323472399] [aic_model]: pfrac: 0.6 xy_error: -0.0865 0.0448   integrators: 0.0 , 0.0
[INFO] [1778160304.372957366] [aic_model]: pfrac: 0.625 xy_error: -0.0827 0.0426   integrators: 0.0 , 0.0
[INFO] [1778160304.423627822] [aic_model]: pfrac: 0.65 xy_error: -0.0788 0.0403   integrators: 0.0 , 0.0
[INFO] [1778160304.473591555] [aic_model]: pfrac: 0.675 xy_error: -0.0749 0.038   integrators: 0.0 , 0.0
[INFO] [1778160304.523602577] [aic_model]: pfrac: 0.7 xy_error: -0.0708 0.0357   integrators: 0.0 , 0.0
[INFO] [1778160304.573716812] [aic_model]: pfrac: 0.725 xy_error: -0.0668 0.0333   integrators: 0.0 , 0.0
[INFO] [1778160304.623120677] [aic_model]: pfrac: 0.75 xy_error: -0.0628 0.0309   integrators: 0.0 , 0.0
[INFO] [1778160304.673611647] [aic_model]: pfrac: 0.775 xy_error: -0.0588 0.0285   integrators: 0.0 , 0.0
[INFO] [1778160304.722844893] [aic_model]: pfrac: 0.8 xy_error: -0.0548 0.0262   integrators: 0.0 , 0.0
[INFO] [1778160304.773573689] [aic_model]: pfrac: 0.825 xy_error: -0.0509 0.0238   integrators: 0.0 , 0.0
[INFO] [1778160304.823394083] [aic_model]: pfrac: 0.85 xy_error: -0.0471 0.0216   integrators: 0.0 , 0.0
[INFO] [1778160304.873579692] [aic_model]: pfrac: 0.875 xy_error: -0.0434 0.0194   integrators: 0.0 , 0.0
[INFO] [1778160304.923590994] [aic_model]: pfrac: 0.9 xy_error: -0.0397 0.0173   integrators: 0.0 , 0.0
[INFO] [1778160304.973172662] [aic_model]: pfrac: 0.925 xy_error: -0.0362 0.0153   integrators: 0.0 , 0.0
[INFO] [1778160305.023227997] [aic_model]: pfrac: 0.95 xy_error: -0.0328 0.0133   integrators: 0.0 , 0.0
[INFO] [1778160305.073266981] [aic_model]: pfrac: 0.975 xy_error: -0.0296 0.0115   integrators: 0.0 , 0.0
[INFO] [1778160305.119172193] [aic_model]: insert_cable execute loop
[INFO] [1778160305.122703827] [aic_model]: pfrac: 1.0 xy_error: -0.0265 0.00973   integrators: -0.0265 , 0.00973
[INFO] [1778160305.173476034] [aic_model]: pfrac: 1.0 xy_error: -0.0236 0.00806   integrators: -0.0502 , 0.0178
[INFO] [1778160305.223936287] [aic_model]: pfrac: 1.0 xy_error: -0.0207 0.00649   integrators: -0.0709 , 0.0243
[INFO] [1778160305.273586813] [aic_model]: pfrac: 1.0 xy_error: -0.0179 0.00503   integrators: -0.08 , 0.0293
[INFO] [1778160305.323052133] [aic_model]: pfrac: 1.0 xy_error: -0.0151 0.00363   integrators: -0.08 , 0.0329
[INFO] [1778160305.373113559] [aic_model]: pfrac: 1.0 xy_error: -0.0125 0.00232   integrators: -0.08 , 0.0353
[INFO] [1778160305.422728579] [aic_model]: pfrac: 1.0 xy_error: -0.01 0.00112   integrators: -0.08 , 0.0364
[INFO] [1778160305.473124190] [aic_model]: pfrac: 1.0 xy_error: -0.00777 1.13e-05   integrators: -0.08 , 0.0364
[INFO] [1778160305.522739511] [aic_model]: pfrac: 1.0 xy_error: -0.00566 -0.00101   integrators: -0.08 , 0.0354
[INFO] [1778160305.572728171] [aic_model]: pfrac: 1.0 xy_error: -0.00371 -0.00188   integrators: -0.08 , 0.0335
[INFO] [1778160305.622764900] [aic_model]: pfrac: 1.0 xy_error: -0.0019 -0.00267   integrators: -0.08 , 0.0308
[INFO] [1778160305.672747819] [aic_model]: pfrac: 1.0 xy_error: -0.000285 -0.00333   integrators: -0.08 , 0.0275
[INFO] [1778160305.723234722] [aic_model]: pfrac: 1.0 xy_error: 0.00115 -0.00387   integrators: -0.0788 , 0.0236
[INFO] [1778160305.772793897] [aic_model]: pfrac: 1.0 xy_error: 0.0024 -0.0043   integrators: -0.0764 , 0.0193
[INFO] [1778160305.823696639] [aic_model]: pfrac: 1.0 xy_error: 0.00351 -0.00461   integrators: -0.0729 , 0.0147
[INFO] [1778160305.873498388] [aic_model]: pfrac: 1.0 xy_error: 0.00445 -0.0048   integrators: -0.0685 , 0.00993
[INFO] [1778160305.923564824] [aic_model]: pfrac: 1.0 xy_error: 0.00521 -0.0049   integrators: -0.0633 , 0.00503
[INFO] [1778160305.972896884] [aic_model]: pfrac: 1.0 xy_error: 0.0058 -0.00491   integrators: -0.0575 , 0.000116
[INFO] [1778160306.022796547] [aic_model]: pfrac: 1.0 xy_error: 0.00624 -0.00482   integrators: -0.0512 , -0.0047
[INFO] [1778160306.072803330] [aic_model]: pfrac: 1.0 xy_error: 0.00654 -0.00464   integrators: -0.0447 , -0.00935
[INFO] [1778160306.119664343] [aic_model]: insert_cable execute loop
[INFO] [1778160306.122525320] [aic_model]: z_offset: 0.1992
[INFO] [1778160306.123388156] [aic_model]: pfrac: 1.0 xy_error: 0.00671 -0.0044   integrators: -0.038 , -0.0137
[INFO] [1778160306.172697063] [aic_model]: z_offset: 0.1984
[INFO] [1778160306.173900456] [aic_model]: pfrac: 1.0 xy_error: 0.00672 -0.00405   integrators: -0.0313 , -0.0178
[INFO] [1778160306.222560027] [aic_model]: z_offset: 0.1976
[INFO] [1778160306.223880770] [aic_model]: pfrac: 1.0 xy_error: 0.00663 -0.00363   integrators: -0.0246 , -0.0214
[INFO] [1778160306.272590615] [aic_model]: z_offset: 0.1968
[INFO] [1778160306.273903293] [aic_model]: pfrac: 1.0 xy_error: 0.00641 -0.00316   integrators: -0.0182 , -0.0246
[INFO] [1778160306.322579034] [aic_model]: z_offset: 0.196
[INFO] [1778160306.323759144] [aic_model]: pfrac: 1.0 xy_error: 0.00606 -0.00264   integrators: -0.0122 , -0.0272
[INFO] [1778160306.372644377] [aic_model]: z_offset: 0.1952
[INFO] [1778160306.373817253] [aic_model]: pfrac: 1.0 xy_error: 0.00561 -0.00212   integrators: -0.00655 , -0.0294
[INFO] [1778160306.422607979] [aic_model]: z_offset: 0.1944
[INFO] [1778160306.423248429] [aic_model]: pfrac: 1.0 xy_error: 0.00508 -0.00157   integrators: -0.00147 , -0.0309
[INFO] [1778160306.472586660] [aic_model]: z_offset: 0.1936
[INFO] [1778160306.473848443] [aic_model]: pfrac: 1.0 xy_error: 0.00451 -0.00101   integrators: 0.00303 , -0.0319
[INFO] [1778160306.522560251] [aic_model]: z_offset: 0.1928
[INFO] [1778160306.523754518] [aic_model]: pfrac: 1.0 xy_error: 0.00386 -0.000455   integrators: 0.00689 , -0.0324
[INFO] [1778160306.572598674] [aic_model]: z_offset: 0.192
[INFO] [1778160306.573834398] [aic_model]: pfrac: 1.0 xy_error: 0.00316 9.73e-05   integrators: 0.01 , -0.0323
[INFO] [1778160306.622594517] [aic_model]: z_offset: 0.1912
[INFO] [1778160306.623922924] [aic_model]: pfrac: 1.0 xy_error: 0.00243 0.000614   integrators: 0.0125 , -0.0317
[INFO] [1778160306.672596221] [aic_model]: z_offset: 0.1904
[INFO] [1778160306.673918016] [aic_model]: pfrac: 1.0 xy_error: 0.00169 0.0011   integrators: 0.0142 , -0.0306
[INFO] [1778160306.722727227] [aic_model]: z_offset: 0.1896
[INFO] [1778160306.724009378] [aic_model]: pfrac: 1.0 xy_error: 0.000933 0.00156   integrators: 0.0151 , -0.029
[INFO] [1778160306.772626509] [aic_model]: z_offset: 0.1888
[INFO] [1778160306.773863075] [aic_model]: pfrac: 1.0 xy_error: 0.000178 0.00201   integrators: 0.0153 , -0.027
[INFO] [1778160306.822638232] [aic_model]: z_offset: 0.188
[INFO] [1778160306.823882201] [aic_model]: pfrac: 1.0 xy_error: -0.000554 0.00241   integrators: 0.0147 , -0.0246
[INFO] [1778160306.872619788] [aic_model]: z_offset: 0.1872
[INFO] [1778160306.873943937] [aic_model]: pfrac: 1.0 xy_error: -0.00123 0.00275   integrators: 0.0135 , -0.0218
[INFO] [1778160306.922568032] [aic_model]: z_offset: 0.1864
[INFO] [1778160306.923763650] [aic_model]: pfrac: 1.0 xy_error: -0.00186 0.00304   integrators: 0.0116 , -0.0188
[INFO] [1778160306.972596676] [aic_model]: z_offset: 0.1856
[INFO] [1778160306.973439845] [aic_model]: pfrac: 1.0 xy_error: -0.00243 0.00328   integrators: 0.0092 , -0.0155
[INFO] [1778160307.022620191] [aic_model]: z_offset: 0.1848
[INFO] [1778160307.023816932] [aic_model]: pfrac: 1.0 xy_error: -0.00295 0.00346   integrators: 0.00625 , -0.0121
[INFO] [1778160307.072701994] [aic_model]: z_offset: 0.184
[INFO] [1778160307.074012508] [aic_model]: pfrac: 1.0 xy_error: -0.00343 0.0036   integrators: 0.00282 , -0.00846
[INFO] [1778160307.119865553] [aic_model]: insert_cable execute loop
[INFO] [1778160307.122558807] [aic_model]: z_offset: 0.1832
[INFO] [1778160307.123750729] [aic_model]: pfrac: 1.0 xy_error: -0.00383 0.00365   integrators: -0.001 , -0.00481
[INFO] [1778160307.172579155] [aic_model]: z_offset: 0.1824
[INFO] [1778160307.173394051] [aic_model]: pfrac: 1.0 xy_error: -0.00414 0.00368   integrators: -0.00514 , -0.00113
[INFO] [1778160307.222583824] [aic_model]: z_offset: 0.1816
[INFO] [1778160307.223746812] [aic_model]: pfrac: 1.0 xy_error: -0.00437 0.00363   integrators: -0.00951 , 0.0025
[INFO] [1778160307.272574668] [aic_model]: z_offset: 0.1808
[INFO] [1778160307.273863131] [aic_model]: pfrac: 1.0 xy_error: -0.00453 0.00355   integrators: -0.014 , 0.00606
[INFO] [1778160307.322566573] [aic_model]: z_offset: 0.18
[INFO] [1778160307.323769957] [aic_model]: pfrac: 1.0 xy_error: -0.00463 0.00343   integrators: -0.0187 , 0.00949
[INFO] [1778160307.372578626] [aic_model]: z_offset: 0.1792
[INFO] [1778160307.373817015] [aic_model]: pfrac: 1.0 xy_error: -0.00463 0.00326   integrators: -0.0233 , 0.0127
[INFO] [1778160307.422638379] [aic_model]: z_offset: 0.1784
[INFO] [1778160307.423894311] [aic_model]: pfrac: 1.0 xy_error: -0.00456 0.00303   integrators: -0.0279 , 0.0158
[INFO] [1778160307.472598034] [aic_model]: z_offset: 0.1776
[INFO] [1778160307.473805315] [aic_model]: pfrac: 1.0 xy_error: -0.00441 0.00277   integrators: -0.0323 , 0.0186
[INFO] [1778160307.522625636] [aic_model]: z_offset: 0.1768
[INFO] [1778160307.523776942] [aic_model]: pfrac: 1.0 xy_error: -0.0042 0.00247   integrators: -0.0365 , 0.021
[INFO] [1778160307.572588998] [aic_model]: z_offset: 0.176
[INFO] [1778160307.573781311] [aic_model]: pfrac: 1.0 xy_error: -0.00393 0.00213   integrators: -0.0404 , 0.0232
[INFO] [1778160307.622595410] [aic_model]: z_offset: 0.1752
[INFO] [1778160307.623886127] [aic_model]: pfrac: 1.0 xy_error: -0.00359 0.00178   integrators: -0.044 , 0.0249
[INFO] [1778160307.672607974] [aic_model]: z_offset: 0.1744
[INFO] [1778160307.673887190] [aic_model]: pfrac: 1.0 xy_error: -0.00322 0.00141   integrators: -0.0472 , 0.0264
[INFO] [1778160307.722730274] [aic_model]: z_offset: 0.1736
[INFO] [1778160307.724018366] [aic_model]: pfrac: 1.0 xy_error: -0.0028 0.00108   integrators: -0.05 , 0.0274
[INFO] [1778160307.772669821] [aic_model]: z_offset: 0.1728
[INFO] [1778160307.773926244] [aic_model]: pfrac: 1.0 xy_error: -0.00233 0.00073   integrators: -0.0524 , 0.0282
[INFO] [1778160307.822583270] [aic_model]: z_offset: 0.172
[INFO] [1778160307.823848168] [aic_model]: pfrac: 1.0 xy_error: -0.00185 0.000396   integrators: -0.0542 , 0.0286
[INFO] [1778160307.872608207] [aic_model]: z_offset: 0.1712
[INFO] [1778160307.873897201] [aic_model]: pfrac: 1.0 xy_error: -0.00134 6.54e-05   integrators: -0.0555 , 0.0286
[INFO] [1778160307.922575877] [aic_model]: z_offset: 0.1704
[INFO] [1778160307.923787155] [aic_model]: pfrac: 1.0 xy_error: -0.000843 -0.000271   integrators: -0.0564 , 0.0284
[INFO] [1778160307.972611404] [aic_model]: z_offset: 0.1696
[INFO] [1778160307.973752531] [aic_model]: pfrac: 1.0 xy_error: -0.000339 -0.000614   integrators: -0.0567 , 0.0277
[INFO] [1778160308.022599332] [aic_model]: z_offset: 0.1688
[INFO] [1778160308.023716614] [aic_model]: pfrac: 1.0 xy_error: 0.00016 -0.000913   integrators: -0.0566 , 0.0268
[INFO] [1778160308.072577882] [aic_model]: z_offset: 0.168
[INFO] [1778160308.073815890] [aic_model]: pfrac: 1.0 xy_error: 0.000658 -0.00119   integrators: -0.0559 , 0.0256
[INFO] [1778160308.118820256] [aic_model]: insert_cable execute loop
[INFO] [1778160308.122507661] [aic_model]: z_offset: 0.1672
[INFO] [1778160308.123295616] [aic_model]: pfrac: 1.0 xy_error: 0.00113 -0.00144   integrators: -0.0548 , 0.0242
[INFO] [1778160308.172721992] [aic_model]: z_offset: 0.1664
[INFO] [1778160308.173908204] [aic_model]: pfrac: 1.0 xy_error: 0.00156 -0.00167   integrators: -0.0532 , 0.0225
[INFO] [1778160308.222576480] [aic_model]: z_offset: 0.1656
[INFO] [1778160308.223809840] [aic_model]: pfrac: 1.0 xy_error: 0.00196 -0.00187   integrators: -0.0513 , 0.0207
[INFO] [1778160308.272597460] [aic_model]: z_offset: 0.1648
[INFO] [1778160308.273853031] [aic_model]: pfrac: 1.0 xy_error: 0.00233 -0.00202   integrators: -0.0489 , 0.0186
[INFO] [1778160308.322607098] [aic_model]: z_offset: 0.164
[INFO] [1778160308.323792588] [aic_model]: pfrac: 1.0 xy_error: 0.00263 -0.00215   integrators: -0.0463 , 0.0165
[INFO] [1778160308.372595337] [aic_model]: z_offset: 0.1632
[INFO] [1778160308.373847131] [aic_model]: pfrac: 1.0 xy_error: 0.00288 -0.00225   integrators: -0.0434 , 0.0142
[INFO] [1778160308.422680587] [aic_model]: z_offset: 0.1624
[INFO] [1778160308.423508597] [aic_model]: pfrac: 1.0 xy_error: 0.0031 -0.00232   integrators: -0.0403 , 0.0119
[INFO] [1778160308.472701576] [aic_model]: z_offset: 0.1616
[INFO] [1778160308.474330046] [aic_model]: pfrac: 1.0 xy_error: 0.00323 -0.00234   integrators: -0.0371 , 0.00958
[INFO] [1778160308.524599380] [aic_model]: z_offset: 0.1608
[INFO] [1778160308.525843620] [aic_model]: pfrac: 1.0 xy_error: 0.00335 -0.00233   integrators: -0.0337 , 0.00725
[INFO] [1778160308.574584453] [aic_model]: z_offset: 0.16
[INFO] [1778160308.575825447] [aic_model]: pfrac: 1.0 xy_error: 0.00339 -0.00228   integrators: -0.0304 , 0.00497
[INFO] [1778160308.624617004] [aic_model]: z_offset: 0.1592
[INFO] [1778160308.625826118] [aic_model]: pfrac: 1.0 xy_error: 0.00337 -0.00222   integrators: -0.027 , 0.00275
[INFO] [1778160308.674687576] [aic_model]: z_offset: 0.1584
[INFO] [1778160308.676102316] [aic_model]: pfrac: 1.0 xy_error: 0.00329 -0.00216   integrators: -0.0237 , 0.000594
[INFO] [1778160308.724648794] [aic_model]: z_offset: 0.1576
[INFO] [1778160308.726316106] [aic_model]: pfrac: 1.0 xy_error: 0.00318 -0.00205   integrators: -0.0205 , -0.00146
[INFO] [1778160308.776603986] [aic_model]: z_offset: 0.1568
[INFO] [1778160308.777856391] [aic_model]: pfrac: 1.0 xy_error: 0.00304 -0.00194   integrators: -0.0175 , -0.0034
[INFO] [1778160308.826602573] [aic_model]: z_offset: 0.156
[INFO] [1778160308.827939547] [aic_model]: pfrac: 1.0 xy_error: 0.00287 -0.0018   integrators: -0.0146 , -0.0052
[INFO] [1778160308.876602874] [aic_model]: z_offset: 0.1552
[INFO] [1778160308.877840983] [aic_model]: pfrac: 1.0 xy_error: 0.00264 -0.00166   integrators: -0.012 , -0.00686
[INFO] [1778160308.926688655] [aic_model]: z_offset: 0.1544
[INFO] [1778160308.927876630] [aic_model]: pfrac: 1.0 xy_error: 0.00242 -0.00149   integrators: -0.00955 , -0.00835
[INFO] [1778160308.976593247] [aic_model]: z_offset: 0.1536
[INFO] [1778160308.977837828] [aic_model]: pfrac: 1.0 xy_error: 0.00216 -0.00129   integrators: -0.00739 , -0.00963
[INFO] [1778160309.026711559] [aic_model]: z_offset: 0.1528
[INFO] [1778160309.027908991] [aic_model]: pfrac: 1.0 xy_error: 0.00188 -0.00106   integrators: -0.00551 , -0.0107
[INFO] [1778160309.076604849] [aic_model]: z_offset: 0.152
[INFO] [1778160309.077850021] [aic_model]: pfrac: 1.0 xy_error: 0.00159 -0.000827   integrators: -0.00392 , -0.0115
[INFO] [1778160309.119206114] [aic_model]: insert_cable execute loop
[INFO] [1778160309.126544777] [aic_model]: z_offset: 0.1512
[INFO] [1778160309.127753280] [aic_model]: pfrac: 1.0 xy_error: 0.00129 -0.000593   integrators: -0.00263 , -0.0121
[INFO] [1778160309.176592887] [aic_model]: z_offset: 0.1504
[INFO] [1778160309.177873074] [aic_model]: pfrac: 1.0 xy_error: 0.000981 -0.000331   integrators: -0.00165 , -0.0124
[INFO] [1778160309.226585794] [aic_model]: z_offset: 0.1496
[INFO] [1778160309.227790139] [aic_model]: pfrac: 1.0 xy_error: 0.000687 -0.000105   integrators: -0.000965 , -0.0125
[INFO] [1778160309.276616111] [aic_model]: z_offset: 0.1488
[INFO] [1778160309.277452166] [aic_model]: pfrac: 1.0 xy_error: 0.00039 0.000145   integrators: -0.000575 , -0.0124
[INFO] [1778160309.326589761] [aic_model]: z_offset: 0.148
[INFO] [1778160309.327855953] [aic_model]: pfrac: 1.0 xy_error: 9.12e-05 0.000353   integrators: -0.000484 , -0.0121
[INFO] [1778160309.376704226] [aic_model]: z_offset: 0.1472
[INFO] [1778160309.377940681] [aic_model]: pfrac: 1.0 xy_error: -0.000193 0.00055   integrators: -0.000677 , -0.0115
[INFO] [1778160309.426591685] [aic_model]: z_offset: 0.1464
[INFO] [1778160309.427858528] [aic_model]: pfrac: 1.0 xy_error: -0.000486 0.000718   integrators: -0.00116 , -0.0108
[INFO] [1778160309.476698375] [aic_model]: z_offset: 0.1456
[INFO] [1778160309.477888183] [aic_model]: pfrac: 1.0 xy_error: -0.000763 0.00087   integrators: -0.00193 , -0.00991
[INFO] [1778160309.526659292] [aic_model]: z_offset: 0.1448
[INFO] [1778160309.527802844] [aic_model]: pfrac: 1.0 xy_error: -0.00102 0.00102   integrators: -0.00295 , -0.0089
[INFO] [1778160309.576650165] [aic_model]: z_offset: 0.144
[INFO] [1778160309.577878926] [aic_model]: pfrac: 1.0 xy_error: -0.00124 0.00115   integrators: -0.00419 , -0.00774
[INFO] [1778160309.626588239] [aic_model]: z_offset: 0.1432
[INFO] [1778160309.627794879] [aic_model]: pfrac: 1.0 xy_error: -0.00142 0.00128   integrators: -0.0056 , -0.00646
[INFO] [1778160309.676620049] [aic_model]: z_offset: 0.1424
[INFO] [1778160309.677958896] [aic_model]: pfrac: 1.0 xy_error: -0.00156 0.00138   integrators: -0.00717 , -0.00508
[INFO] [1778160309.726748760] [aic_model]: z_offset: 0.1416
[INFO] [1778160309.728676630] [aic_model]: pfrac: 1.0 xy_error: -0.00168 0.00144   integrators: -0.00884 , -0.00364
[INFO] [1778160309.778672182] [aic_model]: z_offset: 0.1408
[INFO] [1778160309.779889111] [aic_model]: pfrac: 1.0 xy_error: -0.00177 0.00147   integrators: -0.0106 , -0.00217
[INFO] [1778160309.828676841] [aic_model]: z_offset: 0.14
[INFO] [1778160309.829965224] [aic_model]: pfrac: 1.0 xy_error: -0.00182 0.00146   integrators: -0.0124 , -0.000709
[INFO] [1778160309.878774133] [aic_model]: z_offset: 0.1392
[INFO] [1778160309.879407109] [aic_model]: pfrac: 1.0 xy_error: -0.00184 0.00146   integrators: -0.0143 , 0.000747
[INFO] [1778160309.928590670] [aic_model]: z_offset: 0.1384
[INFO] [1778160309.928968828] [aic_model]: pfrac: 1.0 xy_error: -0.00184 0.00142   integrators: -0.0161 , 0.00217
[INFO] [1778160309.978711286] [aic_model]: z_offset: 0.1376
[INFO] [1778160309.980005459] [aic_model]: pfrac: 1.0 xy_error: -0.00181 0.00136   integrators: -0.0179 , 0.00353
[INFO] [1778160310.028577816] [aic_model]: z_offset: 0.1368
[INFO] [1778160310.029786660] [aic_model]: pfrac: 1.0 xy_error: -0.00176 0.00128   integrators: -0.0197 , 0.00481
[INFO] [1778160310.078578497] [aic_model]: z_offset: 0.136
[INFO] [1778160310.079786359] [aic_model]: pfrac: 1.0 xy_error: -0.00168 0.00119   integrators: -0.0214 , 0.006
[INFO] [1778160310.119654606] [aic_model]: insert_cable execute loop
[INFO] [1778160310.128551076] [aic_model]: z_offset: 0.1352
[INFO] [1778160310.129701781] [aic_model]: pfrac: 1.0 xy_error: -0.00159 0.00109   integrators: -0.023 , 0.00709
[INFO] [1778160310.178595359] [aic_model]: z_offset: 0.1344
[INFO] [1778160310.179314085] [aic_model]: pfrac: 1.0 xy_error: -0.00149 0.000979   integrators: -0.0244 , 0.00807
[INFO] [1778160310.228590720] [aic_model]: z_offset: 0.1336
[INFO] [1778160310.229766642] [aic_model]: pfrac: 1.0 xy_error: -0.00136 0.000845   integrators: -0.0258 , 0.00891
[INFO] [1778160310.278575942] [aic_model]: z_offset: 0.1328
[INFO] [1778160310.279765319] [aic_model]: pfrac: 1.0 xy_error: -0.0012 0.000695   integrators: -0.027 , 0.00961
[INFO] [1778160310.328567366] [aic_model]: z_offset: 0.132
[INFO] [1778160310.329765430] [aic_model]: pfrac: 1.0 xy_error: -0.00102 0.000517   integrators: -0.028 , 0.0101
[INFO] [1778160310.378563859] [aic_model]: z_offset: 0.1312
[INFO] [1778160310.379716919] [aic_model]: pfrac: 1.0 xy_error: -0.00082 0.000333   integrators: -0.0288 , 0.0105
[INFO] [1778160310.428546387] [aic_model]: z_offset: 0.1304
[INFO] [1778160310.429705096] [aic_model]: pfrac: 1.0 xy_error: -0.000631 0.000149   integrators: -0.0295 , 0.0106
[INFO] [1778160310.478575922] [aic_model]: z_offset: 0.1296
[INFO] [1778160310.479809141] [aic_model]: pfrac: 1.0 xy_error: -0.000426 -6.81e-06   integrators: -0.0299 , 0.0106
[INFO] [1778160310.528617530] [aic_model]: z_offset: 0.1288
[INFO] [1778160310.529826263] [aic_model]: pfrac: 1.0 xy_error: -0.000222 -0.000157   integrators: -0.0301 , 0.0104
[INFO] [1778160310.578564520] [aic_model]: z_offset: 0.128
[INFO] [1778160310.579796878] [aic_model]: pfrac: 1.0 xy_error: -1.79e-05 -0.000321   integrators: -0.0301 , 0.0101
[INFO] [1778160310.628775355] [aic_model]: z_offset: 0.1272
[INFO] [1778160310.630193411] [aic_model]: pfrac: 1.0 xy_error: 0.00014 -0.000506   integrators: -0.03 , 0.00961
[INFO] [1778160310.678588826] [aic_model]: z_offset: 0.1264
[INFO] [1778160310.679880034] [aic_model]: pfrac: 1.0 xy_error: 0.000348 -0.000645   integrators: -0.0296 , 0.00897
[INFO] [1778160310.728702449] [aic_model]: z_offset: 0.1256
[INFO] [1778160310.730135722] [aic_model]: pfrac: 1.0 xy_error: 0.000544 -0.000768   integrators: -0.0291 , 0.0082
[INFO] [1778160310.778607531] [aic_model]: z_offset: 0.1248
[INFO] [1778160310.779757154] [aic_model]: pfrac: 1.0 xy_error: 0.00072 -0.000854   integrators: -0.0284 , 0.00735
[INFO] [1778160310.828683142] [aic_model]: z_offset: 0.124
[INFO] [1778160310.829776890] [aic_model]: pfrac: 1.0 xy_error: 0.000903 -0.000909   integrators: -0.0275 , 0.00644
[INFO] [1778160310.878572024] [aic_model]: z_offset: 0.1232
[INFO] [1778160310.879813158] [aic_model]: pfrac: 1.0 xy_error: 0.00105 -0.000971   integrators: -0.0264 , 0.00547
[INFO] [1778160310.928730401] [aic_model]: z_offset: 0.1224
[INFO] [1778160310.929895563] [aic_model]: pfrac: 1.0 xy_error: 0.0012 -0.000994   integrators: -0.0252 , 0.00447
[INFO] [1778160310.979987585] [aic_model]: z_offset: 0.1216
[INFO] [1778160310.980593760] [aic_model]: pfrac: 1.0 xy_error: 0.00131 -0.00103   integrators: -0.0239 , 0.00344
[INFO] [1778160311.030588049] [aic_model]: z_offset: 0.1208
[INFO] [1778160311.031833501] [aic_model]: pfrac: 1.0 xy_error: 0.0014 -0.00105   integrators: -0.0225 , 0.00239
[INFO] [1778160311.080623435] [aic_model]: z_offset: 0.12
[INFO] [1778160311.081822661] [aic_model]: pfrac: 1.0 xy_error: 0.00146 -0.00105   integrators: -0.0211 , 0.00134
[INFO] [1778160311.118813289] [aic_model]: insert_cable execute loop
[INFO] [1778160311.130648532] [aic_model]: z_offset: 0.1192
[INFO] [1778160311.131898262] [aic_model]: pfrac: 1.0 xy_error: 0.00154 -0.00103   integrators: -0.0195 , 0.000304
[INFO] [1778160311.180845701] [aic_model]: z_offset: 0.1184
[INFO] [1778160311.181933768] [aic_model]: pfrac: 1.0 xy_error: 0.00157 -0.000992   integrators: -0.018 , -0.000688
[INFO] [1778160311.230556649] [aic_model]: z_offset: 0.1176
[INFO] [1778160311.231902419] [aic_model]: pfrac: 1.0 xy_error: 0.00157 -0.000969   integrators: -0.0164 , -0.00166
[INFO] [1778160311.280601212] [aic_model]: z_offset: 0.1168
[INFO] [1778160311.281774540] [aic_model]: pfrac: 1.0 xy_error: 0.00155 -0.000945   integrators: -0.0148 , -0.0026
[INFO] [1778160311.330556328] [aic_model]: z_offset: 0.116
[INFO] [1778160311.331763629] [aic_model]: pfrac: 1.0 xy_error: 0.00149 -0.000891   integrators: -0.0134 , -0.00349
[INFO] [1778160311.380587075] [aic_model]: z_offset: 0.1152
[INFO] [1778160311.381752097] [aic_model]: pfrac: 1.0 xy_error: 0.00142 -0.000811   integrators: -0.0119 , -0.0043
[INFO] [1778160311.430627521] [aic_model]: z_offset: 0.1144
[INFO] [1778160311.431870859] [aic_model]: pfrac: 1.0 xy_error: 0.00132 -0.000723   integrators: -0.0106 , -0.00503
[INFO] [1778160311.480601141] [aic_model]: z_offset: 0.1136
[INFO] [1778160311.481759731] [aic_model]: pfrac: 1.0 xy_error: 0.00122 -0.000638   integrators: -0.00939 , -0.00567
[INFO] [1778160311.530563430] [aic_model]: z_offset: 0.1128
[INFO] [1778160311.531811508] [aic_model]: pfrac: 1.0 xy_error: 0.00111 -0.000523   integrators: -0.00829 , -0.00619
[INFO] [1778160311.580549274] [aic_model]: z_offset: 0.112
[INFO] [1778160311.581788023] [aic_model]: pfrac: 1.0 xy_error: 0.00099 -0.000413   integrators: -0.0073 , -0.0066
[INFO] [1778160311.630673506] [aic_model]: z_offset: 0.1112
[INFO] [1778160311.631966748] [aic_model]: pfrac: 1.0 xy_error: 0.000847 -0.000283   integrators: -0.00645 , -0.00688
[INFO] [1778160311.680607883] [aic_model]: z_offset: 0.1104
[INFO] [1778160311.681832286] [aic_model]: pfrac: 1.0 xy_error: 0.000692 -0.000189   integrators: -0.00576 , -0.00707
[INFO] [1778160311.730699434] [aic_model]: z_offset: 0.1096
[INFO] [1778160311.731089174] [aic_model]: pfrac: 1.0 xy_error: 0.000539 -8.39e-05   integrators: -0.00522 , -0.00716
[INFO] [1778160311.780577075] [aic_model]: z_offset: 0.1088
[INFO] [1778160311.781373807] [aic_model]: pfrac: 1.0 xy_error: 0.000389 1.39e-05   integrators: -0.00483 , -0.00714
[INFO] [1778160311.830635574] [aic_model]: z_offset: 0.108
[INFO] [1778160311.831850389] [aic_model]: pfrac: 1.0 xy_error: 0.000214 0.000107   integrators: -0.00462 , -0.00704
[INFO] [1778160311.880564090] [aic_model]: z_offset: 0.1072
[INFO] [1778160311.881697592] [aic_model]: pfrac: 1.0 xy_error: 4.27e-05 0.000207   integrators: -0.00457 , -0.00683
[INFO] [1778160311.930558259] [aic_model]: z_offset: 0.1064
[INFO] [1778160311.931791708] [aic_model]: pfrac: 1.0 xy_error: -0.000106 0.000301   integrators: -0.00468 , -0.00653
[INFO] [1778160311.980631185] [aic_model]: z_offset: 0.1056
[INFO] [1778160311.981855748] [aic_model]: pfrac: 1.0 xy_error: -0.000253 0.000384   integrators: -0.00493 , -0.00614
[INFO] [1778160312.031653168] [aic_model]: z_offset: 0.1048
[INFO] [1778160312.032030786] [aic_model]: pfrac: 1.0 xy_error: -0.000378 0.000452   integrators: -0.00531 , -0.00569
[INFO] [1778160312.080611497] [aic_model]: z_offset: 0.104
[INFO] [1778160312.081462301] [aic_model]: pfrac: 1.0 xy_error: -0.000497 0.000511   integrators: -0.00581 , -0.00518
[INFO] [1778160312.118965890] [aic_model]: insert_cable execute loop
[INFO] [1778160312.130571943] [aic_model]: z_offset: 0.1032
[INFO] [1778160312.131253579] [aic_model]: pfrac: 1.0 xy_error: -0.000591 0.000592   integrators: -0.0064 , -0.00459
[INFO] [1778160312.180598783] [aic_model]: z_offset: 0.1024
[INFO] [1778160312.181908095] [aic_model]: pfrac: 1.0 xy_error: -0.000645 0.000648   integrators: -0.00704 , -0.00394
[INFO] [1778160312.230580458] [aic_model]: z_offset: 0.1016
[INFO] [1778160312.231797076] [aic_model]: pfrac: 1.0 xy_error: -0.000681 0.000699   integrators: -0.00772 , -0.00324
[INFO] [1778160312.280575999] [aic_model]: z_offset: 0.1008
[INFO] [1778160312.281784382] [aic_model]: pfrac: 1.0 xy_error: -0.000692 0.000738   integrators: -0.00842 , -0.0025
[INFO] [1778160312.330660196] [aic_model]: z_offset: 0.1
[INFO] [1778160312.331884679] [aic_model]: pfrac: 1.0 xy_error: -0.000696 0.000727   integrators: -0.00911 , -0.00178
[INFO] [1778160312.380595294] [aic_model]: z_offset: 0.0992
[INFO] [1778160312.381800812] [aic_model]: pfrac: 1.0 xy_error: -0.000681 0.000713   integrators: -0.00979 , -0.00106
[INFO] [1778160312.430575086] [aic_model]: z_offset: 0.0984
[INFO] [1778160312.431799639] [aic_model]: pfrac: 1.0 xy_error: -0.000677 0.000693   integrators: -0.0105 , -0.000371
[INFO] [1778160312.480622224] [aic_model]: z_offset: 0.0976
[INFO] [1778160312.481850033] [aic_model]: pfrac: 1.0 xy_error: -0.000649 0.000686   integrators: -0.0111 , 0.000315
[INFO] [1778160312.530591656] [aic_model]: z_offset: 0.0968
[INFO] [1778160312.531795541] [aic_model]: pfrac: 1.0 xy_error: -0.000621 0.000653   integrators: -0.0117 , 0.000968
[INFO] [1778160312.580582869] [aic_model]: z_offset: 0.096
[INFO] [1778160312.581818122] [aic_model]: pfrac: 1.0 xy_error: -0.000601 0.00061   integrators: -0.0123 , 0.00158
[INFO] [1778160312.630550548] [aic_model]: z_offset: 0.0952
[INFO] [1778160312.631665987] [aic_model]: pfrac: 1.0 xy_error: -0.000549 0.000556   integrators: -0.0129 , 0.00213
[INFO] [1778160312.680600992] [aic_model]: z_offset: 0.0944
[INFO] [1778160312.681848859] [aic_model]: pfrac: 1.0 xy_error: -0.000503 0.000518   integrators: -0.0134 , 0.00265
[INFO] [1778160312.730767374] [aic_model]: z_offset: 0.0936
[INFO] [1778160312.732540233] [aic_model]: pfrac: 1.0 xy_error: -0.000462 0.000478   integrators: -0.0139 , 0.00313
[INFO] [1778160312.782681508] [aic_model]: z_offset: 0.0928
[INFO] [1778160312.784584050] [aic_model]: pfrac: 1.0 xy_error: -0.000413 0.000383   integrators: -0.0143 , 0.00351
[INFO] [1778160312.834760771] [aic_model]: z_offset: 0.092
[INFO] [1778160312.836002716] [aic_model]: pfrac: 1.0 xy_error: -0.000374 0.000274   integrators: -0.0146 , 0.00379
[INFO] [1778160312.884764377] [aic_model]: z_offset: 0.0912
[INFO] [1778160312.886070232] [aic_model]: pfrac: 1.0 xy_error: -0.000337 0.000141   integrators: -0.015 , 0.00393
[INFO] [1778160312.934714523] [aic_model]: z_offset: 0.0904
[INFO] [1778160312.935969804] [aic_model]: pfrac: 1.0 xy_error: -0.000263 5.65e-05   integrators: -0.0152 , 0.00398
[INFO] [1778160312.984736764] [aic_model]: z_offset: 0.0896
[INFO] [1778160312.985944696] [aic_model]: pfrac: 1.0 xy_error: -0.000193 -1.66e-05   integrators: -0.0154 , 0.00397
[INFO] [1778160313.034744058] [aic_model]: z_offset: 0.0888
[INFO] [1778160313.035965925] [aic_model]: pfrac: 1.0 xy_error: -0.000114 -9.28e-05   integrators: -0.0155 , 0.00388
[INFO] [1778160313.084775045] [aic_model]: z_offset: 0.088
[INFO] [1778160313.086445092] [aic_model]: pfrac: 1.0 xy_error: -2.71e-05 -0.000135   integrators: -0.0156 , 0.00374
[INFO] [1778160313.118818384] [aic_model]: insert_cable execute loop
[INFO] [1778160313.136555017] [aic_model]: z_offset: 0.0872
[INFO] [1778160313.137369653] [aic_model]: pfrac: 1.0 xy_error: 7.19e-05 -0.000164   integrators: -0.0155 , 0.00358
[INFO] [1778160313.186664983] [aic_model]: z_offset: 0.0864
[INFO] [1778160313.188120278] [aic_model]: pfrac: 1.0 xy_error: 0.000169 -0.00021   integrators: -0.0153 , 0.00337
[INFO] [1778160313.236582317] [aic_model]: z_offset: 0.0856
[INFO] [1778160313.237876671] [aic_model]: pfrac: 1.0 xy_error: 0.000259 -0.000265   integrators: -0.0151 , 0.0031
[INFO] [1778160313.286725765] [aic_model]: z_offset: 0.0848
[INFO] [1778160313.287969484] [aic_model]: pfrac: 1.0 xy_error: 0.000328 -0.000309   integrators: -0.0147 , 0.00279
[INFO] [1778160313.336568610] [aic_model]: z_offset: 0.084
[INFO] [1778160313.337760502] [aic_model]: pfrac: 1.0 xy_error: 0.000395 -0.00035   integrators: -0.0144 , 0.00244
[INFO] [1778160313.386655833] [aic_model]: z_offset: 0.0832
[INFO] [1778160313.387649083] [aic_model]: pfrac: 1.0 xy_error: 0.000457 -0.000394   integrators: -0.0139 , 0.00205
[INFO] [1778160313.436599637] [aic_model]: z_offset: 0.0824
[INFO] [1778160313.437603497] [aic_model]: pfrac: 1.0 xy_error: 0.00052 -0.000404   integrators: -0.0134 , 0.00164
[INFO] [1778160313.486654279] [aic_model]: z_offset: 0.0816
[INFO] [1778160313.487753267] [aic_model]: pfrac: 1.0 xy_error: 0.000572 -0.000426   integrators: -0.0128 , 0.00122
[INFO] [1778160313.536566313] [aic_model]: z_offset: 0.0808
[INFO] [1778160313.537116494] [aic_model]: pfrac: 1.0 xy_error: 0.000613 -0.000439   integrators: -0.0122 , 0.000779
[INFO] [1778160313.586585188] [aic_model]: z_offset: 0.08
[INFO] [1778160313.587202224] [aic_model]: pfrac: 1.0 xy_error: 0.000621 -0.000469   integrators: -0.0116 , 0.00031
[INFO] [1778160313.637892946] [aic_model]: z_offset: 0.0792
[INFO] [1778160313.638580834] [aic_model]: pfrac: 1.0 xy_error: 0.00063 -0.000501   integrators: -0.0109 , -0.000191
[INFO] [1778160313.688617833] [aic_model]: z_offset: 0.0784
[INFO] [1778160313.689005138] [aic_model]: pfrac: 1.0 xy_error: 0.000636 -0.000528   integrators: -0.0103 , -0.000719
[INFO] [1778160313.741175111] [aic_model]: z_offset: 0.0776
[INFO] [1778160313.742696751] [aic_model]: pfrac: 1.0 xy_error: 0.000636 -0.000546   integrators: -0.00967 , -0.00126
[INFO] [1778160313.792618704] [aic_model]: z_offset: 0.0768
[INFO] [1778160313.794612177] [aic_model]: pfrac: 1.0 xy_error: 0.000621 -0.000558   integrators: -0.00905 , -0.00182
[INFO] [1778160313.845967414] [aic_model]: z_offset: 0.076
[INFO] [1778160313.846596843] [aic_model]: pfrac: 1.0 xy_error: 0.000605 -0.000577   integrators: -0.00844 , -0.0024
[INFO] [1778160313.896644131] [aic_model]: z_offset: 0.0752
[INFO] [1778160313.897896816] [aic_model]: pfrac: 1.0 xy_error: 0.000591 -0.000598   integrators: -0.00785 , -0.003
[INFO] [1778160313.946610848] [aic_model]: z_offset: 0.0744
[INFO] [1778160313.947904230] [aic_model]: pfrac: 1.0 xy_error: 0.000575 -0.000574   integrators: -0.00728 , -0.00357
[INFO] [1778160313.996613021] [aic_model]: z_offset: 0.0736
[INFO] [1778160313.998041736] [aic_model]: pfrac: 1.0 xy_error: 0.000576 -0.000514   integrators: -0.0067 , -0.00409
[INFO] [1778160314.046638959] [aic_model]: z_offset: 0.0728
[INFO] [1778160314.047977646] [aic_model]: pfrac: 1.0 xy_error: 0.000576 -0.000426   integrators: -0.00612 , -0.00451
[INFO] [1778160314.096592271] [aic_model]: z_offset: 0.072
[INFO] [1778160314.098192928] [aic_model]: pfrac: 1.0 xy_error: 0.000564 -0.000319   integrators: -0.00556 , -0.00483
[INFO] [1778160314.119963104] [aic_model]: insert_cable execute loop
[INFO] [1778160314.146600115] [aic_model]: z_offset: 0.0712
[INFO] [1778160314.147319782] [aic_model]: pfrac: 1.0 xy_error: 0.000514 -0.000239   integrators: -0.00505 , -0.00507
[INFO] [1778160314.196638575] [aic_model]: z_offset: 0.0704
[INFO] [1778160314.197979707] [aic_model]: pfrac: 1.0 xy_error: 0.000474 -0.000152   integrators: -0.00457 , -0.00522
[INFO] [1778160314.246610652] [aic_model]: z_offset: 0.0696
[INFO] [1778160314.247867566] [aic_model]: pfrac: 1.0 xy_error: 0.000458 -4.54e-05   integrators: -0.00411 , -0.00527
[INFO] [1778160314.296608808] [aic_model]: z_offset: 0.0688
[INFO] [1778160314.297459381] [aic_model]: pfrac: 1.0 xy_error: 0.000428 6.23e-05   integrators: -0.00369 , -0.0052
[INFO] [1778160314.346577809] [aic_model]: z_offset: 0.068
[INFO] [1778160314.346970104] [aic_model]: pfrac: 1.0 xy_error: 0.000404 0.000149   integrators: -0.00328 , -0.00506
[INFO] [1778160314.396618244] [aic_model]: z_offset: 0.0672
[INFO] [1778160314.397224349] [aic_model]: pfrac: 1.0 xy_error: 0.00033 0.000194   integrators: -0.00295 , -0.00486
[INFO] [1778160314.446634915] [aic_model]: z_offset: 0.0664
[INFO] [1778160314.447880697] [aic_model]: pfrac: 1.0 xy_error: 0.000278 0.000236   integrators: -0.00267 , -0.00463
[INFO] [1778160314.496616279] [aic_model]: z_offset: 0.0656
[INFO] [1778160314.497623044] [aic_model]: pfrac: 1.0 xy_error: 0.000213 0.000258   integrators: -0.00246 , -0.00437
[INFO] [1778160314.546654319] [aic_model]: z_offset: 0.0648
[INFO] [1778160314.547916322] [aic_model]: pfrac: 1.0 xy_error: 0.00017 0.000284   integrators: -0.00229 , -0.00408
[INFO] [1778160314.596937238] [aic_model]: z_offset: 0.064
[INFO] [1778160314.598485678] [aic_model]: pfrac: 1.0 xy_error: 0.000116 0.000296   integrators: -0.00217 , -0.00379
[INFO] [1778160314.648809183] [aic_model]: z_offset: 0.0632
[INFO] [1778160314.650438945] [aic_model]: pfrac: 1.0 xy_error: 4.51e-05 0.000298   integrators: -0.00213 , -0.00349
[INFO] [1778160314.700633198] [aic_model]: z_offset: 0.0624
[INFO] [1778160314.701921550] [aic_model]: pfrac: 1.0 xy_error: -3.5e-05 0.000282   integrators: -0.00216 , -0.00321
[INFO] [1778160314.750934140] [aic_model]: z_offset: 0.0616
[INFO] [1778160314.751408920] [aic_model]: pfrac: 1.0 xy_error: -0.0001 0.000268   integrators: -0.00226 , -0.00294
[INFO] [1778160314.800635460] [aic_model]: z_offset: 0.0608
[INFO] [1778160314.801295997] [aic_model]: pfrac: 1.0 xy_error: -0.00016 0.000257   integrators: -0.00242 , -0.00268
[INFO] [1778160314.850730768] [aic_model]: z_offset: 0.06
[INFO] [1778160314.852586293] [aic_model]: pfrac: 1.0 xy_error: -0.000189 0.000261   integrators: -0.00261 , -0.00242
[INFO] [1778160314.902616999] [aic_model]: z_offset: 0.0592
[INFO] [1778160314.903018611] [aic_model]: pfrac: 1.0 xy_error: -0.000244 0.00025   integrators: -0.00286 , -0.00217
[INFO] [1778160314.952815480] [aic_model]: z_offset: 0.0584
[INFO] [1778160314.953292113] [aic_model]: pfrac: 1.0 xy_error: -0.000277 0.000232   integrators: -0.00314 , -0.00194
[INFO] [1778160315.002756870] [aic_model]: z_offset: 0.0576
[INFO] [1778160315.003300447] [aic_model]: pfrac: 1.0 xy_error: -0.000323 0.000237   integrators: -0.00346 , -0.0017
[INFO] [1778160315.052633988] [aic_model]: z_offset: 0.0568
[INFO] [1778160315.053170232] [aic_model]: pfrac: 1.0 xy_error: -0.000365 0.000236   integrators: -0.00382 , -0.00147
[INFO] [1778160315.102629509] [aic_model]: z_offset: 0.056
[INFO] [1778160315.103108255] [aic_model]: pfrac: 1.0 xy_error: -0.000379 0.000237   integrators: -0.0042 , -0.00123
[INFO] [1778160315.118765966] [aic_model]: insert_cable execute loop
[INFO] [1778160315.152620962] [aic_model]: z_offset: 0.0552
[INFO] [1778160315.153679524] [aic_model]: pfrac: 1.0 xy_error: -0.000391 0.00023   integrators: -0.00459 , -0.001
[INFO] [1778160315.202657269] [aic_model]: z_offset: 0.0544
[INFO] [1778160315.203103935] [aic_model]: pfrac: 1.0 xy_error: -0.000425 0.000237   integrators: -0.00502 , -0.000764
[INFO] [1778160315.252698856] [aic_model]: z_offset: 0.0536
[INFO] [1778160315.253195726] [aic_model]: pfrac: 1.0 xy_error: -0.00042 0.000214   integrators: -0.00544 , -0.00055
[INFO] [1778160315.309463352] [aic_model]: z_offset: 0.0528
[INFO] [1778160315.310484193] [aic_model]: pfrac: 1.0 xy_error: -0.000365 0.000192   integrators: -0.0058 , -0.000358
[INFO] [1778160315.360663488] [aic_model]: z_offset: 0.052
[INFO] [1778160315.361905704] [aic_model]: pfrac: 1.0 xy_error: -0.000302 0.00019   integrators: -0.0061 , -0.000168
[INFO] [1778160315.412584374] [aic_model]: z_offset: 0.0512
[INFO] [1778160315.413026833] [aic_model]: pfrac: 1.0 xy_error: -0.000251 0.000162   integrators: -0.00636 , -5.66e-06
[INFO] [1778160315.462682366] [aic_model]: z_offset: 0.0504
[INFO] [1778160315.463391274] [aic_model]: pfrac: 1.0 xy_error: -0.000178 0.000149   integrators: -0.00653 , 0.000143
[INFO] [1778160315.512631841] [aic_model]: z_offset: 0.0496
[INFO] [1778160315.513435346] [aic_model]: pfrac: 1.0 xy_error: -9.33e-05 0.000119   integrators: -0.00663 , 0.000262
[INFO] [1778160315.562565876] [aic_model]: z_offset: 0.0488
[INFO] [1778160315.563055293] [aic_model]: pfrac: 1.0 xy_error: -4.69e-05 7.87e-05   integrators: -0.00667 , 0.000341
[INFO] [1778160315.612596773] [aic_model]: z_offset: 0.048
[INFO] [1778160315.613143898] [aic_model]: pfrac: 1.0 xy_error: 1.72e-05 4.85e-05   integrators: -0.00666 , 0.00039
[INFO] [1778160315.662631597] [aic_model]: z_offset: 0.0472
[INFO] [1778160315.663462253] [aic_model]: pfrac: 1.0 xy_error: 6.62e-05 -7.3e-07   integrators: -0.00659 , 0.000389
[INFO] [1778160315.712722527] [aic_model]: z_offset: 0.0464
[INFO] [1778160315.713890614] [aic_model]: pfrac: 1.0 xy_error: 0.000103 -2.61e-05   integrators: -0.00649 , 0.000363
[INFO] [1778160315.762669476] [aic_model]: z_offset: 0.0456
[INFO] [1778160315.763680780] [aic_model]: pfrac: 1.0 xy_error: 0.000139 -4.94e-05   integrators: -0.00635 , 0.000313
[INFO] [1778160315.812856035] [aic_model]: z_offset: 0.0448
[INFO] [1778160315.814603747] [aic_model]: pfrac: 1.0 xy_error: 0.000186 -7.78e-05   integrators: -0.00616 , 0.000235
[INFO] [1778160315.864597655] [aic_model]: z_offset: 0.044
[INFO] [1778160315.865761564] [aic_model]: pfrac: 1.0 xy_error: 0.000246 -0.000118   integrators: -0.00592 , 0.000117
[INFO] [1778160315.914681952] [aic_model]: z_offset: 0.0432
[INFO] [1778160315.915509361] [aic_model]: pfrac: 1.0 xy_error: 0.00031 -0.000155   integrators: -0.00561 , -3.72e-05
[INFO] [1778160315.964580250] [aic_model]: z_offset: 0.0424
[INFO] [1778160315.965549105] [aic_model]: pfrac: 1.0 xy_error: 0.00035 -0.000222   integrators: -0.00525 , -0.00026
[INFO] [1778160316.014792807] [aic_model]: z_offset: 0.0416
[INFO] [1778160316.015164303] [aic_model]: pfrac: 1.0 xy_error: 0.000385 -0.000263   integrators: -0.00487 , -0.000523
[INFO] [1778160316.064576661] [aic_model]: z_offset: 0.0408
[INFO] [1778160316.065095232] [aic_model]: pfrac: 1.0 xy_error: 0.000381 -0.000286   integrators: -0.00449 , -0.000809
[INFO] [1778160316.114576169] [aic_model]: z_offset: 0.04
[INFO] [1778160316.115834866] [aic_model]: pfrac: 1.0 xy_error: 0.000376 -0.000328   integrators: -0.00411 , -0.00114
[INFO] [1778160316.118750746] [aic_model]: insert_cable execute loop
[INFO] [1778160316.164579675] [aic_model]: z_offset: 0.0392
[INFO] [1778160316.164969174] [aic_model]: pfrac: 1.0 xy_error: 0.000372 -0.000354   integrators: -0.00374 , -0.00149
[INFO] [1778160316.214589321] [aic_model]: z_offset: 0.0384
[INFO] [1778160316.215659996] [aic_model]: pfrac: 1.0 xy_error: 0.000347 -0.00036   integrators: -0.0034 , -0.00185
[INFO] [1778160316.264638903] [aic_model]: z_offset: 0.0376
[INFO] [1778160316.265018073] [aic_model]: pfrac: 1.0 xy_error: 0.000346 -0.000347   integrators: -0.00305 , -0.0022
[INFO] [1778160316.318571476] [aic_model]: z_offset: 0.0368
[INFO] [1778160316.318953131] [aic_model]: pfrac: 1.0 xy_error: 0.000347 -0.00035   integrators: -0.0027 , -0.00255
[INFO] [1778160316.368566826] [aic_model]: z_offset: 0.036
[INFO] [1778160316.368940636] [aic_model]: pfrac: 1.0 xy_error: 0.000348 -0.00035   integrators: -0.00235 , -0.0029
[INFO] [1778160316.419140920] [aic_model]: z_offset: 0.0352
[INFO] [1778160316.419862040] [aic_model]: pfrac: 1.0 xy_error: 0.00035 -0.000349   integrators: -0.002 , -0.00325
[INFO] [1778160316.468597160] [aic_model]: z_offset: 0.0344
[INFO] [1778160316.469854224] [aic_model]: pfrac: 1.0 xy_error: 0.000351 -0.000348   integrators: -0.00165 , -0.00359
[INFO] [1778160316.518638687] [aic_model]: z_offset: 0.0336
[INFO] [1778160316.519916810] [aic_model]: pfrac: 1.0 xy_error: 0.000353 -0.000347   integrators: -0.0013 , -0.00394
[INFO] [1778160316.568596607] [aic_model]: z_offset: 0.0328
[INFO] [1778160316.569214464] [aic_model]: pfrac: 1.0 xy_error: 0.000355 -0.000345   integrators: -0.000946 , -0.00429
[INFO] [1778160316.618567040] [aic_model]: z_offset: 0.032
[INFO] [1778160316.618956199] [aic_model]: pfrac: 1.0 xy_error: 0.000356 -0.000344   integrators: -0.000589 , -0.00463
[INFO] [1778160316.668690420] [aic_model]: z_offset: 0.0312
[INFO] [1778160316.669993821] [aic_model]: pfrac: 1.0 xy_error: 0.000358 -0.000343   integrators: -0.000231 , -0.00497
[INFO] [1778160316.718751033] [aic_model]: z_offset: 0.0304
[INFO] [1778160316.720517510] [aic_model]: pfrac: 1.0 xy_error: 0.00036 -0.000342   integrators: 0.000129 , -0.00532
[INFO] [1778160316.770740847] [aic_model]: z_offset: 0.0296
[INFO] [1778160316.772096035] [aic_model]: pfrac: 1.0 xy_error: 0.000362 -0.00034   integrators: 0.000491 , -0.00566
[INFO] [1778160316.821819556] [aic_model]: z_offset: 0.0288
[INFO] [1778160316.822446099] [aic_model]: pfrac: 1.0 xy_error: 0.000364 -0.000339   integrators: 0.000855 , -0.00599
[INFO] [1778160316.872601439] [aic_model]: z_offset: 0.028
[INFO] [1778160316.873141540] [aic_model]: pfrac: 1.0 xy_error: 0.000367 -0.000337   integrators: 0.00122 , -0.00633
[INFO] [1778160316.922568526] [aic_model]: z_offset: 0.0272
[INFO] [1778160316.923554192] [aic_model]: pfrac: 1.0 xy_error: 0.000369 -0.000336   integrators: 0.00159 , -0.00667
[INFO] [1778160316.972620152] [aic_model]: z_offset: 0.0264
[INFO] [1778160316.973855365] [aic_model]: pfrac: 1.0 xy_error: 0.000372 -0.000334   integrators: 0.00196 , -0.007
[INFO] [1778160317.022633586] [aic_model]: z_offset: 0.0256
[INFO] [1778160317.023266902] [aic_model]: pfrac: 1.0 xy_error: 0.000375 -0.000332   integrators: 0.00234 , -0.00733
[INFO] [1778160317.072581677] [aic_model]: z_offset: 0.0248
[INFO] [1778160317.072959274] [aic_model]: pfrac: 1.0 xy_error: 0.000377 -0.000331   integrators: 0.00272 , -0.00766
[INFO] [1778160317.118958080] [aic_model]: insert_cable execute loop
[INFO] [1778160317.122644674] [aic_model]: z_offset: 0.024
[INFO] [1778160317.123081371] [aic_model]: pfrac: 1.0 xy_error: 0.00038 -0.000331   integrators: 0.00309 , -0.008
[INFO] [1778160317.172792930] [aic_model]: z_offset: 0.0232
[INFO] [1778160317.173165217] [aic_model]: pfrac: 1.0 xy_error: 0.000382 -0.000331   integrators: 0.00348 , -0.00833
[INFO] [1778160317.222784052] [aic_model]: z_offset: 0.0224
[INFO] [1778160317.223158403] [aic_model]: pfrac: 1.0 xy_error: 0.000385 -0.000331   integrators: 0.00386 , -0.00866
[INFO] [1778160317.272730921] [aic_model]: z_offset: 0.0216
[INFO] [1778160317.273105532] [aic_model]: pfrac: 1.0 xy_error: 0.000383 -0.000331   integrators: 0.00425 , -0.00899
[INFO] [1778160317.322832670] [aic_model]: z_offset: 0.0208
[INFO] [1778160317.323199597] [aic_model]: pfrac: 1.0 xy_error: 0.000381 -0.000331   integrators: 0.00463 , -0.00932
[INFO] [1778160317.372866291] [aic_model]: z_offset: 0.02
[INFO] [1778160317.373250671] [aic_model]: pfrac: 1.0 xy_error: 0.000381 -0.000332   integrators: 0.00501 , -0.00965
[INFO] [1778160317.422889584] [aic_model]: z_offset: 0.0192
[INFO] [1778160317.423266399] [aic_model]: pfrac: 1.0 xy_error: 0.000381 -0.000332   integrators: 0.00539 , -0.00998
[INFO] [1778160317.472938634] [aic_model]: z_offset: 0.0184
[INFO] [1778160317.473323886] [aic_model]: pfrac: 1.0 xy_error: 0.000381 -0.000333   integrators: 0.00577 , -0.0103
[INFO] [1778160317.522731735] [aic_model]: z_offset: 0.0176
[INFO] [1778160317.523197518] [aic_model]: pfrac: 1.0 xy_error: 0.000381 -0.000333   integrators: 0.00615 , -0.0106
[INFO] [1778160317.572915739] [aic_model]: z_offset: 0.0168
[INFO] [1778160317.573292744] [aic_model]: pfrac: 1.0 xy_error: 0.000381 -0.000333   integrators: 0.00653 , -0.011
[INFO] [1778160317.622783139] [aic_model]: z_offset: 0.016
[INFO] [1778160317.623176055] [aic_model]: pfrac: 1.0 xy_error: 0.00038 -0.000334   integrators: 0.00691 , -0.0113
[INFO] [1778160317.672711203] [aic_model]: z_offset: 0.0152
[INFO] [1778160317.673092827] [aic_model]: pfrac: 1.0 xy_error: 0.00038 -0.000334   integrators: 0.00729 , -0.0117
[INFO] [1778160317.723161154] [aic_model]: z_offset: 0.0144
[INFO] [1778160317.723841538] [aic_model]: pfrac: 1.0 xy_error: 0.00038 -0.000334   integrators: 0.00767 , -0.012
[INFO] [1778160317.772918468] [aic_model]: z_offset: 0.0136
[INFO] [1778160317.773302287] [aic_model]: pfrac: 1.0 xy_error: 0.00038 -0.000334   integrators: 0.00805 , -0.0123
[INFO] [1778160317.822723301] [aic_model]: z_offset: 0.0128
[INFO] [1778160317.823120194] [aic_model]: pfrac: 1.0 xy_error: 0.00038 -0.000334   integrators: 0.00843 , -0.0127
[INFO] [1778160317.872963700] [aic_model]: z_offset: 0.012
[INFO] [1778160317.873490527] [aic_model]: pfrac: 1.0 xy_error: 0.00038 -0.000334   integrators: 0.00881 , -0.013
[INFO] [1778160317.922944853] [aic_model]: z_offset: 0.0112
[INFO] [1778160317.923350954] [aic_model]: pfrac: 1.0 xy_error: 0.00038 -0.000335   integrators: 0.00919 , -0.0133
[INFO] [1778160317.972866275] [aic_model]: z_offset: 0.0104
[INFO] [1778160317.973235666] [aic_model]: pfrac: 1.0 xy_error: 0.00038 -0.000335   integrators: 0.00957 , -0.0137
[INFO] [1778160318.022958185] [aic_model]: z_offset: 0.0096
[INFO] [1778160318.023346863] [aic_model]: pfrac: 1.0 xy_error: 0.000379 -0.000335   integrators: 0.00995 , -0.014
[INFO] [1778160318.072929119] [aic_model]: z_offset: 0.0088
[INFO] [1778160318.073311075] [aic_model]: pfrac: 1.0 xy_error: 0.000379 -0.000335   integrators: 0.0103 , -0.0143
[INFO] [1778160318.119103915] [aic_model]: insert_cable execute loop
[INFO] [1778160318.122979823] [aic_model]: z_offset: 0.008
[INFO] [1778160318.123350707] [aic_model]: pfrac: 1.0 xy_error: 0.000379 -0.000335   integrators: 0.0107 , -0.0147
[INFO] [1778160318.172918096] [aic_model]: z_offset: 0.0072
[INFO] [1778160318.173300552] [aic_model]: pfrac: 1.0 xy_error: 0.00038 -0.000336   integrators: 0.0111 , -0.015
[INFO] [1778160318.222778452] [aic_model]: z_offset: 0.0064
[INFO] [1778160318.223159726] [aic_model]: pfrac: 1.0 xy_error: 0.00038 -0.000336   integrators: 0.0115 , -0.0153
[INFO] [1778160318.272892635] [aic_model]: z_offset: 0.0056
[INFO] [1778160318.273276624] [aic_model]: pfrac: 1.0 xy_error: 0.00038 -0.000336   integrators: 0.0118 , -0.0157
[INFO] [1778160318.322824986] [aic_model]: z_offset: 0.0048
[INFO] [1778160318.323208805] [aic_model]: pfrac: 1.0 xy_error: 0.00038 -0.000336   integrators: 0.0122 , -0.016
[INFO] [1778160318.372931244] [aic_model]: z_offset: 0.004
[INFO] [1778160318.373459773] [aic_model]: pfrac: 1.0 xy_error: 0.00038 -0.000336   integrators: 0.0126 , -0.0163
[INFO] [1778160318.422995012] [aic_model]: z_offset: 0.0032
[INFO] [1778160318.423378169] [aic_model]: pfrac: 1.0 xy_error: 0.00038 -0.000336   integrators: 0.013 , -0.0167
[INFO] [1778160318.472892318] [aic_model]: z_offset: 0.0024
[INFO] [1778160318.473265186] [aic_model]: pfrac: 1.0 xy_error: 0.00038 -0.000336   integrators: 0.0134 , -0.017
[INFO] [1778160318.522799112] [aic_model]: z_offset: 0.0016
[INFO] [1778160318.523189873] [aic_model]: pfrac: 1.0 xy_error: 0.00038 -0.000336   integrators: 0.0137 , -0.0173
[INFO] [1778160318.572937058] [aic_model]: z_offset: 0.00080001
[INFO] [1778160318.573314826] [aic_model]: pfrac: 1.0 xy_error: 0.00038 -0.000336   integrators: 0.0141 , -0.0177
[INFO] [1778160318.622790502] [aic_model]: z_offset: 5.692e-09
[INFO] [1778160318.623167568] [aic_model]: pfrac: 1.0 xy_error: 0.00038 -0.000336   integrators: 0.0145 , -0.018
[INFO] [1778160318.672813093] [aic_model]: z_offset: -0.00079999
[INFO] [1778160318.673187043] [aic_model]: pfrac: 1.0 xy_error: 0.00038 -0.000336   integrators: 0.0149 , -0.0184
[INFO] [1778160318.724504669] [aic_model]: z_offset: -0.0016
[INFO] [1778160318.729687334] [aic_model]: pfrac: 1.0 xy_error: 0.00038 -0.000336   integrators: 0.0153 , -0.0187
[INFO] [1778160318.778870132] [aic_model]: z_offset: -0.0024
[INFO] [1778160318.779240987] [aic_model]: pfrac: 1.0 xy_error: 0.00038 -0.000336   integrators: 0.0156 , -0.019
[INFO] [1778160318.828974987] [aic_model]: z_offset: -0.0032
[INFO] [1778160318.829367442] [aic_model]: pfrac: 1.0 xy_error: 0.00038 -0.000336   integrators: 0.016 , -0.0194
[INFO] [1778160318.879073009] [aic_model]: z_offset: -0.004
[INFO] [1778160318.879456276] [aic_model]: pfrac: 1.0 xy_error: 0.00038 -0.000336   integrators: 0.0164 , -0.0197
[INFO] [1778160318.928929569] [aic_model]: z_offset: -0.0048
[INFO] [1778160318.929314169] [aic_model]: pfrac: 1.0 xy_error: 0.00038 -0.000336   integrators: 0.0168 , -0.02
[INFO] [1778160318.978986393] [aic_model]: z_offset: -0.0056
[INFO] [1778160318.979364361] [aic_model]: pfrac: 1.0 xy_error: 0.00038 -0.000336   integrators: 0.0172 , -0.0204
[INFO] [1778160319.028888418] [aic_model]: z_offset: -0.0064
[INFO] [1778160319.029265675] [aic_model]: pfrac: 1.0 xy_error: 0.00038 -0.000336   integrators: 0.0175 , -0.0207
[INFO] [1778160319.078993073] [aic_model]: z_offset: -0.0072
[INFO] [1778160319.079381109] [aic_model]: pfrac: 1.0 xy_error: 0.000379 -0.000336   integrators: 0.0179 , -0.021
[INFO] [1778160319.119907688] [aic_model]: insert_cable execute loop
[INFO] [1778160319.128848370] [aic_model]: z_offset: -0.008
[INFO] [1778160319.129210348] [aic_model]: pfrac: 1.0 xy_error: 0.000379 -0.000336   integrators: 0.0183 , -0.0214
[INFO] [1778160319.178916185] [aic_model]: z_offset: -0.0088
[INFO] [1778160319.179315553] [aic_model]: pfrac: 1.0 xy_error: 0.000379 -0.000336   integrators: 0.0187 , -0.0217
[INFO] [1778160319.229022963] [aic_model]: z_offset: -0.0096
[INFO] [1778160319.229567132] [aic_model]: pfrac: 1.0 xy_error: 0.000379 -0.000336   integrators: 0.0191 , -0.0221
[INFO] [1778160319.278826864] [aic_model]: z_offset: -0.0104
[INFO] [1778160319.281160534] [aic_model]: pfrac: 1.0 xy_error: 0.000379 -0.000336   integrators: 0.0194 , -0.0224
[INFO] [1778160319.330819874] [aic_model]: z_offset: -0.0112
[INFO] [1778160319.331200427] [aic_model]: pfrac: 1.0 xy_error: 0.000379 -0.000336   integrators: 0.0198 , -0.0227
[INFO] [1778160319.380942182] [aic_model]: z_offset: -0.012
[INFO] [1778160319.381324217] [aic_model]: pfrac: 1.0 xy_error: 0.000379 -0.000336   integrators: 0.0202 , -0.0231
[INFO] [1778160319.430858934] [aic_model]: z_offset: -0.0128
[INFO] [1778160319.431235118] [aic_model]: pfrac: 1.0 xy_error: 0.000379 -0.000336   integrators: 0.0206 , -0.0234
[INFO] [1778160319.481045351] [aic_model]: z_offset: -0.0136
[INFO] [1778160319.481438518] [aic_model]: pfrac: 1.0 xy_error: 0.000379 -0.000336   integrators: 0.021 , -0.0237
[INFO] [1778160319.531123766] [aic_model]: z_offset: -0.0144
[INFO] [1778160319.531657285] [aic_model]: pfrac: 1.0 xy_error: 0.000379 -0.000336   integrators: 0.0213 , -0.0241
[INFO] [1778160319.580908351] [aic_model]: z_offset: -0.0152
[INFO] [1778160319.581283804] [aic_model]: pfrac: 1.0 xy_error: 0.000379 -0.000336   integrators: 0.0217 , -0.0244
[INFO] [1778160319.631014067] [aic_model]: z_offset: -0.016
[INFO] [1778160319.631394129] [aic_model]: pfrac: 1.0 xy_error: 0.000379 -0.000336   integrators: 0.0221 , -0.0247
[INFO] [1778160319.680887889] [aic_model]: z_offset: -0.0168
[INFO] [1778160319.681277489] [aic_model]: pfrac: 1.0 xy_error: 0.000379 -0.000336   integrators: 0.0225 , -0.0251
[INFO] [1778160319.731384287] [aic_model]: z_offset: -0.0176
[INFO] [1778160319.731966147] [aic_model]: pfrac: 1.0 xy_error: 0.000379 -0.000336   integrators: 0.0229 , -0.0254
[INFO] [1778160319.780972023] [aic_model]: z_offset: -0.0184
[INFO] [1778160319.781357265] [aic_model]: pfrac: 1.0 xy_error: 0.000379 -0.000335   integrators: 0.0232 , -0.0257
[INFO] [1778160319.830908082] [aic_model]: z_offset: -0.0192
[INFO] [1778160319.831297912] [aic_model]: pfrac: 1.0 xy_error: 0.000379 -0.000336   integrators: 0.0236 , -0.0261
[INFO] [1778160319.881191671] [aic_model]: z_offset: -0.02
[INFO] [1778160319.881705173] [aic_model]: pfrac: 1.0 xy_error: 0.000379 -0.000336   integrators: 0.024 , -0.0264
[INFO] [1778160319.931115377] [aic_model]: z_offset: -0.0208
[INFO] [1778160319.931487233] [aic_model]: pfrac: 1.0 xy_error: 0.000379 -0.000336   integrators: 0.0244 , -0.0268
[INFO] [1778160319.980924928] [aic_model]: z_offset: -0.0216
[INFO] [1778160319.981308897] [aic_model]: pfrac: 1.0 xy_error: 0.000379 -0.000336   integrators: 0.0247 , -0.0271
[INFO] [1778160320.030841240] [aic_model]: z_offset: -0.0224
[INFO] [1778160320.031212445] [aic_model]: pfrac: 1.0 xy_error: 0.000379 -0.000336   integrators: 0.0251 , -0.0274
[INFO] [1778160320.082687835] [aic_model]: z_offset: -0.0232
[INFO] [1778160320.083197400] [aic_model]: pfrac: 1.0 xy_error: 0.000379 -0.000336   integrators: 0.0255 , -0.0278
[INFO] [1778160320.119203914] [aic_model]: insert_cable execute loop
[INFO] [1778160320.132890834] [aic_model]: z_offset: -0.024
[INFO] [1778160320.133262640] [aic_model]: pfrac: 1.0 xy_error: 0.000379 -0.000337   integrators: 0.0259 , -0.0281
[INFO] [1778160320.183077020] [aic_model]: z_offset: -0.0248
[INFO] [1778160320.183463143] [aic_model]: pfrac: 1.0 xy_error: 0.000379 -0.000336   integrators: 0.0263 , -0.0284
[INFO] [1778160320.233054516] [aic_model]: z_offset: -0.0256
[INFO] [1778160320.233431121] [aic_model]: pfrac: 1.0 xy_error: 0.000379 -0.000336   integrators: 0.0266 , -0.0288
[INFO] [1778160320.283047411] [aic_model]: Waiting for connector to stabilize...
[INFO] [1778160321.119323568] [aic_model]: insert_cable execute loop
[INFO] [1778160322.119344624] [aic_model]: insert_cable execute loop
[INFO] [1778160322.283073405] [aic_model]: AutoCode2.insert_cable() exiting...
[INFO] [1778160323.119175120] [aic_model]: insert_cable() returned True
[INFO] [1778160323.850698494] [aic_model]: on_deactivate(LifecycleState(label='active', state_id=3))
[INFO] [1778160324.168464175] [aic_model]: on_cleanup(LifecycleState(label='inactive', state_id=2))
[INFO] [1778160324.168991512] [aic_model]: on_shutdown(LifecycleState(label='unconfigured', state_id=1))
