[INFO] [1778160120.893376564] [aic_model]: Loading policy module: aic_example_policies.ros.AutoCode2
[INFO] [1778160120.897171694] [aic_model]: Loaded policy module aic_example_policies.ros.AutoCode2
[INFO] [1778160120.897337395] [aic_model]: Using policy: AutoCode2
[INFO] [1778160130.757948203] [aic_model]: on_configure(LifecycleState(label='unconfigured', state_id=1))
[INFO] [1778160130.758106960] [aic_model]: Instantiating policy...
[INFO] [1778160130.759730121] [aic_model]: Policy.__init__()
[ERROR] [1778160130.760889103] [aic_model]: aic_model lifecycle is not in the active state
[INFO] [1778160131.759313945] [aic_model]: on_activate()
[INFO] [1778160138.564827506] [aic_model]: Goal accepted
[INFO] [1778160138.566653727] [aic_model]: Entering insert_cable_execute_callback()
[INFO] [1778160138.567414091] [aic_model]: insert_cable execute loop
[INFO] [1778160138.569022194] [aic_model]: AutoCode2.insert_cable() task: aic_task_interfaces.msg.Task(id='task_1', cable_type='sfp_sc', cable_name='cable_0', plug_type='sfp', plug_name='sfp_tip', port_type='sfp', port_name='sfp_port_0', target_module_name='nic_card_mount_0', time_limit=180)
[INFO] [1778160138.570097268] [aic_model]: pfrac: 0.0 xy_error: -0.0125 -0.002   integrators: 0.0 , 0.0
[INFO] [1778160138.570802199] [aic_model]: Setting cartesian mode...
[INFO] [1778160138.572626526] [aic_model]: Successfully set target mode
[INFO] [1778160138.622736632] [aic_model]: pfrac: 0.025 xy_error: -0.0126 -0.00202   integrators: 0.0 , 0.0
[INFO] [1778160138.672743233] [aic_model]: pfrac: 0.05 xy_error: -0.0126 -0.00184   integrators: 0.0 , 0.0
[INFO] [1778160138.722896189] [aic_model]: pfrac: 0.075 xy_error: -0.0126 -0.00148   integrators: 0.0 , 0.0
[INFO] [1778160138.772674894] [aic_model]: pfrac: 0.1 xy_error: -0.0126 -0.00103   integrators: 0.0 , 0.0
[INFO] [1778160138.822550850] [aic_model]: pfrac: 0.125 xy_error: -0.0126 -0.000538   integrators: 0.0 , 0.0
[INFO] [1778160138.872684320] [aic_model]: pfrac: 0.15 xy_error: -0.0126 2.25e-05   integrators: 0.0 , 0.0
[INFO] [1778160138.922799635] [aic_model]: pfrac: 0.175 xy_error: -0.0127 0.000599   integrators: 0.0 , 0.0
[INFO] [1778160138.972188329] [aic_model]: pfrac: 0.2 xy_error: -0.0127 0.00119   integrators: 0.0 , 0.0
[INFO] [1778160139.022662226] [aic_model]: pfrac: 0.225 xy_error: -0.0127 0.00178   integrators: 0.0 , 0.0
[INFO] [1778160139.072511202] [aic_model]: pfrac: 0.25 xy_error: -0.0127 0.00236   integrators: 0.0 , 0.0
[INFO] [1778160139.122597893] [aic_model]: pfrac: 0.275 xy_error: -0.0127 0.00291   integrators: 0.0 , 0.0
[INFO] [1778160139.172959590] [aic_model]: pfrac: 0.3 xy_error: -0.0126 0.00345   integrators: 0.0 , 0.0
[INFO] [1778160139.222720681] [aic_model]: pfrac: 0.325 xy_error: -0.0126 0.00395   integrators: 0.0 , 0.0
[INFO] [1778160139.272589374] [aic_model]: pfrac: 0.35 xy_error: -0.0125 0.0044   integrators: 0.0 , 0.0
[INFO] [1778160139.321706970] [aic_model]: pfrac: 0.375 xy_error: -0.0124 0.0048   integrators: 0.0 , 0.0
[INFO] [1778160139.372687095] [aic_model]: pfrac: 0.4 xy_error: -0.0123 0.00514   integrators: 0.0 , 0.0
[INFO] [1778160139.422744651] [aic_model]: pfrac: 0.425 xy_error: -0.0121 0.00542   integrators: 0.0 , 0.0
[INFO] [1778160139.472932242] [aic_model]: pfrac: 0.45 xy_error: -0.012 0.00561   integrators: 0.0 , 0.0
[INFO] [1778160139.522411626] [aic_model]: pfrac: 0.475 xy_error: -0.0118 0.00576   integrators: 0.0 , 0.0
[INFO] [1778160139.566784994] [aic_model]: insert_cable execute loop
[INFO] [1778160139.572611298] [aic_model]: pfrac: 0.5 xy_error: -0.0116 0.00588   integrators: 0.0 , 0.0
[INFO] [1778160139.623063845] [aic_model]: pfrac: 0.525 xy_error: -0.0113 0.00593   integrators: 0.0 , 0.0
[INFO] [1778160139.672853991] [aic_model]: pfrac: 0.55 xy_error: -0.0111 0.00591   integrators: 0.0 , 0.0
[INFO] [1778160139.722796302] [aic_model]: pfrac: 0.575 xy_error: -0.0108 0.00585   integrators: 0.0 , 0.0
[INFO] [1778160139.772699780] [aic_model]: pfrac: 0.6 xy_error: -0.0105 0.00573   integrators: 0.0 , 0.0
[INFO] [1778160139.822591706] [aic_model]: pfrac: 0.625 xy_error: -0.0101 0.00557   integrators: 0.0 , 0.0
[INFO] [1778160139.872672326] [aic_model]: pfrac: 0.65 xy_error: -0.00975 0.00539   integrators: 0.0 , 0.0
[INFO] [1778160139.922660403] [aic_model]: pfrac: 0.675 xy_error: -0.00934 0.00516   integrators: 0.0 , 0.0
[INFO] [1778160139.972583708] [aic_model]: pfrac: 0.7 xy_error: -0.0089 0.00488   integrators: 0.0 , 0.0
[INFO] [1778160140.022713530] [aic_model]: pfrac: 0.725 xy_error: -0.00845 0.00458   integrators: 0.0 , 0.0
[INFO] [1778160140.072560522] [aic_model]: pfrac: 0.75 xy_error: -0.00799 0.00427   integrators: 0.0 , 0.0
[INFO] [1778160140.122537317] [aic_model]: pfrac: 0.775 xy_error: -0.00749 0.00394   integrators: 0.0 , 0.0
[INFO] [1778160140.171771972] [aic_model]: pfrac: 0.8 xy_error: -0.00701 0.00358   integrators: 0.0 , 0.0
[INFO] [1778160140.222045603] [aic_model]: pfrac: 0.825 xy_error: -0.00649 0.00323   integrators: 0.0 , 0.0
[INFO] [1778160140.272562019] [aic_model]: pfrac: 0.85 xy_error: -0.00599 0.00287   integrators: 0.0 , 0.0
[INFO] [1778160140.322539015] [aic_model]: pfrac: 0.875 xy_error: -0.00551 0.0025   integrators: 0.0 , 0.0
[INFO] [1778160140.372267134] [aic_model]: pfrac: 0.9 xy_error: -0.00503 0.00216   integrators: 0.0 , 0.0
[INFO] [1778160140.422776808] [aic_model]: pfrac: 0.925 xy_error: -0.00454 0.00184   integrators: 0.0 , 0.0
[INFO] [1778160140.472542117] [aic_model]: pfrac: 0.95 xy_error: -0.00406 0.00153   integrators: 0.0 , 0.0
[INFO] [1778160140.522271729] [aic_model]: pfrac: 0.975 xy_error: -0.0036 0.00121   integrators: 0.0 , 0.0
[INFO] [1778160140.566722251] [aic_model]: insert_cable execute loop
[INFO] [1778160140.572145902] [aic_model]: pfrac: 1.0 xy_error: -0.00316 0.000924   integrators: -0.00316 , 0.000924
[INFO] [1778160140.622325467] [aic_model]: pfrac: 1.0 xy_error: -0.00271 0.000684   integrators: -0.00587 , 0.00161
[INFO] [1778160140.672603667] [aic_model]: pfrac: 1.0 xy_error: -0.00224 0.000442   integrators: -0.00812 , 0.00205
[INFO] [1778160140.723066943] [aic_model]: pfrac: 1.0 xy_error: -0.00181 0.000217   integrators: -0.00992 , 0.00227
[INFO] [1778160140.772682923] [aic_model]: pfrac: 1.0 xy_error: -0.0014 1.04e-05   integrators: -0.0113 , 0.00228
[INFO] [1778160140.822716564] [aic_model]: pfrac: 1.0 xy_error: -0.00102 -0.000133   integrators: -0.0123 , 0.00214
[INFO] [1778160140.872130615] [aic_model]: pfrac: 1.0 xy_error: -0.000643 -0.000244   integrators: -0.013 , 0.0019
[INFO] [1778160140.922085279] [aic_model]: pfrac: 1.0 xy_error: -0.000279 -0.000307   integrators: -0.0133 , 0.00159
[INFO] [1778160140.972660225] [aic_model]: pfrac: 1.0 xy_error: 7.61e-05 -0.000348   integrators: -0.0132 , 0.00124
[INFO] [1778160141.022487319] [aic_model]: pfrac: 1.0 xy_error: 0.000388 -0.000355   integrators: -0.0128 , 0.00089
[INFO] [1778160141.072343528] [aic_model]: pfrac: 1.0 xy_error: 0.000658 -0.000352   integrators: -0.0121 , 0.000538
[INFO] [1778160141.122678524] [aic_model]: pfrac: 1.0 xy_error: 0.000917 -0.000324   integrators: -0.0112 , 0.000214
[INFO] [1778160141.171738412] [aic_model]: pfrac: 1.0 xy_error: 0.00114 -0.000275   integrators: -0.0101 , -6.06e-05
[INFO] [1778160141.222463879] [aic_model]: pfrac: 1.0 xy_error: 0.0013 -0.000219   integrators: -0.00879 , -0.000279
[INFO] [1778160141.272606645] [aic_model]: pfrac: 1.0 xy_error: 0.00142 -0.000166   integrators: -0.00736 , -0.000445
[INFO] [1778160141.322452785] [aic_model]: pfrac: 1.0 xy_error: 0.00153 -8.03e-05   integrators: -0.00584 , -0.000526
[INFO] [1778160141.371811532] [aic_model]: pfrac: 1.0 xy_error: 0.00159 8.09e-07   integrators: -0.00425 , -0.000525
[INFO] [1778160141.422031713] [aic_model]: pfrac: 1.0 xy_error: 0.0016 9.58e-05   integrators: -0.00265 , -0.000429
[INFO] [1778160141.471766094] [aic_model]: pfrac: 1.0 xy_error: 0.0016 0.000185   integrators: -0.00105 , -0.000244
[INFO] [1778160141.522190647] [aic_model]: pfrac: 1.0 xy_error: 0.00152 0.000278   integrators: 0.000469 , 3.36e-05
[INFO] [1778160141.566762737] [aic_model]: insert_cable execute loop
[INFO] [1778160141.571509560] [aic_model]: z_offset: 0.1992
[INFO] [1778160141.572662289] [aic_model]: pfrac: 1.0 xy_error: 0.00143 0.000386   integrators: 0.00189 , 0.000419
[INFO] [1778160141.621594667] [aic_model]: z_offset: 0.1984
[INFO] [1778160141.622980263] [aic_model]: pfrac: 1.0 xy_error: 0.00131 0.000502   integrators: 0.00321 , 0.000921
[INFO] [1778160141.671566223] [aic_model]: z_offset: 0.1976
[INFO] [1778160141.672952269] [aic_model]: pfrac: 1.0 xy_error: 0.00118 0.000583   integrators: 0.00439 , 0.0015
[INFO] [1778160141.721929381] [aic_model]: z_offset: 0.1968
[INFO] [1778160141.723489033] [aic_model]: pfrac: 1.0 xy_error: 0.00104 0.000672   integrators: 0.00542 , 0.00218
[INFO] [1778160141.773900272] [aic_model]: z_offset: 0.196
[INFO] [1778160141.774655617] [aic_model]: pfrac: 1.0 xy_error: 0.000848 0.000749   integrators: 0.00627 , 0.00292
[INFO] [1778160141.825441808] [aic_model]: z_offset: 0.1952
[INFO] [1778160141.825884928] [aic_model]: pfrac: 1.0 xy_error: 0.000655 0.00081   integrators: 0.00693 , 0.00373
[INFO] [1778160141.875717012] [aic_model]: z_offset: 0.1944
[INFO] [1778160141.876927500] [aic_model]: pfrac: 1.0 xy_error: 0.000433 0.000869   integrators: 0.00736 , 0.0046
[INFO] [1778160141.925696482] [aic_model]: z_offset: 0.1936
[INFO] [1778160141.927426233] [aic_model]: pfrac: 1.0 xy_error: 0.000211 0.000907   integrators: 0.00757 , 0.00551
[INFO] [1778160141.983907743] [aic_model]: z_offset: 0.1928
[INFO] [1778160141.985049672] [aic_model]: pfrac: 1.0 xy_error: -4.84e-05 0.000916   integrators: 0.00752 , 0.00643
[INFO] [1778160142.033544321] [aic_model]: z_offset: 0.192
[INFO] [1778160142.034750891] [aic_model]: pfrac: 1.0 xy_error: -0.000245 0.000909   integrators: 0.00728 , 0.00734
[INFO] [1778160142.083598931] [aic_model]: z_offset: 0.1912
[INFO] [1778160142.084801424] [aic_model]: pfrac: 1.0 xy_error: -0.000416 0.000896   integrators: 0.00686 , 0.00823
[INFO] [1778160142.135693303] [aic_model]: z_offset: 0.1904
[INFO] [1778160142.136889684] [aic_model]: pfrac: 1.0 xy_error: -0.000571 0.000895   integrators: 0.00629 , 0.00913
[INFO] [1778160142.185550153] [aic_model]: z_offset: 0.1896
[INFO] [1778160142.186740933] [aic_model]: pfrac: 1.0 xy_error: -0.000717 0.000876   integrators: 0.00557 , 0.01
[INFO] [1778160142.235552405] [aic_model]: z_offset: 0.1888
[INFO] [1778160142.236760909] [aic_model]: pfrac: 1.0 xy_error: -0.000851 0.000845   integrators: 0.00472 , 0.0108
[INFO] [1778160142.285600623] [aic_model]: z_offset: 0.188
[INFO] [1778160142.286815419] [aic_model]: pfrac: 1.0 xy_error: -0.000957 0.000793   integrators: 0.00376 , 0.0116
[INFO] [1778160142.337450136] [aic_model]: z_offset: 0.1872
[INFO] [1778160142.338663109] [aic_model]: pfrac: 1.0 xy_error: -0.00108 0.000739   integrators: 0.00269 , 0.0124
[INFO] [1778160142.387565300] [aic_model]: z_offset: 0.1864
[INFO] [1778160142.388712960] [aic_model]: pfrac: 1.0 xy_error: -0.00114 0.000685   integrators: 0.00154 , 0.0131
[INFO] [1778160142.437551602] [aic_model]: z_offset: 0.1856
[INFO] [1778160142.438801825] [aic_model]: pfrac: 1.0 xy_error: -0.00119 0.000618   integrators: 0.000351 , 0.0137
[INFO] [1778160142.487571007] [aic_model]: z_offset: 0.1848
[INFO] [1778160142.488739877] [aic_model]: pfrac: 1.0 xy_error: -0.0012 0.000549   integrators: -0.000846 , 0.0142
[INFO] [1778160142.537539226] [aic_model]: z_offset: 0.184
[INFO] [1778160142.538860851] [aic_model]: pfrac: 1.0 xy_error: -0.00119 0.000474   integrators: -0.00204 , 0.0147
[INFO] [1778160142.566025721] [aic_model]: insert_cable execute loop
[INFO] [1778160142.587520479] [aic_model]: z_offset: 0.1832
[INFO] [1778160142.588425574] [aic_model]: pfrac: 1.0 xy_error: -0.00118 0.000391   integrators: -0.00322 , 0.0151
[INFO] [1778160142.637681799] [aic_model]: z_offset: 0.1824
[INFO] [1778160142.638926841] [aic_model]: pfrac: 1.0 xy_error: -0.00116 0.000301   integrators: -0.00438 , 0.0154
[INFO] [1778160142.687612678] [aic_model]: z_offset: 0.1816
[INFO] [1778160142.689007992] [aic_model]: pfrac: 1.0 xy_error: -0.00112 0.000232   integrators: -0.00549 , 0.0156
[INFO] [1778160142.737562361] [aic_model]: z_offset: 0.1808
[INFO] [1778160142.738895338] [aic_model]: pfrac: 1.0 xy_error: -0.00103 0.000152   integrators: -0.00653 , 0.0158
[INFO] [1778160142.787560396] [aic_model]: z_offset: 0.18
[INFO] [1778160142.788750676] [aic_model]: pfrac: 1.0 xy_error: -0.000955 6.08e-05   integrators: -0.00748 , 0.0158
[INFO] [1778160142.837547800] [aic_model]: z_offset: 0.1792
[INFO] [1778160142.838772445] [aic_model]: pfrac: 1.0 xy_error: -0.000825 -1.03e-05   integrators: -0.00831 , 0.0158
[INFO] [1778160142.887654488] [aic_model]: z_offset: 0.1784
[INFO] [1778160142.888915751] [aic_model]: pfrac: 1.0 xy_error: -0.0007 -7.88e-05   integrators: -0.00901 , 0.0158
[INFO] [1778160142.937566552] [aic_model]: z_offset: 0.1776
[INFO] [1778160142.938756050] [aic_model]: pfrac: 1.0 xy_error: -0.000568 -0.000152   integrators: -0.00958 , 0.0156
[INFO] [1778160142.987616944] [aic_model]: z_offset: 0.1768
[INFO] [1778160142.988838553] [aic_model]: pfrac: 1.0 xy_error: -0.000433 -0.000236   integrators: -0.01 , 0.0154
[INFO] [1778160143.037589721] [aic_model]: z_offset: 0.176
[INFO] [1778160143.038795680] [aic_model]: pfrac: 1.0 xy_error: -0.000295 -0.000295   integrators: -0.0103 , 0.0151
[INFO] [1778160143.087563360] [aic_model]: z_offset: 0.1752
[INFO] [1778160143.088862854] [aic_model]: pfrac: 1.0 xy_error: -0.000149 -0.000356   integrators: -0.0105 , 0.0147
[INFO] [1778160143.138877670] [aic_model]: z_offset: 0.1744
[INFO] [1778160143.139681626] [aic_model]: pfrac: 1.0 xy_error: 2.36e-05 -0.000409   integrators: -0.0104 , 0.0143
[INFO] [1778160143.189546060] [aic_model]: z_offset: 0.1736
[INFO] [1778160143.190609412] [aic_model]: pfrac: 1.0 xy_error: 0.000173 -0.000461   integrators: -0.0103 , 0.0138
[INFO] [1778160143.239582726] [aic_model]: z_offset: 0.1728
[INFO] [1778160143.240808122] [aic_model]: pfrac: 1.0 xy_error: 0.00032 -0.000492   integrators: -0.00994 , 0.0134
[INFO] [1778160143.290005115] [aic_model]: z_offset: 0.172
[INFO] [1778160143.290956307] [aic_model]: pfrac: 1.0 xy_error: 0.000454 -0.000544   integrators: -0.00948 , 0.0128
[INFO] [1778160143.339649767] [aic_model]: z_offset: 0.1712
[INFO] [1778160143.340866697] [aic_model]: pfrac: 1.0 xy_error: 0.000574 -0.000616   integrators: -0.00891 , 0.0122
[INFO] [1778160143.389532305] [aic_model]: z_offset: 0.1704
[INFO] [1778160143.390698590] [aic_model]: pfrac: 1.0 xy_error: 0.000698 -0.000674   integrators: -0.00821 , 0.0115
[INFO] [1778160143.439524058] [aic_model]: z_offset: 0.1696
[INFO] [1778160143.440746518] [aic_model]: pfrac: 1.0 xy_error: 0.000775 -0.000687   integrators: -0.00744 , 0.0108
[INFO] [1778160143.489550926] [aic_model]: z_offset: 0.1688
[INFO] [1778160143.490610050] [aic_model]: pfrac: 1.0 xy_error: 0.000868 -0.000698   integrators: -0.00657 , 0.0101
[INFO] [1778160143.539607079] [aic_model]: z_offset: 0.168
[INFO] [1778160143.540670551] [aic_model]: pfrac: 1.0 xy_error: 0.000947 -0.000704   integrators: -0.00562 , 0.00943
[INFO] [1778160143.565698327] [aic_model]: insert_cable execute loop
[INFO] [1778160143.589539670] [aic_model]: z_offset: 0.1672
[INFO] [1778160143.590710774] [aic_model]: pfrac: 1.0 xy_error: 0.00104 -0.000693   integrators: -0.00458 , 0.00874
[INFO] [1778160143.639582098] [aic_model]: z_offset: 0.1664
[INFO] [1778160143.640976290] [aic_model]: pfrac: 1.0 xy_error: 0.00113 -0.000663   integrators: -0.00345 , 0.00807
[INFO] [1778160143.689719303] [aic_model]: z_offset: 0.1656
[INFO] [1778160143.691411723] [aic_model]: pfrac: 1.0 xy_error: 0.00116 -0.000676   integrators: -0.00229 , 0.0074
[INFO] [1778160143.741579776] [aic_model]: z_offset: 0.1648
[INFO] [1778160143.742899648] [aic_model]: pfrac: 1.0 xy_error: 0.00119 -0.00067   integrators: -0.0011 , 0.00673
[INFO] [1778160143.791570106] [aic_model]: z_offset: 0.164
[INFO] [1778160143.791987287] [aic_model]: pfrac: 1.0 xy_error: 0.00121 -0.000656   integrators: 0.000116 , 0.00607
[INFO] [1778160143.841569673] [aic_model]: z_offset: 0.1632
[INFO] [1778160143.842747820] [aic_model]: pfrac: 1.0 xy_error: 0.00119 -0.00064   integrators: 0.00131 , 0.00543
[INFO] [1778160143.891656703] [aic_model]: z_offset: 0.1624
[INFO] [1778160143.892831244] [aic_model]: pfrac: 1.0 xy_error: 0.00119 -0.000602   integrators: 0.00249 , 0.00483
[INFO] [1778160143.941585648] [aic_model]: z_offset: 0.1616
[INFO] [1778160143.942766150] [aic_model]: pfrac: 1.0 xy_error: 0.00116 -0.000547   integrators: 0.00365 , 0.00428
[INFO] [1778160143.991614400] [aic_model]: z_offset: 0.1608
[INFO] [1778160143.992812003] [aic_model]: pfrac: 1.0 xy_error: 0.0011 -0.000466   integrators: 0.00475 , 0.00381
[INFO] [1778160144.041521484] [aic_model]: z_offset: 0.16
[INFO] [1778160144.042762769] [aic_model]: pfrac: 1.0 xy_error: 0.00104 -0.000394   integrators: 0.00579 , 0.00342
[INFO] [1778160144.091696539] [aic_model]: z_offset: 0.1592
[INFO] [1778160144.092929529] [aic_model]: pfrac: 1.0 xy_error: 0.000968 -0.000305   integrators: 0.00676 , 0.00312
[INFO] [1778160144.141543921] [aic_model]: z_offset: 0.1584
[INFO] [1778160144.142727428] [aic_model]: pfrac: 1.0 xy_error: 0.000881 -0.000259   integrators: 0.00764 , 0.00286
[INFO] [1778160144.191570999] [aic_model]: z_offset: 0.1576
[INFO] [1778160144.192828815] [aic_model]: pfrac: 1.0 xy_error: 0.000808 -0.000215   integrators: 0.00845 , 0.00264
[INFO] [1778160144.241618205] [aic_model]: z_offset: 0.1568
[INFO] [1778160144.242860743] [aic_model]: pfrac: 1.0 xy_error: 0.000725 -0.000176   integrators: 0.00917 , 0.00247
[INFO] [1778160144.291555706] [aic_model]: z_offset: 0.156
[INFO] [1778160144.291962768] [aic_model]: pfrac: 1.0 xy_error: 0.000648 -0.00012   integrators: 0.00982 , 0.00235
[INFO] [1778160144.341554491] [aic_model]: z_offset: 0.1552
[INFO] [1778160144.341949561] [aic_model]: pfrac: 1.0 xy_error: 0.000576 -9.69e-05   integrators: 0.0104 , 0.00225
[INFO] [1778160144.391556502] [aic_model]: z_offset: 0.1544
[INFO] [1778160144.391927367] [aic_model]: pfrac: 1.0 xy_error: 0.000499 -8.05e-05   integrators: 0.0109 , 0.00217
[INFO] [1778160144.441533727] [aic_model]: z_offset: 0.1536
[INFO] [1778160144.441898240] [aic_model]: pfrac: 1.0 xy_error: 0.000399 -8.49e-05   integrators: 0.0113 , 0.00208
[INFO] [1778160144.491552320] [aic_model]: z_offset: 0.1528
[INFO] [1778160144.492832097] [aic_model]: pfrac: 1.0 xy_error: 0.000239 -0.00013   integrators: 0.0115 , 0.00195
[INFO] [1778160144.541693321] [aic_model]: z_offset: 0.152
[INFO] [1778160144.542924949] [aic_model]: pfrac: 1.0 xy_error: 9.09e-05 -0.000112   integrators: 0.0116 , 0.00184
[INFO] [1778160144.565778792] [aic_model]: insert_cable execute loop
[INFO] [1778160144.591652823] [aic_model]: z_offset: 0.1512
[INFO] [1778160144.592936408] [aic_model]: pfrac: 1.0 xy_error: -2.12e-05 -7.22e-05   integrators: 0.0116 , 0.00177
[INFO] [1778160144.641641880] [aic_model]: z_offset: 0.1504
[INFO] [1778160144.642835977] [aic_model]: pfrac: 1.0 xy_error: -0.000145 -5.18e-05   integrators: 0.0115 , 0.00172
[INFO] [1778160144.691704725] [aic_model]: z_offset: 0.1496
[INFO] [1778160144.692248193] [aic_model]: pfrac: 1.0 xy_error: -0.000207 -5.47e-05   integrators: 0.0113 , 0.00166
[INFO] [1778160144.741596210] [aic_model]: z_offset: 0.1488
[INFO] [1778160144.741980720] [aic_model]: pfrac: 1.0 xy_error: -0.000253 -5.1e-05   integrators: 0.011 , 0.00161
[INFO] [1778160144.791537427] [aic_model]: z_offset: 0.148
[INFO] [1778160144.791913401] [aic_model]: pfrac: 1.0 xy_error: -0.000293 -5.41e-05   integrators: 0.0107 , 0.00156
[INFO] [1778160144.841563965] [aic_model]: z_offset: 0.1472
[INFO] [1778160144.842699682] [aic_model]: pfrac: 1.0 xy_error: -0.000343 -7.73e-05   integrators: 0.0104 , 0.00148
[INFO] [1778160144.891550437] [aic_model]: z_offset: 0.1464
[INFO] [1778160144.891933424] [aic_model]: pfrac: 1.0 xy_error: -0.000375 -0.000103   integrators: 0.00999 , 0.00138
[INFO] [1778160144.941599446] [aic_model]: z_offset: 0.1456
[INFO] [1778160144.941975771] [aic_model]: pfrac: 1.0 xy_error: -0.000376 -0.000109   integrators: 0.00961 , 0.00127
[INFO] [1778160144.991587571] [aic_model]: z_offset: 0.1448
[INFO] [1778160144.991966461] [aic_model]: pfrac: 1.0 xy_error: -0.000377 -0.000111   integrators: 0.00924 , 0.00116
[INFO] [1778160145.041558905] [aic_model]: z_offset: 0.144
[INFO] [1778160145.041936773] [aic_model]: pfrac: 1.0 xy_error: -0.000376 -0.000114   integrators: 0.00886 , 0.00104
[INFO] [1778160145.091552230] [aic_model]: z_offset: 0.1432
[INFO] [1778160145.091929507] [aic_model]: pfrac: 1.0 xy_error: -0.000375 -0.000116   integrators: 0.00849 , 0.000928
[INFO] [1778160145.141752112] [aic_model]: z_offset: 0.1424
[INFO] [1778160145.142131422] [aic_model]: pfrac: 1.0 xy_error: -0.000375 -0.000117   integrators: 0.00811 , 0.00081
[INFO] [1778160145.191579516] [aic_model]: z_offset: 0.1416
[INFO] [1778160145.191951493] [aic_model]: pfrac: 1.0 xy_error: -0.000375 -0.000118   integrators: 0.00774 , 0.000693
[INFO] [1778160145.241586316] [aic_model]: z_offset: 0.1408
[INFO] [1778160145.241952972] [aic_model]: pfrac: 1.0 xy_error: -0.000375 -0.00012   integrators: 0.00736 , 0.000573
[INFO] [1778160145.291591152] [aic_model]: z_offset: 0.14
[INFO] [1778160145.291982245] [aic_model]: pfrac: 1.0 xy_error: -0.000375 -0.000122   integrators: 0.00698 , 0.00045
[INFO] [1778160145.341584487] [aic_model]: z_offset: 0.1392
[INFO] [1778160145.341980409] [aic_model]: pfrac: 1.0 xy_error: -0.000375 -0.000122   integrators: 0.00661 , 0.000328
[INFO] [1778160145.391542586] [aic_model]: z_offset: 0.1384
[INFO] [1778160145.391911357] [aic_model]: pfrac: 1.0 xy_error: -0.000375 -0.000121   integrators: 0.00623 , 0.000207
[INFO] [1778160145.441513038] [aic_model]: z_offset: 0.1376
[INFO] [1778160145.441883662] [aic_model]: pfrac: 1.0 xy_error: -0.000375 -0.000122   integrators: 0.00586 , 8.51e-05
[INFO] [1778160145.491556947] [aic_model]: z_offset: 0.1368
[INFO] [1778160145.491922442] [aic_model]: pfrac: 1.0 xy_error: -0.000375 -0.000123   integrators: 0.00548 , -3.77e-05
[INFO] [1778160145.541523252] [aic_model]: z_offset: 0.136
[INFO] [1778160145.541907501] [aic_model]: pfrac: 1.0 xy_error: -0.000375 -0.000124   integrators: 0.00511 , -0.000161
[INFO] [1778160145.565993663] [aic_model]: insert_cable execute loop
[INFO] [1778160145.591623116] [aic_model]: Alignment degraded (0.0051 > 0.0005), re-aligning...
[INFO] [1778160145.591983521] [aic_model]: pfrac: 1.0 xy_error: -0.000375 -0.000127   integrators: 0.00473 , -0.000288
[INFO] [1778160145.641823398] [aic_model]: pfrac: 1.0 xy_error: -0.000375 -0.000128   integrators: 0.00436 , -0.000416
[INFO] [1778160145.691767792] [aic_model]: pfrac: 1.0 xy_error: -0.000375 -0.000139   integrators: 0.00398 , -0.000555
[INFO] [1778160145.741730649] [aic_model]: pfrac: 1.0 xy_error: -0.000375 -0.000144   integrators: 0.00361 , -0.000698
[INFO] [1778160145.791655055] [aic_model]: pfrac: 1.0 xy_error: -0.000374 -0.000145   integrators: 0.00323 , -0.000843
[INFO] [1778160145.841703753] [aic_model]: pfrac: 1.0 xy_error: -0.000373 -0.000145   integrators: 0.00286 , -0.000988
[INFO] [1778160145.891734609] [aic_model]: pfrac: 1.0 xy_error: -0.00037 -0.00015   integrators: 0.00249 , -0.00114
[INFO] [1778160145.941746869] [aic_model]: pfrac: 1.0 xy_error: -0.000366 -0.000151   integrators: 0.00213 , -0.00129
[INFO] [1778160145.991681333] [aic_model]: pfrac: 1.0 xy_error: -0.000364 -0.000152   integrators: 0.00176 , -0.00144
[INFO] [1778160146.041686921] [aic_model]: pfrac: 1.0 xy_error: -0.000351 -0.00014   integrators: 0.00141 , -0.00158
[INFO] [1778160146.091553448] [aic_model]: z_offset: 0.1352
[INFO] [1778160146.092779505] [aic_model]: pfrac: 1.0 xy_error: -0.000346 -0.000134   integrators: 0.00106 , -0.00172
[INFO] [1778160146.141539639] [aic_model]: z_offset: 0.1344
[INFO] [1778160146.142767650] [aic_model]: pfrac: 1.0 xy_error: -0.000343 -0.000134   integrators: 0.000721 , -0.00185
[INFO] [1778160146.191704986] [aic_model]: z_offset: 0.1336
[INFO] [1778160146.192553195] [aic_model]: pfrac: 1.0 xy_error: -0.000359 -0.000142   integrators: 0.000361 , -0.00199
[INFO] [1778160146.241582634] [aic_model]: z_offset: 0.1328
[INFO] [1778160146.241948540] [aic_model]: pfrac: 1.0 xy_error: -0.000376 -0.000156   integrators: -1.46e-05 , -0.00215
[INFO] [1778160146.291648094] [aic_model]: z_offset: 0.132
[INFO] [1778160146.292016013] [aic_model]: pfrac: 1.0 xy_error: -0.000376 -0.000159   integrators: -0.00039 , -0.00231
[INFO] [1778160146.341786911] [aic_model]: z_offset: 0.1312
[INFO] [1778160146.342171551] [aic_model]: pfrac: 1.0 xy_error: -0.000377 -0.000186   integrators: -0.000767 , -0.00249
[INFO] [1778160146.391565724] [aic_model]: z_offset: 0.1304
[INFO] [1778160146.391930016] [aic_model]: pfrac: 1.0 xy_error: -0.000377 -0.000158   integrators: -0.00114 , -0.00265
[INFO] [1778160146.441566111] [aic_model]: z_offset: 0.1296
[INFO] [1778160146.441932978] [aic_model]: pfrac: 1.0 xy_error: -0.000377 -0.000116   integrators: -0.00152 , -0.00277
[INFO] [1778160146.491560307] [aic_model]: z_offset: 0.1288
[INFO] [1778160146.492687208] [aic_model]: pfrac: 1.0 xy_error: -0.00037 -8.85e-05   integrators: -0.00189 , -0.00285
[INFO] [1778160146.541512806] [aic_model]: z_offset: 0.128
[INFO] [1778160146.542744794] [aic_model]: pfrac: 1.0 xy_error: -0.000338 -5.99e-05   integrators: -0.00223 , -0.00291
[INFO] [1778160146.565812798] [aic_model]: insert_cable execute loop
[INFO] [1778160146.591538501] [aic_model]: z_offset: 0.1272
[INFO] [1778160146.592355351] [aic_model]: pfrac: 1.0 xy_error: -0.000279 -3.1e-05   integrators: -0.00251 , -0.00295
[INFO] [1778160146.641576890] [aic_model]: z_offset: 0.1264
[INFO] [1778160146.642842280] [aic_model]: pfrac: 1.0 xy_error: -0.000211 -2.93e-06   integrators: -0.00272 , -0.00295
[INFO] [1778160146.691680360] [aic_model]: z_offset: 0.1256
[INFO] [1778160146.693010933] [aic_model]: pfrac: 1.0 xy_error: -0.000123 2.44e-05   integrators: -0.00284 , -0.00292
[INFO] [1778160146.741697329] [aic_model]: z_offset: 0.1248
[INFO] [1778160146.742895233] [aic_model]: pfrac: 1.0 xy_error: -1.59e-05 5.08e-05   integrators: -0.00286 , -0.00287
[INFO] [1778160146.791562163] [aic_model]: z_offset: 0.124
[INFO] [1778160146.792794973] [aic_model]: pfrac: 1.0 xy_error: 0.000119 7.6e-05   integrators: -0.00274 , -0.0028
[INFO] [1778160146.842861484] [aic_model]: z_offset: 0.1232
[INFO] [1778160146.843447532] [aic_model]: pfrac: 1.0 xy_error: 0.000266 0.000101   integrators: -0.00247 , -0.0027
[INFO] [1778160146.893583684] [aic_model]: z_offset: 0.1224
[INFO] [1778160146.893982792] [aic_model]: pfrac: 1.0 xy_error: 0.000373 0.000121   integrators: -0.0021 , -0.00258
[INFO] [1778160146.943534660] [aic_model]: z_offset: 0.1216
[INFO] [1778160146.944514094] [aic_model]: pfrac: 1.0 xy_error: 0.00037 0.000105   integrators: -0.00173 , -0.00247
[INFO] [1778160146.993571406] [aic_model]: z_offset: 0.1208
[INFO] [1778160146.994066764] [aic_model]: pfrac: 1.0 xy_error: 0.000368 0.000112   integrators: -0.00136 , -0.00236
[INFO] [1778160147.043513624] [aic_model]: z_offset: 0.12
[INFO] [1778160147.043914074] [aic_model]: pfrac: 1.0 xy_error: 0.000367 0.000144   integrators: -0.000995 , -0.00221
[INFO] [1778160147.093587429] [aic_model]: z_offset: 0.1192
[INFO] [1778160147.094815439] [aic_model]: pfrac: 1.0 xy_error: 0.000366 0.000203   integrators: -0.000628 , -0.00201
[INFO] [1778160147.143540328] [aic_model]: z_offset: 0.1184
[INFO] [1778160147.143935939] [aic_model]: pfrac: 1.0 xy_error: 0.000366 0.000222   integrators: -0.000262 , -0.00179
[INFO] [1778160147.193551545] [aic_model]: z_offset: 0.1176
[INFO] [1778160147.194704185] [aic_model]: pfrac: 1.0 xy_error: 0.000365 0.000234   integrators: 0.000103 , -0.00156
[INFO] [1778160147.243688449] [aic_model]: z_offset: 0.1168
[INFO] [1778160147.244748134] [aic_model]: pfrac: 1.0 xy_error: 0.000365 0.000242   integrators: 0.000468 , -0.00131
[INFO] [1778160147.293534217] [aic_model]: z_offset: 0.116
[INFO] [1778160147.294162874] [aic_model]: pfrac: 1.0 xy_error: 0.000364 0.000246   integrators: 0.000833 , -0.00107
[INFO] [1778160147.343560573] [aic_model]: z_offset: 0.1152
[INFO] [1778160147.344775288] [aic_model]: pfrac: 1.0 xy_error: 0.000364 0.000269   integrators: 0.0012 , -0.0008
[INFO] [1778160147.393561040] [aic_model]: z_offset: 0.1144
[INFO] [1778160147.394383090] [aic_model]: pfrac: 1.0 xy_error: 0.000363 0.000298   integrators: 0.00156 , -0.000502
[INFO] [1778160147.443529027] [aic_model]: z_offset: 0.1136
[INFO] [1778160147.444283821] [aic_model]: pfrac: 1.0 xy_error: 0.000363 0.000303   integrators: 0.00192 , -0.000198
[INFO] [1778160147.493544834] [aic_model]: z_offset: 0.1128
[INFO] [1778160147.494032627] [aic_model]: pfrac: 1.0 xy_error: 0.000363 0.000324   integrators: 0.00229 , 0.000126
[INFO] [1778160147.543553336] [aic_model]: z_offset: 0.112
[INFO] [1778160147.543946172] [aic_model]: pfrac: 1.0 xy_error: 0.000362 0.000338   integrators: 0.00265 , 0.000463
[INFO] [1778160147.565739589] [aic_model]: insert_cable execute loop
[INFO] [1778160147.593507267] [aic_model]: z_offset: 0.1112
[INFO] [1778160147.594027762] [aic_model]: pfrac: 1.0 xy_error: 0.000362 0.000333   integrators: 0.00301 , 0.000797
[INFO] [1778160147.643680538] [aic_model]: z_offset: 0.1104
[INFO] [1778160147.645404127] [aic_model]: pfrac: 1.0 xy_error: 0.000362 0.000323   integrators: 0.00337 , 0.00112
[INFO] [1778160147.695596925] [aic_model]: z_offset: 0.1096
[INFO] [1778160147.696251782] [aic_model]: pfrac: 1.0 xy_error: 0.000361 0.000294   integrators: 0.00373 , 0.00141
[INFO] [1778160147.745559331] [aic_model]: z_offset: 0.1088
[INFO] [1778160147.746704527] [aic_model]: pfrac: 1.0 xy_error: 0.000361 0.000251   integrators: 0.00409 , 0.00166
[INFO] [1778160147.795582662] [aic_model]: z_offset: 0.108
[INFO] [1778160147.796067791] [aic_model]: pfrac: 1.0 xy_error: 0.000361 0.000177   integrators: 0.00445 , 0.00184
[INFO] [1778160147.845602316] [aic_model]: z_offset: 0.1072
[INFO] [1778160147.845990793] [aic_model]: pfrac: 1.0 xy_error: 0.000361 0.000106   integrators: 0.00482 , 0.00195
[INFO] [1778160147.895537771] [aic_model]: z_offset: 0.1064
[INFO] [1778160147.895917603] [aic_model]: pfrac: 1.0 xy_error: 0.000361 7.84e-05   integrators: 0.00518 , 0.00203
[INFO] [1778160147.945572964] [aic_model]: z_offset: 0.1056
[INFO] [1778160147.945989825] [aic_model]: pfrac: 1.0 xy_error: 0.000361 7.21e-05   integrators: 0.00554 , 0.0021
[INFO] [1778160147.995555939] [aic_model]: z_offset: 0.1048
[INFO] [1778160147.995945669] [aic_model]: pfrac: 1.0 xy_error: 0.000361 6.44e-05   integrators: 0.0059 , 0.00216
[INFO] [1778160148.045570443] [aic_model]: z_offset: 0.104
[INFO] [1778160148.045952098] [aic_model]: pfrac: 1.0 xy_error: 0.000362 3.92e-05   integrators: 0.00626 , 0.0022
[INFO] [1778160148.095570940] [aic_model]: z_offset: 0.1032
[INFO] [1778160148.095956953] [aic_model]: pfrac: 1.0 xy_error: 0.000362 2.95e-05   integrators: 0.00662 , 0.00223
[INFO] [1778160148.145532775] [aic_model]: z_offset: 0.1024
[INFO] [1778160148.145966768] [aic_model]: pfrac: 1.0 xy_error: 0.000363 2.62e-05   integrators: 0.00698 , 0.00226
[INFO] [1778160148.195549854] [aic_model]: z_offset: 0.1016
[INFO] [1778160148.195918494] [aic_model]: pfrac: 1.0 xy_error: 0.000363 2.45e-05   integrators: 0.00735 , 0.00228
[INFO] [1778160148.245618589] [aic_model]: z_offset: 0.1008
[INFO] [1778160148.245984585] [aic_model]: pfrac: 1.0 xy_error: 0.00036 1.41e-06   integrators: 0.00771 , 0.00228
[INFO] [1778160148.295601032] [aic_model]: z_offset: 0.1
[INFO] [1778160148.295994820] [aic_model]: pfrac: 1.0 xy_error: 0.000361 -1.91e-06   integrators: 0.00807 , 0.00228
[INFO] [1778160148.345521941] [aic_model]: z_offset: 0.0992
[INFO] [1778160148.345893707] [aic_model]: pfrac: 1.0 xy_error: 0.000362 -8.93e-06   integrators: 0.00843 , 0.00227
[INFO] [1778160148.395548247] [aic_model]: z_offset: 0.0984
[INFO] [1778160148.395913701] [aic_model]: pfrac: 1.0 xy_error: 0.000362 -1.3e-05   integrators: 0.00879 , 0.00226
[INFO] [1778160148.445538625] [aic_model]: z_offset: 0.0976
[INFO] [1778160148.445907556] [aic_model]: pfrac: 1.0 xy_error: 0.000363 -2.28e-05   integrators: 0.00916 , 0.00224
[INFO] [1778160148.495531458] [aic_model]: z_offset: 0.0968
[INFO] [1778160148.495896372] [aic_model]: pfrac: 1.0 xy_error: 0.000353 -5.55e-05   integrators: 0.00951 , 0.00218
[INFO] [1778160148.545701333] [aic_model]: z_offset: 0.096
[INFO] [1778160148.546099509] [aic_model]: pfrac: 1.0 xy_error: 0.000356 -7.05e-05   integrators: 0.00986 , 0.00211
[INFO] [1778160148.565928756] [aic_model]: insert_cable execute loop
[INFO] [1778160148.595512105] [aic_model]: z_offset: 0.0952
[INFO] [1778160148.595875736] [aic_model]: pfrac: 1.0 xy_error: 0.000354 -8.1e-05   integrators: 0.0102 , 0.00203
[INFO] [1778160148.645514276] [aic_model]: z_offset: 0.0944
[INFO] [1778160148.645879941] [aic_model]: pfrac: 1.0 xy_error: 0.00033 -0.000146   integrators: 0.0105 , 0.00188
[INFO] [1778160148.695560819] [aic_model]: z_offset: 0.0936
[INFO] [1778160148.695934760] [aic_model]: pfrac: 1.0 xy_error: 0.000304 -0.000226   integrators: 0.0109 , 0.00166
[INFO] [1778160148.745567579] [aic_model]: z_offset: 0.0928
[INFO] [1778160148.745946609] [aic_model]: pfrac: 1.0 xy_error: 0.000288 -0.000294   integrators: 0.0111 , 0.00136
[INFO] [1778160148.795633228] [aic_model]: z_offset: 0.092
[INFO] [1778160148.796018520] [aic_model]: pfrac: 1.0 xy_error: 0.000291 -0.000314   integrators: 0.0114 , 0.00105
[INFO] [1778160148.845533789] [aic_model]: z_offset: 0.0912
[INFO] [1778160148.845905335] [aic_model]: pfrac: 1.0 xy_error: 0.000292 -0.000313   integrators: 0.0117 , 0.000737
[INFO] [1778160148.895547040] [aic_model]: z_offset: 0.0904
[INFO] [1778160148.895910571] [aic_model]: pfrac: 1.0 xy_error: 0.000291 -0.000313   integrators: 0.012 , 0.000424
[INFO] [1778160148.945596158] [aic_model]: z_offset: 0.0896
[INFO] [1778160148.945962495] [aic_model]: pfrac: 1.0 xy_error: 0.000291 -0.000313   integrators: 0.0123 , 0.00011
[INFO] [1778160148.995551762] [aic_model]: z_offset: 0.0888
[INFO] [1778160148.995912868] [aic_model]: pfrac: 1.0 xy_error: 0.000291 -0.000313   integrators: 0.0126 , -0.000203
[INFO] [1778160149.045526280] [aic_model]: z_offset: 0.088
[INFO] [1778160149.045893729] [aic_model]: pfrac: 1.0 xy_error: 0.000292 -0.000313   integrators: 0.0129 , -0.000516
[INFO] [1778160149.095541185] [aic_model]: z_offset: 0.0872
[INFO] [1778160149.095959518] [aic_model]: pfrac: 1.0 xy_error: 0.000292 -0.000313   integrators: 0.0132 , -0.000829
[INFO] [1778160149.145535320] [aic_model]: z_offset: 0.0864
[INFO] [1778160149.145897088] [aic_model]: pfrac: 1.0 xy_error: 0.000292 -0.000313   integrators: 0.0135 , -0.00114
[INFO] [1778160149.195590048] [aic_model]: z_offset: 0.0856
[INFO] [1778160149.195959070] [aic_model]: pfrac: 1.0 xy_error: 0.000291 -0.000313   integrators: 0.0138 , -0.00145
[INFO] [1778160149.245525313] [aic_model]: z_offset: 0.0848
[INFO] [1778160149.245894004] [aic_model]: pfrac: 1.0 xy_error: 0.000291 -0.000313   integrators: 0.0141 , -0.00177
[INFO] [1778160149.295561608] [aic_model]: z_offset: 0.084
[INFO] [1778160149.295929667] [aic_model]: pfrac: 1.0 xy_error: 0.00029 -0.000314   integrators: 0.0143 , -0.00208
[INFO] [1778160149.345651452] [aic_model]: z_offset: 0.0832
[INFO] [1778160149.346146800] [aic_model]: pfrac: 1.0 xy_error: 0.00029 -0.000314   integrators: 0.0146 , -0.0024
[INFO] [1778160149.395560278] [aic_model]: z_offset: 0.0824
[INFO] [1778160149.395928508] [aic_model]: pfrac: 1.0 xy_error: 0.00029 -0.000314   integrators: 0.0149 , -0.00271
[INFO] [1778160149.445581313] [aic_model]: z_offset: 0.0816
[INFO] [1778160149.445950796] [aic_model]: pfrac: 1.0 xy_error: 0.00029 -0.000314   integrators: 0.0152 , -0.00302
[INFO] [1778160149.495547977] [aic_model]: z_offset: 0.0808
[INFO] [1778160149.495917489] [aic_model]: pfrac: 1.0 xy_error: 0.00029 -0.000314   integrators: 0.0155 , -0.00334
[INFO] [1778160149.545537263] [aic_model]: z_offset: 0.08
[INFO] [1778160149.545900694] [aic_model]: pfrac: 1.0 xy_error: 0.00029 -0.000314   integrators: 0.0158 , -0.00365
[INFO] [1778160149.567116749] [aic_model]: insert_cable execute loop
[INFO] [1778160149.595519316] [aic_model]: z_offset: 0.0792
[INFO] [1778160149.595886534] [aic_model]: pfrac: 1.0 xy_error: 0.00029 -0.000314   integrators: 0.0161 , -0.00396
[INFO] [1778160149.647504291] [aic_model]: z_offset: 0.0784
[INFO] [1778160149.647885195] [aic_model]: pfrac: 1.0 xy_error: 0.000291 -0.000314   integrators: 0.0164 , -0.00428
[INFO] [1778160149.697624392] [aic_model]: z_offset: 0.0776
[INFO] [1778160149.698001799] [aic_model]: pfrac: 1.0 xy_error: 0.000291 -0.000314   integrators: 0.0167 , -0.00459
[INFO] [1778160149.747541894] [aic_model]: z_offset: 0.0768
[INFO] [1778160149.747906326] [aic_model]: pfrac: 1.0 xy_error: 0.000291 -0.000314   integrators: 0.017 , -0.00491
[INFO] [1778160149.797563731] [aic_model]: z_offset: 0.076
[INFO] [1778160149.797932522] [aic_model]: pfrac: 1.0 xy_error: 0.00029 -0.000314   integrators: 0.0172 , -0.00522
[INFO] [1778160149.847730209] [aic_model]: z_offset: 0.0752
[INFO] [1778160149.848095463] [aic_model]: pfrac: 1.0 xy_error: 0.000291 -0.000313   integrators: 0.0175 , -0.00553
[INFO] [1778160149.897540410] [aic_model]: z_offset: 0.0744
[INFO] [1778160149.897909842] [aic_model]: pfrac: 1.0 xy_error: 0.00029 -0.000314   integrators: 0.0178 , -0.00585
[INFO] [1778160149.947529776] [aic_model]: z_offset: 0.0736
[INFO] [1778160149.947897425] [aic_model]: pfrac: 1.0 xy_error: 0.000291 -0.000313   integrators: 0.0181 , -0.00616
[INFO] [1778160149.997641301] [aic_model]: z_offset: 0.0728
[INFO] [1778160149.998014901] [aic_model]: pfrac: 1.0 xy_error: 0.000291 -0.000313   integrators: 0.0184 , -0.00647
[INFO] [1778160150.047502177] [aic_model]: z_offset: 0.072
[INFO] [1778160150.047965795] [aic_model]: pfrac: 1.0 xy_error: 0.000291 -0.000313   integrators: 0.0187 , -0.00679
[INFO] [1778160150.097639831] [aic_model]: Alignment degraded (0.0187 > 0.0016), re-aligning...
[INFO] [1778160150.098001518] [aic_model]: pfrac: 1.0 xy_error: 0.000291 -0.000313   integrators: 0.019 , -0.0071
[INFO] [1778160150.147662870] [aic_model]: pfrac: 1.0 xy_error: 0.000291 -0.000313   integrators: 0.0193 , -0.00741
[INFO] [1778160150.197665731] [aic_model]: pfrac: 1.0 xy_error: 0.000291 -0.000313   integrators: 0.0196 , -0.00773
[INFO] [1778160150.247859500] [aic_model]: pfrac: 1.0 xy_error: 0.000291 -0.000313   integrators: 0.0199 , -0.00804
[INFO] [1778160150.297704786] [aic_model]: pfrac: 1.0 xy_error: 0.000291 -0.000313   integrators: 0.0202 , -0.00835
[INFO] [1778160150.347697869] [aic_model]: pfrac: 1.0 xy_error: 0.000291 -0.000313   integrators: 0.0204 , -0.00866
[INFO] [1778160150.397680362] [aic_model]: pfrac: 1.0 xy_error: 0.000291 -0.000313   integrators: 0.0207 , -0.00898
[INFO] [1778160150.447709493] [aic_model]: pfrac: 1.0 xy_error: 0.000291 -0.000313   integrators: 0.021 , -0.00929
[INFO] [1778160150.497860101] [aic_model]: pfrac: 1.0 xy_error: 0.000292 -0.000312   integrators: 0.0213 , -0.0096
[INFO] [1778160150.547746855] [aic_model]: pfrac: 1.0 xy_error: 0.000292 -0.000312   integrators: 0.0216 , -0.00991
[INFO] [1778160150.565960695] [aic_model]: insert_cable execute loop
[INFO] [1778160150.597571463] [aic_model]: z_offset: 0.0712
[INFO] [1778160150.597929103] [aic_model]: pfrac: 1.0 xy_error: 0.000292 -0.000312   integrators: 0.0219 , -0.0102
[INFO] [1778160150.647596145] [aic_model]: z_offset: 0.0704
[INFO] [1778160150.648072537] [aic_model]: pfrac: 1.0 xy_error: 0.000292 -0.000312   integrators: 0.0222 , -0.0105
[INFO] [1778160150.697833085] [aic_model]: z_offset: 0.0696
[INFO] [1778160150.698211894] [aic_model]: pfrac: 1.0 xy_error: 0.000292 -0.000312   integrators: 0.0225 , -0.0109
[INFO] [1778160150.747779771] [aic_model]: z_offset: 0.0688
[INFO] [1778160150.748278635] [aic_model]: pfrac: 1.0 xy_error: 0.000292 -0.000312   integrators: 0.0228 , -0.0112
[INFO] [1778160150.797648691] [aic_model]: z_offset: 0.068
[INFO] [1778160150.798152785] [aic_model]: pfrac: 1.0 xy_error: 0.000292 -0.000312   integrators: 0.0231 , -0.0115
[INFO] [1778160150.847626666] [aic_model]: z_offset: 0.0672
[INFO] [1778160150.848079634] [aic_model]: pfrac: 1.0 xy_error: 0.000292 -0.000312   integrators: 0.0234 , -0.0118
[INFO] [1778160150.897561881] [aic_model]: z_offset: 0.0664
[INFO] [1778160150.897928898] [aic_model]: pfrac: 1.0 xy_error: 0.000292 -0.000312   integrators: 0.0237 , -0.0121
[INFO] [1778160150.947617341] [aic_model]: z_offset: 0.0656
[INFO] [1778160150.947987103] [aic_model]: pfrac: 1.0 xy_error: 0.000292 -0.000312   integrators: 0.0239 , -0.0124
[INFO] [1778160150.997658574] [aic_model]: z_offset: 0.0648
[INFO] [1778160150.998165043] [aic_model]: pfrac: 1.0 xy_error: 0.000292 -0.000312   integrators: 0.0242 , -0.0127
[INFO] [1778160151.047532313] [aic_model]: z_offset: 0.064
[INFO] [1778160151.047906404] [aic_model]: pfrac: 1.0 xy_error: 0.000292 -0.000312   integrators: 0.0245 , -0.013
[INFO] [1778160151.097541155] [aic_model]: z_offset: 0.0632
[INFO] [1778160151.097908684] [aic_model]: pfrac: 1.0 xy_error: 0.000292 -0.000312   integrators: 0.0248 , -0.0133
[INFO] [1778160151.147529940] [aic_model]: z_offset: 0.0624
[INFO] [1778160151.147902798] [aic_model]: pfrac: 1.0 xy_error: 0.000292 -0.000312   integrators: 0.0251 , -0.0137
[INFO] [1778160151.197661652] [aic_model]: z_offset: 0.0616
[INFO] [1778160151.198030453] [aic_model]: pfrac: 1.0 xy_error: 0.000292 -0.000312   integrators: 0.0254 , -0.014
[INFO] [1778160151.247859679] [aic_model]: z_offset: 0.0608
[INFO] [1778160151.248322346] [aic_model]: pfrac: 1.0 xy_error: 0.000292 -0.000312   integrators: 0.0257 , -0.0143
[INFO] [1778160151.297603945] [aic_model]: z_offset: 0.06
[INFO] [1778160151.297970843] [aic_model]: pfrac: 1.0 xy_error: 0.000292 -0.000312   integrators: 0.026 , -0.0146
[INFO] [1778160151.347705151] [aic_model]: z_offset: 0.0592
[INFO] [1778160151.348071517] [aic_model]: pfrac: 1.0 xy_error: 0.000292 -0.000312   integrators: 0.0263 , -0.0149
[INFO] [1778160151.397517966] [aic_model]: z_offset: 0.0584
[INFO] [1778160151.397884182] [aic_model]: pfrac: 1.0 xy_error: 0.000292 -0.000312   integrators: 0.0266 , -0.0152
[INFO] [1778160151.447674565] [aic_model]: z_offset: 0.0576
[INFO] [1778160151.448137432] [aic_model]: pfrac: 1.0 xy_error: 0.000292 -0.000312   integrators: 0.0269 , -0.0155
[INFO] [1778160151.497629556] [aic_model]: z_offset: 0.0568
[INFO] [1778160151.497986205] [aic_model]: pfrac: 1.0 xy_error: 0.000292 -0.000312   integrators: 0.0272 , -0.0158
[INFO] [1778160151.547526740] [aic_model]: z_offset: 0.056
[INFO] [1778160151.547887115] [aic_model]: pfrac: 1.0 xy_error: 0.000292 -0.000312   integrators: 0.0275 , -0.0162
[INFO] [1778160151.566178641] [aic_model]: insert_cable execute loop
[INFO] [1778160151.597634878] [aic_model]: z_offset: 0.0552
[INFO] [1778160151.598134183] [aic_model]: pfrac: 1.0 xy_error: 0.000292 -0.000312   integrators: 0.0277 , -0.0165
[INFO] [1778160151.647685318] [aic_model]: z_offset: 0.0544
[INFO] [1778160151.648167221] [aic_model]: pfrac: 1.0 xy_error: 0.000292 -0.000312   integrators: 0.028 , -0.0168
[INFO] [1778160151.697591969] [aic_model]: z_offset: 0.0536
[INFO] [1778160151.697955620] [aic_model]: pfrac: 1.0 xy_error: 0.000292 -0.000312   integrators: 0.0283 , -0.0171
[INFO] [1778160151.747599759] [aic_model]: z_offset: 0.0528
[INFO] [1778160151.747960926] [aic_model]: pfrac: 1.0 xy_error: 0.000292 -0.000312   integrators: 0.0286 , -0.0174
[INFO] [1778160151.797657824] [aic_model]: z_offset: 0.052
[INFO] [1778160151.798176115] [aic_model]: pfrac: 1.0 xy_error: 0.000292 -0.000312   integrators: 0.0289 , -0.0177
[INFO] [1778160151.847730626] [aic_model]: z_offset: 0.0512
[INFO] [1778160151.848187592] [aic_model]: pfrac: 1.0 xy_error: 0.000292 -0.000312   integrators: 0.0292 , -0.018
[INFO] [1778160151.897722176] [aic_model]: z_offset: 0.0504
[INFO] [1778160151.898086298] [aic_model]: pfrac: 1.0 xy_error: 0.000292 -0.000312   integrators: 0.0295 , -0.0183
[INFO] [1778160151.947602467] [aic_model]: z_offset: 0.0496
[INFO] [1778160151.947966970] [aic_model]: pfrac: 1.0 xy_error: 0.000292 -0.000312   integrators: 0.0298 , -0.0186
[INFO] [1778160151.997594378] [aic_model]: z_offset: 0.0488
[INFO] [1778160151.997964421] [aic_model]: pfrac: 1.0 xy_error: 0.000292 -0.000312   integrators: 0.0301 , -0.019
[INFO] [1778160152.047554078] [aic_model]: z_offset: 0.048
[INFO] [1778160152.049605150] [aic_model]: pfrac: 1.0 xy_error: 0.000292 -0.000312   integrators: 0.0304 , -0.0193
[INFO] [1778160152.099600317] [aic_model]: z_offset: 0.0472
[INFO] [1778160152.099969789] [aic_model]: pfrac: 1.0 xy_error: 0.000292 -0.000312   integrators: 0.0307 , -0.0196
[INFO] [1778160152.149605772] [aic_model]: z_offset: 0.0464
[INFO] [1778160152.149974974] [aic_model]: pfrac: 1.0 xy_error: 0.000292 -0.000312   integrators: 0.031 , -0.0199
[INFO] [1778160152.199791896] [aic_model]: z_offset: 0.0456
[INFO] [1778160152.200199700] [aic_model]: pfrac: 1.0 xy_error: 0.000292 -0.000312   integrators: 0.0312 , -0.0202
[INFO] [1778160152.249557473] [aic_model]: z_offset: 0.0448
[INFO] [1778160152.249921104] [aic_model]: pfrac: 1.0 xy_error: 0.000291 -0.000313   integrators: 0.0315 , -0.0205
[INFO] [1778160152.299535808] [aic_model]: z_offset: 0.044
[INFO] [1778160152.299905470] [aic_model]: pfrac: 1.0 xy_error: 0.000291 -0.000313   integrators: 0.0318 , -0.0208
[INFO] [1778160152.350328498] [aic_model]: z_offset: 0.0432
[INFO] [1778160152.351660533] [aic_model]: pfrac: 1.0 xy_error: 0.000291 -0.000313   integrators: 0.0321 , -0.0211
[INFO] [1778160152.401621386] [aic_model]: z_offset: 0.0424
[INFO] [1778160152.401990036] [aic_model]: pfrac: 1.0 xy_error: 0.000291 -0.000313   integrators: 0.0324 , -0.0215
[INFO] [1778160152.451540239] [aic_model]: z_offset: 0.0416
[INFO] [1778160152.451917446] [aic_model]: pfrac: 1.0 xy_error: 0.000291 -0.000313   integrators: 0.0327 , -0.0218
[INFO] [1778160152.501526338] [aic_model]: z_offset: 0.0408
[INFO] [1778160152.501896161] [aic_model]: pfrac: 1.0 xy_error: 0.000291 -0.000313   integrators: 0.033 , -0.0221
[INFO] [1778160152.551542995] [aic_model]: z_offset: 0.04
[INFO] [1778160152.551932274] [aic_model]: pfrac: 1.0 xy_error: 0.000291 -0.000313   integrators: 0.0333 , -0.0224
[INFO] [1778160152.566042527] [aic_model]: insert_cable execute loop
[INFO] [1778160152.601521110] [aic_model]: z_offset: 0.0392
[INFO] [1778160152.601888398] [aic_model]: pfrac: 1.0 xy_error: 0.000291 -0.000313   integrators: 0.0336 , -0.0227
[INFO] [1778160152.651670635] [aic_model]: z_offset: 0.0384
[INFO] [1778160152.652084140] [aic_model]: pfrac: 1.0 xy_error: 0.000291 -0.000313   integrators: 0.0339 , -0.023
[INFO] [1778160152.701910761] [aic_model]: z_offset: 0.0376
[INFO] [1778160152.702304528] [aic_model]: pfrac: 1.0 xy_error: 0.000291 -0.000313   integrators: 0.0342 , -0.0233
[INFO] [1778160152.751802273] [aic_model]: z_offset: 0.0368
[INFO] [1778160152.752163940] [aic_model]: pfrac: 1.0 xy_error: 0.000291 -0.000313   integrators: 0.0345 , -0.0237
[INFO] [1778160152.801566737] [aic_model]: z_offset: 0.036
[INFO] [1778160152.801939225] [aic_model]: pfrac: 1.0 xy_error: 0.000291 -0.000313   integrators: 0.0347 , -0.024
[INFO] [1778160152.851512842] [aic_model]: z_offset: 0.0352
[INFO] [1778160152.851884388] [aic_model]: pfrac: 1.0 xy_error: 0.000291 -0.000313   integrators: 0.035 , -0.0243
[INFO] [1778160152.901643001] [aic_model]: z_offset: 0.0344
[INFO] [1778160152.902143078] [aic_model]: pfrac: 1.0 xy_error: 0.000291 -0.000313   integrators: 0.0353 , -0.0246
[INFO] [1778160152.951678413] [aic_model]: z_offset: 0.0336
[INFO] [1778160152.952061480] [aic_model]: pfrac: 1.0 xy_error: 0.000291 -0.000313   integrators: 0.0356 , -0.0249
[INFO] [1778160153.001654934] [aic_model]: z_offset: 0.0328
[INFO] [1778160153.002051898] [aic_model]: pfrac: 1.0 xy_error: 0.000291 -0.000313   integrators: 0.0359 , -0.0252
[INFO] [1778160153.051543160] [aic_model]: z_offset: 0.032
[INFO] [1778160153.051915758] [aic_model]: pfrac: 1.0 xy_error: 0.000291 -0.000313   integrators: 0.0362 , -0.0255
[INFO] [1778160153.101529970] [aic_model]: z_offset: 0.0312
[INFO] [1778160153.101902288] [aic_model]: pfrac: 1.0 xy_error: 0.000291 -0.000313   integrators: 0.0365 , -0.0258
[INFO] [1778160153.151638228] [aic_model]: z_offset: 0.0304
[INFO] [1778160153.152000197] [aic_model]: pfrac: 1.0 xy_error: 0.000291 -0.000313   integrators: 0.0368 , -0.0262
[INFO] [1778160153.201679621] [aic_model]: z_offset: 0.0296
[INFO] [1778160153.202197992] [aic_model]: pfrac: 1.0 xy_error: 0.000291 -0.000313   integrators: 0.0371 , -0.0265
[INFO] [1778160153.251635294] [aic_model]: z_offset: 0.0288
[INFO] [1778160153.252002471] [aic_model]: pfrac: 1.0 xy_error: 0.000291 -0.000313   integrators: 0.0374 , -0.0268
[INFO] [1778160153.301624429] [aic_model]: z_offset: 0.028
[INFO] [1778160153.301992177] [aic_model]: pfrac: 1.0 xy_error: 0.000291 -0.000313   integrators: 0.0377 , -0.0271
[INFO] [1778160153.353405751] [aic_model]: z_offset: 0.0272
[INFO] [1778160153.353776094] [aic_model]: pfrac: 1.0 xy_error: 0.000292 -0.000312   integrators: 0.0379 , -0.0274
[INFO] [1778160153.403684688] [aic_model]: z_offset: 0.0264
[INFO] [1778160153.404050243] [aic_model]: pfrac: 1.0 xy_error: 0.000292 -0.000312   integrators: 0.0382 , -0.0277
[INFO] [1778160153.453644679] [aic_model]: z_offset: 0.0256
[INFO] [1778160153.454016395] [aic_model]: pfrac: 1.0 xy_error: 0.000292 -0.000312   integrators: 0.0385 , -0.028
[INFO] [1778160153.503642129] [aic_model]: z_offset: 0.0248
[INFO] [1778160153.504010098] [aic_model]: pfrac: 1.0 xy_error: 0.000292 -0.000312   integrators: 0.0388 , -0.0283
[INFO] [1778160153.553687830] [aic_model]: z_offset: 0.024
[INFO] [1778160153.554047935] [aic_model]: pfrac: 1.0 xy_error: 0.000292 -0.000312   integrators: 0.0391 , -0.0287
[INFO] [1778160153.566103047] [aic_model]: insert_cable execute loop
[INFO] [1778160153.603629476] [aic_model]: z_offset: 0.0232
[INFO] [1778160153.604018194] [aic_model]: pfrac: 1.0 xy_error: 0.000292 -0.000312   integrators: 0.0394 , -0.029
[INFO] [1778160153.653748865] [aic_model]: z_offset: 0.0224
[INFO] [1778160153.654122505] [aic_model]: pfrac: 1.0 xy_error: 0.000292 -0.000312   integrators: 0.0397 , -0.0293
[INFO] [1778160153.703776321] [aic_model]: z_offset: 0.0216
[INFO] [1778160153.704148238] [aic_model]: pfrac: 1.0 xy_error: 0.000292 -0.000312   integrators: 0.04 , -0.0296
[INFO] [1778160153.753608532] [aic_model]: z_offset: 0.0208
[INFO] [1778160153.753969969] [aic_model]: pfrac: 1.0 xy_error: 0.000292 -0.000312   integrators: 0.0403 , -0.0299
[INFO] [1778160153.803619929] [aic_model]: z_offset: 0.02
[INFO] [1778160153.803996164] [aic_model]: pfrac: 1.0 xy_error: 0.000292 -0.000312   integrators: 0.0406 , -0.0302
[INFO] [1778160153.853676199] [aic_model]: z_offset: 0.0192
[INFO] [1778160153.854057123] [aic_model]: pfrac: 1.0 xy_error: 0.000292 -0.000312   integrators: 0.0409 , -0.0305
[INFO] [1778160153.903588570] [aic_model]: z_offset: 0.0184
[INFO] [1778160153.903952021] [aic_model]: pfrac: 1.0 xy_error: 0.000292 -0.000312   integrators: 0.0412 , -0.0308
[INFO] [1778160153.953682361] [aic_model]: z_offset: 0.0176
[INFO] [1778160153.954194711] [aic_model]: pfrac: 1.0 xy_error: 0.000292 -0.000312   integrators: 0.0414 , -0.0312
[INFO] [1778160154.003724475] [aic_model]: z_offset: 0.0168
[INFO] [1778160154.004104347] [aic_model]: pfrac: 1.0 xy_error: 0.000292 -0.000311   integrators: 0.0417 , -0.0315
[INFO] [1778160154.053689936] [aic_model]: z_offset: 0.016
[INFO] [1778160154.054060420] [aic_model]: pfrac: 1.0 xy_error: 0.000292 -0.000311   integrators: 0.042 , -0.0318
[INFO] [1778160154.103552844] [aic_model]: z_offset: 0.0152
[INFO] [1778160154.103923438] [aic_model]: pfrac: 1.0 xy_error: 0.000292 -0.000312   integrators: 0.0423 , -0.0321
[INFO] [1778160154.153649740] [aic_model]: z_offset: 0.0144
[INFO] [1778160154.154018581] [aic_model]: pfrac: 1.0 xy_error: 0.000292 -0.000311   integrators: 0.0426 , -0.0324
[INFO] [1778160154.203722061] [aic_model]: z_offset: 0.0136
[INFO] [1778160154.204095440] [aic_model]: pfrac: 1.0 xy_error: 0.000292 -0.000311   integrators: 0.0429 , -0.0327
[INFO] [1778160154.253629873] [aic_model]: z_offset: 0.012801
[INFO] [1778160154.254016237] [aic_model]: pfrac: 1.0 xy_error: 0.000292 -0.000311   integrators: 0.0432 , -0.033
[INFO] [1778160154.305579150] [aic_model]: z_offset: 0.012001
[INFO] [1778160154.305966004] [aic_model]: pfrac: 1.0 xy_error: 0.000292 -0.000311   integrators: 0.0435 , -0.0333
[INFO] [1778160154.355635841] [aic_model]: z_offset: 0.011201
[INFO] [1778160154.356027925] [aic_model]: pfrac: 1.0 xy_error: 0.000293 -0.000311   integrators: 0.0438 , -0.0336
[INFO] [1778160154.405680940] [aic_model]: z_offset: 0.010401
[INFO] [1778160154.406050793] [aic_model]: pfrac: 1.0 xy_error: 0.000293 -0.000311   integrators: 0.0441 , -0.034
[INFO] [1778160154.455622415] [aic_model]: z_offset: 0.0096008
[INFO] [1778160154.455996256] [aic_model]: pfrac: 1.0 xy_error: 0.000293 -0.000311   integrators: 0.0444 , -0.0343
[INFO] [1778160154.505691119] [aic_model]: z_offset: 0.0088008
[INFO] [1778160154.506066632] [aic_model]: pfrac: 1.0 xy_error: 0.000293 -0.000311   integrators: 0.0447 , -0.0346
[INFO] [1778160154.555703748] [aic_model]: z_offset: 0.0080009
[INFO] [1778160154.558001362] [aic_model]: pfrac: 1.0 xy_error: 0.000292 -0.000311   integrators: 0.045 , -0.0349
[INFO] [1778160154.567708206] [aic_model]: insert_cable execute loop
[INFO] [1778160154.607971330] [aic_model]: Alignment degraded (0.0450 > 0.0216), re-aligning...
[INFO] [1778160154.608322057] [aic_model]: pfrac: 1.0 xy_error: 0.000292 -0.000312   integrators: 0.0452 , -0.0352
[INFO] [1778160154.658452277] [aic_model]: pfrac: 1.0 xy_error: 0.000292 -0.000311   integrators: 0.0455 , -0.0355
[INFO] [1778160154.708304725] [aic_model]: pfrac: 1.0 xy_error: 0.000292 -0.000311   integrators: 0.0458 , -0.0358
[INFO] [1778160154.758007303] [aic_model]: pfrac: 1.0 xy_error: 0.000293 -0.000311   integrators: 0.0461 , -0.0361
[INFO] [1778160154.808095844] [aic_model]: pfrac: 1.0 xy_error: 0.000292 -0.000312   integrators: 0.0464 , -0.0364
[INFO] [1778160154.858183713] [aic_model]: pfrac: 1.0 xy_error: 0.000292 -0.000311   integrators: 0.0467 , -0.0368
[INFO] [1778160154.908125118] [aic_model]: pfrac: 1.0 xy_error: 0.000293 -0.000311   integrators: 0.047 , -0.0371
[INFO] [1778160154.957944234] [aic_model]: pfrac: 1.0 xy_error: 0.000293 -0.000311   integrators: 0.0473 , -0.0374
[INFO] [1778160155.008500371] [aic_model]: pfrac: 1.0 xy_error: 0.000293 -0.000311   integrators: 0.0476 , -0.0377
[INFO] [1778160155.058123550] [aic_model]: pfrac: 1.0 xy_error: 0.000293 -0.000311   integrators: 0.0479 , -0.038
[INFO] [1778160155.108136259] [aic_model]: z_offset: 0.007201
[INFO] [1778160155.108616238] [aic_model]: pfrac: 1.0 xy_error: 0.000292 -0.000311   integrators: 0.0482 , -0.0383
[INFO] [1778160155.157772301] [aic_model]: z_offset: 0.006401
[INFO] [1778160155.158198239] [aic_model]: pfrac: 1.0 xy_error: 0.000293 -0.000311   integrators: 0.0485 , -0.0386
[INFO] [1778160155.207979825] [aic_model]: z_offset: 0.0056011
[INFO] [1778160155.211537990] [aic_model]: pfrac: 1.0 xy_error: 0.000293 -0.000311   integrators: 0.0488 , -0.0389
[INFO] [1778160155.261774468] [aic_model]: z_offset: 0.0048012
[INFO] [1778160155.262167614] [aic_model]: pfrac: 1.0 xy_error: 0.000293 -0.000311   integrators: 0.0491 , -0.0392
[INFO] [1778160155.311635472] [aic_model]: z_offset: 0.0040012
[INFO] [1778160155.312009443] [aic_model]: pfrac: 1.0 xy_error: 0.000293 -0.000311   integrators: 0.0493 , -0.0396
[INFO] [1778160155.361772183] [aic_model]: z_offset: 0.0032013
[INFO] [1778160155.362173585] [aic_model]: pfrac: 1.0 xy_error: 0.000292 -0.000311   integrators: 0.0496 , -0.0399
[INFO] [1778160155.412234093] [aic_model]: z_offset: 0.0024013
[INFO] [1778160155.413781221] [aic_model]: pfrac: 1.0 xy_error: 0.000292 -0.000311   integrators: 0.0499 , -0.0402
[INFO] [1778160155.461767323] [aic_model]: z_offset: 0.0016014
[INFO] [1778160155.462251551] [aic_model]: pfrac: 1.0 xy_error: 0.000292 -0.000312   integrators: 0.0502 , -0.0405
[INFO] [1778160155.511712095] [aic_model]: z_offset: 0.00080147
[INFO] [1778160155.512100863] [aic_model]: pfrac: 1.0 xy_error: 0.000292 -0.000311   integrators: 0.0505 , -0.0408
[INFO] [1778160155.561706028] [aic_model]: z_offset: 1.534e-06
[INFO] [1778160155.562074248] [aic_model]: pfrac: 1.0 xy_error: 0.000292 -0.000311   integrators: 0.0508 , -0.0411
[INFO] [1778160155.568137135] [aic_model]: insert_cable execute loop
[INFO] [1778160155.611648565] [aic_model]: z_offset: -0.0007984
[INFO] [1778160155.612015021] [aic_model]: pfrac: 1.0 xy_error: 0.000292 -0.000312   integrators: 0.0511 , -0.0414
[INFO] [1778160155.661802518] [aic_model]: z_offset: -0.0015983
[INFO] [1778160155.662184423] [aic_model]: pfrac: 1.0 xy_error: 0.000292 -0.000312   integrators: 0.0514 , -0.0417
[INFO] [1778160155.711904454] [aic_model]: z_offset: -0.0023983
[INFO] [1778160155.712349477] [aic_model]: pfrac: 1.0 xy_error: 0.000292 -0.000312   integrators: 0.0517 , -0.0421
[INFO] [1778160155.761715665] [aic_model]: z_offset: -0.0031982
[INFO] [1778160155.762097260] [aic_model]: pfrac: 1.0 xy_error: 0.000293 -0.000311   integrators: 0.052 , -0.0424
[INFO] [1778160155.811790510] [aic_model]: z_offset: -0.0039981
[INFO] [1778160155.812176863] [aic_model]: pfrac: 1.0 xy_error: 0.000293 -0.000312   integrators: 0.0523 , -0.0427
[INFO] [1778160155.861815842] [aic_model]: z_offset: -0.0047981
[INFO] [1778160155.862341436] [aic_model]: pfrac: 1.0 xy_error: 0.000293 -0.000312   integrators: 0.0526 , -0.043
[INFO] [1778160155.911990033] [aic_model]: z_offset: -0.005598
[INFO] [1778160155.912508774] [aic_model]: pfrac: 1.0 xy_error: 0.000293 -0.000312   integrators: 0.0529 , -0.0433
[INFO] [1778160155.961695706] [aic_model]: z_offset: -0.006398
[INFO] [1778160155.964307960] [aic_model]: pfrac: 1.0 xy_error: 0.000293 -0.000312   integrators: 0.0531 , -0.0436
[INFO] [1778160156.014199601] [aic_model]: z_offset: -0.0071979
[INFO] [1778160156.014685662] [aic_model]: pfrac: 1.0 xy_error: 0.000293 -0.000312   integrators: 0.0534 , -0.0439
[INFO] [1778160156.064127290] [aic_model]: z_offset: -0.0079978
[INFO] [1778160156.065509279] [aic_model]: pfrac: 1.0 xy_error: 0.000293 -0.000312   integrators: 0.0537 , -0.0442
[INFO] [1778160156.116179970] [aic_model]: z_offset: -0.0087978
[INFO] [1778160156.117597966] [aic_model]: pfrac: 1.0 xy_error: 0.000293 -0.000312   integrators: 0.054 , -0.0445
[INFO] [1778160156.167711213] [aic_model]: z_offset: -0.0095977
[INFO] [1778160156.168097296] [aic_model]: pfrac: 1.0 xy_error: 0.000293 -0.000312   integrators: 0.0543 , -0.0449
[INFO] [1778160156.217823598] [aic_model]: z_offset: -0.010398
[INFO] [1778160156.218299028] [aic_model]: pfrac: 1.0 xy_error: 0.000293 -0.000312   integrators: 0.0546 , -0.0452
[INFO] [1778160156.268021252] [aic_model]: z_offset: -0.011198
[INFO] [1778160156.268530316] [aic_model]: pfrac: 1.0 xy_error: 0.000293 -0.000312   integrators: 0.0549 , -0.0455
[INFO] [1778160156.317788291] [aic_model]: z_offset: -0.011998
[INFO] [1778160156.318320868] [aic_model]: pfrac: 1.0 xy_error: 0.000293 -0.000312   integrators: 0.0552 , -0.0458
[INFO] [1778160156.367737320] [aic_model]: z_offset: -0.012797
[INFO] [1778160156.368136818] [aic_model]: pfrac: 1.0 xy_error: 0.000293 -0.000312   integrators: 0.0555 , -0.0461
[INFO] [1778160156.417853882] [aic_model]: z_offset: -0.013597
[INFO] [1778160156.418249944] [aic_model]: pfrac: 1.0 xy_error: 0.000294 -0.000312   integrators: 0.0558 , -0.0464
[INFO] [1778160156.467707743] [aic_model]: z_offset: -0.014397
[INFO] [1778160156.468090881] [aic_model]: pfrac: 1.0 xy_error: 0.000294 -0.000312   integrators: 0.0561 , -0.0467
[INFO] [1778160156.517770806] [aic_model]: z_offset: -0.015197
[INFO] [1778160156.518182607] [aic_model]: pfrac: 1.0 xy_error: 0.000294 -0.000313   integrators: 0.0564 , -0.047
[INFO] [1778160156.568320760] [aic_model]: Waiting for connector to stabilize...
[INFO] [1778160156.568783758] [aic_model]: insert_cable execute loop
[INFO] [1778160157.568215539] [aic_model]: insert_cable execute loop
[INFO] [1778160158.568375259] [aic_model]: insert_cable execute loop
[INFO] [1778160158.569366495] [aic_model]: AutoCode2.insert_cable() exiting...
[INFO] [1778160159.567980865] [aic_model]: insert_cable() returned True
[INFO] [1778160159.907601127] [aic_model]: on_deactivate(LifecycleState(label='active', state_id=3))
[INFO] [1778160160.905679766] [aic_model]: on_activate()
[INFO] [1778160163.215996760] [aic_model]: Goal accepted
[INFO] [1778160163.217089267] [aic_model]: Entering insert_cable_execute_callback()
[INFO] [1778160163.218450657] [aic_model]: AutoCode2.insert_cable() task: aic_task_interfaces.msg.Task(id='task_1', cable_type='sfp_sc', cable_name='cable_1', plug_type='sc', plug_name='sc_tip', port_type='sc', port_name='sc_port_base', target_module_name='sc_port_1', time_limit=180)
[INFO] [1778160163.219274761] [aic_model]: pfrac: 0.0 xy_error: -0.125 0.0636   integrators: 0.0 , 0.0
[INFO] [1778160163.219727679] [aic_model]: insert_cable execute loop
[INFO] [1778160163.269262130] [aic_model]: pfrac: 0.025 xy_error: -0.125 0.0635   integrators: 0.0 , 0.0
[INFO] [1778160163.320023869] [aic_model]: pfrac: 0.05 xy_error: -0.125 0.0637   integrators: 0.0 , 0.0
[INFO] [1778160163.369938201] [aic_model]: pfrac: 0.075 xy_error: -0.124 0.064   integrators: 0.0 , 0.0
[INFO] [1778160163.420152455] [aic_model]: pfrac: 0.1 xy_error: -0.124 0.0643   integrators: 0.0 , 0.0
[INFO] [1778160163.469782264] [aic_model]: pfrac: 0.125 xy_error: -0.124 0.0646   integrators: 0.0 , 0.0
[INFO] [1778160163.520084624] [aic_model]: pfrac: 0.15 xy_error: -0.123 0.0647   integrators: 0.0 , 0.0
[INFO] [1778160163.569945385] [aic_model]: pfrac: 0.175 xy_error: -0.122 0.0648   integrators: 0.0 , 0.0
[INFO] [1778160163.620007675] [aic_model]: pfrac: 0.2 xy_error: -0.121 0.0647   integrators: 0.0 , 0.0
[INFO] [1778160163.670090723] [aic_model]: pfrac: 0.225 xy_error: -0.12 0.0645   integrators: 0.0 , 0.0
[INFO] [1778160163.720387231] [aic_model]: pfrac: 0.25 xy_error: -0.119 0.0642   integrators: 0.0 , 0.0
[INFO] [1778160163.770048900] [aic_model]: pfrac: 0.275 xy_error: -0.118 0.0637   integrators: 0.0 , 0.0
[INFO] [1778160163.820084419] [aic_model]: pfrac: 0.3 xy_error: -0.116 0.0631   integrators: 0.0 , 0.0
[INFO] [1778160163.869887573] [aic_model]: pfrac: 0.325 xy_error: -0.114 0.0623   integrators: 0.0 , 0.0
[INFO] [1778160163.919976662] [aic_model]: pfrac: 0.35 xy_error: -0.112 0.0613   integrators: 0.0 , 0.0
[INFO] [1778160163.969899571] [aic_model]: pfrac: 0.375 xy_error: -0.11 0.0601   integrators: 0.0 , 0.0
[INFO] [1778160164.020037411] [aic_model]: pfrac: 0.4 xy_error: -0.107 0.0589   integrators: 0.0 , 0.0
[INFO] [1778160164.069825847] [aic_model]: pfrac: 0.425 xy_error: -0.104 0.0574   integrators: 0.0 , 0.0
[INFO] [1778160164.120384166] [aic_model]: pfrac: 0.45 xy_error: -0.102 0.0558   integrators: 0.0 , 0.0
[INFO] [1778160164.170266988] [aic_model]: pfrac: 0.475 xy_error: -0.0986 0.0541   integrators: 0.0 , 0.0
[INFO] [1778160164.220223289] [aic_model]: insert_cable execute loop
[INFO] [1778160164.220530525] [aic_model]: pfrac: 0.5 xy_error: -0.0954 0.0523   integrators: 0.0 , 0.0
[INFO] [1778160164.269996386] [aic_model]: pfrac: 0.525 xy_error: -0.0921 0.0503   integrators: 0.0 , 0.0
[INFO] [1778160164.319867016] [aic_model]: pfrac: 0.55 xy_error: -0.0886 0.0483   integrators: 0.0 , 0.0
[INFO] [1778160164.369970132] [aic_model]: pfrac: 0.575 xy_error: -0.085 0.0461   integrators: 0.0 , 0.0
[INFO] [1778160164.419771392] [aic_model]: pfrac: 0.6 xy_error: -0.0813 0.0439   integrators: 0.0 , 0.0
[INFO] [1778160164.470058652] [aic_model]: pfrac: 0.625 xy_error: -0.0775 0.0417   integrators: 0.0 , 0.0
[INFO] [1778160164.520026314] [aic_model]: pfrac: 0.65 xy_error: -0.0736 0.0393   integrators: 0.0 , 0.0
[INFO] [1778160164.570031266] [aic_model]: pfrac: 0.675 xy_error: -0.0696 0.0369   integrators: 0.0 , 0.0
[INFO] [1778160164.619204269] [aic_model]: pfrac: 0.7 xy_error: -0.0657 0.0345   integrators: 0.0 , 0.0
[INFO] [1778160164.669512218] [aic_model]: pfrac: 0.725 xy_error: -0.0616 0.0321   integrators: 0.0 , 0.0
[INFO] [1778160164.720267526] [aic_model]: pfrac: 0.75 xy_error: -0.0576 0.0297   integrators: 0.0 , 0.0
[INFO] [1778160164.769834096] [aic_model]: pfrac: 0.775 xy_error: -0.0536 0.0274   integrators: 0.0 , 0.0
[INFO] [1778160164.820116608] [aic_model]: pfrac: 0.8 xy_error: -0.0496 0.025   integrators: 0.0 , 0.0
[INFO] [1778160164.870026722] [aic_model]: pfrac: 0.825 xy_error: -0.0456 0.0227   integrators: 0.0 , 0.0
[INFO] [1778160164.919213861] [aic_model]: pfrac: 0.85 xy_error: -0.0418 0.0204   integrators: 0.0 , 0.0
[INFO] [1778160164.970030333] [aic_model]: pfrac: 0.875 xy_error: -0.038 0.0182   integrators: 0.0 , 0.0
[INFO] [1778160165.019870145] [aic_model]: pfrac: 0.9 xy_error: -0.0344 0.016   integrators: 0.0 , 0.0
[INFO] [1778160165.069594541] [aic_model]: pfrac: 0.925 xy_error: -0.0308 0.014   integrators: 0.0 , 0.0
[INFO] [1778160165.119540522] [aic_model]: pfrac: 0.95 xy_error: -0.0275 0.012   integrators: 0.0 , 0.0
[INFO] [1778160165.169921298] [aic_model]: pfrac: 0.975 xy_error: -0.0243 0.0102   integrators: 0.0 , 0.0
[INFO] [1778160165.220384678] [aic_model]: insert_cable execute loop
[INFO] [1778160165.220711350] [aic_model]: pfrac: 1.0 xy_error: -0.0213 0.00842   integrators: -0.0213 , 0.00842
[INFO] [1778160165.271187494] [aic_model]: pfrac: 1.0 xy_error: -0.0183 0.00671   integrators: -0.0396 , 0.0151
[INFO] [1778160165.322254675] [aic_model]: pfrac: 1.0 xy_error: -0.0155 0.00512   integrators: -0.0551 , 0.0203
[INFO] [1778160165.371514651] [aic_model]: pfrac: 1.0 xy_error: -0.0128 0.00364   integrators: -0.0679 , 0.0239
[INFO] [1778160165.421194112] [aic_model]: pfrac: 1.0 xy_error: -0.0102 0.00229   integrators: -0.0782 , 0.0262
[INFO] [1778160165.471901019] [aic_model]: pfrac: 1.0 xy_error: -0.00777 0.00102   integrators: -0.08 , 0.0272
[INFO] [1778160165.522001890] [aic_model]: pfrac: 1.0 xy_error: -0.00544 -0.000137   integrators: -0.08 , 0.0271
[INFO] [1778160165.571293124] [aic_model]: pfrac: 1.0 xy_error: -0.00324 -0.00114   integrators: -0.08 , 0.0259
[INFO] [1778160165.621637862] [aic_model]: pfrac: 1.0 xy_error: -0.00122 -0.00201   integrators: -0.08 , 0.0239
[INFO] [1778160165.671217888] [aic_model]: pfrac: 1.0 xy_error: 0.000638 -0.00277   integrators: -0.0794 , 0.0211
[INFO] [1778160165.721253937] [aic_model]: pfrac: 1.0 xy_error: 0.00231 -0.00339   integrators: -0.0771 , 0.0178
[INFO] [1778160165.771936047] [aic_model]: pfrac: 1.0 xy_error: 0.00382 -0.00388   integrators: -0.0732 , 0.0139
[INFO] [1778160165.821971115] [aic_model]: pfrac: 1.0 xy_error: 0.00512 -0.00428   integrators: -0.0681 , 0.00961
[INFO] [1778160165.871227644] [aic_model]: pfrac: 1.0 xy_error: 0.00624 -0.00458   integrators: -0.0619 , 0.00502
[INFO] [1778160165.921284122] [aic_model]: pfrac: 1.0 xy_error: 0.0072 -0.00475   integrators: -0.0547 , 0.000276
[INFO] [1778160165.971466727] [aic_model]: pfrac: 1.0 xy_error: 0.00794 -0.00482   integrators: -0.0467 , -0.00455
[INFO] [1778160166.021216500] [aic_model]: pfrac: 1.0 xy_error: 0.0085 -0.00482   integrators: -0.0382 , -0.00936
[INFO] [1778160166.071192607] [aic_model]: pfrac: 1.0 xy_error: 0.0089 -0.0047   integrators: -0.0293 , -0.0141
[INFO] [1778160166.121525773] [aic_model]: pfrac: 1.0 xy_error: 0.0091 -0.00449   integrators: -0.0202 , -0.0186
[INFO] [1778160166.171188243] [aic_model]: pfrac: 1.0 xy_error: 0.00914 -0.00421   integrators: -0.0111 , -0.0228
[INFO] [1778160166.220122688] [aic_model]: insert_cable execute loop
[INFO] [1778160166.220989422] [aic_model]: z_offset: 0.1992
[INFO] [1778160166.222126352] [aic_model]: pfrac: 1.0 xy_error: 0.00902 -0.00385   integrators: -0.00207 , -0.0266
[INFO] [1778160166.271040299] [aic_model]: z_offset: 0.1984
[INFO] [1778160166.272276034] [aic_model]: pfrac: 1.0 xy_error: 0.00875 -0.00343   integrators: 0.00668 , -0.03
[INFO] [1778160166.321046553] [aic_model]: z_offset: 0.1976
[INFO] [1778160166.322274833] [aic_model]: pfrac: 1.0 xy_error: 0.00832 -0.00298   integrators: 0.015 , -0.033
[INFO] [1778160166.371100526] [aic_model]: z_offset: 0.1968
[INFO] [1778160166.371726428] [aic_model]: pfrac: 1.0 xy_error: 0.00774 -0.0025   integrators: 0.0227 , -0.0355
[INFO] [1778160166.421176049] [aic_model]: z_offset: 0.196
[INFO] [1778160166.422510589] [aic_model]: pfrac: 1.0 xy_error: 0.00706 -0.00198   integrators: 0.0298 , -0.0375
[INFO] [1778160166.471044965] [aic_model]: z_offset: 0.1952
[INFO] [1778160166.472303182] [aic_model]: pfrac: 1.0 xy_error: 0.00627 -0.00145   integrators: 0.0361 , -0.039
[INFO] [1778160166.521078891] [aic_model]: z_offset: 0.1944
[INFO] [1778160166.522243703] [aic_model]: pfrac: 1.0 xy_error: 0.00538 -0.000907   integrators: 0.0414 , -0.0399
[INFO] [1778160166.571033007] [aic_model]: z_offset: 0.1936
[INFO] [1778160166.572241731] [aic_model]: pfrac: 1.0 xy_error: 0.00447 -0.000379   integrators: 0.0459 , -0.0402
[INFO] [1778160166.621058676] [aic_model]: z_offset: 0.1928
[INFO] [1778160166.622275957] [aic_model]: pfrac: 1.0 xy_error: 0.00348 0.000152   integrators: 0.0494 , -0.0401
[INFO] [1778160166.671125373] [aic_model]: z_offset: 0.192
[INFO] [1778160166.672349006] [aic_model]: pfrac: 1.0 xy_error: 0.00245 0.000677   integrators: 0.0518 , -0.0394
[INFO] [1778160166.721219782] [aic_model]: z_offset: 0.1912
[INFO] [1778160166.722789362] [aic_model]: pfrac: 1.0 xy_error: 0.00143 0.00118   integrators: 0.0533 , -0.0382
[INFO] [1778160166.773040695] [aic_model]: z_offset: 0.1904
[INFO] [1778160166.774202481] [aic_model]: pfrac: 1.0 xy_error: 0.000391 0.00169   integrators: 0.0537 , -0.0365
[INFO] [1778160166.823101340] [aic_model]: z_offset: 0.1896
[INFO] [1778160166.824299244] [aic_model]: pfrac: 1.0 xy_error: -0.000604 0.00212   integrators: 0.0531 , -0.0344
[INFO] [1778160166.873039116] [aic_model]: z_offset: 0.1888
[INFO] [1778160166.874211522] [aic_model]: pfrac: 1.0 xy_error: -0.00152 0.00252   integrators: 0.0515 , -0.0319
[INFO] [1778160166.923024170] [aic_model]: z_offset: 0.188
[INFO] [1778160166.924182920] [aic_model]: pfrac: 1.0 xy_error: -0.0024 0.00287   integrators: 0.0491 , -0.029
[INFO] [1778160166.974128660] [aic_model]: z_offset: 0.1872
[INFO] [1778160166.974516778] [aic_model]: pfrac: 1.0 xy_error: -0.00324 0.00319   integrators: 0.0459 , -0.0258
[INFO] [1778160167.023159026] [aic_model]: z_offset: 0.1864
[INFO] [1778160167.024443572] [aic_model]: pfrac: 1.0 xy_error: -0.00392 0.00345   integrators: 0.042 , -0.0224
[INFO] [1778160167.073046196] [aic_model]: z_offset: 0.1856
[INFO] [1778160167.074267895] [aic_model]: pfrac: 1.0 xy_error: -0.00457 0.00366   integrators: 0.0374 , -0.0187
[INFO] [1778160167.123066065] [aic_model]: z_offset: 0.1848
[INFO] [1778160167.124317870] [aic_model]: pfrac: 1.0 xy_error: -0.00513 0.0038   integrators: 0.0323 , -0.0149
[INFO] [1778160167.173042673] [aic_model]: z_offset: 0.184
[INFO] [1778160167.174215169] [aic_model]: pfrac: 1.0 xy_error: -0.0056 0.00391   integrators: 0.0267 , -0.011
[INFO] [1778160167.219604864] [aic_model]: insert_cable execute loop
[INFO] [1778160167.222964257] [aic_model]: z_offset: 0.1832
[INFO] [1778160167.224102189] [aic_model]: pfrac: 1.0 xy_error: -0.00594 0.00396   integrators: 0.0207 , -0.00707
[INFO] [1778160167.273054919] [aic_model]: z_offset: 0.1824
[INFO] [1778160167.274293088] [aic_model]: pfrac: 1.0 xy_error: -0.00619 0.00396   integrators: 0.0146 , -0.00311
[INFO] [1778160167.323022420] [aic_model]: z_offset: 0.1816
[INFO] [1778160167.324187692] [aic_model]: pfrac: 1.0 xy_error: -0.00633 0.00389   integrators: 0.00823 , 0.000777
[INFO] [1778160167.373035255] [aic_model]: z_offset: 0.1808
[INFO] [1778160167.374269838] [aic_model]: pfrac: 1.0 xy_error: -0.00638 0.00375   integrators: 0.00184 , 0.00453
[INFO] [1778160167.423143009] [aic_model]: z_offset: 0.18
[INFO] [1778160167.424307791] [aic_model]: pfrac: 1.0 xy_error: -0.00632 0.00359   integrators: -0.00448 , 0.00812
[INFO] [1778160167.473130837] [aic_model]: z_offset: 0.1792
[INFO] [1778160167.474278808] [aic_model]: pfrac: 1.0 xy_error: -0.00617 0.00337   integrators: -0.0107 , 0.0115
[INFO] [1778160167.523086987] [aic_model]: z_offset: 0.1784
[INFO] [1778160167.524319125] [aic_model]: pfrac: 1.0 xy_error: -0.00593 0.00314   integrators: -0.0166 , 0.0146
[INFO] [1778160167.573051332] [aic_model]: z_offset: 0.1776
[INFO] [1778160167.574282618] [aic_model]: pfrac: 1.0 xy_error: -0.00559 0.00287   integrators: -0.0222 , 0.0175
[INFO] [1778160167.623054299] [aic_model]: z_offset: 0.1768
[INFO] [1778160167.624285415] [aic_model]: pfrac: 1.0 xy_error: -0.00517 0.00256   integrators: -0.0273 , 0.0201
[INFO] [1778160167.673175367] [aic_model]: z_offset: 0.176
[INFO] [1778160167.674575891] [aic_model]: pfrac: 1.0 xy_error: -0.00469 0.00223   integrators: -0.032 , 0.0223
[INFO] [1778160167.723188544] [aic_model]: z_offset: 0.1752
[INFO] [1778160167.724494710] [aic_model]: pfrac: 1.0 xy_error: -0.00413 0.00185   integrators: -0.0362 , 0.0241
[INFO] [1778160167.773142188] [aic_model]: z_offset: 0.1744
[INFO] [1778160167.774325765] [aic_model]: pfrac: 1.0 xy_error: -0.00353 0.00146   integrators: -0.0397 , 0.0256
[INFO] [1778160167.823083129] [aic_model]: z_offset: 0.1736
[INFO] [1778160167.824306321] [aic_model]: pfrac: 1.0 xy_error: -0.00292 0.00104   integrators: -0.0426 , 0.0266
[INFO] [1778160167.873089854] [aic_model]: z_offset: 0.1728
[INFO] [1778160167.874271277] [aic_model]: pfrac: 1.0 xy_error: -0.00228 0.000617   integrators: -0.0449 , 0.0273
[INFO] [1778160167.923048788] [aic_model]: z_offset: 0.172
[INFO] [1778160167.924272841] [aic_model]: pfrac: 1.0 xy_error: -0.00163 0.000192   integrators: -0.0465 , 0.0275
[INFO] [1778160167.973032389] [aic_model]: z_offset: 0.1712
[INFO] [1778160167.974268946] [aic_model]: pfrac: 1.0 xy_error: -0.000961 -0.000193   integrators: -0.0475 , 0.0273
[INFO] [1778160168.023085701] [aic_model]: z_offset: 0.1704
[INFO] [1778160168.024317708] [aic_model]: pfrac: 1.0 xy_error: -0.000289 -0.000557   integrators: -0.0478 , 0.0267
[INFO] [1778160168.073129284] [aic_model]: z_offset: 0.1696
[INFO] [1778160168.074318902] [aic_model]: pfrac: 1.0 xy_error: 0.00038 -0.000912   integrators: -0.0474 , 0.0258
[INFO] [1778160168.124287484] [aic_model]: z_offset: 0.1688
[INFO] [1778160168.124919779] [aic_model]: pfrac: 1.0 xy_error: 0.00107 -0.00124   integrators: -0.0463 , 0.0246
[INFO] [1778160168.175036749] [aic_model]: z_offset: 0.168
[INFO] [1778160168.175884898] [aic_model]: pfrac: 1.0 xy_error: 0.00168 -0.00153   integrators: -0.0447 , 0.023
[INFO] [1778160168.220333791] [aic_model]: insert_cable execute loop
[INFO] [1778160168.225746210] [aic_model]: z_offset: 0.1672
[INFO] [1778160168.226494491] [aic_model]: pfrac: 1.0 xy_error: 0.0023 -0.00184   integrators: -0.0424 , 0.0212
[INFO] [1778160168.275042623] [aic_model]: z_offset: 0.1664
[INFO] [1778160168.276260384] [aic_model]: pfrac: 1.0 xy_error: 0.00281 -0.00211   integrators: -0.0395 , 0.0191
[INFO] [1778160168.325050509] [aic_model]: z_offset: 0.1656
[INFO] [1778160168.326199061] [aic_model]: pfrac: 1.0 xy_error: 0.00326 -0.00236   integrators: -0.0363 , 0.0167
[INFO] [1778160168.374999615] [aic_model]: z_offset: 0.1648
[INFO] [1778160168.376194303] [aic_model]: pfrac: 1.0 xy_error: 0.00365 -0.00258   integrators: -0.0326 , 0.0141
[INFO] [1778160168.425042106] [aic_model]: z_offset: 0.164
[INFO] [1778160168.426212438] [aic_model]: pfrac: 1.0 xy_error: 0.00397 -0.00275   integrators: -0.0287 , 0.0114
[INFO] [1778160168.475041076] [aic_model]: z_offset: 0.1632
[INFO] [1778160168.476314100] [aic_model]: pfrac: 1.0 xy_error: 0.00422 -0.00288   integrators: -0.0245 , 0.0085
[INFO] [1778160168.525075892] [aic_model]: z_offset: 0.1624
[INFO] [1778160168.526299945] [aic_model]: pfrac: 1.0 xy_error: 0.00439 -0.00294   integrators: -0.0201 , 0.00556
[INFO] [1778160168.575063480] [aic_model]: z_offset: 0.1616
[INFO] [1778160168.576299806] [aic_model]: pfrac: 1.0 xy_error: 0.0045 -0.00296   integrators: -0.0156 , 0.0026
[INFO] [1778160168.625055717] [aic_model]: z_offset: 0.1608
[INFO] [1778160168.626295089] [aic_model]: pfrac: 1.0 xy_error: 0.00454 -0.00293   integrators: -0.011 , -0.000329
[INFO] [1778160168.675196442] [aic_model]: z_offset: 0.16
[INFO] [1778160168.676461913] [aic_model]: pfrac: 1.0 xy_error: 0.00453 -0.00288   integrators: -0.0065 , -0.00321
[INFO] [1778160168.725210490] [aic_model]: z_offset: 0.1592
[INFO] [1778160168.726925582] [aic_model]: pfrac: 1.0 xy_error: 0.00443 -0.00281   integrators: -0.00207 , -0.00602
[INFO] [1778160168.777203494] [aic_model]: z_offset: 0.1584
[INFO] [1778160168.778454017] [aic_model]: pfrac: 1.0 xy_error: 0.00425 -0.00268   integrators: 0.00219 , -0.0087
[INFO] [1778160168.827033057] [aic_model]: z_offset: 0.1576
[INFO] [1778160168.828185976] [aic_model]: pfrac: 1.0 xy_error: 0.00403 -0.00255   integrators: 0.00622 , -0.0113
[INFO] [1778160168.877049549] [aic_model]: z_offset: 0.1568
[INFO] [1778160168.878057667] [aic_model]: pfrac: 1.0 xy_error: 0.00374 -0.00238   integrators: 0.00996 , -0.0136
[INFO] [1778160168.927023632] [aic_model]: z_offset: 0.156
[INFO] [1778160168.927836194] [aic_model]: pfrac: 1.0 xy_error: 0.00342 -0.00217   integrators: 0.0134 , -0.0158
[INFO] [1778160168.977032299] [aic_model]: z_offset: 0.1552
[INFO] [1778160168.978179538] [aic_model]: pfrac: 1.0 xy_error: 0.00304 -0.0019   integrators: 0.0164 , -0.0177
[INFO] [1778160169.027054262] [aic_model]: z_offset: 0.1544
[INFO] [1778160169.028314663] [aic_model]: pfrac: 1.0 xy_error: 0.00267 -0.0016   integrators: 0.0191 , -0.0193
[INFO] [1778160169.077020820] [aic_model]: z_offset: 0.1536
[INFO] [1778160169.078230266] [aic_model]: pfrac: 1.0 xy_error: 0.00225 -0.00129   integrators: 0.0213 , -0.0206
[INFO] [1778160169.127070574] [aic_model]: z_offset: 0.1528
[INFO] [1778160169.128338389] [aic_model]: pfrac: 1.0 xy_error: 0.00181 -0.000982   integrators: 0.0231 , -0.0216
[INFO] [1778160169.177108707] [aic_model]: z_offset: 0.152
[INFO] [1778160169.178308715] [aic_model]: pfrac: 1.0 xy_error: 0.00137 -0.000654   integrators: 0.0245 , -0.0222
[INFO] [1778160169.220056528] [aic_model]: insert_cable execute loop
[INFO] [1778160169.226983423] [aic_model]: z_offset: 0.1512
[INFO] [1778160169.228136714] [aic_model]: pfrac: 1.0 xy_error: 0.000907 -0.000349   integrators: 0.0254 , -0.0226
[INFO] [1778160169.277032807] [aic_model]: z_offset: 0.1504
[INFO] [1778160169.278210944] [aic_model]: pfrac: 1.0 xy_error: 0.000472 -4.05e-05   integrators: 0.0259 , -0.0226
[INFO] [1778160169.327059969] [aic_model]: z_offset: 0.1496
[INFO] [1778160169.328238667] [aic_model]: pfrac: 1.0 xy_error: 5.25e-05 0.000254   integrators: 0.0259 , -0.0224
[INFO] [1778160169.377065390] [aic_model]: z_offset: 0.1488
[INFO] [1778160169.378262342] [aic_model]: pfrac: 1.0 xy_error: -0.000342 0.000547   integrators: 0.0256 , -0.0218
[INFO] [1778160169.427043590] [aic_model]: z_offset: 0.148
[INFO] [1778160169.428230574] [aic_model]: pfrac: 1.0 xy_error: -0.000716 0.000824   integrators: 0.0249 , -0.021
[INFO] [1778160169.477058039] [aic_model]: z_offset: 0.1472
[INFO] [1778160169.478289636] [aic_model]: pfrac: 1.0 xy_error: -0.00106 0.00109   integrators: 0.0238 , -0.0199
[INFO] [1778160169.527039064] [aic_model]: z_offset: 0.1464
[INFO] [1778160169.527437340] [aic_model]: pfrac: 1.0 xy_error: -0.00139 0.00133   integrators: 0.0224 , -0.0186
[INFO] [1778160169.577102174] [aic_model]: z_offset: 0.1456
[INFO] [1778160169.578370840] [aic_model]: pfrac: 1.0 xy_error: -0.0017 0.00153   integrators: 0.0207 , -0.017
[INFO] [1778160169.627082738] [aic_model]: z_offset: 0.1448
[INFO] [1778160169.628312051] [aic_model]: pfrac: 1.0 xy_error: -0.00199 0.0017   integrators: 0.0187 , -0.0153
[INFO] [1778160169.677110451] [aic_model]: z_offset: 0.144
[INFO] [1778160169.678428570] [aic_model]: pfrac: 1.0 xy_error: -0.00221 0.00181   integrators: 0.0165 , -0.0135
[INFO] [1778160169.727313883] [aic_model]: z_offset: 0.1432
[INFO] [1778160169.729075613] [aic_model]: pfrac: 1.0 xy_error: -0.00237 0.00192   integrators: 0.0142 , -0.0116
[INFO] [1778160169.779060877] [aic_model]: z_offset: 0.1424
[INFO] [1778160169.780281073] [aic_model]: pfrac: 1.0 xy_error: -0.00247 0.00199   integrators: 0.0117 , -0.00962
[INFO] [1778160169.829033216] [aic_model]: z_offset: 0.1416
[INFO] [1778160169.830295821] [aic_model]: pfrac: 1.0 xy_error: -0.00254 0.00204   integrators: 0.00915 , -0.00759
[INFO] [1778160169.879122815] [aic_model]: z_offset: 0.1408
[INFO] [1778160169.880392524] [aic_model]: pfrac: 1.0 xy_error: -0.00257 0.00205   integrators: 0.00658 , -0.00553
[INFO] [1778160169.929096687] [aic_model]: z_offset: 0.14
[INFO] [1778160169.930301885] [aic_model]: pfrac: 1.0 xy_error: -0.00255 0.00202   integrators: 0.00404 , -0.00351
[INFO] [1778160169.979065490] [aic_model]: z_offset: 0.1392
[INFO] [1778160169.979720347] [aic_model]: pfrac: 1.0 xy_error: -0.00249 0.00196   integrators: 0.00155 , -0.00155
[INFO] [1778160170.029048760] [aic_model]: z_offset: 0.1384
[INFO] [1778160170.029486680] [aic_model]: pfrac: 1.0 xy_error: -0.0024 0.00188   integrators: -0.000857 , 0.000334
[INFO] [1778160170.079062877] [aic_model]: z_offset: 0.1376
[INFO] [1778160170.080389462] [aic_model]: pfrac: 1.0 xy_error: -0.00228 0.00175   integrators: -0.00314 , 0.00208
[INFO] [1778160170.129135845] [aic_model]: z_offset: 0.1368
[INFO] [1778160170.130131700] [aic_model]: pfrac: 1.0 xy_error: -0.00212 0.00158   integrators: -0.00526 , 0.00367
[INFO] [1778160170.179036109] [aic_model]: z_offset: 0.136
[INFO] [1778160170.180262155] [aic_model]: pfrac: 1.0 xy_error: -0.00193 0.00141   integrators: -0.00719 , 0.00507
[INFO] [1778160170.219262622] [aic_model]: insert_cable execute loop
[INFO] [1778160170.228974263] [aic_model]: z_offset: 0.1352
[INFO] [1778160170.230169142] [aic_model]: pfrac: 1.0 xy_error: -0.00173 0.00121   integrators: -0.00891 , 0.00628
[INFO] [1778160170.279037322] [aic_model]: z_offset: 0.1344
[INFO] [1778160170.279997241] [aic_model]: pfrac: 1.0 xy_error: -0.00148 0.000989   integrators: -0.0104 , 0.00727
[INFO] [1778160170.329044898] [aic_model]: z_offset: 0.1336
[INFO] [1778160170.330245517] [aic_model]: pfrac: 1.0 xy_error: -0.00124 0.000752   integrators: -0.0116 , 0.00802
[INFO] [1778160170.379073993] [aic_model]: z_offset: 0.1328
[INFO] [1778160170.380156531] [aic_model]: pfrac: 1.0 xy_error: -0.000974 0.000504   integrators: -0.0126 , 0.00853
[INFO] [1778160170.429091446] [aic_model]: z_offset: 0.132
[INFO] [1778160170.429596943] [aic_model]: pfrac: 1.0 xy_error: -0.000689 0.00028   integrators: -0.0133 , 0.00881
[INFO] [1778160170.479086258] [aic_model]: z_offset: 0.1312
[INFO] [1778160170.480276227] [aic_model]: pfrac: 1.0 xy_error: -0.000403 0.000102   integrators: -0.0137 , 0.00891
[INFO] [1778160170.529046714] [aic_model]: z_offset: 0.1304
[INFO] [1778160170.529832556] [aic_model]: pfrac: 1.0 xy_error: -0.000119 -7.73e-05   integrators: -0.0138 , 0.00883
[INFO] [1778160170.579036226] [aic_model]: z_offset: 0.1296
[INFO] [1778160170.579430514] [aic_model]: pfrac: 1.0 xy_error: 0.000154 -0.000262   integrators: -0.0137 , 0.00857
[INFO] [1778160170.629067775] [aic_model]: z_offset: 0.1288
[INFO] [1778160170.630271060] [aic_model]: pfrac: 1.0 xy_error: 0.000417 -0.000447   integrators: -0.0133 , 0.00812
[INFO] [1778160170.679111318] [aic_model]: z_offset: 0.128
[INFO] [1778160170.680391646] [aic_model]: pfrac: 1.0 xy_error: 0.000681 -0.000589   integrators: -0.0126 , 0.00753
[INFO] [1778160170.729401913] [aic_model]: z_offset: 0.1272
[INFO] [1778160170.730982033] [aic_model]: pfrac: 1.0 xy_error: 0.000922 -0.000741   integrators: -0.0116 , 0.00679
[INFO] [1778160170.781047567] [aic_model]: z_offset: 0.1264
[INFO] [1778160170.782237856] [aic_model]: pfrac: 1.0 xy_error: 0.00114 -0.000894   integrators: -0.0105 , 0.0059
[INFO] [1778160170.831025566] [aic_model]: z_offset: 0.1256
[INFO] [1778160170.832368762] [aic_model]: pfrac: 1.0 xy_error: 0.00133 -0.00104   integrators: -0.00918 , 0.00486
[INFO] [1778160170.881096230] [aic_model]: z_offset: 0.1248
[INFO] [1778160170.882285848] [aic_model]: pfrac: 1.0 xy_error: 0.00148 -0.00114   integrators: -0.00769 , 0.00371
[INFO] [1778160170.931033162] [aic_model]: z_offset: 0.124
[INFO] [1778160170.932276121] [aic_model]: pfrac: 1.0 xy_error: 0.00163 -0.00121   integrators: -0.00606 , 0.0025
[INFO] [1778160170.981044124] [aic_model]: z_offset: 0.1232
[INFO] [1778160170.982267475] [aic_model]: pfrac: 1.0 xy_error: 0.00172 -0.00126   integrators: -0.00434 , 0.00124
[INFO] [1778160171.031045076] [aic_model]: z_offset: 0.1224
[INFO] [1778160171.032245425] [aic_model]: pfrac: 1.0 xy_error: 0.00181 -0.00129   integrators: -0.00253 , -5e-05
[INFO] [1778160171.081192433] [aic_model]: z_offset: 0.1216
[INFO] [1778160171.082403662] [aic_model]: pfrac: 1.0 xy_error: 0.00186 -0.0013   integrators: -0.000671 , -0.00135
[INFO] [1778160171.131042002] [aic_model]: z_offset: 0.1208
[INFO] [1778160171.132246277] [aic_model]: pfrac: 1.0 xy_error: 0.0019 -0.00128   integrators: 0.00123 , -0.00262
[INFO] [1778160171.181027505] [aic_model]: z_offset: 0.12
[INFO] [1778160171.182166208] [aic_model]: pfrac: 1.0 xy_error: 0.00191 -0.00124   integrators: 0.00314 , -0.00387
[INFO] [1778160171.219699776] [aic_model]: insert_cable execute loop
[INFO] [1778160171.230976700] [aic_model]: z_offset: 0.1192
[INFO] [1778160171.232200733] [aic_model]: pfrac: 1.0 xy_error: 0.00188 -0.0012   integrators: 0.00502 , -0.00506
[INFO] [1778160171.281137152] [aic_model]: z_offset: 0.1184
[INFO] [1778160171.282387885] [aic_model]: pfrac: 1.0 xy_error: 0.0018 -0.00114   integrators: 0.00682 , -0.0062
[INFO] [1778160171.331019251] [aic_model]: z_offset: 0.1176
[INFO] [1778160171.332258382] [aic_model]: pfrac: 1.0 xy_error: 0.00173 -0.00108   integrators: 0.00855 , -0.00728
[INFO] [1778160171.381044269] [aic_model]: z_offset: 0.1168
[INFO] [1778160171.382138619] [aic_model]: pfrac: 1.0 xy_error: 0.00161 -0.00102   integrators: 0.0102 , -0.0083
[INFO] [1778160171.431080658] [aic_model]: z_offset: 0.116
[INFO] [1778160171.432390501] [aic_model]: pfrac: 1.0 xy_error: 0.00148 -0.000935   integrators: 0.0116 , -0.00924
[INFO] [1778160171.481027489] [aic_model]: z_offset: 0.1152
[INFO] [1778160171.482221104] [aic_model]: pfrac: 1.0 xy_error: 0.00133 -0.00082   integrators: 0.013 , -0.0101
[INFO] [1778160171.531015647] [aic_model]: z_offset: 0.1144
[INFO] [1778160171.532213882] [aic_model]: pfrac: 1.0 xy_error: 0.00118 -0.00073   integrators: 0.0142 , -0.0108
[INFO] [1778160171.581188772] [aic_model]: z_offset: 0.1136
[INFO] [1778160171.582468970] [aic_model]: pfrac: 1.0 xy_error: 0.00101 -0.000634   integrators: 0.0152 , -0.0114
[INFO] [1778160171.631047368] [aic_model]: z_offset: 0.1128
[INFO] [1778160171.632158218] [aic_model]: pfrac: 1.0 xy_error: 0.000816 -0.000529   integrators: 0.016 , -0.012
[INFO] [1778160171.681227185] [aic_model]: z_offset: 0.112
[INFO] [1778160171.682990959] [aic_model]: pfrac: 1.0 xy_error: 0.000622 -0.000405   integrators: 0.0166 , -0.0124
[INFO] [1778160171.733134619] [aic_model]: z_offset: 0.1112
[INFO] [1778160171.734656970] [aic_model]: pfrac: 1.0 xy_error: 0.000432 -0.000267   integrators: 0.017 , -0.0126
[INFO] [1778160171.783080498] [aic_model]: z_offset: 0.1104
[INFO] [1778160171.784306324] [aic_model]: pfrac: 1.0 xy_error: 0.000286 -0.000136   integrators: 0.0173 , -0.0128
[INFO] [1778160171.833107148] [aic_model]: z_offset: 0.1096
[INFO] [1778160171.833785840] [aic_model]: pfrac: 1.0 xy_error: 0.000146 -9.54e-06   integrators: 0.0175 , -0.0128
[INFO] [1778160171.883102280] [aic_model]: z_offset: 0.1088
[INFO] [1778160171.884317837] [aic_model]: pfrac: 1.0 xy_error: 2.27e-05 9.59e-05   integrators: 0.0175 , -0.0127
[INFO] [1778160171.933060693] [aic_model]: z_offset: 0.108
[INFO] [1778160171.934317307] [aic_model]: pfrac: 1.0 xy_error: -0.000125 0.000206   integrators: 0.0174 , -0.0125
[INFO] [1778160171.983169998] [aic_model]: z_offset: 0.1072
[INFO] [1778160171.984421061] [aic_model]: pfrac: 1.0 xy_error: -0.000242 0.000302   integrators: 0.0171 , -0.0122
[INFO] [1778160172.033036879] [aic_model]: z_offset: 0.1064
[INFO] [1778160172.034289155] [aic_model]: pfrac: 1.0 xy_error: -0.000355 0.000385   integrators: 0.0168 , -0.0118
[INFO] [1778160172.083001132] [aic_model]: z_offset: 0.1056
[INFO] [1778160172.084224334] [aic_model]: pfrac: 1.0 xy_error: -0.000465 0.000453   integrators: 0.0163 , -0.0113
[INFO] [1778160172.133164729] [aic_model]: z_offset: 0.1048
[INFO] [1778160172.134419119] [aic_model]: pfrac: 1.0 xy_error: -0.000574 0.000511   integrators: 0.0157 , -0.0108
[INFO] [1778160172.183026942] [aic_model]: z_offset: 0.104
[INFO] [1778160172.184164502] [aic_model]: pfrac: 1.0 xy_error: -0.000701 0.00055   integrators: 0.015 , -0.0103
[INFO] [1778160172.220147336] [aic_model]: insert_cable execute loop
[INFO] [1778160172.233067338] [aic_model]: z_offset: 0.1032
[INFO] [1778160172.233853170] [aic_model]: pfrac: 1.0 xy_error: -0.000794 0.000574   integrators: 0.0142 , -0.00969
[INFO] [1778160172.283115558] [aic_model]: z_offset: 0.1024
[INFO] [1778160172.284288074] [aic_model]: pfrac: 1.0 xy_error: -0.000858 0.000608   integrators: 0.0134 , -0.00908
[INFO] [1778160172.333041339] [aic_model]: z_offset: 0.1016
[INFO] [1778160172.333840577] [aic_model]: pfrac: 1.0 xy_error: -0.0009 0.000619   integrators: 0.0125 , -0.00847
[INFO] [1778160172.383014500] [aic_model]: z_offset: 0.1008
[INFO] [1778160172.384181556] [aic_model]: pfrac: 1.0 xy_error: -0.000907 0.000642   integrators: 0.0116 , -0.00782
[INFO] [1778160172.433013358] [aic_model]: z_offset: 0.1
[INFO] [1778160172.434254212] [aic_model]: pfrac: 1.0 xy_error: -0.000908 0.000666   integrators: 0.0107 , -0.00716
[INFO] [1778160172.483029188] [aic_model]: z_offset: 0.0992
[INFO] [1778160172.483649209] [aic_model]: pfrac: 1.0 xy_error: -0.000896 0.000685   integrators: 0.00976 , -0.00647
[INFO] [1778160172.533061218] [aic_model]: z_offset: 0.0984
[INFO] [1778160172.534282786] [aic_model]: pfrac: 1.0 xy_error: -0.000876 0.000671   integrators: 0.00889 , -0.0058
[INFO] [1778160172.583004723] [aic_model]: z_offset: 0.0976
[INFO] [1778160172.584181567] [aic_model]: pfrac: 1.0 xy_error: -0.000855 0.000652   integrators: 0.00803 , -0.00515
[INFO] [1778160172.633073692] [aic_model]: z_offset: 0.0968
[INFO] [1778160172.633486004] [aic_model]: pfrac: 1.0 xy_error: -0.00082 0.000643   integrators: 0.00721 , -0.00451
[INFO] [1778160172.683063614] [aic_model]: z_offset: 0.096
[INFO] [1778160172.684495185] [aic_model]: pfrac: 1.0 xy_error: -0.000779 0.000606   integrators: 0.00643 , -0.0039
[INFO] [1778160172.733102437] [aic_model]: z_offset: 0.0952
[INFO] [1778160172.734423141] [aic_model]: pfrac: 1.0 xy_error: -0.000722 0.00054   integrators: 0.00571 , -0.00336
[INFO] [1778160172.783030602] [aic_model]: z_offset: 0.0944
[INFO] [1778160172.784206245] [aic_model]: pfrac: 1.0 xy_error: -0.000639 0.000466   integrators: 0.00507 , -0.00289
[INFO] [1778160172.832999755] [aic_model]: z_offset: 0.0936
[INFO] [1778160172.833723601] [aic_model]: pfrac: 1.0 xy_error: -0.000539 0.000373   integrators: 0.00453 , -0.00252
[INFO] [1778160172.883034380] [aic_model]: z_offset: 0.0928
[INFO] [1778160172.884311663] [aic_model]: pfrac: 1.0 xy_error: -0.000469 0.000298   integrators: 0.00407 , -0.00222
[INFO] [1778160172.933052895] [aic_model]: z_offset: 0.092
[INFO] [1778160172.934216615] [aic_model]: pfrac: 1.0 xy_error: -0.000386 0.000213   integrators: 0.00368 , -0.00201
[INFO] [1778160172.983009955] [aic_model]: z_offset: 0.0912
[INFO] [1778160172.984149610] [aic_model]: pfrac: 1.0 xy_error: -0.000275 0.00012   integrators: 0.0034 , -0.00189
[INFO] [1778160173.033054940] [aic_model]: z_offset: 0.0904
[INFO] [1778160173.034273923] [aic_model]: pfrac: 1.0 xy_error: -0.000174 4.95e-06   integrators: 0.00323 , -0.00189
[INFO] [1778160173.083064247] [aic_model]: z_offset: 0.0896
[INFO] [1778160173.084443521] [aic_model]: pfrac: 1.0 xy_error: -7.55e-05 -0.000112   integrators: 0.00315 , -0.002
[INFO] [1778160173.133100135] [aic_model]: z_offset: 0.0888
[INFO] [1778160173.134324568] [aic_model]: pfrac: 1.0 xy_error: 2.18e-05 -0.000207   integrators: 0.00318 , -0.0022
[INFO] [1778160173.183072733] [aic_model]: z_offset: 0.088
[INFO] [1778160173.184206066] [aic_model]: pfrac: 1.0 xy_error: 9.37e-05 -0.000291   integrators: 0.00327 , -0.0025
[INFO] [1778160173.219241665] [aic_model]: insert_cable execute loop
[INFO] [1778160173.233065390] [aic_model]: z_offset: 0.0872
[INFO] [1778160173.234132418] [aic_model]: pfrac: 1.0 xy_error: 0.000164 -0.000368   integrators: 0.00343 , -0.00286
[INFO] [1778160173.283067614] [aic_model]: z_offset: 0.0864
[INFO] [1778160173.284295554] [aic_model]: pfrac: 1.0 xy_error: 0.000244 -0.000428   integrators: 0.00368 , -0.00329
[INFO] [1778160173.333022349] [aic_model]: z_offset: 0.0856
[INFO] [1778160173.333734343] [aic_model]: pfrac: 1.0 xy_error: 0.000313 -0.000467   integrators: 0.00399 , -0.00376
[INFO] [1778160173.383626130] [aic_model]: z_offset: 0.0848
[INFO] [1778160173.384424015] [aic_model]: pfrac: 1.0 xy_error: 0.000393 -0.000472   integrators: 0.00438 , -0.00423
[INFO] [1778160173.433194362] [aic_model]: z_offset: 0.084
[INFO] [1778160173.434413736] [aic_model]: pfrac: 1.0 xy_error: 0.00046 -0.000463   integrators: 0.00484 , -0.00469
[INFO] [1778160173.483026928] [aic_model]: z_offset: 0.0832
[INFO] [1778160173.484257183] [aic_model]: pfrac: 1.0 xy_error: 0.00052 -0.000484   integrators: 0.00536 , -0.00518
[INFO] [1778160173.533140802] [aic_model]: z_offset: 0.0824
[INFO] [1778160173.534402735] [aic_model]: pfrac: 1.0 xy_error: 0.000593 -0.000514   integrators: 0.00596 , -0.00569
[INFO] [1778160173.583052606] [aic_model]: z_offset: 0.0816
[INFO] [1778160173.583998428] [aic_model]: pfrac: 1.0 xy_error: 0.000625 -0.000526   integrators: 0.00658 , -0.00622
[INFO] [1778160173.633039352] [aic_model]: z_offset: 0.0808
[INFO] [1778160173.633422660] [aic_model]: pfrac: 1.0 xy_error: 0.000677 -0.00053   integrators: 0.00726 , -0.00675
[INFO] [1778160173.683164616] [aic_model]: z_offset: 0.08
[INFO] [1778160173.683558144] [aic_model]: pfrac: 1.0 xy_error: 0.00071 -0.000509   integrators: 0.00797 , -0.00726
[INFO] [1778160173.733154297] [aic_model]: z_offset: 0.0792
[INFO] [1778160173.733565417] [aic_model]: pfrac: 1.0 xy_error: 0.000762 -0.000483   integrators: 0.00873 , -0.00774
[INFO] [1778160173.783056664] [aic_model]: z_offset: 0.0784
[INFO] [1778160173.784244029] [aic_model]: pfrac: 1.0 xy_error: 0.000784 -0.000448   integrators: 0.00951 , -0.00819
[INFO] [1778160173.833115865] [aic_model]: z_offset: 0.0776
[INFO] [1778160173.834363923] [aic_model]: pfrac: 1.0 xy_error: 0.000796 -0.000427   integrators: 0.0103 , -0.00861
[INFO] [1778160173.883038891] [aic_model]: z_offset: 0.0768
[INFO] [1778160173.883440173] [aic_model]: pfrac: 1.0 xy_error: 0.000783 -0.000397   integrators: 0.0111 , -0.00901
[INFO] [1778160173.933016850] [aic_model]: z_offset: 0.076
[INFO] [1778160173.934246944] [aic_model]: pfrac: 1.0 xy_error: 0.000782 -0.000344   integrators: 0.0119 , -0.00936
[INFO] [1778160173.983069559] [aic_model]: z_offset: 0.0752
[INFO] [1778160173.984337224] [aic_model]: pfrac: 1.0 xy_error: 0.000749 -0.000314   integrators: 0.0126 , -0.00967
[INFO] [1778160174.033025927] [aic_model]: z_offset: 0.0744
[INFO] [1778160174.034266872] [aic_model]: pfrac: 1.0 xy_error: 0.000707 -0.000289   integrators: 0.0133 , -0.00996
[INFO] [1778160174.083074127] [aic_model]: z_offset: 0.0736
[INFO] [1778160174.084226436] [aic_model]: pfrac: 1.0 xy_error: 0.000657 -0.000242   integrators: 0.014 , -0.0102
[INFO] [1778160174.133092532] [aic_model]: z_offset: 0.0728
[INFO] [1778160174.134225634] [aic_model]: pfrac: 1.0 xy_error: 0.000624 -0.000193   integrators: 0.0146 , -0.0104
[INFO] [1778160174.183037649] [aic_model]: z_offset: 0.072
[INFO] [1778160174.183658792] [aic_model]: pfrac: 1.0 xy_error: 0.000587 -0.000135   integrators: 0.0152 , -0.0105
[INFO] [1778160174.219616087] [aic_model]: insert_cable execute loop
[INFO] [1778160174.232994848] [aic_model]: z_offset: 0.0712
[INFO] [1778160174.234134343] [aic_model]: pfrac: 1.0 xy_error: 0.000537 -8.58e-05   integrators: 0.0157 , -0.0106
[INFO] [1778160174.283144168] [aic_model]: z_offset: 0.0704
[INFO] [1778160174.284333476] [aic_model]: pfrac: 1.0 xy_error: 0.000447 -3.71e-05   integrators: 0.0162 , -0.0107
[INFO] [1778160174.333025556] [aic_model]: z_offset: 0.0696
[INFO] [1778160174.334202099] [aic_model]: pfrac: 1.0 xy_error: 0.000382 -7.84e-06   integrators: 0.0166 , -0.0107
[INFO] [1778160174.383012301] [aic_model]: z_offset: 0.0688
[INFO] [1778160174.384244088] [aic_model]: pfrac: 1.0 xy_error: 0.000297 1.76e-05   integrators: 0.0169 , -0.0106
[INFO] [1778160174.433033660] [aic_model]: z_offset: 0.068
[INFO] [1778160174.434206157] [aic_model]: pfrac: 1.0 xy_error: 0.000218 5.73e-05   integrators: 0.0171 , -0.0106
[INFO] [1778160174.483010888] [aic_model]: z_offset: 0.0672
[INFO] [1778160174.484132949] [aic_model]: pfrac: 1.0 xy_error: 0.000178 0.000106   integrators: 0.0173 , -0.0105
[INFO] [1778160174.533031696] [aic_model]: z_offset: 0.0664
[INFO] [1778160174.533631981] [aic_model]: pfrac: 1.0 xy_error: 0.000125 0.000179   integrators: 0.0174 , -0.0103
[INFO] [1778160174.583059148] [aic_model]: z_offset: 0.0656
[INFO] [1778160174.584256420] [aic_model]: pfrac: 1.0 xy_error: 7.14e-05 0.000238   integrators: 0.0175 , -0.0101
[INFO] [1778160174.633057244] [aic_model]: z_offset: 0.0648
[INFO] [1778160174.634155511] [aic_model]: pfrac: 1.0 xy_error: 2.31e-05 0.000304   integrators: 0.0175 , -0.00976
[INFO] [1778160174.683132174] [aic_model]: z_offset: 0.064
[INFO] [1778160174.683563622] [aic_model]: pfrac: 1.0 xy_error: -1.71e-05 0.000361   integrators: 0.0175 , -0.0094
[INFO] [1778160174.733154786] [aic_model]: z_offset: 0.0632
[INFO] [1778160174.734783868] [aic_model]: pfrac: 1.0 xy_error: -6.24e-05 0.000405   integrators: 0.0174 , -0.00899
[INFO] [1778160174.785007827] [aic_model]: z_offset: 0.0624
[INFO] [1778160174.786174843] [aic_model]: pfrac: 1.0 xy_error: -9.83e-05 0.000431   integrators: 0.0173 , -0.00856
[INFO] [1778160174.835029007] [aic_model]: z_offset: 0.0616
[INFO] [1778160174.836344110] [aic_model]: pfrac: 1.0 xy_error: -0.000142 0.000449   integrators: 0.0172 , -0.00811
[INFO] [1778160174.885014089] [aic_model]: z_offset: 0.0608
[INFO] [1778160174.885416883] [aic_model]: pfrac: 1.0 xy_error: -0.000167 0.00045   integrators: 0.017 , -0.00766
[INFO] [1778160174.935089861] [aic_model]: z_offset: 0.06
[INFO] [1778160174.936292403] [aic_model]: pfrac: 1.0 xy_error: -0.000178 0.000448   integrators: 0.0168 , -0.00721
[INFO] [1778160174.985066056] [aic_model]: z_offset: 0.0592
[INFO] [1778160174.986303193] [aic_model]: pfrac: 1.0 xy_error: -0.000212 0.000471   integrators: 0.0166 , -0.00674
[INFO] [1778160175.035142098] [aic_model]: z_offset: 0.0584
[INFO] [1778160175.035764965] [aic_model]: pfrac: 1.0 xy_error: -0.000231 0.000457   integrators: 0.0164 , -0.00628
[INFO] [1778160175.085084600] [aic_model]: z_offset: 0.0576
[INFO] [1778160175.086073542] [aic_model]: pfrac: 1.0 xy_error: -0.000248 0.000413   integrators: 0.0161 , -0.00587
[INFO] [1778160175.135036980] [aic_model]: z_offset: 0.0568
[INFO] [1778160175.135409608] [aic_model]: pfrac: 1.0 xy_error: -0.000272 0.00036   integrators: 0.0158 , -0.00551
[INFO] [1778160175.185037731] [aic_model]: z_offset: 0.056
[INFO] [1778160175.186147069] [aic_model]: pfrac: 1.0 xy_error: -0.000299 0.000283   integrators: 0.0156 , -0.00523
[INFO] [1778160175.219247102] [aic_model]: insert_cable execute loop
[INFO] [1778160175.235025498] [aic_model]: z_offset: 0.0552
[INFO] [1778160175.235495659] [aic_model]: pfrac: 1.0 xy_error: -0.000275 0.00021   integrators: 0.0153 , -0.00502
[INFO] [1778160175.285103423] [aic_model]: z_offset: 0.0544
[INFO] [1778160175.286154522] [aic_model]: pfrac: 1.0 xy_error: -0.000254 0.000143   integrators: 0.015 , -0.00488
[INFO] [1778160175.335019586] [aic_model]: z_offset: 0.0536
[INFO] [1778160175.336220536] [aic_model]: pfrac: 1.0 xy_error: -0.000223 8.31e-05   integrators: 0.0148 , -0.00479
[INFO] [1778160175.385049452] [aic_model]: z_offset: 0.0528
[INFO] [1778160175.385432850] [aic_model]: pfrac: 1.0 xy_error: -0.0002 2.83e-05   integrators: 0.0146 , -0.00476
[INFO] [1778160175.435047057] [aic_model]: z_offset: 0.052
[INFO] [1778160175.435533488] [aic_model]: pfrac: 1.0 xy_error: -0.000179 -2.64e-05   integrators: 0.0144 , -0.00479
[INFO] [1778160175.485080298] [aic_model]: z_offset: 0.0512
[INFO] [1778160175.485768718] [aic_model]: pfrac: 1.0 xy_error: -0.00015 -6.62e-05   integrators: 0.0143 , -0.00486
[INFO] [1778160175.535148716] [aic_model]: z_offset: 0.0504
[INFO] [1778160175.535859087] [aic_model]: pfrac: 1.0 xy_error: -9.56e-05 -9.82e-05   integrators: 0.0142 , -0.00495
[INFO] [1778160175.585019253] [aic_model]: z_offset: 0.0496
[INFO] [1778160175.586349696] [aic_model]: pfrac: 1.0 xy_error: -6.71e-05 -0.000152   integrators: 0.0141 , -0.00511
[INFO] [1778160175.635040924] [aic_model]: z_offset: 0.0488
[INFO] [1778160175.636248826] [aic_model]: pfrac: 1.0 xy_error: -2.09e-05 -0.000177   integrators: 0.0141 , -0.00528
[INFO] [1778160175.685257178] [aic_model]: z_offset: 0.048
[INFO] [1778160175.687003289] [aic_model]: pfrac: 1.0 xy_error: 1.83e-05 -0.000218   integrators: 0.0141 , -0.0055
[INFO] [1778160175.737226547] [aic_model]: z_offset: 0.0472
[INFO] [1778160175.738980392] [aic_model]: pfrac: 1.0 xy_error: 7.31e-05 -0.000226   integrators: 0.0142 , -0.00573
[INFO] [1778160175.789124221] [aic_model]: z_offset: 0.0464
[INFO] [1778160175.790460965] [aic_model]: pfrac: 1.0 xy_error: 0.000103 -0.000257   integrators: 0.0143 , -0.00598
[INFO] [1778160175.839174976] [aic_model]: z_offset: 0.0456
[INFO] [1778160175.840473338] [aic_model]: pfrac: 1.0 xy_error: 0.000128 -0.000283   integrators: 0.0144 , -0.00627
[INFO] [1778160175.889145550] [aic_model]: z_offset: 0.0448
[INFO] [1778160175.890308399] [aic_model]: pfrac: 1.0 xy_error: 0.000158 -0.0003   integrators: 0.0146 , -0.00657
[INFO] [1778160175.939243894] [aic_model]: z_offset: 0.044
[INFO] [1778160175.940431910] [aic_model]: pfrac: 1.0 xy_error: 0.000196 -0.000312   integrators: 0.0148 , -0.00688
[INFO] [1778160175.989087681] [aic_model]: z_offset: 0.0432
[INFO] [1778160175.990341951] [aic_model]: pfrac: 1.0 xy_error: 0.000225 -0.00031   integrators: 0.015 , -0.00719
[INFO] [1778160176.039135480] [aic_model]: z_offset: 0.0424
[INFO] [1778160176.040410328] [aic_model]: pfrac: 1.0 xy_error: 0.000267 -0.000273   integrators: 0.0153 , -0.00746
[INFO] [1778160176.089074846] [aic_model]: z_offset: 0.0416
[INFO] [1778160176.090128680] [aic_model]: pfrac: 1.0 xy_error: 0.000273 -0.000224   integrators: 0.0155 , -0.00769
[INFO] [1778160176.139155616] [aic_model]: z_offset: 0.0408
[INFO] [1778160176.140340937] [aic_model]: pfrac: 1.0 xy_error: 0.000284 -0.000181   integrators: 0.0158 , -0.00787
[INFO] [1778160176.189161016] [aic_model]: z_offset: 0.04
[INFO] [1778160176.189569741] [aic_model]: pfrac: 1.0 xy_error: 0.000276 -0.000125   integrators: 0.0161 , -0.00799
[INFO] [1778160176.219406311] [aic_model]: insert_cable execute loop
[INFO] [1778160176.239118616] [aic_model]: z_offset: 0.0392
[INFO] [1778160176.240121234] [aic_model]: pfrac: 1.0 xy_error: 0.000281 -0.000116   integrators: 0.0164 , -0.00811
[INFO] [1778160176.289333197] [aic_model]: z_offset: 0.0384
[INFO] [1778160176.291067145] [aic_model]: pfrac: 1.0 xy_error: 0.00028 -0.000116   integrators: 0.0166 , -0.00822
[INFO] [1778160176.341088595] [aic_model]: z_offset: 0.0376
[INFO] [1778160176.342373932] [aic_model]: pfrac: 1.0 xy_error: 0.00029 -7.87e-05   integrators: 0.0169 , -0.0083
[INFO] [1778160176.391080960] [aic_model]: z_offset: 0.0368
[INFO] [1778160176.392033223] [aic_model]: pfrac: 1.0 xy_error: 0.000259 -5.94e-05   integrators: 0.0172 , -0.00836
[INFO] [1778160176.441111586] [aic_model]: z_offset: 0.036
[INFO] [1778160176.441468625] [aic_model]: pfrac: 1.0 xy_error: 0.000247 -4.63e-05   integrators: 0.0174 , -0.00841
[INFO] [1778160176.491148685] [aic_model]: z_offset: 0.0352
[INFO] [1778160176.491515342] [aic_model]: pfrac: 1.0 xy_error: 0.000247 -4.63e-05   integrators: 0.0177 , -0.00845
[INFO] [1778160176.541257338] [aic_model]: z_offset: 0.0344
[INFO] [1778160176.541627622] [aic_model]: pfrac: 1.0 xy_error: 0.000247 -4.77e-05   integrators: 0.0179 , -0.0085
[INFO] [1778160176.593384532] [aic_model]: z_offset: 0.0336
[INFO] [1778160176.594472851] [aic_model]: pfrac: 1.0 xy_error: 0.000247 -4.91e-05   integrators: 0.0182 , -0.00855
[INFO] [1778160176.643149571] [aic_model]: z_offset: 0.0328
[INFO] [1778160176.643777898] [aic_model]: pfrac: 1.0 xy_error: 0.000248 -5.04e-05   integrators: 0.0184 , -0.0086
[INFO] [1778160176.693379962] [aic_model]: z_offset: 0.032
[INFO] [1778160176.693878326] [aic_model]: pfrac: 1.0 xy_error: 0.000248 -5.15e-05   integrators: 0.0187 , -0.00865
[INFO] [1778160176.743185928] [aic_model]: z_offset: 0.0312
[INFO] [1778160176.743737211] [aic_model]: pfrac: 1.0 xy_error: 0.000248 -5.24e-05   integrators: 0.0189 , -0.00871
[INFO] [1778160176.793090849] [aic_model]: z_offset: 0.0304
[INFO] [1778160176.793624479] [aic_model]: pfrac: 1.0 xy_error: 0.000248 -5.27e-05   integrators: 0.0192 , -0.00876
[INFO] [1778160176.843160489] [aic_model]: z_offset: 0.0296
[INFO] [1778160176.843713485] [aic_model]: pfrac: 1.0 xy_error: 0.000249 -5.28e-05   integrators: 0.0194 , -0.00881
[INFO] [1778160176.895127673] [aic_model]: z_offset: 0.0288
[INFO] [1778160176.896355153] [aic_model]: pfrac: 1.0 xy_error: 0.000249 -5.32e-05   integrators: 0.0197 , -0.00886
[INFO] [1778160176.945148592] [aic_model]: z_offset: 0.028
[INFO] [1778160176.946302634] [aic_model]: pfrac: 1.0 xy_error: 0.000247 -4.87e-05   integrators: 0.0199 , -0.00891
[INFO] [1778160176.995126931] [aic_model]: z_offset: 0.0272
[INFO] [1778160176.996141812] [aic_model]: pfrac: 1.0 xy_error: 0.000247 -4.79e-05   integrators: 0.0202 , -0.00896
[INFO] [1778160177.045559139] [aic_model]: z_offset: 0.0264
[INFO] [1778160177.047049661] [aic_model]: pfrac: 1.0 xy_error: 0.000246 -4.78e-05   integrators: 0.0204 , -0.00901
[INFO] [1778160177.097082292] [aic_model]: z_offset: 0.0256
[INFO] [1778160177.097504252] [aic_model]: pfrac: 1.0 xy_error: 0.000246 -4.78e-05   integrators: 0.0207 , -0.00906
[INFO] [1778160177.148214712] [aic_model]: z_offset: 0.0248
[INFO] [1778160177.149318520] [aic_model]: pfrac: 1.0 xy_error: 0.000246 -4.78e-05   integrators: 0.0209 , -0.0091
[INFO] [1778160177.199187383] [aic_model]: z_offset: 0.024
[INFO] [1778160177.200023830] [aic_model]: pfrac: 1.0 xy_error: 0.000245 -4.78e-05   integrators: 0.0212 , -0.00915
[INFO] [1778160177.219207214] [aic_model]: insert_cable execute loop
[INFO] [1778160177.249229802] [aic_model]: z_offset: 0.0232
[INFO] [1778160177.249832130] [aic_model]: pfrac: 1.0 xy_error: 0.000245 -4.79e-05   integrators: 0.0214 , -0.0092
[INFO] [1778160177.299076844] [aic_model]: z_offset: 0.0224
[INFO] [1778160177.299584645] [aic_model]: pfrac: 1.0 xy_error: 0.000245 -4.77e-05   integrators: 0.0216 , -0.00925
[INFO] [1778160177.349224790] [aic_model]: z_offset: 0.0216
[INFO] [1778160177.349676026] [aic_model]: pfrac: 1.0 xy_error: 0.000244 -4.75e-05   integrators: 0.0219 , -0.0093
[INFO] [1778160177.399107520] [aic_model]: z_offset: 0.0208
[INFO] [1778160177.399643013] [aic_model]: pfrac: 1.0 xy_error: 0.000244 -4.76e-05   integrators: 0.0221 , -0.00934
[INFO] [1778160177.449086680] [aic_model]: z_offset: 0.02
[INFO] [1778160177.449491127] [aic_model]: pfrac: 1.0 xy_error: 0.000245 -4.84e-05   integrators: 0.0224 , -0.00939
[INFO] [1778160177.499412299] [aic_model]: z_offset: 0.0192
[INFO] [1778160177.500900236] [aic_model]: pfrac: 1.0 xy_error: 0.000245 -4.84e-05   integrators: 0.0226 , -0.00944
[INFO] [1778160177.551038665] [aic_model]: z_offset: 0.0184
[INFO] [1778160177.551436059] [aic_model]: pfrac: 1.0 xy_error: 0.000245 -4.83e-05   integrators: 0.0229 , -0.00949
[INFO] [1778160177.601077747] [aic_model]: z_offset: 0.0176
[INFO] [1778160177.601478017] [aic_model]: pfrac: 1.0 xy_error: 0.000245 -4.84e-05   integrators: 0.0231 , -0.00954
[INFO] [1778160177.651189405] [aic_model]: z_offset: 0.0168
[INFO] [1778160177.655041771] [aic_model]: pfrac: 1.0 xy_error: 0.000245 -4.85e-05   integrators: 0.0234 , -0.00958
[INFO] [1778160177.705132671] [aic_model]: z_offset: 0.016
[INFO] [1778160177.705571282] [aic_model]: pfrac: 1.0 xy_error: 0.000245 -4.87e-05   integrators: 0.0236 , -0.00963
[INFO] [1778160177.755253366] [aic_model]: z_offset: 0.0152
[INFO] [1778160177.756913536] [aic_model]: pfrac: 1.0 xy_error: 0.000245 -4.88e-05   integrators: 0.0238 , -0.00968
[INFO] [1778160177.807204470] [aic_model]: z_offset: 0.0144
[INFO] [1778160177.807677606] [aic_model]: pfrac: 1.0 xy_error: 0.000245 -4.9e-05   integrators: 0.0241 , -0.00973
[INFO] [1778160177.857267317] [aic_model]: z_offset: 0.0136
[INFO] [1778160177.857979661] [aic_model]: pfrac: 1.0 xy_error: 0.000245 -4.92e-05   integrators: 0.0243 , -0.00978
[INFO] [1778160177.907320465] [aic_model]: z_offset: 0.0128
[INFO] [1778160177.907827315] [aic_model]: pfrac: 1.0 xy_error: 0.000245 -4.92e-05   integrators: 0.0246 , -0.00983
[INFO] [1778160177.957307209] [aic_model]: z_offset: 0.012
[INFO] [1778160177.957874091] [aic_model]: pfrac: 1.0 xy_error: 0.000245 -4.94e-05   integrators: 0.0248 , -0.00988
[INFO] [1778160178.007163940] [aic_model]: z_offset: 0.0112
[INFO] [1778160178.007755158] [aic_model]: pfrac: 1.0 xy_error: 0.000246 -4.92e-05   integrators: 0.0251 , -0.00993
[INFO] [1778160178.057172896] [aic_model]: z_offset: 0.0104
[INFO] [1778160178.062955848] [aic_model]: pfrac: 1.0 xy_error: 0.000246 -4.92e-05   integrators: 0.0253 , -0.00998
[INFO] [1778160178.113187451] [aic_model]: z_offset: 0.0096
[INFO] [1778160178.113600084] [aic_model]: pfrac: 1.0 xy_error: 0.000247 -4.92e-05   integrators: 0.0256 , -0.01
[INFO] [1778160178.164906911] [aic_model]: z_offset: 0.0088
[INFO] [1778160178.165306389] [aic_model]: pfrac: 1.0 xy_error: 0.000247 -4.92e-05   integrators: 0.0258 , -0.0101
[INFO] [1778160178.215046441] [aic_model]: z_offset: 0.008
[INFO] [1778160178.215450758] [aic_model]: pfrac: 1.0 xy_error: 0.000247 -4.91e-05   integrators: 0.0261 , -0.0101
[INFO] [1778160178.219254664] [aic_model]: insert_cable execute loop
[INFO] [1778160178.265075284] [aic_model]: z_offset: 0.0072
[INFO] [1778160178.265481224] [aic_model]: pfrac: 1.0 xy_error: 0.000247 -4.92e-05   integrators: 0.0263 , -0.0102
[INFO] [1778160178.315069652] [aic_model]: z_offset: 0.0064
[INFO] [1778160178.315451537] [aic_model]: pfrac: 1.0 xy_error: 0.000248 -4.93e-05   integrators: 0.0266 , -0.0102
[INFO] [1778160178.365044834] [aic_model]: z_offset: 0.0056
[INFO] [1778160178.365430487] [aic_model]: pfrac: 1.0 xy_error: 0.000248 -4.93e-05   integrators: 0.0268 , -0.0103
[INFO] [1778160178.415040064] [aic_model]: z_offset: 0.0048
[INFO] [1778160178.415428582] [aic_model]: pfrac: 1.0 xy_error: 0.000248 -4.93e-05   integrators: 0.0271 , -0.0103
[INFO] [1778160178.465067174] [aic_model]: z_offset: 0.004
[INFO] [1778160178.465452606] [aic_model]: pfrac: 1.0 xy_error: 0.000249 -4.88e-05   integrators: 0.0273 , -0.0104
[INFO] [1778160178.515064358] [aic_model]: z_offset: 0.0032
[INFO] [1778160178.515447946] [aic_model]: pfrac: 1.0 xy_error: 0.000249 -4.83e-05   integrators: 0.0276 , -0.0104
[INFO] [1778160178.565055410] [aic_model]: z_offset: 0.0024
[INFO] [1778160178.565437636] [aic_model]: pfrac: 1.0 xy_error: 0.00025 -4.81e-05   integrators: 0.0278 , -0.0105
[INFO] [1778160178.615100884] [aic_model]: z_offset: 0.0016
[INFO] [1778160178.615480324] [aic_model]: pfrac: 1.0 xy_error: 0.000251 -4.78e-05   integrators: 0.0281 , -0.0105
[INFO] [1778160178.665223232] [aic_model]: z_offset: 0.0008
[INFO] [1778160178.665647346] [aic_model]: pfrac: 1.0 xy_error: 0.000251 -4.76e-05   integrators: 0.0283 , -0.0106
[INFO] [1778160178.715156175] [aic_model]: z_offset: 4.382e-09
[INFO] [1778160178.715560833] [aic_model]: pfrac: 1.0 xy_error: 0.000252 -4.74e-05   integrators: 0.0286 , -0.0106
[INFO] [1778160178.765044485] [aic_model]: z_offset: -0.0008
[INFO] [1778160178.765432742] [aic_model]: pfrac: 1.0 xy_error: 0.000253 -4.72e-05   integrators: 0.0288 , -0.0107
[INFO] [1778160178.815190577] [aic_model]: z_offset: -0.0016
[INFO] [1778160178.815617397] [aic_model]: pfrac: 1.0 xy_error: 0.000253 -4.7e-05   integrators: 0.0291 , -0.0107
[INFO] [1778160178.865108763] [aic_model]: z_offset: -0.0024
[INFO] [1778160178.865502430] [aic_model]: pfrac: 1.0 xy_error: 0.000253 -4.67e-05   integrators: 0.0293 , -0.0108
[INFO] [1778160178.915333943] [aic_model]: z_offset: -0.0032
[INFO] [1778160178.916903533] [aic_model]: pfrac: 1.0 xy_error: 0.000254 -4.64e-05   integrators: 0.0296 , -0.0108
[INFO] [1778160178.967081175] [aic_model]: z_offset: -0.004
[INFO] [1778160178.967467088] [aic_model]: pfrac: 1.0 xy_error: 0.000254 -4.59e-05   integrators: 0.0298 , -0.0108
[INFO] [1778160179.017080573] [aic_model]: z_offset: -0.0048
[INFO] [1778160179.017459994] [aic_model]: pfrac: 1.0 xy_error: 0.000254 -4.57e-05   integrators: 0.0301 , -0.0109
[INFO] [1778160179.067188293] [aic_model]: z_offset: -0.0056
[INFO] [1778160179.069521754] [aic_model]: pfrac: 1.0 xy_error: 0.000255 -4.5e-05   integrators: 0.0303 , -0.0109
[INFO] [1778160179.119095494] [aic_model]: z_offset: -0.0064
[INFO] [1778160179.119483842] [aic_model]: pfrac: 1.0 xy_error: 0.000256 -4.45e-05   integrators: 0.0306 , -0.011
[INFO] [1778160179.169084312] [aic_model]: z_offset: -0.0072
[INFO] [1778160179.171210224] [aic_model]: pfrac: 1.0 xy_error: 0.000256 -4.42e-05   integrators: 0.0308 , -0.011
[INFO] [1778160179.219267554] [aic_model]: insert_cable execute loop
[INFO] [1778160179.220991042] [aic_model]: z_offset: -0.008
[INFO] [1778160179.221343462] [aic_model]: pfrac: 1.0 xy_error: 0.000257 -4.35e-05   integrators: 0.0311 , -0.0111
[INFO] [1778160179.271166359] [aic_model]: z_offset: -0.0088
[INFO] [1778160179.271569304] [aic_model]: pfrac: 1.0 xy_error: 0.000258 -4.28e-05   integrators: 0.0314 , -0.0111
[INFO] [1778160179.321055250] [aic_model]: z_offset: -0.0096
[INFO] [1778160179.321432506] [aic_model]: pfrac: 1.0 xy_error: 0.000258 -4.2e-05   integrators: 0.0316 , -0.0112
[INFO] [1778160179.371058134] [aic_model]: z_offset: -0.0104
[INFO] [1778160179.371437224] [aic_model]: pfrac: 1.0 xy_error: 0.000259 -4.14e-05   integrators: 0.0319 , -0.0112
[INFO] [1778160179.421194237] [aic_model]: z_offset: -0.0112
[INFO] [1778160179.421598675] [aic_model]: pfrac: 1.0 xy_error: 0.00026 -4.04e-05   integrators: 0.0321 , -0.0112
[INFO] [1778160179.471067458] [aic_model]: z_offset: -0.012
[INFO] [1778160179.471458140] [aic_model]: pfrac: 1.0 xy_error: 0.000261 -3.97e-05   integrators: 0.0324 , -0.0113
[INFO] [1778160179.521037501] [aic_model]: z_offset: -0.0128
[INFO] [1778160179.521424295] [aic_model]: pfrac: 1.0 xy_error: 0.000261 -3.92e-05   integrators: 0.0327 , -0.0113
[INFO] [1778160179.571020167] [aic_model]: z_offset: -0.0136
[INFO] [1778160179.571402653] [aic_model]: pfrac: 1.0 xy_error: 0.000262 -3.88e-05   integrators: 0.0329 , -0.0114
[INFO] [1778160179.621050152] [aic_model]: z_offset: -0.0144
[INFO] [1778160179.621438940] [aic_model]: pfrac: 1.0 xy_error: 0.000262 -3.86e-05   integrators: 0.0332 , -0.0114
[INFO] [1778160179.671102388] [aic_model]: z_offset: -0.0152
[INFO] [1778160179.671485586] [aic_model]: pfrac: 1.0 xy_error: 0.000263 -3.84e-05   integrators: 0.0334 , -0.0114
[INFO] [1778160179.721074414] [aic_model]: z_offset: -0.016
[INFO] [1778160179.721465417] [aic_model]: pfrac: 1.0 xy_error: 0.000263 -3.78e-05   integrators: 0.0337 , -0.0115
[INFO] [1778160179.771069704] [aic_model]: z_offset: -0.0168
[INFO] [1778160179.771454755] [aic_model]: pfrac: 1.0 xy_error: 0.000264 -3.73e-05   integrators: 0.034 , -0.0115
[INFO] [1778160179.821061327] [aic_model]: z_offset: -0.0176
[INFO] [1778160179.821444715] [aic_model]: pfrac: 1.0 xy_error: 0.000265 -3.67e-05   integrators: 0.0342 , -0.0115
[INFO] [1778160179.871058691] [aic_model]: z_offset: -0.0184
[INFO] [1778160179.871437430] [aic_model]: pfrac: 1.0 xy_error: 0.000266 -3.59e-05   integrators: 0.0345 , -0.0116
[INFO] [1778160179.921107130] [aic_model]: z_offset: -0.0192
[INFO] [1778160179.921491600] [aic_model]: pfrac: 1.0 xy_error: 0.000266 -3.51e-05   integrators: 0.0348 , -0.0116
[INFO] [1778160179.971030695] [aic_model]: z_offset: -0.02
[INFO] [1778160179.971406670] [aic_model]: pfrac: 1.0 xy_error: 0.000267 -3.43e-05   integrators: 0.035 , -0.0116
[INFO] [1778160180.021408982] [aic_model]: z_offset: -0.0208
[INFO] [1778160180.022740036] [aic_model]: pfrac: 1.0 xy_error: 0.000268 -3.35e-05   integrators: 0.0353 , -0.0117
[INFO] [1778160180.073098195] [aic_model]: z_offset: -0.0216
[INFO] [1778160180.073485641] [aic_model]: pfrac: 1.0 xy_error: 0.000269 -3.23e-05   integrators: 0.0356 , -0.0117
[INFO] [1778160180.123068658] [aic_model]: z_offset: -0.0224
[INFO] [1778160180.123452848] [aic_model]: pfrac: 1.0 xy_error: 0.00027 -3.12e-05   integrators: 0.0358 , -0.0117
[INFO] [1778160180.173272418] [aic_model]: z_offset: -0.0232
[INFO] [1778160180.173709136] [aic_model]: pfrac: 1.0 xy_error: 0.000272 -2.99e-05   integrators: 0.0361 , -0.0118
[INFO] [1778160180.221006221] [aic_model]: insert_cable execute loop
[INFO] [1778160180.223043478] [aic_model]: z_offset: -0.024
[INFO] [1778160180.223414042] [aic_model]: pfrac: 1.0 xy_error: 0.000273 -2.89e-05   integrators: 0.0364 , -0.0118
[INFO] [1778160180.273063794] [aic_model]: z_offset: -0.0248
[INFO] [1778160180.273452783] [aic_model]: pfrac: 1.0 xy_error: 0.000274 -2.77e-05   integrators: 0.0367 , -0.0118
[INFO] [1778160180.323065776] [aic_model]: z_offset: -0.0256
[INFO] [1778160180.323450857] [aic_model]: pfrac: 1.0 xy_error: 0.000275 -2.65e-05   integrators: 0.0369 , -0.0119
[INFO] [1778160180.373153439] [aic_model]: Waiting for connector to stabilize...
[INFO] [1778160181.221287665] [aic_model]: insert_cable execute loop
[INFO] [1778160182.221268089] [aic_model]: insert_cable execute loop
[INFO] [1778160182.373158904] [aic_model]: AutoCode2.insert_cable() exiting...
[INFO] [1778160183.221285768] [aic_model]: insert_cable() returned True
[INFO] [1778160183.745450849] [aic_model]: on_deactivate(LifecycleState(label='active', state_id=3))
[INFO] [1778160184.273949296] [aic_model]: on_activate()
[INFO] [1778160186.586406228] [aic_model]: Goal accepted
[INFO] [1778160186.587524222] [aic_model]: Entering insert_cable_execute_callback()
[INFO] [1778160186.588374004] [aic_model]: insert_cable execute loop
[INFO] [1778160186.588775306] [aic_model]: AutoCode2.insert_cable() task: aic_task_interfaces.msg.Task(id='task_1', cable_type='sfp_sc', cable_name='cable_1', plug_type='sc', plug_name='sc_tip', port_type='sc', port_name='sc_port_base', target_module_name='sc_port_1', time_limit=180)
[INFO] [1778160186.589427247] [aic_model]: pfrac: 0.0 xy_error: -0.128 0.0636   integrators: 0.0 , 0.0
[INFO] [1778160186.640499041] [aic_model]: pfrac: 0.025 xy_error: -0.128 0.0635   integrators: 0.0 , 0.0
[INFO] [1778160186.690511712] [aic_model]: pfrac: 0.05 xy_error: -0.128 0.0636   integrators: 0.0 , 0.0
[INFO] [1778160186.740567173] [aic_model]: pfrac: 0.075 xy_error: -0.127 0.0638   integrators: 0.0 , 0.0
[INFO] [1778160186.790242702] [aic_model]: pfrac: 0.1 xy_error: -0.127 0.064   integrators: 0.0 , 0.0
[INFO] [1778160186.840377120] [aic_model]: pfrac: 0.125 xy_error: -0.127 0.0641   integrators: 0.0 , 0.0
[INFO] [1778160186.890328887] [aic_model]: pfrac: 0.15 xy_error: -0.126 0.0641   integrators: 0.0 , 0.0
[INFO] [1778160186.939912384] [aic_model]: pfrac: 0.175 xy_error: -0.125 0.064   integrators: 0.0 , 0.0
[INFO] [1778160186.990365619] [aic_model]: pfrac: 0.2 xy_error: -0.124 0.0637   integrators: 0.0 , 0.0
[INFO] [1778160187.040310683] [aic_model]: pfrac: 0.225 xy_error: -0.123 0.0634   integrators: 0.0 , 0.0
[INFO] [1778160187.090319577] [aic_model]: pfrac: 0.25 xy_error: -0.122 0.0629   integrators: 0.0 , 0.0
[INFO] [1778160187.140087248] [aic_model]: pfrac: 0.275 xy_error: -0.12 0.0622   integrators: 0.0 , 0.0
[INFO] [1778160187.190265058] [aic_model]: pfrac: 0.3 xy_error: -0.118 0.0614   integrators: 0.0 , 0.0
[INFO] [1778160187.239940607] [aic_model]: pfrac: 0.325 xy_error: -0.116 0.0604   integrators: 0.0 , 0.0
[INFO] [1778160187.290456890] [aic_model]: pfrac: 0.35 xy_error: -0.114 0.0593   integrators: 0.0 , 0.0
[INFO] [1778160187.340380784] [aic_model]: pfrac: 0.375 xy_error: -0.112 0.058   integrators: 0.0 , 0.0
[INFO] [1778160187.389928684] [aic_model]: pfrac: 0.4 xy_error: -0.109 0.0565   integrators: 0.0 , 0.0
[INFO] [1778160187.440404141] [aic_model]: pfrac: 0.425 xy_error: -0.107 0.0549   integrators: 0.0 , 0.0
[INFO] [1778160187.490369874] [aic_model]: pfrac: 0.45 xy_error: -0.104 0.0532   integrators: 0.0 , 0.0
[INFO] [1778160187.540347879] [aic_model]: pfrac: 0.475 xy_error: -0.101 0.0515   integrators: 0.0 , 0.0
[INFO] [1778160187.588581267] [aic_model]: insert_cable execute loop
[INFO] [1778160187.590245334] [aic_model]: pfrac: 0.5 xy_error: -0.0974 0.0495   integrators: 0.0 , 0.0
[INFO] [1778160187.639810847] [aic_model]: pfrac: 0.525 xy_error: -0.094 0.0475   integrators: 0.0 , 0.0
[INFO] [1778160187.690574804] [aic_model]: pfrac: 0.55 xy_error: -0.0904 0.0454   integrators: 0.0 , 0.0
[INFO] [1778160187.740466438] [aic_model]: pfrac: 0.575 xy_error: -0.0867 0.0433   integrators: 0.0 , 0.0
[INFO] [1778160187.790328667] [aic_model]: pfrac: 0.6 xy_error: -0.083 0.041   integrators: 0.0 , 0.0
[INFO] [1778160187.840287616] [aic_model]: pfrac: 0.625 xy_error: -0.0791 0.0387   integrators: 0.0 , 0.0
[INFO] [1778160187.890545836] [aic_model]: pfrac: 0.65 xy_error: -0.0751 0.0364   integrators: 0.0 , 0.0
[INFO] [1778160187.939595232] [aic_model]: pfrac: 0.675 xy_error: -0.0711 0.034   integrators: 0.0 , 0.0
[INFO] [1778160187.989619975] [aic_model]: pfrac: 0.7 xy_error: -0.067 0.0316   integrators: 0.0 , 0.0
[INFO] [1778160188.040463291] [aic_model]: pfrac: 0.725 xy_error: -0.063 0.0292   integrators: 0.0 , 0.0
[INFO] [1778160188.090320380] [aic_model]: pfrac: 0.75 xy_error: -0.0589 0.0268   integrators: 0.0 , 0.0
[INFO] [1778160188.140337128] [aic_model]: pfrac: 0.775 xy_error: -0.0549 0.0244   integrators: 0.0 , 0.0
[INFO] [1778160188.190280308] [aic_model]: pfrac: 0.8 xy_error: -0.0509 0.0221   integrators: 0.0 , 0.0
[INFO] [1778160188.240299971] [aic_model]: pfrac: 0.825 xy_error: -0.047 0.0198   integrators: 0.0 , 0.0
[INFO] [1778160188.289782448] [aic_model]: pfrac: 0.85 xy_error: -0.0432 0.0176   integrators: 0.0 , 0.0
[INFO] [1778160188.340314421] [aic_model]: pfrac: 0.875 xy_error: -0.0394 0.0154   integrators: 0.0 , 0.0
[INFO] [1778160188.389721577] [aic_model]: pfrac: 0.9 xy_error: -0.0358 0.0134   integrators: 0.0 , 0.0
[INFO] [1778160188.440551117] [aic_model]: pfrac: 0.925 xy_error: -0.0324 0.0114   integrators: 0.0 , 0.0
[INFO] [1778160188.490270818] [aic_model]: pfrac: 0.95 xy_error: -0.0291 0.00954   integrators: 0.0 , 0.0
[INFO] [1778160188.539887787] [aic_model]: pfrac: 0.975 xy_error: -0.0259 0.00777   integrators: 0.0 , 0.0
[INFO] [1778160188.588396340] [aic_model]: insert_cable execute loop
[INFO] [1778160188.589439284] [aic_model]: pfrac: 1.0 xy_error: -0.0229 0.00609   integrators: -0.0229 , 0.00609
[INFO] [1778160188.640179877] [aic_model]: pfrac: 1.0 xy_error: -0.02 0.00452   integrators: -0.043 , 0.0106
[INFO] [1778160188.690711349] [aic_model]: pfrac: 1.0 xy_error: -0.0173 0.00304   integrators: -0.0602 , 0.0137
[INFO] [1778160188.740768072] [aic_model]: pfrac: 1.0 xy_error: -0.0146 0.00168   integrators: -0.0748 , 0.0153
[INFO] [1778160188.790365875] [aic_model]: pfrac: 1.0 xy_error: -0.0119 0.000429   integrators: -0.08 , 0.0158
[INFO] [1778160188.840307682] [aic_model]: pfrac: 1.0 xy_error: -0.0094 -0.000663   integrators: -0.08 , 0.0151
[INFO] [1778160188.890503636] [aic_model]: pfrac: 1.0 xy_error: -0.00703 -0.00166   integrators: -0.08 , 0.0134
[INFO] [1778160188.939537693] [aic_model]: pfrac: 1.0 xy_error: -0.0048 -0.00252   integrators: -0.08 , 0.0109
[INFO] [1778160188.989559069] [aic_model]: pfrac: 1.0 xy_error: -0.00274 -0.00326   integrators: -0.08 , 0.00766
[INFO] [1778160189.039503511] [aic_model]: pfrac: 1.0 xy_error: -0.000874 -0.00387   integrators: -0.08 , 0.0038
[INFO] [1778160189.089796206] [aic_model]: pfrac: 1.0 xy_error: 0.000827 -0.00435   integrators: -0.0792 , -0.000553
[INFO] [1778160189.140149363] [aic_model]: pfrac: 1.0 xy_error: 0.00234 -0.00473   integrators: -0.0768 , -0.00528
[INFO] [1778160189.190242574] [aic_model]: pfrac: 1.0 xy_error: 0.00367 -0.00501   integrators: -0.0732 , -0.0103
[INFO] [1778160189.240046773] [aic_model]: pfrac: 1.0 xy_error: 0.00483 -0.00517   integrators: -0.0683 , -0.0155
[INFO] [1778160189.289693298] [aic_model]: pfrac: 1.0 xy_error: 0.00582 -0.00521   integrators: -0.0625 , -0.0207
[INFO] [1778160189.340368448] [aic_model]: pfrac: 1.0 xy_error: 0.00663 -0.00515   integrators: -0.0559 , -0.0258
[INFO] [1778160189.390499029] [aic_model]: pfrac: 1.0 xy_error: 0.00727 -0.005   integrators: -0.0486 , -0.0308
[INFO] [1778160189.439552703] [aic_model]: pfrac: 1.0 xy_error: 0.00775 -0.00475   integrators: -0.0409 , -0.0356
[INFO] [1778160189.489601340] [aic_model]: pfrac: 1.0 xy_error: 0.00804 -0.00445   integrators: -0.0328 , -0.04
[INFO] [1778160189.540204957] [aic_model]: pfrac: 1.0 xy_error: 0.00817 -0.00408   integrators: -0.0247 , -0.0441
[INFO] [1778160189.588386236] [aic_model]: insert_cable execute loop
[INFO] [1778160189.589299787] [aic_model]: z_offset: 0.1992
[INFO] [1778160189.590537696] [aic_model]: pfrac: 1.0 xy_error: 0.00814 -0.00367   integrators: -0.0165 , -0.0478
[INFO] [1778160189.639472096] [aic_model]: z_offset: 0.1984
[INFO] [1778160189.640695678] [aic_model]: pfrac: 1.0 xy_error: 0.00797 -0.00319   integrators: -0.00855 , -0.051
[INFO] [1778160189.689403213] [aic_model]: z_offset: 0.1976
[INFO] [1778160189.690652163] [aic_model]: pfrac: 1.0 xy_error: 0.00769 -0.00267   integrators: -0.000858 , -0.0536
[INFO] [1778160189.740783435] [aic_model]: z_offset: 0.1968
[INFO] [1778160189.741454251] [aic_model]: pfrac: 1.0 xy_error: 0.00726 -0.00208   integrators: 0.0064 , -0.0557
[INFO] [1778160189.791346255] [aic_model]: z_offset: 0.196
[INFO] [1778160189.792600955] [aic_model]: pfrac: 1.0 xy_error: 0.00674 -0.0015   integrators: 0.0131 , -0.0572
[INFO] [1778160189.841330442] [aic_model]: z_offset: 0.1952
[INFO] [1778160189.842580513] [aic_model]: pfrac: 1.0 xy_error: 0.00612 -0.00089   integrators: 0.0193 , -0.0581
[INFO] [1778160189.891379961] [aic_model]: z_offset: 0.1944
[INFO] [1778160189.892672151] [aic_model]: pfrac: 1.0 xy_error: 0.00543 -0.000295   integrators: 0.0247 , -0.0584
[INFO] [1778160189.941367744] [aic_model]: z_offset: 0.1936
[INFO] [1778160189.942629297] [aic_model]: pfrac: 1.0 xy_error: 0.00465 0.000276   integrators: 0.0293 , -0.0581
[INFO] [1778160189.991336882] [aic_model]: z_offset: 0.1928
[INFO] [1778160189.992544965] [aic_model]: pfrac: 1.0 xy_error: 0.00385 0.000861   integrators: 0.0332 , -0.0573
[INFO] [1778160190.041340605] [aic_model]: z_offset: 0.192
[INFO] [1778160190.042580708] [aic_model]: pfrac: 1.0 xy_error: 0.00302 0.00141   integrators: 0.0362 , -0.0558
[INFO] [1778160190.091444536] [aic_model]: z_offset: 0.1912
[INFO] [1778160190.092687865] [aic_model]: pfrac: 1.0 xy_error: 0.00216 0.00193   integrators: 0.0384 , -0.0539
[INFO] [1778160190.141363540] [aic_model]: z_offset: 0.1904
[INFO] [1778160190.142569990] [aic_model]: pfrac: 1.0 xy_error: 0.00131 0.00241   integrators: 0.0397 , -0.0515
[INFO] [1778160190.191375258] [aic_model]: z_offset: 0.1896
[INFO] [1778160190.192581838] [aic_model]: pfrac: 1.0 xy_error: 0.000453 0.00284   integrators: 0.0401 , -0.0487
[INFO] [1778160190.241363882] [aic_model]: z_offset: 0.1888
[INFO] [1778160190.242562057] [aic_model]: pfrac: 1.0 xy_error: -0.000352 0.00323   integrators: 0.0398 , -0.0454
[INFO] [1778160190.291333090] [aic_model]: z_offset: 0.188
[INFO] [1778160190.292518231] [aic_model]: pfrac: 1.0 xy_error: -0.00113 0.00355   integrators: 0.0387 , -0.0419
[INFO] [1778160190.341349327] [aic_model]: z_offset: 0.1872
[INFO] [1778160190.342534457] [aic_model]: pfrac: 1.0 xy_error: -0.00187 0.0038   integrators: 0.0368 , -0.0381
[INFO] [1778160190.391345345] [aic_model]: z_offset: 0.1864
[INFO] [1778160190.392555071] [aic_model]: pfrac: 1.0 xy_error: -0.00257 0.00401   integrators: 0.0342 , -0.0341
[INFO] [1778160190.441462350] [aic_model]: z_offset: 0.1856
[INFO] [1778160190.442667838] [aic_model]: pfrac: 1.0 xy_error: -0.0032 0.00416   integrators: 0.031 , -0.0299
[INFO] [1778160190.491348182] [aic_model]: z_offset: 0.1848
[INFO] [1778160190.491725389] [aic_model]: pfrac: 1.0 xy_error: -0.00374 0.00426   integrators: 0.0273 , -0.0256
[INFO] [1778160190.541436183] [aic_model]: z_offset: 0.184
[INFO] [1778160190.542685553] [aic_model]: pfrac: 1.0 xy_error: -0.0042 0.0043   integrators: 0.0231 , -0.0213
[INFO] [1778160190.588380596] [aic_model]: insert_cable execute loop
[INFO] [1778160190.591442481] [aic_model]: z_offset: 0.1832
[INFO] [1778160190.592606381] [aic_model]: pfrac: 1.0 xy_error: -0.00459 0.00428   integrators: 0.0185 , -0.0171
[INFO] [1778160190.641505224] [aic_model]: z_offset: 0.1824
[INFO] [1778160190.642881101] [aic_model]: pfrac: 1.0 xy_error: -0.00491 0.00418   integrators: 0.0136 , -0.0129
[INFO] [1778160190.691506803] [aic_model]: z_offset: 0.1816
[INFO] [1778160190.692807610] [aic_model]: pfrac: 1.0 xy_error: -0.00511 0.00404   integrators: 0.00847 , -0.00885
[INFO] [1778160190.741405019] [aic_model]: z_offset: 0.1808
[INFO] [1778160190.742705675] [aic_model]: pfrac: 1.0 xy_error: -0.00525 0.00383   integrators: 0.00322 , -0.00502
[INFO] [1778160190.791464716] [aic_model]: z_offset: 0.18
[INFO] [1778160190.792730006] [aic_model]: pfrac: 1.0 xy_error: -0.00529 0.00356   integrators: -0.00207 , -0.00146
[INFO] [1778160190.841365817] [aic_model]: z_offset: 0.1792
[INFO] [1778160190.842537892] [aic_model]: pfrac: 1.0 xy_error: -0.00521 0.00327   integrators: -0.00728 , 0.00181
[INFO] [1778160190.891370652] [aic_model]: z_offset: 0.1784
[INFO] [1778160190.892575529] [aic_model]: pfrac: 1.0 xy_error: -0.00509 0.00291   integrators: -0.0124 , 0.00472
[INFO] [1778160190.941343787] [aic_model]: z_offset: 0.1776
[INFO] [1778160190.942616000] [aic_model]: pfrac: 1.0 xy_error: -0.0049 0.00254   integrators: -0.0173 , 0.00726
[INFO] [1778160190.991342040] [aic_model]: z_offset: 0.1768
[INFO] [1778160190.992542398] [aic_model]: pfrac: 1.0 xy_error: -0.00462 0.00214   integrators: -0.0219 , 0.0094
[INFO] [1778160191.041326517] [aic_model]: z_offset: 0.176
[INFO] [1778160191.042423732] [aic_model]: pfrac: 1.0 xy_error: -0.00426 0.00171   integrators: -0.0261 , 0.0111
[INFO] [1778160191.091398327] [aic_model]: z_offset: 0.1752
[INFO] [1778160191.092647677] [aic_model]: pfrac: 1.0 xy_error: -0.00385 0.00126   integrators: -0.03 , 0.0124
[INFO] [1778160191.141340083] [aic_model]: z_offset: 0.1744
[INFO] [1778160191.142514012] [aic_model]: pfrac: 1.0 xy_error: -0.00339 0.000802   integrators: -0.0334 , 0.0132
[INFO] [1778160191.191442781] [aic_model]: z_offset: 0.1736
[INFO] [1778160191.192735463] [aic_model]: pfrac: 1.0 xy_error: -0.00289 0.000362   integrators: -0.0363 , 0.0135
[INFO] [1778160191.241380460] [aic_model]: z_offset: 0.1728
[INFO] [1778160191.242563246] [aic_model]: pfrac: 1.0 xy_error: -0.00236 -4.45e-05   integrators: -0.0386 , 0.0135
[INFO] [1778160191.291368624] [aic_model]: z_offset: 0.172
[INFO] [1778160191.292564343] [aic_model]: pfrac: 1.0 xy_error: -0.0018 -0.000447   integrators: -0.0404 , 0.013
[INFO] [1778160191.341368569] [aic_model]: z_offset: 0.1712
[INFO] [1778160191.342545183] [aic_model]: pfrac: 1.0 xy_error: -0.00124 -0.000806   integrators: -0.0417 , 0.0122
[INFO] [1778160191.391421725] [aic_model]: z_offset: 0.1704
[INFO] [1778160191.392602927] [aic_model]: pfrac: 1.0 xy_error: -0.000666 -0.00113   integrators: -0.0423 , 0.0111
[INFO] [1778160191.441367198] [aic_model]: z_offset: 0.1696
[INFO] [1778160191.442591682] [aic_model]: pfrac: 1.0 xy_error: -0.000108 -0.00143   integrators: -0.0424 , 0.00967
[INFO] [1778160191.491341135] [aic_model]: z_offset: 0.1688
[INFO] [1778160191.492562152] [aic_model]: pfrac: 1.0 xy_error: 0.000404 -0.00169   integrators: -0.042 , 0.00798
[INFO] [1778160191.541377198] [aic_model]: z_offset: 0.168
[INFO] [1778160191.542225407] [aic_model]: pfrac: 1.0 xy_error: 0.000919 -0.00192   integrators: -0.0411 , 0.00606
[INFO] [1778160191.587644542] [aic_model]: insert_cable execute loop
[INFO] [1778160191.591413492] [aic_model]: z_offset: 0.1672
[INFO] [1778160191.592657832] [aic_model]: pfrac: 1.0 xy_error: 0.00143 -0.00211   integrators: -0.0397 , 0.00395
[INFO] [1778160191.641372881] [aic_model]: z_offset: 0.1664
[INFO] [1778160191.642493591] [aic_model]: pfrac: 1.0 xy_error: 0.00189 -0.00228   integrators: -0.0378 , 0.00167
[INFO] [1778160191.691370372] [aic_model]: z_offset: 0.1656
[INFO] [1778160191.692238458] [aic_model]: pfrac: 1.0 xy_error: 0.00229 -0.00241   integrators: -0.0355 , -0.000737
[INFO] [1778160191.741436692] [aic_model]: z_offset: 0.1648
[INFO] [1778160191.742712071] [aic_model]: pfrac: 1.0 xy_error: 0.00265 -0.00253   integrators: -0.0329 , -0.00326
[INFO] [1778160191.791717083] [aic_model]: z_offset: 0.164
[INFO] [1778160191.792857830] [aic_model]: pfrac: 1.0 xy_error: 0.00294 -0.0026   integrators: -0.0299 , -0.00586
[INFO] [1778160191.841358036] [aic_model]: z_offset: 0.1632
[INFO] [1778160191.842536954] [aic_model]: pfrac: 1.0 xy_error: 0.0032 -0.00266   integrators: -0.0267 , -0.00852
[INFO] [1778160191.891383930] [aic_model]: z_offset: 0.1624
[INFO] [1778160191.892573428] [aic_model]: pfrac: 1.0 xy_error: 0.00338 -0.00267   integrators: -0.0233 , -0.0112
[INFO] [1778160191.941337750] [aic_model]: z_offset: 0.1616
[INFO] [1778160191.942523621] [aic_model]: pfrac: 1.0 xy_error: 0.00352 -0.00264   integrators: -0.0198 , -0.0138
[INFO] [1778160191.991358784] [aic_model]: z_offset: 0.1608
[INFO] [1778160191.992564673] [aic_model]: pfrac: 1.0 xy_error: 0.00362 -0.00258   integrators: -0.0162 , -0.0164
[INFO] [1778160192.041403835] [aic_model]: z_offset: 0.16
[INFO] [1778160192.042622096] [aic_model]: pfrac: 1.0 xy_error: 0.00368 -0.0025   integrators: -0.0125 , -0.0189
[INFO] [1778160192.091375407] [aic_model]: z_offset: 0.1592
[INFO] [1778160192.092575995] [aic_model]: pfrac: 1.0 xy_error: 0.00369 -0.00236   integrators: -0.00883 , -0.0213
[INFO] [1778160192.141470100] [aic_model]: z_offset: 0.1584
[INFO] [1778160192.142651793] [aic_model]: pfrac: 1.0 xy_error: 0.00364 -0.00219   integrators: -0.00518 , -0.0235
[INFO] [1778160192.191330283] [aic_model]: z_offset: 0.1576
[INFO] [1778160192.192500936] [aic_model]: pfrac: 1.0 xy_error: 0.00354 -0.002   integrators: -0.00164 , -0.0255
[INFO] [1778160192.241456665] [aic_model]: z_offset: 0.1568
[INFO] [1778160192.241964186] [aic_model]: pfrac: 1.0 xy_error: 0.00339 -0.0018   integrators: 0.00175 , -0.0273
[INFO] [1778160192.291397510] [aic_model]: z_offset: 0.156
[INFO] [1778160192.292617816] [aic_model]: pfrac: 1.0 xy_error: 0.00322 -0.0016   integrators: 0.00497 , -0.0289
[INFO] [1778160192.341349525] [aic_model]: z_offset: 0.1552
[INFO] [1778160192.342681029] [aic_model]: pfrac: 1.0 xy_error: 0.00299 -0.00141   integrators: 0.00796 , -0.0303
[INFO] [1778160192.391375078] [aic_model]: z_offset: 0.1544
[INFO] [1778160192.392600364] [aic_model]: pfrac: 1.0 xy_error: 0.0027 -0.00119   integrators: 0.0107 , -0.0315
[INFO] [1778160192.441345769] [aic_model]: z_offset: 0.1536
[INFO] [1778160192.442544945] [aic_model]: pfrac: 1.0 xy_error: 0.00238 -0.000961   integrators: 0.013 , -0.0324
[INFO] [1778160192.491362816] [aic_model]: z_offset: 0.1528
[INFO] [1778160192.492529862] [aic_model]: pfrac: 1.0 xy_error: 0.00202 -0.000745   integrators: 0.0151 , -0.0332
[INFO] [1778160192.541499828] [aic_model]: z_offset: 0.152
[INFO] [1778160192.542855618] [aic_model]: pfrac: 1.0 xy_error: 0.00165 -0.000503   integrators: 0.0167 , -0.0337
[INFO] [1778160192.587597835] [aic_model]: insert_cable execute loop
[INFO] [1778160192.591290692] [aic_model]: z_offset: 0.1512
[INFO] [1778160192.591918227] [aic_model]: pfrac: 1.0 xy_error: 0.00129 -0.000257   integrators: 0.018 , -0.0339
[INFO] [1778160192.641524415] [aic_model]: z_offset: 0.1504
[INFO] [1778160192.642896395] [aic_model]: pfrac: 1.0 xy_error: 0.000897 -1.44e-05   integrators: 0.0189 , -0.0339
[INFO] [1778160192.691395008] [aic_model]: z_offset: 0.1496
[INFO] [1778160192.691782244] [aic_model]: pfrac: 1.0 xy_error: 0.000509 0.000202   integrators: 0.0194 , -0.0337
[INFO] [1778160192.741422666] [aic_model]: z_offset: 0.1488
[INFO] [1778160192.742658851] [aic_model]: pfrac: 1.0 xy_error: 0.000138 0.000431   integrators: 0.0195 , -0.0333
[INFO] [1778160192.791401742] [aic_model]: z_offset: 0.148
[INFO] [1778160192.792758072] [aic_model]: pfrac: 1.0 xy_error: -0.000198 0.000641   integrators: 0.0193 , -0.0327
[INFO] [1778160192.841344570] [aic_model]: z_offset: 0.1472
[INFO] [1778160192.842551581] [aic_model]: pfrac: 1.0 xy_error: -0.000539 0.000796   integrators: 0.0188 , -0.0319
[INFO] [1778160192.891367228] [aic_model]: z_offset: 0.1464
[INFO] [1778160192.892597222] [aic_model]: pfrac: 1.0 xy_error: -0.000841 0.000965   integrators: 0.018 , -0.0309
[INFO] [1778160192.941340624] [aic_model]: z_offset: 0.1456
[INFO] [1778160192.942608859] [aic_model]: pfrac: 1.0 xy_error: -0.00112 0.00113   integrators: 0.0168 , -0.0298
[INFO] [1778160192.991353533] [aic_model]: z_offset: 0.1448
[INFO] [1778160192.992522994] [aic_model]: pfrac: 1.0 xy_error: -0.00139 0.00126   integrators: 0.0155 , -0.0285
[INFO] [1778160193.041427337] [aic_model]: z_offset: 0.144
[INFO] [1778160193.042665616] [aic_model]: pfrac: 1.0 xy_error: -0.00162 0.0014   integrators: 0.0138 , -0.0271
[INFO] [1778160193.091348474] [aic_model]: z_offset: 0.1432
[INFO] [1778160193.092538403] [aic_model]: pfrac: 1.0 xy_error: -0.00182 0.00149   integrators: 0.012 , -0.0256
[INFO] [1778160193.141333541] [aic_model]: z_offset: 0.1424
[INFO] [1778160193.142520274] [aic_model]: pfrac: 1.0 xy_error: -0.00201 0.00156   integrators: 0.01 , -0.0241
[INFO] [1778160193.191387748] [aic_model]: z_offset: 0.1416
[INFO] [1778160193.192101986] [aic_model]: pfrac: 1.0 xy_error: -0.00215 0.00161   integrators: 0.00787 , -0.0225
[INFO] [1778160193.241356895] [aic_model]: z_offset: 0.1408
[INFO] [1778160193.242562503] [aic_model]: pfrac: 1.0 xy_error: -0.00225 0.00163   integrators: 0.00561 , -0.0208
[INFO] [1778160193.291325902] [aic_model]: z_offset: 0.14
[INFO] [1778160193.292331546] [aic_model]: pfrac: 1.0 xy_error: -0.00231 0.00162   integrators: 0.0033 , -0.0192
[INFO] [1778160193.341358318] [aic_model]: z_offset: 0.1392
[INFO] [1778160193.341765551] [aic_model]: pfrac: 1.0 xy_error: -0.00235 0.00158   integrators: 0.00095 , -0.0176
[INFO] [1778160193.391338857] [aic_model]: z_offset: 0.1384
[INFO] [1778160193.392570594] [aic_model]: pfrac: 1.0 xy_error: -0.00234 0.00152   integrators: -0.00139 , -0.0161
[INFO] [1778160193.441357277] [aic_model]: z_offset: 0.1376
[INFO] [1778160193.442571241] [aic_model]: pfrac: 1.0 xy_error: -0.00227 0.00143   integrators: -0.00367 , -0.0147
[INFO] [1778160193.491357933] [aic_model]: z_offset: 0.1368
[INFO] [1778160193.492587066] [aic_model]: pfrac: 1.0 xy_error: -0.00219 0.0013   integrators: -0.00586 , -0.0134
[INFO] [1778160193.541338352] [aic_model]: z_offset: 0.136
[INFO] [1778160193.542611136] [aic_model]: pfrac: 1.0 xy_error: -0.00205 0.00116   integrators: -0.0079 , -0.0122
[INFO] [1778160193.588024219] [aic_model]: insert_cable execute loop
[INFO] [1778160193.591280288] [aic_model]: z_offset: 0.1352
[INFO] [1778160193.591751290] [aic_model]: pfrac: 1.0 xy_error: -0.00188 0.000998   integrators: -0.00978 , -0.0112
[INFO] [1778160193.641495557] [aic_model]: z_offset: 0.1344
[INFO] [1778160193.642737773] [aic_model]: pfrac: 1.0 xy_error: -0.00169 0.000805   integrators: -0.0115 , -0.0104
[INFO] [1778160193.691392449] [aic_model]: z_offset: 0.1336
[INFO] [1778160193.692764068] [aic_model]: pfrac: 1.0 xy_error: -0.00146 0.000651   integrators: -0.0129 , -0.00976
[INFO] [1778160193.741470029] [aic_model]: z_offset: 0.1328
[INFO] [1778160193.742446318] [aic_model]: pfrac: 1.0 xy_error: -0.00119 0.000488   integrators: -0.0141 , -0.00927
[INFO] [1778160193.791353175] [aic_model]: z_offset: 0.132
[INFO] [1778160193.792566298] [aic_model]: pfrac: 1.0 xy_error: -0.000953 0.000301   integrators: -0.0151 , -0.00897
[INFO] [1778160193.841344424] [aic_model]: z_offset: 0.1312
[INFO] [1778160193.842594385] [aic_model]: pfrac: 1.0 xy_error: -0.000699 0.000132   integrators: -0.0158 , -0.00884
[INFO] [1778160193.891341013] [aic_model]: z_offset: 0.1304
[INFO] [1778160193.891741192] [aic_model]: pfrac: 1.0 xy_error: -0.000433 -2.58e-05   integrators: -0.0162 , -0.00886
[INFO] [1778160193.941356798] [aic_model]: z_offset: 0.1296
[INFO] [1778160193.942520417] [aic_model]: pfrac: 1.0 xy_error: -0.000161 -0.000167   integrators: -0.0164 , -0.00903
[INFO] [1778160193.991325274] [aic_model]: z_offset: 0.1288
[INFO] [1778160193.992277598] [aic_model]: pfrac: 1.0 xy_error: 0.000108 -0.000328   integrators: -0.0163 , -0.00936
[INFO] [1778160194.041325098] [aic_model]: z_offset: 0.128
[INFO] [1778160194.042108506] [aic_model]: pfrac: 1.0 xy_error: 0.000378 -0.000501   integrators: -0.0159 , -0.00986
[INFO] [1778160194.091388071] [aic_model]: z_offset: 0.1272
[INFO] [1778160194.092618716] [aic_model]: pfrac: 1.0 xy_error: 0.000625 -0.000645   integrators: -0.0153 , -0.0105
[INFO] [1778160194.141340657] [aic_model]: z_offset: 0.1264
[INFO] [1778160194.142549502] [aic_model]: pfrac: 1.0 xy_error: 0.000856 -0.000756   integrators: -0.0144 , -0.0113
[INFO] [1778160194.191440059] [aic_model]: z_offset: 0.1256
[INFO] [1778160194.192076801] [aic_model]: pfrac: 1.0 xy_error: 0.00108 -0.000863   integrators: -0.0133 , -0.0121
[INFO] [1778160194.241404798] [aic_model]: z_offset: 0.1248
[INFO] [1778160194.242658706] [aic_model]: pfrac: 1.0 xy_error: 0.00128 -0.000951   integrators: -0.012 , -0.0131
[INFO] [1778160194.291335943] [aic_model]: z_offset: 0.124
[INFO] [1778160194.292551510] [aic_model]: pfrac: 1.0 xy_error: 0.00146 -0.00102   integrators: -0.0106 , -0.0141
[INFO] [1778160194.341371805] [aic_model]: z_offset: 0.1232
[INFO] [1778160194.342568637] [aic_model]: pfrac: 1.0 xy_error: 0.00163 -0.00107   integrators: -0.00894 , -0.0152
[INFO] [1778160194.391342756] [aic_model]: z_offset: 0.1224
[INFO] [1778160194.391855066] [aic_model]: pfrac: 1.0 xy_error: 0.00174 -0.00112   integrators: -0.0072 , -0.0163
[INFO] [1778160194.441394027] [aic_model]: z_offset: 0.1216
[INFO] [1778160194.442541546] [aic_model]: pfrac: 1.0 xy_error: 0.00182 -0.00115   integrators: -0.00538 , -0.0174
[INFO] [1778160194.491352805] [aic_model]: z_offset: 0.1208
[INFO] [1778160194.492557030] [aic_model]: pfrac: 1.0 xy_error: 0.00187 -0.00117   integrators: -0.00351 , -0.0186
[INFO] [1778160194.541352569] [aic_model]: z_offset: 0.12
[INFO] [1778160194.542532509] [aic_model]: pfrac: 1.0 xy_error: 0.00189 -0.00116   integrators: -0.00161 , -0.0198
[INFO] [1778160194.588375979] [aic_model]: insert_cable execute loop
[INFO] [1778160194.591336754] [aic_model]: z_offset: 0.1192
[INFO] [1778160194.592529880] [aic_model]: pfrac: 1.0 xy_error: 0.0019 -0.00114   integrators: 0.000287 , -0.0209
[INFO] [1778160194.641481491] [aic_model]: z_offset: 0.1184
[INFO] [1778160194.642669927] [aic_model]: pfrac: 1.0 xy_error: 0.0019 -0.00109   integrators: 0.00219 , -0.022
[INFO] [1778160194.691412837] [aic_model]: z_offset: 0.1176
[INFO] [1778160194.693179025] [aic_model]: pfrac: 1.0 xy_error: 0.00186 -0.00103   integrators: 0.00405 , -0.023
[INFO] [1778160194.743428507] [aic_model]: z_offset: 0.1168
[INFO] [1778160194.744810797] [aic_model]: pfrac: 1.0 xy_error: 0.00179 -0.000987   integrators: 0.00584 , -0.024
[INFO] [1778160194.793381805] [aic_model]: z_offset: 0.116
[INFO] [1778160194.794674707] [aic_model]: pfrac: 1.0 xy_error: 0.00171 -0.000901   integrators: 0.00754 , -0.0249
[INFO] [1778160194.843327929] [aic_model]: z_offset: 0.1152
[INFO] [1778160194.844502820] [aic_model]: pfrac: 1.0 xy_error: 0.00162 -0.000795   integrators: 0.00917 , -0.0257
[INFO] [1778160194.893323786] [aic_model]: z_offset: 0.1144
[INFO] [1778160194.894618371] [aic_model]: pfrac: 1.0 xy_error: 0.00149 -0.000712   integrators: 0.0107 , -0.0264
[INFO] [1778160194.943360339] [aic_model]: z_offset: 0.1136
[INFO] [1778160194.944493352] [aic_model]: pfrac: 1.0 xy_error: 0.00135 -0.000636   integrators: 0.012 , -0.027
[INFO] [1778160194.993357489] [aic_model]: z_offset: 0.1128
[INFO] [1778160194.994614634] [aic_model]: pfrac: 1.0 xy_error: 0.00118 -0.000533   integrators: 0.0132 , -0.0276
[INFO] [1778160195.043344820] [aic_model]: z_offset: 0.112
[INFO] [1778160195.043968528] [aic_model]: pfrac: 1.0 xy_error: 0.00103 -0.000426   integrators: 0.0142 , -0.028
[INFO] [1778160195.093313957] [aic_model]: z_offset: 0.1112
[INFO] [1778160195.094546886] [aic_model]: pfrac: 1.0 xy_error: 0.000855 -0.000321   integrators: 0.0151 , -0.0283
[INFO] [1778160195.143465516] [aic_model]: z_offset: 0.1104
[INFO] [1778160195.144767134] [aic_model]: pfrac: 1.0 xy_error: 0.000674 -0.000223   integrators: 0.0157 , -0.0285
[INFO] [1778160195.193456924] [aic_model]: z_offset: 0.1096
[INFO] [1778160195.194663053] [aic_model]: pfrac: 1.0 xy_error: 0.00048 -0.000121   integrators: 0.0162 , -0.0287
[INFO] [1778160195.243333097] [aic_model]: z_offset: 0.1088
[INFO] [1778160195.243716104] [aic_model]: pfrac: 1.0 xy_error: 0.000284 -2.86e-05   integrators: 0.0165 , -0.0287
[INFO] [1778160195.293358770] [aic_model]: z_offset: 0.108
[INFO] [1778160195.294581730] [aic_model]: pfrac: 1.0 xy_error: 0.000103 8.54e-05   integrators: 0.0166 , -0.0286
[INFO] [1778160195.343375566] [aic_model]: z_offset: 0.1072
[INFO] [1778160195.344215228] [aic_model]: pfrac: 1.0 xy_error: -9.02e-05 0.000191   integrators: 0.0165 , -0.0284
[INFO] [1778160195.393379227] [aic_model]: z_offset: 0.1064
[INFO] [1778160195.394673402] [aic_model]: pfrac: 1.0 xy_error: -0.000238 0.000286   integrators: 0.0163 , -0.0281
[INFO] [1778160195.443351330] [aic_model]: z_offset: 0.1056
[INFO] [1778160195.444186424] [aic_model]: pfrac: 1.0 xy_error: -0.000387 0.000365   integrators: 0.0159 , -0.0278
[INFO] [1778160195.493368627] [aic_model]: z_offset: 0.1048
[INFO] [1778160195.494073257] [aic_model]: pfrac: 1.0 xy_error: -0.000527 0.000449   integrators: 0.0154 , -0.0273
[INFO] [1778160195.543351530] [aic_model]: z_offset: 0.104
[INFO] [1778160195.544569120] [aic_model]: pfrac: 1.0 xy_error: -0.000621 0.000531   integrators: 0.0147 , -0.0268
[INFO] [1778160195.587624186] [aic_model]: insert_cable execute loop
[INFO] [1778160195.593316609] [aic_model]: z_offset: 0.1032
[INFO] [1778160195.594095438] [aic_model]: pfrac: 1.0 xy_error: -0.000717 0.000607   integrators: 0.014 , -0.0262
[INFO] [1778160195.643371075] [aic_model]: z_offset: 0.1024
[INFO] [1778160195.644623381] [aic_model]: pfrac: 1.0 xy_error: -0.00081 0.000664   integrators: 0.0132 , -0.0255
[INFO] [1778160195.693532743] [aic_model]: z_offset: 0.1016
[INFO] [1778160195.695007646] [aic_model]: pfrac: 1.0 xy_error: -0.000889 0.000705   integrators: 0.0123 , -0.0248
[INFO] [1778160195.743510105] [aic_model]: z_offset: 0.1008
[INFO] [1778160195.744756871] [aic_model]: pfrac: 1.0 xy_error: -0.000948 0.000755   integrators: 0.0114 , -0.0241
[INFO] [1778160195.793342476] [aic_model]: z_offset: 0.1
[INFO] [1778160195.794566789] [aic_model]: pfrac: 1.0 xy_error: -0.000992 0.000795   integrators: 0.0104 , -0.0233
[INFO] [1778160195.843352470] [aic_model]: z_offset: 0.0992
[INFO] [1778160195.844362501] [aic_model]: pfrac: 1.0 xy_error: -0.00102 0.000819   integrators: 0.00936 , -0.0224
[INFO] [1778160195.893382040] [aic_model]: z_offset: 0.0984
[INFO] [1778160195.894012420] [aic_model]: pfrac: 1.0 xy_error: -0.00102 0.000828   integrators: 0.00834 , -0.0216
[INFO] [1778160195.943397082] [aic_model]: z_offset: 0.0976
[INFO] [1778160195.944574308] [aic_model]: pfrac: 1.0 xy_error: -0.000996 0.000811   integrators: 0.00734 , -0.0208
[INFO] [1778160195.993345200] [aic_model]: z_offset: 0.0968
[INFO] [1778160195.994509611] [aic_model]: pfrac: 1.0 xy_error: -0.000949 0.000764   integrators: 0.0064 , -0.02
[INFO] [1778160196.043441946] [aic_model]: z_offset: 0.096
[INFO] [1778160196.043877161] [aic_model]: pfrac: 1.0 xy_error: -0.00091 0.000717   integrators: 0.00549 , -0.0193
[INFO] [1778160196.093370015] [aic_model]: z_offset: 0.0952
[INFO] [1778160196.094572287] [aic_model]: pfrac: 1.0 xy_error: -0.000843 0.000665   integrators: 0.00464 , -0.0187
[INFO] [1778160196.143328412] [aic_model]: z_offset: 0.0944
[INFO] [1778160196.143952541] [aic_model]: pfrac: 1.0 xy_error: -0.000755 0.00062   integrators: 0.00389 , -0.018
[INFO] [1778160196.193347382] [aic_model]: z_offset: 0.0936
[INFO] [1778160196.194104520] [aic_model]: pfrac: 1.0 xy_error: -0.000655 0.000583   integrators: 0.00323 , -0.0175
[INFO] [1778160196.243333240] [aic_model]: z_offset: 0.0928
[INFO] [1778160196.243843586] [aic_model]: pfrac: 1.0 xy_error: -0.000546 0.000546   integrators: 0.00269 , -0.0169
[INFO] [1778160196.293336571] [aic_model]: z_offset: 0.092
[INFO] [1778160196.293961391] [aic_model]: pfrac: 1.0 xy_error: -0.000457 0.000491   integrators: 0.00223 , -0.0164
[INFO] [1778160196.343330033] [aic_model]: z_offset: 0.0912
[INFO] [1778160196.344596245] [aic_model]: pfrac: 1.0 xy_error: -0.000351 0.000416   integrators: 0.00188 , -0.016
[INFO] [1778160196.393355705] [aic_model]: z_offset: 0.0904
[INFO] [1778160196.393868305] [aic_model]: pfrac: 1.0 xy_error: -0.000208 0.000334   integrators: 0.00167 , -0.0157
[INFO] [1778160196.443358274] [aic_model]: z_offset: 0.0896
[INFO] [1778160196.444618014] [aic_model]: pfrac: 1.0 xy_error: -6.9e-05 0.000258   integrators: 0.0016 , -0.0154
[INFO] [1778160196.493324806] [aic_model]: z_offset: 0.0888
[INFO] [1778160196.494052249] [aic_model]: pfrac: 1.0 xy_error: 7.02e-05 0.000172   integrators: 0.00167 , -0.0152
[INFO] [1778160196.543403718] [aic_model]: z_offset: 0.088
[INFO] [1778160196.544655453] [aic_model]: pfrac: 1.0 xy_error: 0.000201 6.76e-05   integrators: 0.00187 , -0.0152
[INFO] [1778160196.587648333] [aic_model]: insert_cable execute loop
[INFO] [1778160196.593356495] [aic_model]: z_offset: 0.0872
[INFO] [1778160196.593712952] [aic_model]: pfrac: 1.0 xy_error: 0.000321 -4.56e-05   integrators: 0.00219 , -0.0152
[INFO] [1778160196.643395332] [aic_model]: z_offset: 0.0864
[INFO] [1778160196.644657907] [aic_model]: pfrac: 1.0 xy_error: 0.000422 -0.000163   integrators: 0.00262 , -0.0154
[INFO] [1778160196.693548824] [aic_model]: z_offset: 0.0856
[INFO] [1778160196.694809245] [aic_model]: pfrac: 1.0 xy_error: 0.000501 -0.000258   integrators: 0.00312 , -0.0156
[INFO] [1778160196.743458619] [aic_model]: z_offset: 0.0848
[INFO] [1778160196.744711546] [aic_model]: pfrac: 1.0 xy_error: 0.000546 -0.000301   integrators: 0.00366 , -0.0159
[INFO] [1778160196.793441862] [aic_model]: z_offset: 0.084
[INFO] [1778160196.794710769] [aic_model]: pfrac: 1.0 xy_error: 0.000616 -0.000354   integrators: 0.00428 , -0.0163
[INFO] [1778160196.843347229] [aic_model]: z_offset: 0.0832
[INFO] [1778160196.844589266] [aic_model]: pfrac: 1.0 xy_error: 0.000687 -0.000408   integrators: 0.00497 , -0.0167
[INFO] [1778160196.893352824] [aic_model]: z_offset: 0.0824
[INFO] [1778160196.894587086] [aic_model]: pfrac: 1.0 xy_error: 0.000729 -0.000452   integrators: 0.0057 , -0.0171
[INFO] [1778160196.943369841] [aic_model]: z_offset: 0.0816
[INFO] [1778160196.944042030] [aic_model]: pfrac: 1.0 xy_error: 0.000766 -0.000474   integrators: 0.00646 , -0.0176
[INFO] [1778160196.993455466] [aic_model]: z_offset: 0.0808
[INFO] [1778160196.994696300] [aic_model]: pfrac: 1.0 xy_error: 0.000779 -0.000488   integrators: 0.00724 , -0.0181
[INFO] [1778160197.043447745] [aic_model]: z_offset: 0.08
[INFO] [1778160197.044807913] [aic_model]: pfrac: 1.0 xy_error: 0.000781 -0.000519   integrators: 0.00802 , -0.0186
[INFO] [1778160197.093370284] [aic_model]: z_offset: 0.0792
[INFO] [1778160197.094543081] [aic_model]: pfrac: 1.0 xy_error: 0.000733 -0.000571   integrators: 0.00876 , -0.0192
[INFO] [1778160197.143452683] [aic_model]: z_offset: 0.0784
[INFO] [1778160197.144165398] [aic_model]: pfrac: 1.0 xy_error: 0.000684 -0.000592   integrators: 0.00944 , -0.0198
[INFO] [1778160197.193334356] [aic_model]: z_offset: 0.0776
[INFO] [1778160197.194585319] [aic_model]: pfrac: 1.0 xy_error: 0.000627 -0.000562   integrators: 0.0101 , -0.0204
[INFO] [1778160197.243366981] [aic_model]: z_offset: 0.0768
[INFO] [1778160197.244127636] [aic_model]: pfrac: 1.0 xy_error: 0.00058 -0.000541   integrators: 0.0106 , -0.0209
[INFO] [1778160197.293337951] [aic_model]: z_offset: 0.076
[INFO] [1778160197.294525856] [aic_model]: pfrac: 1.0 xy_error: 0.000548 -0.000526   integrators: 0.0112 , -0.0214
[INFO] [1778160197.343341852] [aic_model]: z_offset: 0.0752
[INFO] [1778160197.344562839] [aic_model]: pfrac: 1.0 xy_error: 0.000511 -0.00049   integrators: 0.0117 , -0.0219
[INFO] [1778160197.393341225] [aic_model]: z_offset: 0.0744
[INFO] [1778160197.394566490] [aic_model]: pfrac: 1.0 xy_error: 0.00046 -0.000449   integrators: 0.0122 , -0.0224
[INFO] [1778160197.443353493] [aic_model]: z_offset: 0.0736
[INFO] [1778160197.444597372] [aic_model]: pfrac: 1.0 xy_error: 0.000391 -0.000399   integrators: 0.0126 , -0.0228
[INFO] [1778160197.493359087] [aic_model]: z_offset: 0.0728
[INFO] [1778160197.494589893] [aic_model]: pfrac: 1.0 xy_error: 0.000328 -0.000379   integrators: 0.0129 , -0.0231
[INFO] [1778160197.543342591] [aic_model]: z_offset: 0.072
[INFO] [1778160197.544587532] [aic_model]: pfrac: 1.0 xy_error: 0.000288 -0.00034   integrators: 0.0132 , -0.0235
[INFO] [1778160197.588407170] [aic_model]: insert_cable execute loop
[INFO] [1778160197.593294755] [aic_model]: z_offset: 0.0712
[INFO] [1778160197.593670870] [aic_model]: pfrac: 1.0 xy_error: 0.000222 -0.000312   integrators: 0.0134 , -0.0238
[INFO] [1778160197.643381071] [aic_model]: z_offset: 0.0704
[INFO] [1778160197.644592611] [aic_model]: pfrac: 1.0 xy_error: 0.000151 -0.000248   integrators: 0.0135 , -0.024
[INFO] [1778160197.693370045] [aic_model]: z_offset: 0.0696
[INFO] [1778160197.695100706] [aic_model]: pfrac: 1.0 xy_error: 0.000111 -0.000195   integrators: 0.0137 , -0.0242
[INFO] [1778160197.745405732] [aic_model]: z_offset: 0.0688
[INFO] [1778160197.747023773] [aic_model]: pfrac: 1.0 xy_error: 6.79e-05 -0.000146   integrators: 0.0137 , -0.0244
[INFO] [1778160197.797332926] [aic_model]: z_offset: 0.068
[INFO] [1778160197.797854403] [aic_model]: pfrac: 1.0 xy_error: -3.56e-06 -9.78e-05   integrators: 0.0137 , -0.0245
[INFO] [1778160197.847330816] [aic_model]: z_offset: 0.0672
[INFO] [1778160197.847853245] [aic_model]: pfrac: 1.0 xy_error: -6.06e-05 -5.19e-05   integrators: 0.0137 , -0.0245
[INFO] [1778160197.897357480] [aic_model]: z_offset: 0.0664
[INFO] [1778160197.898180893] [aic_model]: pfrac: 1.0 xy_error: -0.000101 1.57e-05   integrators: 0.0136 , -0.0245
[INFO] [1778160197.947336054] [aic_model]: z_offset: 0.0656
[INFO] [1778160197.948467634] [aic_model]: pfrac: 1.0 xy_error: -0.00014 7.08e-05   integrators: 0.0134 , -0.0244
[INFO] [1778160197.997334987] [aic_model]: z_offset: 0.0648
[INFO] [1778160197.998480041] [aic_model]: pfrac: 1.0 xy_error: -0.000168 0.000119   integrators: 0.0133 , -0.0243
[INFO] [1778160198.047368724] [aic_model]: z_offset: 0.064
[INFO] [1778160198.047773322] [aic_model]: pfrac: 1.0 xy_error: -0.000159 0.000166   integrators: 0.0131 , -0.0242
[INFO] [1778160198.097376602] [aic_model]: z_offset: 0.0632
[INFO] [1778160198.098314619] [aic_model]: pfrac: 1.0 xy_error: -0.000169 0.000228   integrators: 0.0129 , -0.0239
[INFO] [1778160198.147357220] [aic_model]: z_offset: 0.0624
[INFO] [1778160198.148647627] [aic_model]: pfrac: 1.0 xy_error: -0.000161 0.000271   integrators: 0.0128 , -0.0237
[INFO] [1778160198.197321738] [aic_model]: z_offset: 0.0616
[INFO] [1778160198.198623807] [aic_model]: pfrac: 1.0 xy_error: -0.000188 0.000284   integrators: 0.0126 , -0.0234
[INFO] [1778160198.247333133] [aic_model]: z_offset: 0.0608
[INFO] [1778160198.248511440] [aic_model]: pfrac: 1.0 xy_error: -0.000201 0.00027   integrators: 0.0124 , -0.0231
[INFO] [1778160198.297366670] [aic_model]: z_offset: 0.06
[INFO] [1778160198.298506815] [aic_model]: pfrac: 1.0 xy_error: -0.000206 0.000274   integrators: 0.0122 , -0.0228
[INFO] [1778160198.347357767] [aic_model]: z_offset: 0.0592
[INFO] [1778160198.348583673] [aic_model]: pfrac: 1.0 xy_error: -0.000211 0.000281   integrators: 0.012 , -0.0225
[INFO] [1778160198.397327555] [aic_model]: z_offset: 0.0584
[INFO] [1778160198.398504349] [aic_model]: pfrac: 1.0 xy_error: -0.000194 0.00026   integrators: 0.0118 , -0.0223
[INFO] [1778160198.448689780] [aic_model]: z_offset: 0.0576
[INFO] [1778160198.449300354] [aic_model]: pfrac: 1.0 xy_error: -0.000163 0.000237   integrators: 0.0116 , -0.022
[INFO] [1778160198.499372363] [aic_model]: z_offset: 0.0568
[INFO] [1778160198.500199933] [aic_model]: pfrac: 1.0 xy_error: -0.000122 0.000226   integrators: 0.0115 , -0.0218
[INFO] [1778160198.549329747] [aic_model]: z_offset: 0.056
[INFO] [1778160198.550166765] [aic_model]: pfrac: 1.0 xy_error: -6.54e-05 0.000212   integrators: 0.0114 , -0.0216
[INFO] [1778160198.587565876] [aic_model]: insert_cable execute loop
[INFO] [1778160198.599333868] [aic_model]: z_offset: 0.0552
[INFO] [1778160198.600513828] [aic_model]: pfrac: 1.0 xy_error: -3.14e-05 0.000186   integrators: 0.0114 , -0.0214
[INFO] [1778160198.649360031] [aic_model]: z_offset: 0.0544
[INFO] [1778160198.649766853] [aic_model]: pfrac: 1.0 xy_error: -1.86e-05 0.000148   integrators: 0.0114 , -0.0213
[INFO] [1778160198.699479900] [aic_model]: z_offset: 0.0536
[INFO] [1778160198.701229387] [aic_model]: pfrac: 1.0 xy_error: -8.98e-06 0.000115   integrators: 0.0114 , -0.0212
[INFO] [1778160198.751391935] [aic_model]: z_offset: 0.0528
[INFO] [1778160198.751825297] [aic_model]: pfrac: 1.0 xy_error: 6.85e-06 7.72e-05   integrators: 0.0114 , -0.0211
[INFO] [1778160198.801336736] [aic_model]: z_offset: 0.052
[INFO] [1778160198.802538817] [aic_model]: pfrac: 1.0 xy_error: 1.01e-05 6.78e-05   integrators: 0.0114 , -0.021
[INFO] [1778160198.851376685] [aic_model]: z_offset: 0.0512
[INFO] [1778160198.852591470] [aic_model]: pfrac: 1.0 xy_error: 2.38e-05 7.53e-05   integrators: 0.0114 , -0.0209
[INFO] [1778160198.901392999] [aic_model]: z_offset: 0.0504
[INFO] [1778160198.903024886] [aic_model]: pfrac: 1.0 xy_error: 3.13e-05 4.24e-05   integrators: 0.0114 , -0.0209
[INFO] [1778160198.951343460] [aic_model]: z_offset: 0.0496
[INFO] [1778160198.952918420] [aic_model]: pfrac: 1.0 xy_error: 7.73e-06 1.01e-05   integrators: 0.0114 , -0.0209
[INFO] [1778160199.001336591] [aic_model]: z_offset: 0.0488
[INFO] [1778160199.003112207] [aic_model]: pfrac: 1.0 xy_error: 1.05e-05 -2.74e-05   integrators: 0.0114 , -0.0209
[INFO] [1778160199.053464972] [aic_model]: z_offset: 0.048
[INFO] [1778160199.053852648] [aic_model]: pfrac: 1.0 xy_error: 5.72e-05 -5.19e-05   integrators: 0.0115 , -0.021
[INFO] [1778160199.103463944] [aic_model]: z_offset: 0.0472
[INFO] [1778160199.105245501] [aic_model]: pfrac: 1.0 xy_error: 0.000102 -9.28e-05   integrators: 0.0116 , -0.0211
[INFO] [1778160199.155616259] [aic_model]: z_offset: 0.0464
[INFO] [1778160199.156481539] [aic_model]: pfrac: 1.0 xy_error: 0.000142 -0.00011   integrators: 0.0117 , -0.0212
[INFO] [1778160199.205642051] [aic_model]: z_offset: 0.0456
[INFO] [1778160199.206320381] [aic_model]: pfrac: 1.0 xy_error: 0.000162 -0.000126   integrators: 0.0119 , -0.0213
[INFO] [1778160199.255405522] [aic_model]: z_offset: 0.0448
[INFO] [1778160199.256886746] [aic_model]: pfrac: 1.0 xy_error: 0.000185 -0.000137   integrators: 0.0121 , -0.0214
[INFO] [1778160199.305366352] [aic_model]: z_offset: 0.044
[INFO] [1778160199.305767403] [aic_model]: pfrac: 1.0 xy_error: 0.000202 -0.000138   integrators: 0.0123 , -0.0216
[INFO] [1778160199.355377997] [aic_model]: z_offset: 0.0432
[INFO] [1778160199.356966232] [aic_model]: pfrac: 1.0 xy_error: 0.00021 -0.00015   integrators: 0.0125 , -0.0217
[INFO] [1778160199.405367121] [aic_model]: z_offset: 0.0424
[INFO] [1778160199.405782419] [aic_model]: pfrac: 1.0 xy_error: 0.000213 -0.000166   integrators: 0.0127 , -0.0219
[INFO] [1778160199.455432647] [aic_model]: z_offset: 0.0416
[INFO] [1778160199.456923329] [aic_model]: pfrac: 1.0 xy_error: 0.000214 -0.000189   integrators: 0.0129 , -0.0221
[INFO] [1778160199.505399048] [aic_model]: z_offset: 0.0408
[INFO] [1778160199.506729560] [aic_model]: pfrac: 1.0 xy_error: 0.000229 -0.000188   integrators: 0.0132 , -0.0223
[INFO] [1778160199.555494451] [aic_model]: z_offset: 0.04
[INFO] [1778160199.555954653] [aic_model]: pfrac: 1.0 xy_error: 0.000246 -0.000176   integrators: 0.0134 , -0.0224
[INFO] [1778160199.587630003] [aic_model]: insert_cable execute loop
[INFO] [1778160199.605331359] [aic_model]: z_offset: 0.0392
[INFO] [1778160199.605708966] [aic_model]: pfrac: 1.0 xy_error: 0.000253 -0.000173   integrators: 0.0137 , -0.0226
[INFO] [1778160199.655531267] [aic_model]: z_offset: 0.0384
[INFO] [1778160199.657016579] [aic_model]: pfrac: 1.0 xy_error: 0.000268 -0.000149   integrators: 0.0139 , -0.0228
[INFO] [1778160199.705562359] [aic_model]: z_offset: 0.0376
[INFO] [1778160199.707161965] [aic_model]: pfrac: 1.0 xy_error: 0.000245 -0.000142   integrators: 0.0142 , -0.0229
[INFO] [1778160199.755642182] [aic_model]: z_offset: 0.0368
[INFO] [1778160199.756019699] [aic_model]: pfrac: 1.0 xy_error: 0.000225 -0.000157   integrators: 0.0144 , -0.0231
[INFO] [1778160199.807460893] [aic_model]: z_offset: 0.036
[INFO] [1778160199.807951251] [aic_model]: pfrac: 1.0 xy_error: 0.000246 -0.00021   integrators: 0.0146 , -0.0233
[INFO] [1778160199.855543174] [aic_model]: z_offset: 0.0352
[INFO] [1778160199.855923166] [aic_model]: pfrac: 1.0 xy_error: 0.000246 -0.000219   integrators: 0.0149 , -0.0235
[INFO] [1778160199.905496531] [aic_model]: z_offset: 0.0344
[INFO] [1778160199.905897001] [aic_model]: pfrac: 1.0 xy_error: 0.000247 -0.000218   integrators: 0.0151 , -0.0237
[INFO] [1778160199.955456970] [aic_model]: z_offset: 0.0336
[INFO] [1778160199.955843624] [aic_model]: pfrac: 1.0 xy_error: 0.000249 -0.000217   integrators: 0.0154 , -0.0239
[INFO] [1778160200.005471621] [aic_model]: z_offset: 0.0328
[INFO] [1778160200.005855130] [aic_model]: pfrac: 1.0 xy_error: 0.000251 -0.000216   integrators: 0.0156 , -0.0241
[INFO] [1778160200.055359876] [aic_model]: z_offset: 0.032
[INFO] [1778160200.055735078] [aic_model]: pfrac: 1.0 xy_error: 0.000253 -0.000215   integrators: 0.0159 , -0.0244
[INFO] [1778160200.105502496] [aic_model]: z_offset: 0.0312
[INFO] [1778160200.105923374] [aic_model]: pfrac: 1.0 xy_error: 0.000255 -0.000214   integrators: 0.0161 , -0.0246
[INFO] [1778160200.155409956] [aic_model]: z_offset: 0.0304
[INFO] [1778160200.156254178] [aic_model]: pfrac: 1.0 xy_error: 0.000257 -0.000212   integrators: 0.0164 , -0.0248
[INFO] [1778160200.205392728] [aic_model]: z_offset: 0.0296
[INFO] [1778160200.206843665] [aic_model]: pfrac: 1.0 xy_error: 0.000259 -0.000211   integrators: 0.0167 , -0.025
[INFO] [1778160200.255413951] [aic_model]: z_offset: 0.0288
[INFO] [1778160200.256110716] [aic_model]: pfrac: 1.0 xy_error: 0.000261 -0.00021   integrators: 0.0169 , -0.0252
[INFO] [1778160200.305376023] [aic_model]: z_offset: 0.028
[INFO] [1778160200.306811221] [aic_model]: pfrac: 1.0 xy_error: 0.000264 -0.000208   integrators: 0.0172 , -0.0254
[INFO] [1778160200.355331203] [aic_model]: z_offset: 0.0272
[INFO] [1778160200.356020784] [aic_model]: pfrac: 1.0 xy_error: 0.000266 -0.000207   integrators: 0.0174 , -0.0256
[INFO] [1778160200.405452954] [aic_model]: z_offset: 0.0264
[INFO] [1778160200.406266929] [aic_model]: pfrac: 1.0 xy_error: 0.000269 -0.000205   integrators: 0.0177 , -0.0258
[INFO] [1778160200.455513722] [aic_model]: z_offset: 0.0256
[INFO] [1778160200.456823084] [aic_model]: pfrac: 1.0 xy_error: 0.000272 -0.000204   integrators: 0.018 , -0.026
[INFO] [1778160200.505568648] [aic_model]: z_offset: 0.0248
[INFO] [1778160200.507029424] [aic_model]: pfrac: 1.0 xy_error: 0.000275 -0.000202   integrators: 0.0183 , -0.0262
[INFO] [1778160200.555368266] [aic_model]: z_offset: 0.024
[INFO] [1778160200.555743138] [aic_model]: pfrac: 1.0 xy_error: 0.000278 -0.000201   integrators: 0.0185 , -0.0264
[INFO] [1778160200.587574501] [aic_model]: insert_cable execute loop
[INFO] [1778160200.605322234] [aic_model]: z_offset: 0.0232
[INFO] [1778160200.606486104] [aic_model]: pfrac: 1.0 xy_error: 0.000281 -0.000199   integrators: 0.0188 , -0.0266
[INFO] [1778160200.655524165] [aic_model]: z_offset: 0.0224
[INFO] [1778160200.656793242] [aic_model]: pfrac: 1.0 xy_error: 0.000284 -0.000197   integrators: 0.0191 , -0.0268
[INFO] [1778160200.705557892] [aic_model]: z_offset: 0.0216
[INFO] [1778160200.707233540] [aic_model]: pfrac: 1.0 xy_error: 0.000287 -0.000195   integrators: 0.0194 , -0.027
[INFO] [1778160200.758063438] [aic_model]: z_offset: 0.0208
[INFO] [1778160200.759864171] [aic_model]: pfrac: 1.0 xy_error: 0.00029 -0.000194   integrators: 0.0197 , -0.0272
[INFO] [1778160200.809631619] [aic_model]: z_offset: 0.02
[INFO] [1778160200.811040218] [aic_model]: pfrac: 1.0 xy_error: 0.000291 -0.000194   integrators: 0.02 , -0.0274
[INFO] [1778160200.861420443] [aic_model]: z_offset: 0.0192
[INFO] [1778160200.861870486] [aic_model]: pfrac: 1.0 xy_error: 0.000291 -0.000194   integrators: 0.0203 , -0.0276
[INFO] [1778160200.911996135] [aic_model]: z_offset: 0.0184
[INFO] [1778160200.913622932] [aic_model]: pfrac: 1.0 xy_error: 0.000291 -0.000194   integrators: 0.0206 , -0.0278
[INFO] [1778160200.963642873] [aic_model]: z_offset: 0.0176
[INFO] [1778160200.965234334] [aic_model]: pfrac: 1.0 xy_error: 0.000291 -0.000194   integrators: 0.0208 , -0.028
[INFO] [1778160201.015421869] [aic_model]: z_offset: 0.0168
[INFO] [1778160201.015856302] [aic_model]: pfrac: 1.0 xy_error: 0.000291 -0.000194   integrators: 0.0211 , -0.0282
[INFO] [1778160201.065385073] [aic_model]: z_offset: 0.016
[INFO] [1778160201.065788619] [aic_model]: pfrac: 1.0 xy_error: 0.000291 -0.000194   integrators: 0.0214 , -0.0284
[INFO] [1778160201.115360520] [aic_model]: z_offset: 0.0152
[INFO] [1778160201.115761181] [aic_model]: pfrac: 1.0 xy_error: 0.000291 -0.000194   integrators: 0.0217 , -0.0286
[INFO] [1778160201.165467254] [aic_model]: z_offset: 0.0144
[INFO] [1778160201.165880197] [aic_model]: pfrac: 1.0 xy_error: 0.000291 -0.000194   integrators: 0.022 , -0.0288
[INFO] [1778160201.215378951] [aic_model]: z_offset: 0.0136
[INFO] [1778160201.215767770] [aic_model]: pfrac: 1.0 xy_error: 0.000291 -0.000194   integrators: 0.0223 , -0.029
[INFO] [1778160201.265376129] [aic_model]: z_offset: 0.0128
[INFO] [1778160201.267808816] [aic_model]: pfrac: 1.0 xy_error: 0.000291 -0.000194   integrators: 0.0226 , -0.0292
[INFO] [1778160201.317909127] [aic_model]: z_offset: 0.012
[INFO] [1778160201.319413505] [aic_model]: pfrac: 1.0 xy_error: 0.000291 -0.000194   integrators: 0.0229 , -0.0294
[INFO] [1778160201.369529065] [aic_model]: z_offset: 0.0112
[INFO] [1778160201.369960823] [aic_model]: pfrac: 1.0 xy_error: 0.000291 -0.000195   integrators: 0.0232 , -0.0295
[INFO] [1778160201.419386651] [aic_model]: z_offset: 0.0104
[INFO] [1778160201.419882931] [aic_model]: pfrac: 1.0 xy_error: 0.000291 -0.000195   integrators: 0.0235 , -0.0297
[INFO] [1778160201.469548287] [aic_model]: z_offset: 0.0096
[INFO] [1778160201.470383482] [aic_model]: pfrac: 1.0 xy_error: 0.000291 -0.000195   integrators: 0.0238 , -0.0299
[INFO] [1778160201.519361751] [aic_model]: z_offset: 0.0088
[INFO] [1778160201.519761620] [aic_model]: pfrac: 1.0 xy_error: 0.000291 -0.000195   integrators: 0.0241 , -0.0301
[INFO] [1778160201.569407420] [aic_model]: z_offset: 0.008
[INFO] [1778160201.569840541] [aic_model]: pfrac: 1.0 xy_error: 0.000291 -0.000196   integrators: 0.0243 , -0.0303
[INFO] [1778160201.587516249] [aic_model]: insert_cable execute loop
[INFO] [1778160201.619365665] [aic_model]: z_offset: 0.0072
[INFO] [1778160201.619794698] [aic_model]: pfrac: 1.0 xy_error: 0.000291 -0.000196   integrators: 0.0246 , -0.0305
[INFO] [1778160201.669431552] [aic_model]: z_offset: 0.0064
[INFO] [1778160201.669863350] [aic_model]: pfrac: 1.0 xy_error: 0.000291 -0.000196   integrators: 0.0249 , -0.0307
[INFO] [1778160201.719732208] [aic_model]: z_offset: 0.0056
[INFO] [1778160201.721441149] [aic_model]: pfrac: 1.0 xy_error: 0.000291 -0.000197   integrators: 0.0252 , -0.0309
[INFO] [1778160201.771472240] [aic_model]: z_offset: 0.0048
[INFO] [1778160201.771876918] [aic_model]: pfrac: 1.0 xy_error: 0.000291 -0.000197   integrators: 0.0255 , -0.0311
[INFO] [1778160201.821496779] [aic_model]: z_offset: 0.004
[INFO] [1778160201.821915083] [aic_model]: pfrac: 1.0 xy_error: 0.000291 -0.000197   integrators: 0.0258 , -0.0313
[INFO] [1778160201.871893175] [aic_model]: z_offset: 0.0032
[INFO] [1778160201.872368666] [aic_model]: pfrac: 1.0 xy_error: 0.000291 -0.000198   integrators: 0.0261 , -0.0315
[INFO] [1778160201.922058759] [aic_model]: z_offset: 0.0024
[INFO] [1778160201.922501438] [aic_model]: pfrac: 1.0 xy_error: 0.000291 -0.000198   integrators: 0.0264 , -0.0317
[INFO] [1778160201.977203378] [aic_model]: z_offset: 0.0016
[INFO] [1778160201.977607395] [aic_model]: pfrac: 1.0 xy_error: 0.000291 -0.000198   integrators: 0.0267 , -0.0319
[INFO] [1778160202.027398978] [aic_model]: z_offset: 0.00080001
[INFO] [1778160202.027783558] [aic_model]: pfrac: 1.0 xy_error: 0.000291 -0.000198   integrators: 0.027 , -0.0321
[INFO] [1778160202.077730652] [aic_model]: z_offset: 5.692e-09
[INFO] [1778160202.079252603] [aic_model]: pfrac: 1.0 xy_error: 0.000291 -0.000199   integrators: 0.0273 , -0.0323
[INFO] [1778160202.129396054] [aic_model]: z_offset: -0.00079999
[INFO] [1778160202.129796825] [aic_model]: pfrac: 1.0 xy_error: 0.000291 -0.000199   integrators: 0.0275 , -0.0325
[INFO] [1778160202.179387892] [aic_model]: z_offset: -0.0016
[INFO] [1778160202.179787641] [aic_model]: pfrac: 1.0 xy_error: 0.000291 -0.000199   integrators: 0.0278 , -0.0327
[INFO] [1778160202.229362247] [aic_model]: z_offset: -0.0024
[INFO] [1778160202.229753971] [aic_model]: pfrac: 1.0 xy_error: 0.000291 -0.000199   integrators: 0.0281 , -0.0329
[INFO] [1778160202.279511610] [aic_model]: z_offset: -0.0032
[INFO] [1778160202.281837096] [aic_model]: pfrac: 1.0 xy_error: 0.000291 -0.000199   integrators: 0.0284 , -0.0331
[INFO] [1778160202.331389761] [aic_model]: z_offset: -0.004
[INFO] [1778160202.331775163] [aic_model]: pfrac: 1.0 xy_error: 0.000291 -0.000199   integrators: 0.0287 , -0.0333
[INFO] [1778160202.381368223] [aic_model]: z_offset: -0.0048
[INFO] [1778160202.381844225] [aic_model]: pfrac: 1.0 xy_error: 0.000291 -0.000199   integrators: 0.029 , -0.0335
[INFO] [1778160202.431607705] [aic_model]: z_offset: -0.0056
[INFO] [1778160202.432121317] [aic_model]: pfrac: 1.0 xy_error: 0.000291 -0.000199   integrators: 0.0293 , -0.0337
[INFO] [1778160202.481498173] [aic_model]: z_offset: -0.0064
[INFO] [1778160202.483884753] [aic_model]: pfrac: 1.0 xy_error: 0.000291 -0.000199   integrators: 0.0296 , -0.0339
[INFO] [1778160202.533423733] [aic_model]: z_offset: -0.0072
[INFO] [1778160202.533815096] [aic_model]: pfrac: 1.0 xy_error: 0.000292 -0.000199   integrators: 0.0299 , -0.0341
[INFO] [1778160202.583342213] [aic_model]: z_offset: -0.008
[INFO] [1778160202.583735429] [aic_model]: pfrac: 1.0 xy_error: 0.000292 -0.000199   integrators: 0.0302 , -0.0343
[INFO] [1778160202.587581203] [aic_model]: insert_cable execute loop
[INFO] [1778160202.633351153] [aic_model]: z_offset: -0.0088
[INFO] [1778160202.633735944] [aic_model]: pfrac: 1.0 xy_error: 0.000292 -0.000199   integrators: 0.0305 , -0.0345
[INFO] [1778160202.683439291] [aic_model]: z_offset: -0.0096
[INFO] [1778160202.683834872] [aic_model]: pfrac: 1.0 xy_error: 0.000292 -0.000199   integrators: 0.0308 , -0.0347
[INFO] [1778160202.733448611] [aic_model]: z_offset: -0.0104
[INFO] [1778160202.736046688] [aic_model]: pfrac: 1.0 xy_error: 0.000292 -0.000199   integrators: 0.031 , -0.0349
[INFO] [1778160202.785369102] [aic_model]: z_offset: -0.0112
[INFO] [1778160202.785771245] [aic_model]: pfrac: 1.0 xy_error: 0.000292 -0.000199   integrators: 0.0313 , -0.0351
[INFO] [1778160202.837322794] [aic_model]: z_offset: -0.012
[INFO] [1778160202.837726941] [aic_model]: pfrac: 1.0 xy_error: 0.000292 -0.000199   integrators: 0.0316 , -0.0353
[INFO] [1778160202.887354296] [aic_model]: z_offset: -0.0128
[INFO] [1778160202.887744557] [aic_model]: pfrac: 1.0 xy_error: 0.000292 -0.000199   integrators: 0.0319 , -0.0355
[INFO] [1778160202.937377913] [aic_model]: z_offset: -0.0136
[INFO] [1778160202.937769477] [aic_model]: pfrac: 1.0 xy_error: 0.000292 -0.000199   integrators: 0.0322 , -0.0357
[INFO] [1778160202.987445984] [aic_model]: z_offset: -0.0144
[INFO] [1778160202.987838840] [aic_model]: pfrac: 1.0 xy_error: 0.000292 -0.000199   integrators: 0.0325 , -0.0359
[INFO] [1778160203.037373581] [aic_model]: z_offset: -0.0152
[INFO] [1778160203.037756869] [aic_model]: pfrac: 1.0 xy_error: 0.000292 -0.000199   integrators: 0.0328 , -0.0361
[INFO] [1778160203.087439197] [aic_model]: z_offset: -0.016
[INFO] [1778160203.087841080] [aic_model]: pfrac: 1.0 xy_error: 0.000292 -0.000199   integrators: 0.0331 , -0.0363
[INFO] [1778160203.137378786] [aic_model]: z_offset: -0.0168
[INFO] [1778160203.137778495] [aic_model]: pfrac: 1.0 xy_error: 0.000292 -0.000199   integrators: 0.0334 , -0.0365
[INFO] [1778160203.187384851] [aic_model]: z_offset: -0.0176
[INFO] [1778160203.187862074] [aic_model]: pfrac: 1.0 xy_error: 0.000292 -0.000199   integrators: 0.0337 , -0.0367
[INFO] [1778160203.237368994] [aic_model]: z_offset: -0.0184
[INFO] [1778160203.237749025] [aic_model]: pfrac: 1.0 xy_error: 0.000292 -0.000199   integrators: 0.034 , -0.0369
[INFO] [1778160203.287599348] [aic_model]: z_offset: -0.0192
[INFO] [1778160203.288001842] [aic_model]: pfrac: 1.0 xy_error: 0.000292 -0.000199   integrators: 0.0343 , -0.0371
[INFO] [1778160203.337477292] [aic_model]: z_offset: -0.02
[INFO] [1778160203.337863215] [aic_model]: pfrac: 1.0 xy_error: 0.000292 -0.000199   integrators: 0.0345 , -0.0373
[INFO] [1778160203.387379632] [aic_model]: z_offset: -0.0208
[INFO] [1778160203.387774201] [aic_model]: pfrac: 1.0 xy_error: 0.000292 -0.000199   integrators: 0.0348 , -0.0375
[INFO] [1778160203.437407898] [aic_model]: z_offset: -0.0216
[INFO] [1778160203.437791025] [aic_model]: pfrac: 1.0 xy_error: 0.000292 -0.000199   integrators: 0.0351 , -0.0377
[INFO] [1778160203.487526763] [aic_model]: z_offset: -0.0224
[INFO] [1778160203.490842073] [aic_model]: pfrac: 1.0 xy_error: 0.000292 -0.000199   integrators: 0.0354 , -0.0379
[INFO] [1778160203.539345422] [aic_model]: z_offset: -0.0232
[INFO] [1778160203.539727849] [aic_model]: pfrac: 1.0 xy_error: 0.000292 -0.0002   integrators: 0.0357 , -0.0381
[INFO] [1778160203.587616136] [aic_model]: insert_cable execute loop
[INFO] [1778160203.589354682] [aic_model]: z_offset: -0.024
[INFO] [1778160203.589724625] [aic_model]: pfrac: 1.0 xy_error: 0.000292 -0.0002   integrators: 0.036 , -0.0383
[INFO] [1778160203.639351780] [aic_model]: z_offset: -0.0248
[INFO] [1778160203.639744636] [aic_model]: pfrac: 1.0 xy_error: 0.000292 -0.0002   integrators: 0.0363 , -0.0385
[INFO] [1778160203.689501914] [aic_model]: z_offset: -0.0256
[INFO] [1778160203.689902875] [aic_model]: pfrac: 1.0 xy_error: 0.000292 -0.0002   integrators: 0.0366 , -0.0387
[INFO] [1778160203.739746595] [aic_model]: Waiting for connector to stabilize...
[INFO] [1778160204.587690158] [aic_model]: insert_cable execute loop
[INFO] [1778160205.587579749] [aic_model]: insert_cable execute loop
[INFO] [1778160205.739654983] [aic_model]: AutoCode2.insert_cable() exiting...
[INFO] [1778160206.587610460] [aic_model]: insert_cable() returned True
[INFO] [1778160207.320000966] [aic_model]: on_deactivate(LifecycleState(label='active', state_id=3))
[INFO] [1778160207.635396795] [aic_model]: on_cleanup(LifecycleState(label='inactive', state_id=2))
[INFO] [1778160207.635956844] [aic_model]: on_shutdown(LifecycleState(label='unconfigured', state_id=1))
