ZENOH_CONFIG_OVERRIDE_ROUTER=mode="router";listen/endpoints=["tcp/[::]:7447"];connect/endpoints=[];routing/router/peers_failover_brokering=true;transport/shared_memory/enabled=false
ZENOH_CONFIG_OVERRIDE_PEER=;transport/shared_memory/enabled=false
[2m2026-05-07T15:13:26.674930Z[0m [32m INFO[0m ThreadId(02) [2mzenoh::net::runtime[0m[2m:[0m Using ZID: 54f338b82d4fe8485fc029502c0feebf
[2m2026-05-07T15:13:26.674956Z[0m [33m WARN[0m ThreadId(02) [2mzenoh::net::routing::interceptor::authorization[0m[2m:[0m Rule 'deny_rule' flows list is not set. Setting it to both Ingress and Egress
[2m2026-05-07T15:13:26.675323Z[0m [32m INFO[0m ThreadId(02) [2mzenoh::net::runtime::orchestrator[0m[2m:[0m Zenoh can be reached at: tcp/[fd7a:115c:a1e0::ef01:8616]:7447
[2m2026-05-07T15:13:26.675326Z[0m [32m INFO[0m ThreadId(02) [2mzenoh::net::runtime::orchestrator[0m[2m:[0m Zenoh can be reached at: tcp/100.72.134.15:7447
[2m2026-05-07T15:13:26.675327Z[0m [32m INFO[0m ThreadId(02) [2mzenoh::net::runtime::orchestrator[0m[2m:[0m Zenoh can be reached at: tcp/[fe80::3384:d0dc:aa58:526d]:7447
[2m2026-05-07T15:13:26.675327Z[0m [32m INFO[0m ThreadId(02) [2mzenoh::net::runtime::orchestrator[0m[2m:[0m Zenoh can be reached at: tcp/[fe80::609c:22ff:fe05:2ada]:7447
[2m2026-05-07T15:13:26.675328Z[0m [32m INFO[0m ThreadId(02) [2mzenoh::net::runtime::orchestrator[0m[2m:[0m Zenoh can be reached at: tcp/[fe80::4412:b0ff:fee8:787d]:7447
[2m2026-05-07T15:13:26.675328Z[0m [32m INFO[0m ThreadId(02) [2mzenoh::net::runtime::orchestrator[0m[2m:[0m Zenoh can be reached at: tcp/172.30.1.38:7447
[2m2026-05-07T15:13:26.675329Z[0m [32m INFO[0m ThreadId(02) [2mzenoh::net::runtime::orchestrator[0m[2m:[0m Zenoh can be reached at: tcp/10.10.10.13:7447
[2m2026-05-07T15:13:26.675329Z[0m [32m INFO[0m ThreadId(02) [2mzenoh::net::runtime::orchestrator[0m[2m:[0m Zenoh can be reached at: tcp/172.17.0.1:7447
[INFO] [launch]: All log files can be found below /root/.ros/log/2026-05-07-15-13-26-707569-weed-System-Product-Name-51
[INFO] [launch]: Default logging verbosity is set to INFO
[2m2026-05-07T15:13:26.914077Z[0m [32m INFO[0m acc-0 ThreadId(04) [2mzenoh::net::routing::interceptor::access_control[0m[2m:[0m 3524d5cc1ed00864371a1dc75478281e did not match any configured ACL subject. Default permission `Allow` will be applied on all messages
[INFO] [robot_state_publisher-1]: process started with pid [118]
[INFO] [aic_adapter-2]: process started with pid [119]
[INFO] [component_container-3]: process started with pid [120]
[INFO] [gz-4]: process started with pid [121]
[INFO] [create-5]: process started with pid [122]
[INFO] [relay-6]: process started with pid [123]
[INFO] [static_transform_publisher-7]: process started with pid [124]
[2m2026-05-07T15:13:27.009120Z[0m [32m INFO[0m acc-0 ThreadId(04) [2mzenoh::net::routing::interceptor::access_control[0m[2m:[0m 9c736b088505aa046486fd2eda94a435 did not match any configured ACL subject. Default permission `Allow` will be applied on all messages
[2m2026-05-07T15:13:27.009187Z[0m [32m INFO[0m acc-0 ThreadId(04) [2mzenoh::net::routing::interceptor::access_control[0m[2m:[0m 5fb95d1a7ffc06be5df6905f0468573b did not match any configured ACL subject. Default permission `Allow` will be applied on all messages
[2m2026-05-07T15:13:27.009262Z[0m [32m INFO[0m acc-0 ThreadId(04) [2mzenoh::net::routing::interceptor::access_control[0m[2m:[0m 429d54be2a8d902b886a0816a33d3986 did not match any configured ACL subject. Default permission `Allow` will be applied on all messages
[2m2026-05-07T15:13:27.009986Z[0m [32m INFO[0m acc-0 ThreadId(04) [2mzenoh::net::routing::interceptor::access_control[0m[2m:[0m 6306d41908c6b90f97a4d74136b438e3 did not match any configured ACL subject. Default permission `Allow` will be applied on all messages
[2m2026-05-07T15:13:27.010104Z[0m [32m INFO[0m acc-0 ThreadId(04) [2mzenoh::net::routing::interceptor::access_control[0m[2m:[0m ac2cf115934c8d4fbccb130f610bc349 did not match any configured ACL subject. Default permission `Allow` will be applied on all messages
[2m2026-05-07T15:13:27.015189Z[0m [32m INFO[0m acc-0 ThreadId(04) [2mzenoh::net::routing::interceptor::access_control[0m[2m:[0m fe53b17db37c6492bbda1623d824a0fb did not match any configured ACL subject. Default permission `Allow` will be applied on all messages
[static_transform_publisher-7] [INFO] [1778166807.015596482] [ground_truth_static_tf_publisher]: Spinning until stopped - publishing transform
[static_transform_publisher-7] translation: ('0.000000', '0.000000', '0.000000')
[static_transform_publisher-7] rotation: ('0.000000', '0.000000', '0.000000', '1.000000')
[static_transform_publisher-7] from 'world' to 'aic_world'
[robot_state_publisher-1] [INFO] [1778166807.016521693] [robot_state_publisher]: Robot initialized
[aic_adapter-2] [INFO] [1778166807.017853103] [aic_adapter_node]: Adapter node initialization complete.
[create-5] [INFO] [1778166807.020932392] [ros_gz_sim]: Requesting list of world names.
[gz-4] qt.qpa.xcb: could not connect to display 
[gz-4] qt.qpa.plugin: Could not load the Qt platform plugin "xcb" in "" even though it was found.
[gz-4] This application failed to start because no Qt platform plugin could be initialized. Reinstalling the application may fix this problem.
[gz-4] 
[gz-4] Available platform plugins are: eglfs, linuxfb, minimal, minimalegl, offscreen, vnc, wayland-egl, wayland, wayland-xcomposite-egl, wayland-xcomposite-glx, xcb.
[gz-4] 
[gz-4] Stack trace (most recent call last):
[gz-4] #29   Object "[0xffffffffffffffff]", at 0xffffffffffffffff, in 
[gz-4] #28   Object "gz sim -g", at 0x59553194c1d4, in _start
[gz-4] #27   Object "/lib/x86_64-linux-gnu/libc.so.6", at 0x7d71ca15928a, in __libc_start_main
[gz-4] #26   Object "/lib/x86_64-linux-gnu/libc.so.6", at 0x7d71ca1591c9, in 
[gz-4] #25   Object "gz sim -g", at 0x59553194c186, in 
[gz-4] #24   Object "/lib/x86_64-linux-gnu/libruby-3.2.so.3.2", at 0x7d71ca5bf152, in ruby_run_node
[gz-4] #23   Object "/lib/x86_64-linux-gnu/libruby-3.2.so.3.2", at 0x7d71ca5bae2b, in 
[gz-4] #22   Object "/lib/x86_64-linux-gnu/libruby-3.2.so.3.2", at 0x7d71ca75db49, in rb_vm_exec
[gz-4] #21   Object "/lib/x86_64-linux-gnu/libruby-3.2.so.3.2", at 0x7d71ca75a62b, in 
[gz-4] #20   Object "/lib/x86_64-linux-gnu/libruby-3.2.so.3.2", at 0x7d71ca75613e, in 
[gz-4] #19   Object "/lib/x86_64-linux-gnu/libruby-3.2.so.3.2", at 0x7d71ca75392f, in 
[gz-4] #18   Object "/usr/lib/x86_64-linux-gnu/ruby/3.2.0/fiddle.so", at 0x7d71c58e7b13, in 
[gz-4] #17   Object "/lib/x86_64-linux-gnu/libruby-3.2.so.3.2", at 0x7d71ca71c37b, in rb_nogvl
[gz-4] #16   Object "/usr/lib/x86_64-linux-gnu/ruby/3.2.0/fiddle.so", at 0x7d71c58e743b, in 
[gz-4] #15   Object "/lib/x86_64-linux-gnu/libffi.so.8", at 0x7d71c58810bd, in ffi_call
[gz-4] #14   Object "/lib/x86_64-linux-gnu/libffi.so.8", at 0x7d71c587e3ee, in 
[gz-4] #13   Object "/lib/x86_64-linux-gnu/libffi.so.8", at 0x7d71c5881b15, in 
[gz-4] #12   Object "/ws_aic/install/lib/libgz-sim9-gz.so.9.5.0", at 0x7d71c586da65, in runGui
[gz-4] #11   Object "/ws_aic/install/lib/libgz-sim9-gui.so.9", at 0x7d71c4bcac8c, in gz::sim::v9::gui::runGui(int&, char**, char const*, char const*, int, char const*, char const*)
[gz-4] #10   Object "/ws_aic/install/lib/libgz-sim9-gui.so.9", at 0x7d71c4bc7970, in gz::sim::v9::gui::createGui(int&, char**, char const*, char const*, bool, char const*, int, char const*, char const*)
[gz-4] #9    Object "/ws_aic/install/lib/libgz-gui9.so.9", at 0x7d71c379c66b, in gz::gui::Application::Application(int&, char**, gz::gui::WindowType, char const*)
[gz-4] #8    Object "/lib/x86_64-linux-gnu/libQt5Widgets.so.5", at 0x7d71c281f5b4, in QApplicationPrivate::init()
[gz-4] #7    Object "/lib/x86_64-linux-gnu/libQt5Gui.so.5", at 0x7d71c20f5b9e, in QGuiApplicationPrivate::init()
[gz-4] #6    Object "/lib/x86_64-linux-gnu/libQt5Core.so.5", at 0x7d71c3afcff4, in QCoreApplicationPrivate::init()
[gz-4] #5    Object "/lib/x86_64-linux-gnu/libQt5Gui.so.5", at 0x7d71c20f2c1f, in QGuiApplicationPrivate::createEventDispatcher()
[gz-4] #4    Object "/lib/x86_64-linux-gnu/libQt5Gui.so.5", at 0x7d71c20f26dc, in QGuiApplicationPrivate::createPlatformIntegration()
[gz-4] #3    Object "/lib/x86_64-linux-gnu/libQt5Core.so.5", at 0x7d71c38af103, in QMessageLogger::fatal(char const*, ...) const
[gz-4] #2    Object "/lib/x86_64-linux-gnu/libc.so.6", at 0x7d71ca1578fe, in abort
[gz-4] #1    Object "/lib/x86_64-linux-gnu/libc.so.6", at 0x7d71ca17427d, in gsignal
[gz-4] #0    Object "/lib/x86_64-linux-gnu/libc.so.6", at 0x7d71ca1cdb2c, in pthread_kill
[gz-4] Aborted (Signal sent by tkill() 121 0)
[component_container-3] [INFO] [1778166807.173856435] [ros_gz_container]: Load Library: /ws_aic/install/lib/libgzserver_component.so
Started Zenoh router with id 54f338b82d4fe8485fc029502c0feebf
[component_container-3] [INFO] [1778166807.190207908] [ros_gz_container]: Found class: rclcpp_components::NodeFactoryTemplate<ros_gz_sim::GzServer>
[component_container-3] [INFO] [1778166807.190242923] [ros_gz_container]: Instantiate class: rclcpp_components::NodeFactoryTemplate<ros_gz_sim::GzServer>
[INFO] [launch_ros.actions.load_composable_nodes]: Loaded node '/gz_server' in container '/ros_gz_container'
[component_container-3] [INFO] [1778166807.191487230] [ros_gz_container]: Load Library: /ws_aic/install/lib/libros_gz_bridge.so
[ERROR] [gz-4]: process has died [pid 121, exit code -6, cmd 'gz sim -g'].
[component_container-3] [INFO] [1778166807.206364185] [ros_gz_container]: Found class: rclcpp_components::NodeFactoryTemplate<ros_gz_bridge::RosGzBridge>
[component_container-3] [INFO] [1778166807.206379754] [ros_gz_container]: Instantiate class: rclcpp_components::NodeFactoryTemplate<ros_gz_bridge::RosGzBridge>
[INFO] [launch_ros.actions.load_composable_nodes]: Loaded node '/ros_gz_bridge' in container 'ros_gz_container'
[component_container-3] (2026-05-07 15:13:27.215) [info] [ServerPrivate.cc:664] Loading SDF world file[/ws_aic/install/share/aic_description/world/aic.sdf].
[component_container-3] [INFO] [1778166808.207895456] [ros_gz_bridge]: Creating GZ->ROS Bridge: [/clock (gz.msgs.Clock) -> /clock (rosgraph_msgs/msg/Clock)] (Lazy 0)
[component_container-3] [INFO] [1778166808.208623127] [ros_gz_bridge]: Creating GZ->ROS Bridge: [/left_camera/image (gz.msgs.Image) -> /left_camera/image (sensor_msgs/msg/Image)] (Lazy 1)
[component_container-3] [INFO] [1778166808.209157276] [ros_gz_bridge]: Creating GZ->ROS Bridge: [/center_camera/image (gz.msgs.Image) -> /center_camera/image (sensor_msgs/msg/Image)] (Lazy 1)
[component_container-3] [INFO] [1778166808.209287490] [ros_gz_bridge]: Creating GZ->ROS Bridge: [/right_camera/image (gz.msgs.Image) -> /right_camera/image (sensor_msgs/msg/Image)] (Lazy 1)
[component_container-3] [INFO] [1778166808.209370936] [ros_gz_bridge]: Creating GZ->ROS Bridge: [/left_camera/camera_info (gz.msgs.CameraInfo) -> /left_camera/camera_info (sensor_msgs/msg/CameraInfo)] (Lazy 1)
[component_container-3] [INFO] [1778166808.209495288] [ros_gz_bridge]: Creating GZ->ROS Bridge: [/center_camera/camera_info (gz.msgs.CameraInfo) -> /center_camera/camera_info (sensor_msgs/msg/CameraInfo)] (Lazy 1)
[component_container-3] [INFO] [1778166808.209586298] [ros_gz_bridge]: Creating GZ->ROS Bridge: [/right_camera/camera_info (gz.msgs.CameraInfo) -> /right_camera/camera_info (sensor_msgs/msg/CameraInfo)] (Lazy 1)
[component_container-3] [INFO] [1778166808.209658804] [ros_gz_bridge]: Creating GZ->ROS Bridge: [/aic/gazebo/contacts/off_limit (gz.msgs.Contacts) -> /aic/gazebo/contacts/off_limit (ros_gz_interfaces/msg/Contacts)] (Lazy 1)
[component_container-3] [INFO] [1778166808.210010782] [ros_gz_bridge]: Creating GZ->ROS Bridge: [/cable_0/pose (gz.msgs.Pose_V) -> /scoring/tf (tf2_msgs/msg/TFMessage)] (Lazy 1)
[component_container-3] [INFO] [1778166808.210340910] [ros_gz_bridge]: Creating GZ->ROS Bridge: [/cable_1/pose (gz.msgs.Pose_V) -> /scoring/tf (tf2_msgs/msg/TFMessage)] (Lazy 1)
[component_container-3] [INFO] [1778166808.210445846] [ros_gz_bridge]: Creating GZ->ROS Bridge: [/cable_2/pose (gz.msgs.Pose_V) -> /scoring/tf (tf2_msgs/msg/TFMessage)] (Lazy 1)
[component_container-3] [INFO] [1778166808.210498975] [ros_gz_bridge]: Creating GZ->ROS Bridge: [/cable_3/pose (gz.msgs.Pose_V) -> /scoring/tf (tf2_msgs/msg/TFMessage)] (Lazy 1)
[component_container-3] [INFO] [1778166808.210555481] [ros_gz_bridge]: Creating GZ->ROS Bridge: [/cable_4/pose (gz.msgs.Pose_V) -> /scoring/tf (tf2_msgs/msg/TFMessage)] (Lazy 1)
[component_container-3] [INFO] [1778166808.210613620] [ros_gz_bridge]: Creating GZ->ROS Bridge: [/task_board/pose_static (gz.msgs.Pose_V) -> /scoring/tf (tf2_msgs/msg/TFMessage)] (Lazy 1)
[component_container-3] [INFO] [1778166808.210655027] [ros_gz_bridge]: Creating GZ->ROS Bridge: [/cable_0/insertion_event (gz.msgs.StringMsg) -> /scoring/insertion_event (std_msgs/msg/String)] (Lazy 1)
[component_container-3] [INFO] [1778166808.210853208] [ros_gz_bridge]: Creating GZ->ROS Bridge: [/cable_1/insertion_event (gz.msgs.StringMsg) -> /scoring/insertion_event (std_msgs/msg/String)] (Lazy 1)
[component_container-3] (2026-05-07 15:13:29.207) [info] [SystemManager.cc:54] Serving entity system service on [/entity/system/add]
[component_container-3] (2026-05-07 15:13:29.210) [info] [UserCommands.cc:752] Create service on [/world/aic_world/create_multiple] (async)
[component_container-3] (2026-05-07 15:13:29.210) [info] [UserCommands.cc:754] Create service on [/world/aic_world/create_multiple/blocking] (blocking)
[component_container-3] (2026-05-07 15:13:29.210) [info] [UserCommands.cc:752] Remove service on [/world/aic_world/remove] (async)
[component_container-3] (2026-05-07 15:13:29.210) [info] [UserCommands.cc:754] Remove service on [/world/aic_world/remove/blocking] (blocking)
[component_container-3] (2026-05-07 15:13:29.210) [info] [UserCommands.cc:752] Pose service on [/world/aic_world/set_pose] (async)
[component_container-3] (2026-05-07 15:13:29.210) [info] [UserCommands.cc:754] Pose service on [/world/aic_world/set_pose/blocking] (blocking)
[component_container-3] (2026-05-07 15:13:29.210) [info] [UserCommands.cc:752] Pose service on [/world/aic_world/set_pose_vector] (async)
[component_container-3] (2026-05-07 15:13:29.210) [info] [UserCommands.cc:754] Pose service on [/world/aic_world/set_pose_vector/blocking] (blocking)
[component_container-3] (2026-05-07 15:13:29.210) [info] [UserCommands.cc:752] Light configuration service on [/world/aic_world/light_config] (async)
[component_container-3] (2026-05-07 15:13:29.210) [info] [UserCommands.cc:754] Light configuration service on [/world/aic_world/light_config/blocking] (blocking)
[component_container-3] (2026-05-07 15:13:29.210) [info] [UserCommands.cc:752] Physics service on [/world/aic_world/set_physics] (async)
[component_container-3] (2026-05-07 15:13:29.210) [info] [UserCommands.cc:754] Physics service on [/world/aic_world/set_physics/blocking] (blocking)
[component_container-3] (2026-05-07 15:13:29.210) [info] [UserCommands.cc:752] SphericalCoordinates service on [/world/aic_world/set_spherical_coordinates] (async)
[component_container-3] (2026-05-07 15:13:29.210) [info] [UserCommands.cc:754] SphericalCoordinates service on [/world/aic_world/set_spherical_coordinates/blocking] (blocking)
[component_container-3] (2026-05-07 15:13:29.210) [info] [UserCommands.cc:752] Enable collision service on [/world/aic_world/enable_collision] (async)
[component_container-3] (2026-05-07 15:13:29.210) [info] [UserCommands.cc:754] Enable collision service on [/world/aic_world/enable_collision/blocking] (blocking)
[component_container-3] (2026-05-07 15:13:29.210) [info] [UserCommands.cc:752] Disable collision service on [/world/aic_world/disable_collision] (async)
[component_container-3] (2026-05-07 15:13:29.210) [info] [UserCommands.cc:754] Disable collision service on [/world/aic_world/disable_collision/blocking] (blocking)
[component_container-3] (2026-05-07 15:13:29.210) [info] [UserCommands.cc:752] Material service on [/world/aic_world/visual_config] (async)
[component_container-3] (2026-05-07 15:13:29.210) [info] [UserCommands.cc:754] Material service on [/world/aic_world/visual_config/blocking] (blocking)
[component_container-3] (2026-05-07 15:13:29.210) [info] [UserCommands.cc:752] Material service on [/world/aic_world/wheel_slip] (async)
[component_container-3] (2026-05-07 15:13:29.210) [info] [UserCommands.cc:754] Material service on [/world/aic_world/wheel_slip/blocking] (blocking)
[component_container-3] (2026-05-07 15:13:29.210) [debug] [SystemManager.cc:80] Loaded system [gz::sim::systems::UserCommands] for entity [1]
[component_container-3] (2026-05-07 15:13:29.223) [debug] [Physics.cc:967] Loaded [gz::physics::bullet_featherstone::Plugin] from library [/ws_aic/install/lib/gz-physics-8/engine-plugins/libgz-physics-bullet-featherstone-plugin.so]
[component_container-3] (2026-05-07 15:13:29.223) [debug] [SystemManager.cc:80] Loaded system [gz::sim::systems::Physics] for entity [1]
[component_container-3] (2026-05-07 15:13:29.225) [debug] [Sensors.cc:697] Configuring Sensors system
[component_container-3] (2026-05-07 15:13:29.225) [debug] [Sensors.cc:557] SensorsPrivate::Run
[component_container-3] (2026-05-07 15:13:29.225) [debug] [SystemManager.cc:80] Loaded system [gz::sim::systems::Sensors] for entity [1]
[component_container-3] (2026-05-07 15:13:29.225) [debug] [Sensors.cc:532] SensorsPrivate::RenderThread started
[component_container-3] (2026-05-07 15:13:29.225) [debug] [Sensors.cc:337] Waiting for init
[component_container-3] (2026-05-07 15:13:29.225) [debug] [ScoringPlugin.cc:45] aic_gazebo::ScoringPlugin::Configure on entity: 1
[component_container-3] (2026-05-07 15:13:29.226) [debug] [SystemManager.cc:80] Loaded system [aic_gazebo::ScoringPlugin] for entity [1]
[component_container-3] (2026-05-07 15:13:29.226) [debug] [WorldSdfGeneratorPlugin.cc:47] aic_gazebo::WorldSdfGeneratorPlugin::Configure
[component_container-3] (2026-05-07 15:13:29.226) [debug] [SystemManager.cc:80] Loaded system [aic_gazebo::WorldSdfGeneratorPlugin] for entity [1]
[component_container-3] (2026-05-07 15:13:29.226) [debug] [SystemManager.cc:80] Loaded system [gz::sim::systems::Contact] for entity [1]
[component_container-3] (2026-05-07 15:13:29.226) [info] [LevelManager.cc:646] Loaded level [default]
[component_container-3] (2026-05-07 15:13:29.227) [debug] [ServerConfig.cc:1025] Loading (3) plugins from file [/root/.gz/sim/9/server.config]
[component_container-3] (2026-05-07 15:13:29.227) [debug] [SimulationRunner.cc:1696] Additional plugins to load:
[component_container-3] (2026-05-07 15:13:29.227) [debug] [SimulationRunner.cc:1699] gz::sim::systems::SceneBroadcaster gz-sim-scene-broadcaster-system
[component_container-3] (2026-05-07 15:13:29.227) [debug] [SystemManager.cc:80] Loaded system [gz::sim::systems::SceneBroadcaster] for entity [1]
[component_container-3] (2026-05-07 15:13:29.227) [info] [SimulationRunner.cc:275] Serving world controls on [/world/aic_world/control], [/world/aic_world/control/state] and [/world/aic_world/playback/control]
[component_container-3] (2026-05-07 15:13:29.227) [info] [SimulationRunner.cc:301] Serving GUI information on [/world/aic_world/gui/info]
[component_container-3] (2026-05-07 15:13:29.227) [info] [SimulationRunner.cc:304] World [aic_world] initialized with [2ms] physics profile.
[component_container-3] (2026-05-07 15:13:29.227) [info] [SimulationRunner.cc:311] Serving world SDF generation service on [/world/aic_world/generate_world_sdf]
[component_container-3] (2026-05-07 15:13:29.227) [info] [ServerPrivate.cc:344] Serving world names on [/gazebo/worlds]
[component_container-3] (2026-05-07 15:13:29.227) [info] [ServerPrivate.cc:357] Resource path add service on [/gazebo/resource_paths/add].
[component_container-3] (2026-05-07 15:13:29.227) [info] [ServerPrivate.cc:370] Resource path get service on [/gazebo/resource_paths/get].
[component_container-3] (2026-05-07 15:13:29.227) [info] [ServerPrivate.cc:385] Resource path resolve service on [/gazebo/resource_paths/resolve].
[component_container-3] (2026-05-07 15:13:29.227) [info] [ServerPrivate.cc:399] Resource paths published on [/gazebo/resource_paths].
[component_container-3] (2026-05-07 15:13:29.227) [info] [ServerPrivate.cc:412] Server control service on [/server_control].
[component_container-3] (2026-05-07 15:13:29.328) [info] [SimulationRunner.cc:769] Found no publishers on /stats, adding root stats topic
[component_container-3] (2026-05-07 15:13:29.328) [info] [SimulationRunner.cc:803] Found no publishers on /clock, adding root clock topic
[component_container-3] (2026-05-07 15:13:29.328) [debug] [SimulationRunner.cc:573] Creating PostUpdate worker threads: 5
[component_container-3] (2026-05-07 15:13:29.328) [debug] [SimulationRunner.cc:584] Creating postupdate worker thread (0)
[component_container-3] (2026-05-07 15:13:29.328) [debug] [SimulationRunner.cc:584] Creating postupdate worker thread (1)
[component_container-3] (2026-05-07 15:13:29.328) [debug] [SimulationRunner.cc:584] Creating postupdate worker thread (2)
[component_container-3] (2026-05-07 15:13:29.328) [debug] [SimulationRunner.cc:584] Creating postupdate worker thread (3)
[create-5] [INFO] [1778166809.328809866] [ros_gz_sim]: Entity creation successful.
[INFO] [create-5]: process has finished cleanly [pid 122]
[INFO] [spawner-8]: process started with pid [251]
[INFO] [spawner-9]: process started with pid [252]
[component_container-3] [1;33mWarning [Utils.cc:119][0m [/sdf/model[@name="ur"]/link[@name="center_camera/sensor_link"]/sensor[@name="center_camera"]/camera[@name="center_camera"]/optical_frame_id]: SDF Element[optical_frame_id] is deprecated
[component_container-3] [1;33mWarning [Utils.cc:119][0m [/sdf/model[@name="ur"]/link[@name="left_camera/sensor_link"]/sensor[@name="left_camera"]/camera[@name="left_camera"]/optical_frame_id]: SDF Element[optical_frame_id] is deprecated
[component_container-3] [1;33mWarning [Utils.cc:119][0m [/sdf/model[@name="ur"]/link[@name="right_camera/sensor_link"]/sensor[@name="right_camera"]/camera[@name="right_camera"]/optical_frame_id]: SDF Element[optical_frame_id] is deprecated
[component_container-3] [WARN] [1778166809.378273458] [rcl.logging_rosout]: Publisher already registered for node name: 'ros_gz_container'. If this is due to multiple nodes with the same name then all logs for the logger named 'ros_gz_container' will go out over the existing publisher. As soon as any node with that name is destructed it will unregister the publisher, preventing any further logs for that name from being published on the rosout topic.
[component_container-3] [INFO] [1778166809.378941507] [ros_gz_container]: [gz_ros2_control] Fixed joint [tabletop_joint] (Entity=101)] is skipped
[component_container-3] [INFO] [1778166809.378960082] [ros_gz_container]: [gz_ros2_control] Fixed joint [center_camera/attach_sensor_link] (Entity=108)] is skipped
[component_container-3] [INFO] [1778166809.378980500] [ros_gz_container]: [gz_ros2_control] Fixed joint [center_camera/attach_optical] (Entity=109)] is skipped
[component_container-3] [INFO] [1778166809.378995508] [ros_gz_container]: [gz_ros2_control] Fixed joint [ati/attach_joint] (Entity=110)] is skipped
[component_container-3] [INFO] [1778166809.378998634] [ros_gz_container]: [gz_ros2_control] Fixed joint [left_camera/attach_sensor_link] (Entity=114)] is skipped
[component_container-3] [INFO] [1778166809.379000738] [ros_gz_container]: [gz_ros2_control] Fixed joint [left_camera/attach_optical] (Entity=115)] is skipped
[component_container-3] [INFO] [1778166809.379002511] [ros_gz_container]: [gz_ros2_control] Fixed joint [right_camera/attach_sensor_link] (Entity=116)] is skipped
[component_container-3] [INFO] [1778166809.379004224] [ros_gz_container]: [gz_ros2_control] Fixed joint [right_camera/attach_optical] (Entity=117)] is skipped
[component_container-3] [INFO] [1778166809.379433557] [ros_gz_container]: Loading controller_manager
[component_container-3] [INFO] [1778166809.382374368] [controller_manager]: Using ROS clock for triggering controller manager cycles.
[component_container-3] [INFO] [1778166809.383158765] [controller_manager]: Subscribing to '/robot_description' topic for robot description.
[component_container-3] [INFO] [1778166809.384162522] [controller_manager]: Enforcing command limits is enabled...
[component_container-3] [WARN] [1778166809.384179704] [ros_gz_container]: Waiting RM to load and initialize hardware...
[component_container-3] [INFO] [1778166809.384242181] [controller_manager]: Received robot description from topic.
[component_container-3] [INFO] [1778166809.385687594] [ros_gz_container]: Using JointLimiter for joint 'gripper/left_finger_joint' in hardware 'gripper' : '  has position limits: true [0, 0.025]
[component_container-3]   has velocity limits: true [0.05]
[component_container-3]   has acceleration limits: false [nan]
[component_container-3]   has deceleration limits: false [nan]
[component_container-3]   has jerk limits: false [nan]
[component_container-3]   has effort limits: true [20]
[component_container-3]   angle wraparound: false'
[component_container-3] [INFO] [1778166809.385700488] [ros_gz_container]: Creating JointSaturationLimiter for joint 'gripper/left_finger_joint' in hardware 'gripper'
[component_container-3] [INFO] [1778166809.385714394] [ros_gz_container]: Using JointLimiter for joint 'wrist_3_joint' in hardware 'ControlSystem' : '  has position limits: true [-6.28319, 6.28319]
[component_container-3]   has velocity limits: true [3.14159]
[component_container-3]   has acceleration limits: false [nan]
[component_container-3]   has deceleration limits: false [nan]
[component_container-3]   has jerk limits: false [nan]
[component_container-3]   has effort limits: true [28]
[component_container-3]   angle wraparound: false'
[component_container-3] [INFO] [1778166809.385717230] [ros_gz_container]: Creating JointSaturationLimiter for joint 'wrist_3_joint' in hardware 'ControlSystem'
[component_container-3] [INFO] [1778166809.385721127] [ros_gz_container]: Using JointLimiter for joint 'wrist_2_joint' in hardware 'ControlSystem' : '  has position limits: true [-6.28319, 6.28319]
[component_container-3]   has velocity limits: true [3.14159]
[component_container-3]   has acceleration limits: false [nan]
[component_container-3]   has deceleration limits: false [nan]
[component_container-3]   has jerk limits: false [nan]
[component_container-3]   has effort limits: true [28]
[component_container-3]   angle wraparound: false'
[component_container-3] [INFO] [1778166809.385723381] [ros_gz_container]: Creating JointSaturationLimiter for joint 'wrist_2_joint' in hardware 'ControlSystem'
[component_container-3] [INFO] [1778166809.385726807] [ros_gz_container]: Using JointLimiter for joint 'wrist_1_joint' in hardware 'ControlSystem' : '  has position limits: true [-6.28319, 6.28319]
[component_container-3]   has velocity limits: true [3.14159]
[component_container-3]   has acceleration limits: false [nan]
[component_container-3]   has deceleration limits: false [nan]
[component_container-3]   has jerk limits: false [nan]
[component_container-3]   has effort limits: true [28]
[component_container-3]   angle wraparound: false'
[component_container-3] [INFO] [1778166809.385729042] [ros_gz_container]: Creating JointSaturationLimiter for joint 'wrist_1_joint' in hardware 'ControlSystem'
[component_container-3] [INFO] [1778166809.385732518] [ros_gz_container]: Using JointLimiter for joint 'elbow_joint' in hardware 'ControlSystem' : '  has position limits: true [-3.14159, 3.14159]
[component_container-3]   has velocity limits: true [3.14159]
[component_container-3]   has acceleration limits: false [nan]
[component_container-3]   has deceleration limits: false [nan]
[component_container-3]   has jerk limits: false [nan]
[component_container-3]   has effort limits: true [150]
[component_container-3]   angle wraparound: false'
[component_container-3] [INFO] [1778166809.385734562] [ros_gz_container]: Creating JointSaturationLimiter for joint 'elbow_joint' in hardware 'ControlSystem'
[component_container-3] [INFO] [1778166809.385738089] [ros_gz_container]: Using JointLimiter for joint 'shoulder_lift_joint' in hardware 'ControlSystem' : '  has position limits: true [-6.28319, 6.28319]
[component_container-3]   has velocity limits: true [3.14159]
[component_container-3]   has acceleration limits: false [nan]
[component_container-3]   has deceleration limits: false [nan]
[component_container-3]   has jerk limits: false [nan]
[component_container-3]   has effort limits: true [150]
[component_container-3]   angle wraparound: false'
[component_container-3] [INFO] [1778166809.385750211] [ros_gz_container]: Creating JointSaturationLimiter for joint 'shoulder_lift_joint' in hardware 'ControlSystem'
[component_container-3] [INFO] [1778166809.385754289] [ros_gz_container]: Using JointLimiter for joint 'shoulder_pan_joint' in hardware 'ControlSystem' : '  has position limits: true [-6.28319, 6.28319]
[component_container-3]   has velocity limits: true [3.14159]
[component_container-3]   has acceleration limits: false [nan]
[component_container-3]   has deceleration limits: false [nan]
[component_container-3]   has jerk limits: false [nan]
[component_container-3]   has effort limits: true [150]
[component_container-3]   angle wraparound: false'
[component_container-3] [INFO] [1778166809.385756523] [ros_gz_container]: Creating JointSaturationLimiter for joint 'shoulder_pan_joint' in hardware 'ControlSystem'
[component_container-3] [INFO] [1778166809.387560567] [ros_gz_container]: The position_proportional_gain has been set to: 0.1
[component_container-3] [INFO] [1778166809.387593489] [ros_gz_container]: Loading joint: gripper/left_finger_joint
[component_container-3] [INFO] [1778166809.387597837] [ros_gz_container]: 	State:
[component_container-3] [INFO] [1778166809.387601875] [ros_gz_container]: 		 position
[component_container-3] [INFO] [1778166809.387611402] [ros_gz_container]: 			 found initial value: 0.007300
[component_container-3] [INFO] [1778166809.387615250] [ros_gz_container]: 		 velocity
[component_container-3] [INFO] [1778166809.387622102] [ros_gz_container]: 			 found initial value: 0.000000
[component_container-3] [INFO] [1778166809.387625619] [ros_gz_container]: 		 effort
[component_container-3] [INFO] [1778166809.387630348] [ros_gz_container]: 			 found initial value: 0.000000
[component_container-3] [INFO] [1778166809.387633444] [ros_gz_container]: 	Command:
[component_container-3] [INFO] [1778166809.387636469] [ros_gz_container]: 		 position
[component_container-3] [INFO] [1778166809.387645406] [ros_gz_container]: 		 effort
[component_container-3] [INFO] [1778166809.387698696] [ros_gz_container]: Loading sensor: AtiForceTorqueSensor
[component_container-3] [INFO] [1778166809.387704316] [ros_gz_container]: 	State:
[component_container-3] [INFO] [1778166809.387752035] [ros_gz_container]: Initialize hardware 'gripper' 
[component_container-3] [WARN] [1778166809.387810465] [rcl.logging_rosout]: Publisher already registered for node name: 'ros_gz_container'. If this is due to multiple nodes with the same name then all logs for the logger named 'ros_gz_container' will go out over the existing publisher. As soon as any node with that name is destructed it will unregister the publisher, preventing any further logs for that name from being published on the rosout topic.
[component_container-3] [INFO] [1778166809.388293127] [ros_gz_container.hardware_component.system.gripper]: `status_publish_rate` is set to 0.0, hardware status publisher will not be created.
[component_container-3] [INFO] [1778166809.388336899] [ros_gz_container]: Successful initialization of hardware 'gripper'
[component_container-3] [INFO] [1778166809.388434582] [ros_gz_container]: The position_proportional_gain has been set to: 0.1
[component_container-3] [INFO] [1778166809.388445202] [ros_gz_container]: Loading joint: shoulder_pan_joint
[component_container-3] [INFO] [1778166809.388447496] [ros_gz_container]: 	State:
[component_container-3] [INFO] [1778166809.388449610] [ros_gz_container]: 		 position
[component_container-3] [INFO] [1778166809.388454690] [ros_gz_container]: 			 found initial value: -0.159700
[component_container-3] [INFO] [1778166809.388457445] [ros_gz_container]: 		 velocity
[component_container-3] [INFO] [1778166809.388460140] [ros_gz_container]: 			 found initial value: 0.000000
[component_container-3] [INFO] [1778166809.388462805] [ros_gz_container]: 		 effort
[component_container-3] [INFO] [1778166809.388465640] [ros_gz_container]: 			 found initial value: 0.000000
[component_container-3] [INFO] [1778166809.388467544] [ros_gz_container]: 	Command:
[component_container-3] [INFO] [1778166809.388469217] [ros_gz_container]: 		 position
[component_container-3] [INFO] [1778166809.388473735] [ros_gz_container]: 		 velocity
[component_container-3] [INFO] [1778166809.388476741] [ros_gz_container]: 		 effort
[component_container-3] [INFO] [1778166809.388481189] [ros_gz_container]: Loading joint: shoulder_lift_joint
[component_container-3] [INFO] [1778166809.388482872] [ros_gz_container]: 	State:
[component_container-3] [INFO] [1778166809.388484555] [ros_gz_container]: 		 position
[component_container-3] [INFO] [1778166809.388486930] [ros_gz_container]: 			 found initial value: -1.354200
[component_container-3] [INFO] [1778166809.388488763] [ros_gz_container]: 		 velocity
[component_container-3] [INFO] [1778166809.388491218] [ros_gz_container]: 			 found initial value: 0.000000
[component_container-3] [INFO] [1778166809.388493001] [ros_gz_container]: 		 effort
[component_container-3] [INFO] [1778166809.388502589] [ros_gz_container]: 			 found initial value: 0.000000
[component_container-3] [INFO] [1778166809.388504453] [ros_gz_container]: 	Command:
[component_container-3] [INFO] [1778166809.388506406] [ros_gz_container]: 		 position
[component_container-3] [INFO] [1778166809.388510314] [ros_gz_container]: 		 velocity
[component_container-3] [INFO] [1778166809.388513880] [ros_gz_container]: 		 effort
[component_container-3] [INFO] [1778166809.388523047] [ros_gz_container]: Loading joint: elbow_joint
[component_container-3] [INFO] [1778166809.388525692] [ros_gz_container]: 	State:
[component_container-3] [INFO] [1778166809.388527546] [ros_gz_container]: 		 position
[component_container-3] [INFO] [1778166809.388529750] [ros_gz_container]: 			 found initial value: -1.664800
[component_container-3] [INFO] [1778166809.388531844] [ros_gz_container]: 		 velocity
[component_container-3] [INFO] [1778166809.388533737] [ros_gz_container]: 			 found initial value: 0.000000
[component_container-3] [INFO] [1778166809.388535611] [ros_gz_container]: 		 effort
[component_container-3] [INFO] [1778166809.388537995] [ros_gz_container]: 			 found initial value: 0.000000
[component_container-3] [INFO] [1778166809.388540149] [ros_gz_container]: 	Command:
[component_container-3] [INFO] [1778166809.388541853] [ros_gz_container]: 		 position
[component_container-3] [INFO] [1778166809.388544197] [ros_gz_container]: 		 velocity
[component_container-3] [INFO] [1778166809.388546251] [ros_gz_container]: 		 effort
[component_container-3] [INFO] [1778166809.388549978] [ros_gz_container]: Loading joint: wrist_1_joint
[component_container-3] [INFO] [1778166809.388551621] [ros_gz_container]: 	State:
[component_container-3] [INFO] [1778166809.388553184] [ros_gz_container]: 		 position
[component_container-3] [INFO] [1778166809.388555308] [ros_gz_container]: 			 found initial value: -1.693300
[component_container-3] [INFO] [1778166809.388557151] [ros_gz_container]: 		 velocity
[component_container-3] [INFO] [1778166809.388559145] [ros_gz_container]: 			 found initial value: 0.000000
[component_container-3] [INFO] [1778166809.388560888] [ros_gz_container]: 		 effort
[component_container-3] [INFO] [1778166809.388562591] [ros_gz_container]: 			 found initial value: 0.000000
[component_container-3] [INFO] [1778166809.388564946] [ros_gz_container]: 	Command:
[component_container-3] [INFO] [1778166809.388567130] [ros_gz_container]: 		 position
[component_container-3] [INFO] [1778166809.388570296] [ros_gz_container]: 		 velocity
[component_container-3] [INFO] [1778166809.388573301] [ros_gz_container]: 		 effort
[component_container-3] [INFO] [1778166809.388577589] [ros_gz_container]: Loading joint: wrist_2_joint
[component_container-3] [INFO] [1778166809.388579523] [ros_gz_container]: 	State:
[component_container-3] [INFO] [1778166809.388581206] [ros_gz_container]: 		 position
[component_container-3] [INFO] [1778166809.388583290] [ros_gz_container]: 			 found initial value: 1.571000
[component_container-3] [INFO] [1778166809.388585204] [ros_gz_container]: 		 velocity
[component_container-3] [INFO] [1778166809.388587137] [ros_gz_container]: 			 found initial value: 0.000000
[component_container-3] [INFO] [1778166809.388589792] [ros_gz_container]: 		 effort
[component_container-3] [INFO] [1778166809.388592297] [ros_gz_container]: 			 found initial value: 0.000000
[component_container-3] [INFO] [1778166809.388594902] [ros_gz_container]: 	Command:
[component_container-3] [INFO] [1778166809.388596625] [ros_gz_container]: 		 position
[component_container-3] [INFO] [1778166809.388598779] [ros_gz_container]: 		 velocity
[component_container-3] [INFO] [1778166809.388600763] [ros_gz_container]: 		 effort
[component_container-3] [INFO] [1778166809.388603828] [ros_gz_container]: Loading joint: wrist_3_joint
[component_container-3] [INFO] [1778166809.388606283] [ros_gz_container]: 	State:
[component_container-3] [INFO] [1778166809.388608868] [ros_gz_container]: 		 position
[component_container-3] [INFO] [1778166809.388611713] [ros_gz_container]: 			 found initial value: 1.411000
[component_container-3] [INFO] [1778166809.388614929] [ros_gz_container]: 		 velocity
[component_container-3] [INFO] [1778166809.388618255] [ros_gz_container]: 			 found initial value: 0.000000
[component_container-3] [INFO] [1778166809.388621261] [ros_gz_container]: 		 effort
[component_container-3] [INFO] [1778166809.388623956] [ros_gz_container]: 			 found initial value: 0.000000
[component_container-3] [INFO] [1778166809.388626010] [ros_gz_container]: 	Command:
[component_container-3] [INFO] [1778166809.388627603] [ros_gz_container]: 		 position
[component_container-3] [INFO] [1778166809.388630208] [ros_gz_container]: 		 velocity
[component_container-3] [INFO] [1778166809.388634305] [ros_gz_container]: 		 effort
[component_container-3] [INFO] [1778166809.388644925] [ros_gz_container]: Loading sensor: AtiForceTorqueSensor
[component_container-3] [INFO] [1778166809.388647981] [ros_gz_container]: 	State:
[component_container-3] [INFO] [1778166809.388652940] [ros_gz_container]: 		 force.x
[component_container-3] [INFO] [1778166809.388655856] [ros_gz_container]: 		 force.y
[component_container-3] [INFO] [1778166809.388657719] [ros_gz_container]: 		 force.z
[component_container-3] [INFO] [1778166809.388660014] [ros_gz_container]: 		 torque.x
[component_container-3] [INFO] [1778166809.388662468] [ros_gz_container]: 		 torque.y
[component_container-3] [INFO] [1778166809.388667548] [ros_gz_container]: 		 torque.z
[component_container-3] [INFO] [1778166809.388702202] [ros_gz_container]: Initialize hardware 'ControlSystem' 
[component_container-3] [WARN] [1778166809.388762776] [rcl.logging_rosout]: Publisher already registered for node name: 'ros_gz_container'. If this is due to multiple nodes with the same name then all logs for the logger named 'ros_gz_container' will go out over the existing publisher. As soon as any node with that name is destructed it will unregister the publisher, preventing any further logs for that name from being published on the rosout topic.
[component_container-3] [INFO] [1778166809.389369420] [ros_gz_container.hardware_component.system.ControlSystem]: `status_publish_rate` is set to 0.0, hardware status publisher will not be created.
[component_container-3] [INFO] [1778166809.389429713] [ros_gz_container]: Successful initialization of hardware 'ControlSystem'
[component_container-3] [INFO] [1778166809.389545740] [resource_manager]: 'configure' hardware 'ControlSystem' 
[component_container-3] [INFO] [1778166809.389548726] [ros_gz_container]: System Successfully configured!
[component_container-3] [INFO] [1778166809.389552222] [resource_manager]: Successful 'configure' of hardware 'ControlSystem'
[component_container-3] [INFO] [1778166809.389558795] [resource_manager]: 'activate' hardware 'ControlSystem' 
[component_container-3] [INFO] [1778166809.389564786] [resource_manager]: Successful 'activate' of hardware 'ControlSystem'
[component_container-3] [INFO] [1778166809.389592007] [resource_manager]: 'configure' hardware 'gripper' 
[component_container-3] [INFO] [1778166809.389593319] [ros_gz_container]: System Successfully configured!
[component_container-3] [INFO] [1778166809.389595904] [resource_manager]: Successful 'configure' of hardware 'gripper'
[component_container-3] [INFO] [1778166809.389597236] [resource_manager]: 'activate' hardware 'gripper' 
[component_container-3] [INFO] [1778166809.389598359] [resource_manager]: Successful 'activate' of hardware 'gripper'
[component_container-3] [WARN] [1778166809.389605271] [controller_manager]: Component 'ControlSystem' does not have read or write statistics initialized, skipping registration.
[component_container-3] [WARN] [1778166809.389610060] [controller_manager]: Component 'gripper' does not have read or write statistics initialized, skipping registration.
[component_container-3] [INFO] [1778166809.389614028] [controller_manager]: Resource Manager has been successfully initialized. Starting Controller Manager services...
[2m2026-05-07T15:13:29.420015Z[0m [32m INFO[0m acc-0 ThreadId(04) [2mzenoh::net::routing::interceptor::access_control[0m[2m:[0m a1382829d915b969d1a97e83fe6e3217 did not match any configured ACL subject. Default permission `Allow` will be applied on all messages
[2m2026-05-07T15:13:29.420088Z[0m [32m INFO[0m acc-0 ThreadId(04) [2mzenoh::net::routing::interceptor::access_control[0m[2m:[0m 114d032638d323a2a48817525c7077c5 did not match any configured ACL subject. Default permission `Allow` will be applied on all messages
[component_container-3] [INFO] [1778166809.439245815] [controller_manager]: Loading controller : 'fts_broadcaster' of type 'force_torque_sensor_broadcaster/ForceTorqueSensorBroadcaster'
[component_container-3] [INFO] [1778166809.439275821] [controller_manager]: Loading controller 'fts_broadcaster'
[component_container-3] [INFO] [1778166809.439969238] [controller_manager]: Controller 'fts_broadcaster' node arguments: --ros-args --params-file /ws_aic/install/share/aic_bringup/config/aic_ros2_controllers.yaml -p use_sim_time:=true --param use_sim_time:=true 
[spawner-9] [INFO] [1778166809.449330917] [spawner_fts_broadcaster]: Loaded fts_broadcaster
[component_container-3] [INFO] [1778166809.449594600] [controller_manager]: Configuring controller: 'fts_broadcaster'
[component_container-3] [INFO] [1778166809.450519029] [fts_broadcaster]: configure successful
[component_container-3] [INFO] [1778166809.451005930] [controller_manager]: Activating controllers: [ fts_broadcaster ]
[component_container-3] [INFO] [1778166809.451044261] [controller_manager]: Requested controller switch from non-realtime loop
[component_container-3] [INFO] [1778166809.451081771] [controller_manager]: Successfully switched controllers!
[component_container-3] (2026-05-07 15:13:31.384) [debug] [SystemManager.cc:80] Loaded system [gz_ros2_control::GazeboSimROS2ControlPlugin] for entity [31]
[component_container-3] (2026-05-07 15:13:31.385) [debug] [SystemManager.cc:80] Loaded system [gz::sim::systems::ForceTorque] for entity [31]
[component_container-3] (2026-05-07 15:13:31.385) [debug] [OffLimitContactsPlugin.cc:41] aic_gazebo::OffLimitContactsPlugin::Configure on entity: 31
[component_container-3] (2026-05-07 15:13:31.385) [debug] [OffLimitContactsPlugin.cc:165] Enabled collision [34]
[component_container-3] (2026-05-07 15:13:31.385) [debug] [OffLimitContactsPlugin.cc:165] Enabled collision [37]
[component_container-3] (2026-05-07 15:13:31.385) [debug] [OffLimitContactsPlugin.cc:165] Enabled collision [40]
[component_container-3] (2026-05-07 15:13:31.385) [debug] [OffLimitContactsPlugin.cc:165] Enabled collision [43]
[component_container-3] (2026-05-07 15:13:31.385) [debug] [OffLimitContactsPlugin.cc:165] Enabled collision [46]
[component_container-3] (2026-05-07 15:13:31.386) [debug] [OffLimitContactsPlugin.cc:165] Enabled collision [49]
[component_container-3] (2026-05-07 15:13:31.386) [debug] [OffLimitContactsPlugin.cc:165] Enabled collision [57]
[component_container-3] (2026-05-07 15:13:31.386) [debug] [OffLimitContactsPlugin.cc:165] Enabled collision [58]
[component_container-3] (2026-05-07 15:13:31.386) [debug] [OffLimitContactsPlugin.cc:165] Enabled collision [59]
[component_container-3] (2026-05-07 15:13:31.386) [debug] [OffLimitContactsPlugin.cc:165] Enabled collision [60]
[component_container-3] (2026-05-07 15:13:31.386) [debug] [OffLimitContactsPlugin.cc:165] Enabled collision [61]
[component_container-3] (2026-05-07 15:13:31.386) [debug] [OffLimitContactsPlugin.cc:165] Enabled collision [62]
[component_container-3] (2026-05-07 15:13:31.386) [debug] [OffLimitContactsPlugin.cc:165] Enabled collision [63]
[component_container-3] (2026-05-07 15:13:31.386) [debug] [OffLimitContactsPlugin.cc:165] Enabled collision [64]
[component_container-3] (2026-05-07 15:13:31.386) [debug] [OffLimitContactsPlugin.cc:165] Enabled collision [65]
[component_container-3] (2026-05-07 15:13:31.386) [debug] [OffLimitContactsPlugin.cc:165] Enabled collision [66]
[component_container-3] (2026-05-07 15:13:31.386) [debug] [OffLimitContactsPlugin.cc:165] Enabled collision [67]
[component_container-3] (2026-05-07 15:13:31.386) [debug] [OffLimitContactsPlugin.cc:165] Enabled collision [68]
[component_container-3] (2026-05-07 15:13:31.386) [debug] [OffLimitContactsPlugin.cc:165] Enabled collision [69]
[component_container-3] (2026-05-07 15:13:31.386) [debug] [OffLimitContactsPlugin.cc:165] Enabled collision [70]
[component_container-3] (2026-05-07 15:13:31.386) [debug] [OffLimitContactsPlugin.cc:165] Enabled collision [71]
[component_container-3] (2026-05-07 15:13:31.386) [debug] [OffLimitContactsPlugin.cc:165] Enabled collision [72]
[component_container-3] (2026-05-07 15:13:31.386) [debug] [OffLimitContactsPlugin.cc:165] Enabled collision [73]
[component_container-3] (2026-05-07 15:13:31.386) [debug] [OffLimitContactsPlugin.cc:165] Enabled collision [74]
[component_container-3] (2026-05-07 15:13:31.386) [debug] [OffLimitContactsPlugin.cc:165] Enabled collision [75]
[component_container-3] (2026-05-07 15:13:31.386) [debug] [OffLimitContactsPlugin.cc:165] Enabled collision [81]
[component_container-3] (2026-05-07 15:13:31.386) [debug] [OffLimitContactsPlugin.cc:165] Enabled collision [82]
[component_container-3] (2026-05-07 15:13:31.386) [debug] [OffLimitContactsPlugin.cc:165] Enabled collision [85]
[component_container-3] (2026-05-07 15:13:31.386) [debug] [OffLimitContactsPlugin.cc:165] Enabled collision [86]
[component_container-3] (2026-05-07 15:13:31.386) [debug] [OffLimitContactsPlugin.cc:165] Enabled collision [87]
[component_container-3] (2026-05-07 15:13:31.386) [debug] [OffLimitContactsPlugin.cc:165] Enabled collision [88]
[component_container-3] (2026-05-07 15:13:31.386) [debug] [OffLimitContactsPlugin.cc:165] Enabled collision [91]
[component_container-3] (2026-05-07 15:13:31.386) [debug] [OffLimitContactsPlugin.cc:165] Enabled collision [92]
[component_container-3] (2026-05-07 15:13:31.386) [debug] [OffLimitContactsPlugin.cc:165] Enabled collision [93]
[component_container-3] (2026-05-07 15:13:31.386) [debug] [OffLimitContactsPlugin.cc:165] Enabled collision [94]
[component_container-3] (2026-05-07 15:13:31.386) [debug] [SystemManager.cc:80] Loaded system [aic_gazebo::OffLimitContactsPlugin] for entity [31]
[component_container-3] (2026-05-07 15:13:31.386) [debug] [ResetJointsPlugin.cc:40] aic_gazebo::ResetJointsPlugin::Configure on entity: 31
[component_container-3] [WARN] [1778166811.386855914] [rcl.logging_rosout]: Publisher already registered for node name: 'ros_gz_container'. If this is due to multiple nodes with the same name then all logs for the logger named 'ros_gz_container' will go out over the existing publisher. As soon as any node with that name is destructed it will unregister the publisher, preventing any further logs for that name from being published on the rosout topic.
[component_container-3] (2026-05-07 15:13:31.387) [info] [ResetJointsPlugin.cc:117] Initialized ResetJointsPlugin!
[component_container-3] (2026-05-07 15:13:31.387) [debug] [SystemManager.cc:80] Loaded system [aic_gazebo::ResetJointsPlugin] for entity [31]
[component_container-3] (2026-05-07 15:13:31.387) [debug] [UserCommands.cc:1108] Created entity [31] named [ur5e]
[component_container-3] (2026-05-07 15:13:31.391) [debug] [Physics.cc:1171] Attempting to set physics options, but the physics engine doesn't support feature [CollisionPairMaxContacts]. Options will be ignored.
[component_container-3] (2026-05-07 15:13:31.397) [debug] [Sensors.cc:953] Initialization needed
[component_container-3] (2026-05-07 15:13:31.397) [debug] [Sensors.cc:349] Initializing render context
[component_container-3] (2026-05-07 15:13:31.397) [info] [RenderEngineManager.cc:514] Loading plugin [gz-rendering-ogre2]
[component_container-3] (2026-05-07 15:13:31.397) [info] [SceneBroadcaster.cc:634] Serving scene information on [/world/aic_world/scene/info]
[component_container-3] (2026-05-07 15:13:31.397) [info] [SceneBroadcaster.cc:643] Serving graph information on [/world/aic_world/scene/graph]
[component_container-3] (2026-05-07 15:13:31.397) [info] [SceneBroadcaster.cc:654] Serving full state on [/world/aic_world/state]
[component_container-3] (2026-05-07 15:13:31.397) [info] [SceneBroadcaster.cc:663] Serving full state (async) on [/world/aic_world/state_async]
[component_container-3] (2026-05-07 15:13:31.397) [info] [SceneBroadcaster.cc:671] Publishing scene information on [/world/aic_world/scene/info]
[component_container-3] (2026-05-07 15:13:31.397) [info] [SceneBroadcaster.cc:680] Publishing entity deletions on [/world/aic_world/scene/deletion]
[component_container-3] (2026-05-07 15:13:31.397) [info] [SceneBroadcaster.cc:689] Publishing state changes on [/world/aic_world/state]
[component_container-3] (2026-05-07 15:13:31.397) [info] [SceneBroadcaster.cc:700] Publishing pose messages on [/world/aic_world/pose/info]
[component_container-3] (2026-05-07 15:13:31.397) [info] [SceneBroadcaster.cc:711] Publishing dynamic pose messages on [/world/aic_world/dynamic_pose/info]
[component_container-3] (2026-05-07 15:13:31.402) [debug] [SimulationRunner.cc:600] Exiting postupdate worker thread (3)
[component_container-3] (2026-05-07 15:13:31.402) [debug] [SimulationRunner.cc:600] Exiting postupdate worker thread (1)
[component_container-3] (2026-05-07 15:13:31.402) [debug] [SimulationRunner.cc:600] Exiting postupdate worker thread (0)
[component_container-3] (2026-05-07 15:13:31.402) [debug] [SimulationRunner.cc:600] Exiting postupdate worker thread (2)
[component_container-3] (2026-05-07 15:13:31.402) [debug] [SimulationRunner.cc:573] Creating PostUpdate worker threads: 6
[component_container-3] (2026-05-07 15:13:31.402) [debug] [SimulationRunner.cc:584] Creating postupdate worker thread (0)
[component_container-3] (2026-05-07 15:13:31.402) [debug] [SimulationRunner.cc:584] Creating postupdate worker thread (1)
[component_container-3] (2026-05-07 15:13:31.402) [debug] [SimulationRunner.cc:584] Creating postupdate worker thread (2)
[component_container-3] (2026-05-07 15:13:31.402) [debug] [SimulationRunner.cc:584] Creating postupdate worker thread (3)
[component_container-3] (2026-05-07 15:13:31.402) [debug] [SimulationRunner.cc:584] Creating postupdate worker thread (4)
[component_container-3] (2026-05-07 15:13:31.402) [warning] [Ogre2RenderEngine.cc:556] Unable to open display: . Trying to run in headless mode.
[component_container-3] (2026-05-07 15:13:31.403) [debug] [EntityComponentManager.cc:1676] Updated state thread iterators: 16 threads processing around 8 entities each.
[spawner-9] [INFO] [1778166811.404665724] [spawner_fts_broadcaster]: Configured and activated fts_broadcaster
[component_container-3] [1;33mWarning [Utils.cc:119][0m [/sdf/model[@name="ur"]/link[@name="center_camera/sensor_link"]/sensor[@name="center_camera"]/camera[@name="center_camera"]/optical_frame_id]: SDF Element[optical_frame_id] is deprecated
[INFO] [spawner-9]: process has finished cleanly [pid 252]
[component_container-3] [1;33mWarning [Utils.cc:119][0m [/sdf/model[@name="ur"]/link[@name="left_camera/sensor_link"]/sensor[@name="left_camera"]/camera[@name="left_camera"]/optical_frame_id]: SDF Element[optical_frame_id] is deprecated
[component_container-3] [1;33mWarning [Utils.cc:119][0m [/sdf/model[@name="ur"]/link[@name="right_camera/sensor_link"]/sensor[@name="right_camera"]/camera[@name="right_camera"]/optical_frame_id]: SDF Element[optical_frame_id] is deprecated
[component_container-3] [INFO] [1778166811.444530644] [controller_manager]: Loading controller : 'joint_state_broadcaster' of type 'joint_state_broadcaster/JointStateBroadcaster'
[component_container-3] [INFO] [1778166811.444559618] [controller_manager]: Loading controller 'joint_state_broadcaster'
[component_container-3] [INFO] [1778166811.445378049] [controller_manager]: Controller 'joint_state_broadcaster' node arguments: --ros-args --params-file /ws_aic/install/share/aic_bringup/config/aic_ros2_controllers.yaml -p use_sim_time:=true --param use_sim_time:=true 
[component_container-3] [INFO] [1778166811.452308291] [gz_server]: InitializeCanonicalLinks
[component_container-3] [INFO] [1778166811.452442142] [gz_server]: Creating services on gz_server
[component_container-3] [INFO] [1778166811.453020153] [gz_server]: Created service /gz_server/delete_entity
[component_container-3] [INFO] [1778166811.453164483] [gz_server]: Created service /gz_server/get_entities
[component_container-3] [INFO] [1778166811.453270631] [gz_server]: Created service /gz_server/get_entity_info
[component_container-3] [INFO] [1778166811.453407187] [gz_server]: Created service /gz_server/get_entity_state
[component_container-3] [INFO] [1778166811.453507855] [gz_server]: Created service /gz_server/get_entities_states
[component_container-3] [INFO] [1778166811.453635844] [gz_server]: Created service /gz_server/get_simulation_state
[component_container-3] [INFO] [1778166811.453784152] [gz_server]: Created service /gz_server/get_simulator_features
[component_container-3] [INFO] [1778166811.453898886] [gz_server]: Created service /gz_server/reset_simulation
[component_container-3] [INFO] [1778166811.454003452] [gz_server]: Created service /gz_server/set_entity_state
[component_container-3] [INFO] [1778166811.454106475] [gz_server]: Created service /gz_server/set_simulation_state
[component_container-3] [INFO] [1778166811.454208906] [gz_server]: Created service /gz_server/spawn_entity
[component_container-3] [INFO] [1778166811.454288756] [gz_server]: Created service /gz_server/step_simulation
[component_container-3] [INFO] [1778166811.454906701] [gz_server]: Created action /gz_server/simulate_steps
[component_container-3] libEGL warning: pci id for fd 70: 10de:2c02, driver (null)
[component_container-3] 
[component_container-3] pci id for fd 72: 10de:2c02, driver (null)
[component_container-3] pci id for fd 73: 10de:2c02, driver (null)
[component_container-3] libEGL warning: egl: failed to create dri2 screen
[component_container-3] libEGL warning: pci id for fd 70: 10de:2c02, driver (null)
[component_container-3] 
[component_container-3] pci id for fd 72: 10de:2c02, driver (null)
[component_container-3] pci id for fd 73: 10de:2c02, driver (null)
[component_container-3] libEGL warning: egl: failed to create dri2 screen
[component_container-3] libEGL warning: pci id for fd 70: 10de:2c02, driver (null)
[component_container-3] 
[component_container-3] (2026-05-07 15:13:31.568) [debug] [RenderUtil.cc:2646] Create scene [scene]
[component_container-3] (2026-05-07 15:13:31.765) [debug] [Sensors.cc:391] Rendering Thread initialized
[component_container-3] (2026-05-07 15:13:31.765) [debug] [Sensors.cc:953] Initialization needed
[component_container-3] (2026-05-07 15:13:31.766) [debug] [ForceTorque.cc:162] Adding JointTransmittedWrench to: 110
[component_container-3] [INFO] [1778166811.767227807] [ros_gz_container]: ForceTorque AtiForceTorqueSensor has a topic name: /axia80_m20/wrench
[component_container-3] [INFO] [1778166811.767346760] [ros_gz_container]: ForceTorque AtiForceTorqueSensor has a topic name: /axia80_m20/wrench
[spawner-8] [INFO] [1778166811.774261613] [spawner_joint_state_broadcaster]: Loaded joint_state_broadcaster
[component_container-3] [INFO] [1778166811.774730680] [controller_manager]: Configuring controller: 'joint_state_broadcaster'
[component_container-3] [INFO] [1778166811.774782497] [joint_state_broadcaster]: 'joints' or 'interfaces' parameter is empty. All available state interfaces will be published
[2m2026-05-07T15:13:31.853624Z[0m [32m INFO[0m acc-0 ThreadId(04) [2mzenoh::net::routing::interceptor::access_control[0m[2m:[0m 8dafcad5df8023c4b7298622d9b47a16 did not match any configured ACL subject. Default permission `Allow` will be applied on all messages
[2m2026-05-07T15:13:31.943424Z[0m [32m INFO[0m acc-0 ThreadId(04) [2mzenoh::net::routing::interceptor::access_control[0m[2m:[0m 299f4c6736e7a5588ec8373962a7dc56 did not match any configured ACL subject. Default permission `Allow` will be applied on all messages
[component_container-3] (2026-05-07 15:13:32.091) [debug] [CameraSensor.cc:342] Camera images for [ur5e::center_camera/sensor_link::center_camera] advertised on [/center_camera/image]
[component_container-3] (2026-05-07 15:13:32.091) [debug] [CameraSensor.cc:632] Camera info for [ur5e::center_camera/sensor_link::center_camera] advertised on [/center_camera/camera_info]
[component_container-3] (2026-05-07 15:13:32.091) [warning] [Ogre2Camera.cc:423] Ogre2Camera::SetVisibilityMask: Mask bits c0000000 are set but will be ignored as they conflict with the reserved bits used internally by the ogre2 backend.
[component_container-3] (2026-05-07 15:13:32.091) [debug] [CameraSensor.cc:342] Camera images for [ur5e::left_camera/sensor_link::left_camera] advertised on [/left_camera/image]
[component_container-3] (2026-05-07 15:13:32.091) [debug] [CameraSensor.cc:632] Camera info for [ur5e::left_camera/sensor_link::left_camera] advertised on [/left_camera/camera_info]
[component_container-3] (2026-05-07 15:13:32.091) [warning] [Ogre2Camera.cc:423] Ogre2Camera::SetVisibilityMask: Mask bits c0000000 are set but will be ignored as they conflict with the reserved bits used internally by the ogre2 backend.
[component_container-3] (2026-05-07 15:13:32.091) [debug] [CameraSensor.cc:342] Camera images for [ur5e::right_camera/sensor_link::right_camera] advertised on [/right_camera/image]
[component_container-3] (2026-05-07 15:13:32.091) [debug] [CameraSensor.cc:632] Camera info for [ur5e::right_camera/sensor_link::right_camera] advertised on [/right_camera/camera_info]
[component_container-3] (2026-05-07 15:13:32.091) [warning] [Ogre2Camera.cc:423] Ogre2Camera::SetVisibilityMask: Mask bits c0000000 are set but will be ignored as they conflict with the reserved bits used internally by the ogre2 backend.
[component_container-3] (2026-05-07 15:13:32.433) [debug] [CameraSensor.cc:441] Enabling camera sensor: 'ur5e::center_camera/sensor_link::center_camera' data generation.
[component_container-3] (2026-05-07 15:13:32.453) [debug] [CameraSensor.cc:441] Enabling camera sensor: 'ur5e::left_camera/sensor_link::left_camera' data generation.
[component_container-3] (2026-05-07 15:13:32.459) [debug] [CameraSensor.cc:441] Enabling camera sensor: 'ur5e::right_camera/sensor_link::right_camera' data generation.
[component_container-3] [INFO] [1778166812.466256170] [controller_manager]: Activating controllers: [ joint_state_broadcaster ]
[component_container-3] [INFO] [1778166812.466330389] [controller_manager]: Requested controller switch from non-realtime loop
[component_container-3] [INFO] [1778166812.466422071] [controller_manager]: Successfully switched controllers!
[spawner-8] [INFO] [1778166812.467436929] [spawner_joint_state_broadcaster]: Configured and activated joint_state_broadcaster
[INFO] [spawner-8]: process has finished cleanly [pid 251]
[INFO] [spawner-10]: process started with pid [476]
[2m2026-05-07T15:13:32.585264Z[0m [32m INFO[0m acc-0 ThreadId(04) [2mzenoh::net::routing::interceptor::access_control[0m[2m:[0m 5d3b88277bf97ac17887b9f94f529d82 did not match any configured ACL subject. Default permission `Allow` will be applied on all messages
[component_container-3] [INFO] [1778166812.607450578] [controller_manager]: Loading controller : 'aic_controller' of type 'aic/Controller'
[component_container-3] [INFO] [1778166812.607487197] [controller_manager]: Loading controller 'aic_controller'
[component_container-3] [INFO] [1778166812.609213846] [controller_manager]: Controller 'aic_controller' node arguments: --ros-args --params-file /ws_aic/install/share/aic_bringup/config/aic_ros2_controllers.yaml -p use_sim_time:=true --param use_sim_time:=true 
[component_container-3] (2026-05-07 15:13:32.687) [debug] [WorldSdfGeneratorPlugin.cc:79] Saving world: aic_world to: /tmp/aic.sdf
[component_container-3] (2026-05-07 15:13:32.687) [info] [WorldSdfGeneratorPlugin.cc:86] File: /tmp/aic.sdf could not be opened for saving. Please check that the directory containg the file exists and the correct permissions are set.
[spawner-10] [INFO] [1778166812.695037674] [spawner_aic_controller]: Loaded aic_controller
[component_container-3] [INFO] [1778166812.695507282] [controller_manager]: Configuring controller: 'aic_controller'
[component_container-3] [INFO] [1778166812.695564900] [aic_controller]: Control mode set to impedance
[component_container-3] [INFO] [1778166812.695570550] [aic_controller]: Target mode set to Cartesian. Accepting MotionUpdate targets.
[component_container-3] [INFO] [1778166812.700019812] [controller_manager]: Activating controllers: [ aic_controller ]
[component_container-3] [INFO] [1778166812.700092588] [controller_manager]: Requested controller switch from non-realtime loop
[component_container-3] [INFO] [1778166812.700161597] [controller_manager]: Successfully switched controllers!
[component_container-3] (2026-05-07 15:13:32.701) [warning] [Component.hh:144] Trying to serialize component with data type [St6vectorIdSaIdEE], which doesn't have `operator<<`. Component will not be serialized.
[component_container-3] (2026-05-07 15:13:32.701) [warning] [Component.hh:189] Trying to deserialize component with data type [St6vectorIdSaIdEE], which doesn't have `operator>>`. Component will not be deserialized.
[spawner-10] [INFO] [1778166812.702128716] [spawner_aic_controller]: Configured and activated all the parsed controllers list : ['aic_controller']!
[INFO] [spawner-10]: process has finished cleanly [pid 476]
[INFO] [rviz2-11]: process started with pid [496]
[rviz2-11] qt.qpa.xcb: could not connect to display 
[rviz2-11] qt.qpa.plugin: Could not load the Qt platform plugin "xcb" in "" even though it was found.
[rviz2-11] This application failed to start because no Qt platform plugin could be initialized. Reinstalling the application may fix this problem.
[rviz2-11] 
[rviz2-11] Available platform plugins are: eglfs, linuxfb, minimal, minimalegl, offscreen, vnc, wayland-egl, wayland, wayland-xcomposite-egl, wayland-xcomposite-glx, xcb.
[rviz2-11] 
[ERROR] [rviz2-11]: process has died [pid 496, exit code -6, cmd '/opt/ros/kilted/lib/rviz2/rviz2 -d /ws_aic/install/share/aic_bringup/rviz/aic.rviz --ros-args -r __node:=rviz2 --params-file /tmp/launch_params_zq9lkyae'].
[2m2026-05-07T15:13:36.682771Z[0m [32m INFO[0m acc-0 ThreadId(04) [2mzenoh::net::routing::interceptor::access_control[0m[2m:[0m f20ad90d6979af8f0c0537dbba0b966d did not match any configured ACL subject. Default permission `Allow` will be applied on all messages
[2m2026-05-07T15:13:46.566632Z[0m [32m INFO[0m acc-0 ThreadId(04) [2mzenoh::net::routing::interceptor::access_control[0m[2m:[0m 4569ce5e90641bb96d78ce5d1fcff2be did not match any configured ACL subject. Default permission `Allow` will be applied on all messages
[component_container-3] (2026-05-07 15:13:47.697) [debug] [SdfEntityCreator.cc:547] Link has auto-inertial enabled: sc_port_0::sc_port_link
[component_container-3] (2026-05-07 15:13:47.697) [debug] [SdfEntityCreator.cc:549]   pose: 1.88554e-19 -0.00100271 0.000137321 0 0 0
[component_container-3] (2026-05-07 15:13:47.697) [debug] [SdfEntityCreator.cc:550]   mass: 0.04
[component_container-3] (2026-05-07 15:13:47.697) [debug] [SdfEntityCreator.cc:551]   ixx iyy izz: 1.86262e-06 5.50332e-06 6.55187e-06
[component_container-3] (2026-05-07 15:13:47.697) [debug] [SdfEntityCreator.cc:553]   ixy ixz iyz: -7.41324e-15 4.19415e-23 -5.5077e-09
[component_container-3] (2026-05-07 15:13:47.698) [debug] [SdfEntityCreator.cc:547] Link has auto-inertial enabled: sc_port_1::sc_port_link
[component_container-3] (2026-05-07 15:13:47.698) [debug] [SdfEntityCreator.cc:549]   pose: 1.88554e-19 -0.00100271 0.000137321 0 0 0
[component_container-3] (2026-05-07 15:13:47.698) [debug] [SdfEntityCreator.cc:550]   mass: 0.04
[component_container-3] (2026-05-07 15:13:47.698) [debug] [SdfEntityCreator.cc:551]   ixx iyy izz: 1.86262e-06 5.50332e-06 6.55187e-06
[component_container-3] (2026-05-07 15:13:47.698) [debug] [SdfEntityCreator.cc:553]   ixy ixz iyz: -7.41324e-15 4.19415e-23 -5.5077e-09
[component_container-3] (2026-05-07 15:13:47.698) [debug] [SdfEntityCreator.cc:547] Link has auto-inertial enabled: nic_card_mount_0::nic_card_link
[component_container-3] (2026-05-07 15:13:47.698) [debug] [SdfEntityCreator.cc:549]   pose: 0.00150732 -0.00850988 0.00340281 0 0 0
[component_container-3] (2026-05-07 15:13:47.698) [debug] [SdfEntityCreator.cc:550]   mass: 0.15
[component_container-3] (2026-05-07 15:13:47.698) [debug] [SdfEntityCreator.cc:551]   ixx iyy izz: 0.000185176 4.95164e-05 0.000228127
[component_container-3] (2026-05-07 15:13:47.698) [debug] [SdfEntityCreator.cc:553]   ixy ixz iyz: -1.61776e-06 6.54063e-07 1.04636e-07
[component_container-3] (2026-05-07 15:13:47.699) [debug] [SystemManager.cc:80] Loaded system [gz::sim::systems::PosePublisher] for entity [118]
[component_container-3] (2026-05-07 15:13:47.700) [debug] [SystemManager.cc:80] Loaded system [gz::sim::systems::TouchPlugin] for entity [166]
[component_container-3] (2026-05-07 15:13:47.700) [debug] [SystemManager.cc:80] Loaded system [gz::sim::systems::TouchPlugin] for entity [189]
[component_container-3] (2026-05-07 15:13:47.700) [debug] [SystemManager.cc:80] Loaded system [gz::sim::systems::TouchPlugin] for entity [212]
[component_container-3] (2026-05-07 15:13:47.700) [debug] [SystemManager.cc:80] Loaded system [gz::sim::systems::TouchPlugin] for entity [212]
[component_container-3] (2026-05-07 15:13:47.700) [debug] [UserCommands.cc:1108] Created entity [118] named [task_board]
[component_container-3] (2026-05-07 15:13:47.703) [info] [Contact.cc:125] Contact system publishing on world/aic_world/model/task_board/model/sc_port_0/link/sc_port_link/sensor/sc_port_sensor/contact
[component_container-3] (2026-05-07 15:13:47.703) [info] [Contact.cc:125] Contact system publishing on world/aic_world/model/task_board/model/sc_port_1/link/sc_port_link/sensor/sc_port_sensor/contact
[component_container-3] (2026-05-07 15:13:47.703) [info] [Contact.cc:125] Contact system publishing on world/aic_world/model/task_board/model/nic_card_mount_0/link/nic_card_link/sensor/sfp_port_sensor/contact
[component_container-3] [INFO] [1778166827.704772741] [aic_controller]: Received service request to tare force torque sensor!
[component_container-3] [INFO] [1778166827.704793550] [aic_controller]: Successfully tared force torque sensor.
[component_container-3] [INFO] [1778166827.705746031] [gz_server]: InitializeCanonicalLinks
[component_container-3] (2026-05-07 15:13:47.705) [warning] [Component.hh:127] Trying to serialize component with data type [St10shared_ptrIN3sdf3v157ElementEE], which doesn't have `operator<<`. Component will not be serialized.
[component_container-3] (2026-05-07 15:13:47.707) [debug] [SimulationRunner.cc:600] Exiting postupdate worker thread (3)
[component_container-3] (2026-05-07 15:13:47.707) [debug] [SimulationRunner.cc:600] Exiting postupdate worker thread (4)
[component_container-3] (2026-05-07 15:13:47.707) [debug] [SimulationRunner.cc:600] Exiting postupdate worker thread (1)
[component_container-3] (2026-05-07 15:13:47.707) [debug] [SimulationRunner.cc:600] Exiting postupdate worker thread (2)
[component_container-3] (2026-05-07 15:13:47.707) [debug] [SimulationRunner.cc:600] Exiting postupdate worker thread (0)
[component_container-3] (2026-05-07 15:13:47.707) [debug] [SimulationRunner.cc:573] Creating PostUpdate worker threads: 11
[component_container-3] (2026-05-07 15:13:47.707) [debug] [SimulationRunner.cc:584] Creating postupdate worker thread (0)
[component_container-3] (2026-05-07 15:13:47.707) [debug] [SimulationRunner.cc:584] Creating postupdate worker thread (1)
[component_container-3] (2026-05-07 15:13:47.707) [debug] [SimulationRunner.cc:584] Creating postupdate worker thread (2)
[component_container-3] (2026-05-07 15:13:47.707) [debug] [SimulationRunner.cc:584] Creating postupdate worker thread (3)
[component_container-3] (2026-05-07 15:13:47.707) [debug] [SimulationRunner.cc:584] Creating postupdate worker thread (4)
[component_container-3] (2026-05-07 15:13:47.707) [debug] [SimulationRunner.cc:584] Creating postupdate worker thread (5)
[component_container-3] (2026-05-07 15:13:47.707) [debug] [SimulationRunner.cc:584] Creating postupdate worker thread (6)
[component_container-3] (2026-05-07 15:13:47.707) [debug] [SimulationRunner.cc:584] Creating postupdate worker thread (7)
[component_container-3] (2026-05-07 15:13:47.707) [debug] [SimulationRunner.cc:584] Creating postupdate worker thread (8)
[component_container-3] (2026-05-07 15:13:47.707) [debug] [SimulationRunner.cc:584] Creating postupdate worker thread (9)
[component_container-3] (2026-05-07 15:13:47.707) [debug] [TouchPlugin.cc:267] Started touch plugin [sc_port_0/sc_port_base]
[component_container-3] (2026-05-07 15:13:47.708) [debug] [TouchPlugin.cc:267] Started touch plugin [sc_port_1/sc_port_base]
[component_container-3] (2026-05-07 15:13:47.708) [debug] [TouchPlugin.cc:267] Started touch plugin [nic_card_mount_0/sfp_port_0]
[component_container-3] (2026-05-07 15:13:47.708) [debug] [TouchPlugin.cc:267] Started touch plugin [nic_card_mount_0/sfp_port_1]
[component_container-3] (2026-05-07 15:13:47.726) [warning] [Component.hh:172] Trying to deserialize component with data type [St10shared_ptrIN3sdf3v157ElementEE], which doesn't have `operator>>`. Component will not be deserialized.
[component_container-3] (2026-05-07 15:13:49.865) [debug] [SdfEntityCreator.cc:547] Link has auto-inertial enabled: cable_0::lc_plug_link
[component_container-3] (2026-05-07 15:13:49.865) [debug] [SdfEntityCreator.cc:549]   pose: 0 0.0197 0 0 0 0
[component_container-3] (2026-05-07 15:13:49.865) [debug] [SdfEntityCreator.cc:550]   mass: 0.01
[component_container-3] (2026-05-07 15:13:49.865) [debug] [SdfEntityCreator.cc:551]   ixx iyy izz: 8.49658e-09 9.96094e-08 1.06153e-07
[component_container-3] (2026-05-07 15:13:49.865) [debug] [SdfEntityCreator.cc:553]   ixy ixz iyz: 0 0 2.13837e-15
[component_container-3] (2026-05-07 15:13:49.865) [debug] [SdfEntityCreator.cc:547] Link has auto-inertial enabled: cable_0::sc_plug_link
[component_container-3] (2026-05-07 15:13:49.865) [debug] [SdfEntityCreator.cc:549]   pose: -0.00907511 4.9566e-05 8.71699e-06 0 0 0
[component_container-3] (2026-05-07 15:13:49.865) [debug] [SdfEntityCreator.cc:550]   mass: 0.04
[component_container-3] (2026-05-07 15:13:49.865) [debug] [SdfEntityCreator.cc:551]   ixx iyy izz: 2.12257e-06 7.17318e-06 8.85404e-06
[component_container-3] (2026-05-07 15:13:49.865) [debug] [SdfEntityCreator.cc:553]   ixy ixz iyz: 1.24369e-08 -3.73363e-09 1.72827e-11
[component_container-3] (2026-05-07 15:13:49.865) [debug] [SdfEntityCreator.cc:547] Link has auto-inertial enabled: cable_0::sfp_module_link
[component_container-3] (2026-05-07 15:13:49.865) [debug] [SdfEntityCreator.cc:549]   pose: 0.00024115 0.00702224 0.000553372 0 0 0
[component_container-3] (2026-05-07 15:13:49.865) [debug] [SdfEntityCreator.cc:550]   mass: 0.02
[component_container-3] (2026-05-07 15:13:49.865) [debug] [SdfEntityCreator.cc:551]   ixx iyy izz: 2.81022e-06 5.74024e-07 3.07134e-06
[component_container-3] (2026-05-07 15:13:49.865) [debug] [SdfEntityCreator.cc:553]   ixy ixz iyz: 2.90452e-08 2.66891e-09 9.66165e-08
[component_container-3] (2026-05-07 15:13:49.867) [debug] [CablePlugin.cc:86] aic_gazebo::CablePlugin::Configure on entity: 266
[component_container-3] (2026-05-07 15:13:49.867) [info] [CablePlugin.cc:150] Cable transitioning to HARNESS state.
[component_container-3] (2026-05-07 15:13:49.867) [debug] [SystemManager.cc:80] Loaded system [aic_gazebo::CablePlugin] for entity [266]
[component_container-3] (2026-05-07 15:13:49.867) [debug] [SystemManager.cc:80] Loaded system [gz::sim::systems::PosePublisher] for entity [266]
[component_container-3] (2026-05-07 15:13:49.867) [debug] [UserCommands.cc:1108] Created entity [266] named [cable_0]
[component_container-3] [INFO] [1778166829.873978426] [gz_server]: InitializeCanonicalLinks
[component_container-3] (2026-05-07 15:13:49.875) [debug] [SimulationRunner.cc:600] Exiting postupdate worker thread (3)
[component_container-3] (2026-05-07 15:13:49.875) [debug] [SimulationRunner.cc:600] Exiting postupdate worker thread (7)
[component_container-3] (2026-05-07 15:13:49.875) [debug] [SimulationRunner.cc:600] Exiting postupdate worker thread (2)
[component_container-3] (2026-05-07 15:13:49.875) [debug] [SimulationRunner.cc:600] Exiting postupdate worker thread (0)
[component_container-3] (2026-05-07 15:13:49.875) [debug] [SimulationRunner.cc:600] Exiting postupdate worker thread (5)
[component_container-3] (2026-05-07 15:13:49.875) [debug] [SimulationRunner.cc:600] Exiting postupdate worker thread (1)
[component_container-3] (2026-05-07 15:13:49.875) [debug] [SimulationRunner.cc:600] Exiting postupdate worker thread (9)
[component_container-3] (2026-05-07 15:13:49.875) [debug] [SimulationRunner.cc:600] Exiting postupdate worker thread (6)
[component_container-3] (2026-05-07 15:13:49.875) [debug] [SimulationRunner.cc:600] Exiting postupdate worker thread (4)
[component_container-3] (2026-05-07 15:13:49.875) [debug] [SimulationRunner.cc:600] Exiting postupdate worker thread (8)
[component_container-3] (2026-05-07 15:13:49.876) [debug] [SimulationRunner.cc:573] Creating PostUpdate worker threads: 13
[component_container-3] (2026-05-07 15:13:49.876) [debug] [SimulationRunner.cc:584] Creating postupdate worker thread (0)
[component_container-3] (2026-05-07 15:13:49.876) [debug] [SimulationRunner.cc:584] Creating postupdate worker thread (1)
[component_container-3] (2026-05-07 15:13:49.876) [debug] [SimulationRunner.cc:584] Creating postupdate worker thread (2)
[component_container-3] (2026-05-07 15:13:49.876) [debug] [SimulationRunner.cc:584] Creating postupdate worker thread (3)
[component_container-3] (2026-05-07 15:13:49.876) [debug] [SimulationRunner.cc:584] Creating postupdate worker thread (4)
[component_container-3] (2026-05-07 15:13:49.876) [debug] [SimulationRunner.cc:584] Creating postupdate worker thread (5)
[component_container-3] (2026-05-07 15:13:49.876) [debug] [SimulationRunner.cc:584] Creating postupdate worker thread (6)
[component_container-3] (2026-05-07 15:13:49.876) [debug] [SimulationRunner.cc:584] Creating postupdate worker thread (7)
[component_container-3] (2026-05-07 15:13:49.876) [debug] [SimulationRunner.cc:584] Creating postupdate worker thread (8)
[component_container-3] (2026-05-07 15:13:49.876) [debug] [SimulationRunner.cc:584] Creating postupdate worker thread (9)
[component_container-3] (2026-05-07 15:13:49.876) [debug] [SimulationRunner.cc:584] Creating postupdate worker thread (10)
[component_container-3] (2026-05-07 15:13:49.876) [debug] [SimulationRunner.cc:584] Creating postupdate worker thread (11)
[component_container-3] (2026-05-07 15:13:49.879) [info] [CablePlugin.cc:201] Cable transitioning to WAITING state.
[component_container-3] (2026-05-07 15:13:49.879) [info] [CablePlugin.cc:213] Cable transitioning to CREATE_CONNECTIONS state.
[component_container-3] (2026-05-07 15:13:49.879) [debug] [Physics.cc:2015] Creating detachable joint [442]
[component_container-3] (2026-05-07 15:13:49.880) [debug] [Physics.cc:2015] Creating detachable joint [445]
[component_container-3] (2026-05-07 15:13:49.880) [debug] [Physics.cc:2136] Detaching joint [442]
[component_container-3] (2026-05-07 15:13:49.880) [debug] [Physics.cc:2136] Detaching joint [445]
[component_container-3] (2026-05-07 15:13:49.880) [info] [CablePlugin.cc:247] Cable transitioning to CABLE_ATTACHED_TO_GRIPPER state.
[component_container-3] (2026-05-07 15:13:49.881) [debug] [Physics.cc:2015] Creating detachable joint [446]
[component_container-3] [INFO] [1778166829.910990502] [gz_server]: InitializeCanonicalLinks
[component_container-3] [INFO] [1778166834.471242083] [aic_controller]: Controller is already in Cartesian target mode.
[component_container-3] (2026-05-07 15:14:21.883) [debug] [UserCommands.cc:1158] Requesting removal of entity [118]
[component_container-3] (2026-05-07 15:14:21.902) [debug] [SimulationRunner.cc:600] Exiting postupdate worker thread (0)
[component_container-3] (2026-05-07 15:14:21.902) [debug] [SimulationRunner.cc:600] Exiting postupdate worker thread (2)
[component_container-3] (2026-05-07 15:14:21.902) [debug] [SimulationRunner.cc:600] Exiting postupdate worker thread (5)
[component_container-3] (2026-05-07 15:14:21.902) [debug] [SimulationRunner.cc:600] Exiting postupdate worker thread (3)
[component_container-3] (2026-05-07 15:14:21.902) [debug] [SimulationRunner.cc:600] Exiting postupdate worker thread (11)
[component_container-3] (2026-05-07 15:14:21.902) [debug] [SimulationRunner.cc:600] Exiting postupdate worker thread (6)
[component_container-3] (2026-05-07 15:14:21.902) [debug] [SimulationRunner.cc:600] Exiting postupdate worker thread (4)
[component_container-3] (2026-05-07 15:14:21.902) [debug] [SimulationRunner.cc:600] Exiting postupdate worker thread (7)
[component_container-3] (2026-05-07 15:14:21.902) [debug] [SimulationRunner.cc:600] Exiting postupdate worker thread (9)
[component_container-3] (2026-05-07 15:14:21.902) [debug] [SimulationRunner.cc:600] Exiting postupdate worker thread (8)
[component_container-3] (2026-05-07 15:14:21.902) [debug] [SimulationRunner.cc:600] Exiting postupdate worker thread (10)
[component_container-3] (2026-05-07 15:14:21.902) [debug] [SimulationRunner.cc:600] Exiting postupdate worker thread (1)
[component_container-3] (2026-05-07 15:14:21.902) [debug] [SimulationRunner.cc:573] Creating PostUpdate worker threads: 8
[component_container-3] (2026-05-07 15:14:21.902) [debug] [SimulationRunner.cc:584] Creating postupdate worker thread (0)
[component_container-3] (2026-05-07 15:14:21.902) [debug] [SimulationRunner.cc:584] Creating postupdate worker thread (1)
[component_container-3] (2026-05-07 15:14:21.902) [debug] [SimulationRunner.cc:584] Creating postupdate worker thread (2)
[component_container-3] (2026-05-07 15:14:21.902) [debug] [SimulationRunner.cc:584] Creating postupdate worker thread (3)
[component_container-3] (2026-05-07 15:14:21.902) [debug] [SimulationRunner.cc:584] Creating postupdate worker thread (4)
[component_container-3] (2026-05-07 15:14:21.902) [debug] [SimulationRunner.cc:584] Creating postupdate worker thread (5)
[component_container-3] (2026-05-07 15:14:21.902) [debug] [SimulationRunner.cc:584] Creating postupdate worker thread (6)
[component_container-3] (2026-05-07 15:14:21.903) [debug] [UserCommands.cc:1158] Requesting removal of entity [266]
[component_container-3] (2026-05-07 15:14:21.903) [info] [CablePlugin.cc:162] Cable transitioning to CABLE_REMOVED state.
[component_container-3] [INFO] [1778166861.903845488] [controller_manager]: Deactivating controllers: [ aic_controller ]
[component_container-3] [INFO] [1778166861.903919496] [controller_manager]: Switch controller timeout is set to 0, using default 1s!
[component_container-3] [INFO] [1778166861.903922923] [controller_manager]: Requested controller switch from non-realtime loop
[component_container-3] [INFO] [1778166861.904003503] [controller_manager]: Deactivated controllers: [ aic_controller ]
[component_container-3] [INFO] [1778166861.904006128] [controller_manager]: Successfully switched controllers!
[component_container-3] (2026-05-07 15:14:21.904) [debug] [Physics.cc:2136] Detaching joint [446]
[component_container-3] (2026-05-07 15:14:21.905) [info] [ResetJointsPlugin.cc:105] Received reset request for joint: shoulder_pan_joint
[component_container-3] (2026-05-07 15:14:21.905) [info] [ResetJointsPlugin.cc:105] Received reset request for joint: shoulder_lift_joint
[component_container-3] (2026-05-07 15:14:21.905) [info] [ResetJointsPlugin.cc:105] Received reset request for joint: elbow_joint
[component_container-3] (2026-05-07 15:14:21.905) [info] [ResetJointsPlugin.cc:105] Received reset request for joint: wrist_1_joint
[component_container-3] (2026-05-07 15:14:21.905) [info] [ResetJointsPlugin.cc:105] Received reset request for joint: wrist_2_joint
[component_container-3] (2026-05-07 15:14:21.905) [info] [ResetJointsPlugin.cc:105] Received reset request for joint: wrist_3_joint
[component_container-3] (2026-05-07 15:14:21.926) [debug] [SimulationRunner.cc:600] Exiting postupdate worker thread (1)
[component_container-3] (2026-05-07 15:14:21.926) [debug] [SimulationRunner.cc:600] Exiting postupdate worker thread (5)
[component_container-3] (2026-05-07 15:14:21.926) [debug] [SimulationRunner.cc:600] Exiting postupdate worker thread (6)
[component_container-3] (2026-05-07 15:14:21.926) [debug] [SimulationRunner.cc:600] Exiting postupdate worker thread (4)
[component_container-3] (2026-05-07 15:14:21.926) [debug] [SimulationRunner.cc:600] Exiting postupdate worker thread (3)
[component_container-3] (2026-05-07 15:14:21.926) [debug] [SimulationRunner.cc:600] Exiting postupdate worker thread (2)
[component_container-3] (2026-05-07 15:14:21.926) [debug] [SimulationRunner.cc:600] Exiting postupdate worker thread (0)
[component_container-3] (2026-05-07 15:14:21.926) [debug] [SimulationRunner.cc:573] Creating PostUpdate worker threads: 6
[component_container-3] (2026-05-07 15:14:21.926) [debug] [SimulationRunner.cc:584] Creating postupdate worker thread (0)
[component_container-3] (2026-05-07 15:14:21.926) [debug] [SimulationRunner.cc:584] Creating postupdate worker thread (1)
[component_container-3] (2026-05-07 15:14:21.926) [debug] [SimulationRunner.cc:584] Creating postupdate worker thread (2)
[component_container-3] (2026-05-07 15:14:21.926) [debug] [SimulationRunner.cc:584] Creating postupdate worker thread (3)
[component_container-3] (2026-05-07 15:14:21.926) [debug] [SimulationRunner.cc:584] Creating postupdate worker thread (4)
[component_container-3] (2026-05-07 15:14:22.752) [info] [ResetJointsPlugin.cc:149] Joint wrist_3_joint reset to initial position: 1.411
[component_container-3] (2026-05-07 15:14:22.752) [info] [ResetJointsPlugin.cc:149] Joint wrist_2_joint reset to initial position: 1.571
[component_container-3] (2026-05-07 15:14:22.752) [info] [ResetJointsPlugin.cc:149] Joint wrist_1_joint reset to initial position: -1.6933
[component_container-3] (2026-05-07 15:14:22.752) [info] [ResetJointsPlugin.cc:149] Joint elbow_joint reset to initial position: -1.6648
[component_container-3] (2026-05-07 15:14:22.752) [info] [ResetJointsPlugin.cc:149] Joint shoulder_lift_joint reset to initial position: -1.3542
[component_container-3] (2026-05-07 15:14:22.752) [info] [ResetJointsPlugin.cc:149] Joint shoulder_pan_joint reset to initial position: -0.1597
[component_container-3] (2026-05-07 15:14:22.752) [warning] [Physics.cc:2467] Found both JointVelocityReset and JointVelocityCmd components for Joint [shoulder_pan_joint(Entity=102]). Ignoring JointVelocityCmd component.
[component_container-3] (2026-05-07 15:14:22.752) [warning] [Physics.cc:2467] Found both JointVelocityReset and JointVelocityCmd components for Joint [shoulder_lift_joint(Entity=103]). Ignoring JointVelocityCmd component.
[component_container-3] (2026-05-07 15:14:22.752) [warning] [Physics.cc:2467] Found both JointVelocityReset and JointVelocityCmd components for Joint [elbow_joint(Entity=104]). Ignoring JointVelocityCmd component.
[component_container-3] (2026-05-07 15:14:22.752) [warning] [Physics.cc:2467] Found both JointVelocityReset and JointVelocityCmd components for Joint [wrist_1_joint(Entity=105]). Ignoring JointVelocityCmd component.
[component_container-3] (2026-05-07 15:14:22.752) [warning] [Physics.cc:2467] Found both JointVelocityReset and JointVelocityCmd components for Joint [wrist_2_joint(Entity=106]). Ignoring JointVelocityCmd component.
[component_container-3] (2026-05-07 15:14:22.752) [warning] [Physics.cc:2467] Found both JointVelocityReset and JointVelocityCmd components for Joint [wrist_3_joint(Entity=107]). Ignoring JointVelocityCmd component.
[component_container-3] [INFO] [1778166862.752605974] [controller_manager]: Activating controllers: [ aic_controller ]
[component_container-3] [INFO] [1778166862.752689280] [controller_manager]: Requested controller switch from non-realtime loop
[component_container-3] [INFO] [1778166862.752768227] [controller_manager]: Activated controllers: [ aic_controller ]
[component_container-3] [INFO] [1778166862.752771373] [controller_manager]: Successfully switched controllers!
[component_container-3] (2026-05-07 15:14:22.833) [debug] [SdfEntityCreator.cc:547] Link has auto-inertial enabled: sc_port_1::sc_port_link
[component_container-3] (2026-05-07 15:14:22.833) [debug] [SdfEntityCreator.cc:549]   pose: 1.88554e-19 -0.00100271 0.000137321 0 0 0
[component_container-3] (2026-05-07 15:14:22.833) [debug] [SdfEntityCreator.cc:550]   mass: 0.04
[component_container-3] (2026-05-07 15:14:22.833) [debug] [SdfEntityCreator.cc:551]   ixx iyy izz: 1.86262e-06 5.50332e-06 6.55187e-06
[component_container-3] (2026-05-07 15:14:22.833) [debug] [SdfEntityCreator.cc:553]   ixy ixz iyz: -7.41324e-15 4.19415e-23 -5.5077e-09
[component_container-3] (2026-05-07 15:14:22.834) [debug] [SystemManager.cc:80] Loaded system [gz::sim::systems::PosePublisher] for entity [447]
[component_container-3] (2026-05-07 15:14:22.834) [debug] [SystemManager.cc:80] Loaded system [gz::sim::systems::TouchPlugin] for entity [493]
[component_container-3] (2026-05-07 15:14:22.834) [debug] [UserCommands.cc:1108] Created entity [447] named [task_board]
[component_container-3] (2026-05-07 15:14:22.837) [info] [Contact.cc:125] Contact system publishing on world/aic_world/model/task_board/model/sc_port_1/link/sc_port_link/sensor/sc_port_sensor/contact
[component_container-3] [INFO] [1778166862.837399848] [aic_controller]: Received service request to tare force torque sensor!
[component_container-3] [INFO] [1778166862.837423382] [aic_controller]: Successfully tared force torque sensor.
[component_container-3] [INFO] [1778166862.838335848] [gz_server]: InitializeCanonicalLinks
[component_container-3] (2026-05-07 15:14:22.838) [warning] [Component.hh:127] Trying to serialize component with data type [St10shared_ptrIN3sdf3v157ElementEE], which doesn't have `operator<<`. Component will not be serialized.
[component_container-3] (2026-05-07 15:14:22.839) [debug] [SimulationRunner.cc:600] Exiting postupdate worker thread (3)
[component_container-3] (2026-05-07 15:14:22.839) [debug] [SimulationRunner.cc:600] Exiting postupdate worker thread (0)
[component_container-3] (2026-05-07 15:14:22.839) [debug] [SimulationRunner.cc:600] Exiting postupdate worker thread (4)
[component_container-3] (2026-05-07 15:14:22.839) [debug] [SimulationRunner.cc:600] Exiting postupdate worker thread (1)
[component_container-3] (2026-05-07 15:14:22.839) [debug] [SimulationRunner.cc:600] Exiting postupdate worker thread (2)
[component_container-3] (2026-05-07 15:14:22.839) [debug] [SimulationRunner.cc:573] Creating PostUpdate worker threads: 8
[component_container-3] (2026-05-07 15:14:22.839) [debug] [SimulationRunner.cc:584] Creating postupdate worker thread (0)
[component_container-3] (2026-05-07 15:14:22.839) [debug] [SimulationRunner.cc:584] Creating postupdate worker thread (1)
[component_container-3] (2026-05-07 15:14:22.839) [debug] [SimulationRunner.cc:584] Creating postupdate worker thread (2)
[component_container-3] (2026-05-07 15:14:22.839) [debug] [SimulationRunner.cc:584] Creating postupdate worker thread (3)
[component_container-3] (2026-05-07 15:14:22.839) [debug] [SimulationRunner.cc:584] Creating postupdate worker thread (4)
[component_container-3] (2026-05-07 15:14:22.839) [debug] [SimulationRunner.cc:584] Creating postupdate worker thread (5)
[component_container-3] (2026-05-07 15:14:22.839) [debug] [SimulationRunner.cc:584] Creating postupdate worker thread (6)
[component_container-3] (2026-05-07 15:14:22.839) [debug] [TouchPlugin.cc:267] Started touch plugin [sc_port_1/sc_port_base]
[component_container-3] (2026-05-07 15:14:22.979) [debug] [SdfEntityCreator.cc:547] Link has auto-inertial enabled: cable_1::sc_plug_link
[component_container-3] (2026-05-07 15:14:22.979) [debug] [SdfEntityCreator.cc:549]   pose: -0.00907511 4.9566e-05 8.71699e-06 0 0 0
[component_container-3] (2026-05-07 15:14:22.979) [debug] [SdfEntityCreator.cc:550]   mass: 0.04
[component_container-3] (2026-05-07 15:14:22.979) [debug] [SdfEntityCreator.cc:551]   ixx iyy izz: 2.12257e-06 7.17318e-06 8.85404e-06
[component_container-3] (2026-05-07 15:14:22.979) [debug] [SdfEntityCreator.cc:553]   ixy ixz iyz: 1.24369e-08 -3.73363e-09 1.72827e-11
[component_container-3] (2026-05-07 15:14:22.979) [debug] [SdfEntityCreator.cc:547] Link has auto-inertial enabled: cable_1::lc_plug_link
[component_container-3] (2026-05-07 15:14:22.979) [debug] [SdfEntityCreator.cc:549]   pose: 0 -0.00428702 8.58528e-05 0 0 0
[component_container-3] (2026-05-07 15:14:22.979) [debug] [SdfEntityCreator.cc:550]   mass: 0.01
[component_container-3] (2026-05-07 15:14:22.979) [debug] [SdfEntityCreator.cc:551]   ixx iyy izz: 1.73585e-06 1.30886e-07 1.82579e-06
[component_container-3] (2026-05-07 15:14:22.979) [debug] [SdfEntityCreator.cc:553]   ixy ixz iyz: -3.13192e-14 3.63653e-15 -5.82954e-09
[component_container-3] (2026-05-07 15:14:22.979) [debug] [SdfEntityCreator.cc:547] Link has auto-inertial enabled: cable_1::sfp_module_link
[component_container-3] (2026-05-07 15:14:22.979) [debug] [SdfEntityCreator.cc:549]   pose: 0.000140388 0.0140944 0.000755794 0 0 0
[component_container-3] (2026-05-07 15:14:22.979) [debug] [SdfEntityCreator.cc:550]   mass: 0.02
[component_container-3] (2026-05-07 15:14:22.979) [debug] [SdfEntityCreator.cc:551]   ixx iyy izz: 3.52972e-06 5.95336e-07 3.76244e-06
[component_container-3] (2026-05-07 15:14:22.979) [debug] [SdfEntityCreator.cc:553]   ixy ixz iyz: 3.87677e-08 3.1005e-09 9.04204e-09
[component_container-3] (2026-05-07 15:14:22.980) [debug] [CablePlugin.cc:86] aic_gazebo::CablePlugin::Configure on entity: 516
[component_container-3] (2026-05-07 15:14:22.981) [info] [CablePlugin.cc:150] Cable transitioning to HARNESS state.
[component_container-3] (2026-05-07 15:14:22.981) [debug] [SystemManager.cc:80] Loaded system [aic_gazebo::CablePlugin] for entity [516]
[component_container-3] (2026-05-07 15:14:22.981) [debug] [SystemManager.cc:80] Loaded system [gz::sim::systems::PosePublisher] for entity [516]
[component_container-3] (2026-05-07 15:14:22.981) [debug] [UserCommands.cc:1108] Created entity [516] named [cable_1]
[component_container-3] [INFO] [1778166862.987694539] [gz_server]: InitializeCanonicalLinks
[component_container-3] (2026-05-07 15:14:22.990) [debug] [SimulationRunner.cc:600] Exiting postupdate worker thread (6)
[component_container-3] (2026-05-07 15:14:22.990) [debug] [SimulationRunner.cc:600] Exiting postupdate worker thread (5)
[component_container-3] (2026-05-07 15:14:22.990) [debug] [SimulationRunner.cc:600] Exiting postupdate worker thread (3)
[component_container-3] (2026-05-07 15:14:22.990) [debug] [SimulationRunner.cc:600] Exiting postupdate worker thread (0)
[component_container-3] (2026-05-07 15:14:22.990) [debug] [SimulationRunner.cc:600] Exiting postupdate worker thread (2)
[component_container-3] (2026-05-07 15:14:22.990) [debug] [SimulationRunner.cc:600] Exiting postupdate worker thread (4)
[component_container-3] (2026-05-07 15:14:22.990) [debug] [SimulationRunner.cc:600] Exiting postupdate worker thread (1)
[component_container-3] (2026-05-07 15:14:22.990) [debug] [SimulationRunner.cc:573] Creating PostUpdate worker threads: 10
[component_container-3] (2026-05-07 15:14:22.990) [debug] [SimulationRunner.cc:584] Creating postupdate worker thread (0)
[component_container-3] (2026-05-07 15:14:22.990) [debug] [SimulationRunner.cc:584] Creating postupdate worker thread (1)
[component_container-3] (2026-05-07 15:14:22.990) [debug] [SimulationRunner.cc:584] Creating postupdate worker thread (2)
[component_container-3] (2026-05-07 15:14:22.990) [debug] [SimulationRunner.cc:584] Creating postupdate worker thread (3)
[component_container-3] (2026-05-07 15:14:22.990) [debug] [SimulationRunner.cc:584] Creating postupdate worker thread (4)
[component_container-3] (2026-05-07 15:14:22.990) [debug] [SimulationRunner.cc:584] Creating postupdate worker thread (5)
[component_container-3] (2026-05-07 15:14:22.990) [debug] [SimulationRunner.cc:584] Creating postupdate worker thread (6)
[component_container-3] (2026-05-07 15:14:22.990) [debug] [SimulationRunner.cc:584] Creating postupdate worker thread (7)
[component_container-3] (2026-05-07 15:14:22.990) [debug] [SimulationRunner.cc:584] Creating postupdate worker thread (8)
[component_container-3] (2026-05-07 15:14:22.990) [info] [CablePlugin.cc:201] Cable transitioning to WAITING state.
[component_container-3] (2026-05-07 15:14:22.990) [info] [CablePlugin.cc:213] Cable transitioning to CREATE_CONNECTIONS state.
[component_container-3] (2026-05-07 15:14:22.990) [debug] [Physics.cc:2015] Creating detachable joint [714]
[component_container-3] (2026-05-07 15:14:22.990) [debug] [Physics.cc:2015] Creating detachable joint [717]
[component_container-3] (2026-05-07 15:14:22.991) [debug] [Physics.cc:2136] Detaching joint [714]
[component_container-3] (2026-05-07 15:14:22.991) [debug] [Physics.cc:2136] Detaching joint [717]
[component_container-3] (2026-05-07 15:14:22.992) [info] [CablePlugin.cc:247] Cable transitioning to CABLE_ATTACHED_TO_GRIPPER state.
[component_container-3] (2026-05-07 15:14:22.992) [debug] [Physics.cc:2015] Creating detachable joint [718]
[component_container-3] [INFO] [1778166863.012685103] [gz_server]: InitializeCanonicalLinks
[component_container-3] (2026-05-07 15:14:43.994) [debug] [TouchPlugin.cc:352] Model [sc_port_1] started touching [sc_plug] at 65.902 s
[component_container-3] (2026-05-07 15:14:44.996) [debug] [TouchPlugin.cc:366] Model [sc_port_1] touched [sc_plug] exclusively for 1 s
[component_container-3] (2026-05-07 15:14:44.996) [debug] [TouchPlugin.cc:273] Stopped touch plugin [sc_port_1/sc_port_base]
[component_container-3] (2026-05-07 15:14:44.996) [debug] [CablePlugin.cc:271] Cable connection 0 touched: 1. Topic: /sc_port_1/sc_port_base/touched
[component_container-3] (2026-05-07 15:14:44.997) [info] [CablePlugin.cc:281] Cable transitioning to ATTACH_CABLE_TO_PORT state.
[component_container-3] (2026-05-07 15:14:44.998) [debug] [Physics.cc:2136] Detaching joint [718]
[component_container-3] (2026-05-07 15:14:44.999) [info] [CablePlugin.cc:326] Cable transitioning to COMPLETED state.
[component_container-3] (2026-05-07 15:14:44.999) [debug] [Physics.cc:2015] Creating detachable joint [719]
[component_container-3] (2026-05-07 15:14:44.999) [debug] [Physics.cc:2015] Creating detachable joint [720]
[component_container-3] (2026-05-07 15:14:44.999) [debug] [Physics.cc:2015] Creating detachable joint [723]
[component_container-3] [INFO] [1778166885.000957292] [gz_server]: InitializeCanonicalLinks
[component_container-3] (2026-05-07 15:14:53.779) [debug] [UserCommands.cc:1158] Requesting removal of entity [447]
[component_container-3] (2026-05-07 15:14:53.787) [debug] [SimulationRunner.cc:600] Exiting postupdate worker thread (6)
[component_container-3] (2026-05-07 15:14:53.787) [debug] [SimulationRunner.cc:600] Exiting postupdate worker thread (0)
[component_container-3] (2026-05-07 15:14:53.787) [debug] [SimulationRunner.cc:600] Exiting postupdate worker thread (4)
[component_container-3] (2026-05-07 15:14:53.787) [debug] [SimulationRunner.cc:600] Exiting postupdate worker thread (7)
[component_container-3] (2026-05-07 15:14:53.787) [debug] [SimulationRunner.cc:600] Exiting postupdate worker thread (1)
[component_container-3] (2026-05-07 15:14:53.787) [debug] [SimulationRunner.cc:600] Exiting postupdate worker thread (5)
[component_container-3] (2026-05-07 15:14:53.787) [debug] [SimulationRunner.cc:600] Exiting postupdate worker thread (8)
[component_container-3] (2026-05-07 15:14:53.787) [debug] [SimulationRunner.cc:600] Exiting postupdate worker thread (3)
[component_container-3] (2026-05-07 15:14:53.787) [debug] [SimulationRunner.cc:600] Exiting postupdate worker thread (2)
[component_container-3] (2026-05-07 15:14:53.787) [debug] [SimulationRunner.cc:573] Creating PostUpdate worker threads: 8
[component_container-3] (2026-05-07 15:14:53.787) [debug] [SimulationRunner.cc:584] Creating postupdate worker thread (0)
[component_container-3] (2026-05-07 15:14:53.787) [debug] [SimulationRunner.cc:584] Creating postupdate worker thread (1)
[component_container-3] (2026-05-07 15:14:53.787) [debug] [SimulationRunner.cc:584] Creating postupdate worker thread (2)
[component_container-3] (2026-05-07 15:14:53.787) [debug] [SimulationRunner.cc:584] Creating postupdate worker thread (3)
[component_container-3] (2026-05-07 15:14:53.787) [debug] [SimulationRunner.cc:584] Creating postupdate worker thread (4)
[component_container-3] (2026-05-07 15:14:53.787) [debug] [SimulationRunner.cc:584] Creating postupdate worker thread (5)
[component_container-3] (2026-05-07 15:14:53.788) [debug] [SimulationRunner.cc:584] Creating postupdate worker thread (6)
[component_container-3] (2026-05-07 15:14:53.788) [debug] [UserCommands.cc:1158] Requesting removal of entity [516]
[component_container-3] (2026-05-07 15:14:53.788) [info] [CablePlugin.cc:162] Cable transitioning to CABLE_REMOVED state.
[component_container-3] (2026-05-07 15:14:53.789) [debug] [Physics.cc:2136] Detaching joint [719]
[component_container-3] (2026-05-07 15:14:53.789) [debug] [Physics.cc:2136] Detaching joint [720]
[component_container-3] (2026-05-07 15:14:53.789) [debug] [Physics.cc:2136] Detaching joint [723]
[component_container-3] [INFO] [1778166893.789960091] [controller_manager]: Deactivating controllers: [ aic_controller ]
[component_container-3] [INFO] [1778166893.790016347] [controller_manager]: Requested controller switch from non-realtime loop
[component_container-3] [INFO] [1778166893.790072251] [controller_manager]: Deactivated controllers: [ aic_controller ]
[component_container-3] [INFO] [1778166893.790075617] [controller_manager]: Successfully switched controllers!
[component_container-3] (2026-05-07 15:14:53.792) [info] [ResetJointsPlugin.cc:105] Received reset request for joint: shoulder_pan_joint
[component_container-3] (2026-05-07 15:14:53.792) [info] [ResetJointsPlugin.cc:105] Received reset request for joint: shoulder_lift_joint
[component_container-3] (2026-05-07 15:14:53.792) [info] [ResetJointsPlugin.cc:105] Received reset request for joint: elbow_joint
[component_container-3] (2026-05-07 15:14:53.792) [info] [ResetJointsPlugin.cc:105] Received reset request for joint: wrist_1_joint
[component_container-3] (2026-05-07 15:14:53.792) [info] [ResetJointsPlugin.cc:105] Received reset request for joint: wrist_2_joint
[component_container-3] (2026-05-07 15:14:53.792) [info] [ResetJointsPlugin.cc:105] Received reset request for joint: wrist_3_joint
[component_container-3] (2026-05-07 15:14:53.813) [debug] [SimulationRunner.cc:600] Exiting postupdate worker thread (5)
[component_container-3] (2026-05-07 15:14:53.813) [debug] [SimulationRunner.cc:600] Exiting postupdate worker thread (2)
[component_container-3] (2026-05-07 15:14:53.813) [debug] [SimulationRunner.cc:600] Exiting postupdate worker thread (4)
[component_container-3] (2026-05-07 15:14:53.813) [debug] [SimulationRunner.cc:600] Exiting postupdate worker thread (3)
[component_container-3] (2026-05-07 15:14:53.813) [debug] [SimulationRunner.cc:600] Exiting postupdate worker thread (1)
[component_container-3] (2026-05-07 15:14:53.813) [debug] [SimulationRunner.cc:600] Exiting postupdate worker thread (0)
[component_container-3] (2026-05-07 15:14:53.813) [debug] [SimulationRunner.cc:600] Exiting postupdate worker thread (6)
[component_container-3] (2026-05-07 15:14:53.813) [debug] [SimulationRunner.cc:573] Creating PostUpdate worker threads: 6
[component_container-3] (2026-05-07 15:14:53.813) [debug] [SimulationRunner.cc:584] Creating postupdate worker thread (0)
[component_container-3] (2026-05-07 15:14:53.814) [debug] [SimulationRunner.cc:584] Creating postupdate worker thread (1)
[component_container-3] (2026-05-07 15:14:53.814) [debug] [SimulationRunner.cc:584] Creating postupdate worker thread (2)
[component_container-3] (2026-05-07 15:14:53.814) [debug] [SimulationRunner.cc:584] Creating postupdate worker thread (3)
[component_container-3] (2026-05-07 15:14:53.814) [debug] [SimulationRunner.cc:584] Creating postupdate worker thread (4)
[component_container-3] (2026-05-07 15:14:54.121) [info] [ResetJointsPlugin.cc:149] Joint wrist_3_joint reset to initial position: 1.411
[component_container-3] (2026-05-07 15:14:54.121) [info] [ResetJointsPlugin.cc:149] Joint wrist_2_joint reset to initial position: 1.571
[component_container-3] (2026-05-07 15:14:54.121) [info] [ResetJointsPlugin.cc:149] Joint wrist_1_joint reset to initial position: -1.6933
[component_container-3] (2026-05-07 15:14:54.121) [info] [ResetJointsPlugin.cc:149] Joint elbow_joint reset to initial position: -1.6648
[component_container-3] (2026-05-07 15:14:54.121) [info] [ResetJointsPlugin.cc:149] Joint shoulder_lift_joint reset to initial position: -1.3542
[component_container-3] (2026-05-07 15:14:54.121) [info] [ResetJointsPlugin.cc:149] Joint shoulder_pan_joint reset to initial position: -0.1597
[component_container-3] (2026-05-07 15:14:54.121) [warning] [Physics.cc:2467] Found both JointVelocityReset and JointVelocityCmd components for Joint [shoulder_pan_joint(Entity=102]). Ignoring JointVelocityCmd component.
[component_container-3] (2026-05-07 15:14:54.121) [warning] [Physics.cc:2467] Found both JointVelocityReset and JointVelocityCmd components for Joint [shoulder_lift_joint(Entity=103]). Ignoring JointVelocityCmd component.
[component_container-3] (2026-05-07 15:14:54.121) [warning] [Physics.cc:2467] Found both JointVelocityReset and JointVelocityCmd components for Joint [elbow_joint(Entity=104]). Ignoring JointVelocityCmd component.
[component_container-3] (2026-05-07 15:14:54.121) [warning] [Physics.cc:2467] Found both JointVelocityReset and JointVelocityCmd components for Joint [wrist_1_joint(Entity=105]). Ignoring JointVelocityCmd component.
[component_container-3] (2026-05-07 15:14:54.121) [warning] [Physics.cc:2467] Found both JointVelocityReset and JointVelocityCmd components for Joint [wrist_2_joint(Entity=106]). Ignoring JointVelocityCmd component.
[component_container-3] (2026-05-07 15:14:54.121) [warning] [Physics.cc:2467] Found both JointVelocityReset and JointVelocityCmd components for Joint [wrist_3_joint(Entity=107]). Ignoring JointVelocityCmd component.
[component_container-3] [INFO] [1778166894.122153266] [controller_manager]: Activating controllers: [ aic_controller ]
[component_container-3] [INFO] [1778166894.122230911] [controller_manager]: Requested controller switch from non-realtime loop
[component_container-3] [INFO] [1778166894.122308276] [controller_manager]: Activated controllers: [ aic_controller ]
[component_container-3] [INFO] [1778166894.122311101] [controller_manager]: Successfully switched controllers!
[component_container-3] (2026-05-07 15:14:54.213) [debug] [SdfEntityCreator.cc:547] Link has auto-inertial enabled: sc_port_0::sc_port_link
[component_container-3] (2026-05-07 15:14:54.213) [debug] [SdfEntityCreator.cc:549]   pose: 1.88554e-19 -0.00100271 0.000137321 0 0 0
[component_container-3] (2026-05-07 15:14:54.213) [debug] [SdfEntityCreator.cc:550]   mass: 0.04
[component_container-3] (2026-05-07 15:14:54.213) [debug] [SdfEntityCreator.cc:551]   ixx iyy izz: 1.86262e-06 5.50332e-06 6.55187e-06
[component_container-3] (2026-05-07 15:14:54.213) [debug] [SdfEntityCreator.cc:553]   ixy ixz iyz: -7.41324e-15 4.19415e-23 -5.5077e-09
[component_container-3] (2026-05-07 15:14:54.213) [debug] [SdfEntityCreator.cc:547] Link has auto-inertial enabled: sc_port_1::sc_port_link
[component_container-3] (2026-05-07 15:14:54.213) [debug] [SdfEntityCreator.cc:549]   pose: 1.88554e-19 -0.00100271 0.000137321 0 0 0
[component_container-3] (2026-05-07 15:14:54.213) [debug] [SdfEntityCreator.cc:550]   mass: 0.04
[component_container-3] (2026-05-07 15:14:54.213) [debug] [SdfEntityCreator.cc:551]   ixx iyy izz: 1.86262e-06 5.50332e-06 6.55187e-06
[component_container-3] (2026-05-07 15:14:54.213) [debug] [SdfEntityCreator.cc:553]   ixy ixz iyz: -7.41324e-15 4.19415e-23 -5.5077e-09
[component_container-3] (2026-05-07 15:14:54.213) [debug] [SdfEntityCreator.cc:547] Link has auto-inertial enabled: nic_card_mount_3::nic_card_link
[component_container-3] (2026-05-07 15:14:54.213) [debug] [SdfEntityCreator.cc:549]   pose: 0.00150732 -0.00850988 0.00340281 0 0 0
[component_container-3] (2026-05-07 15:14:54.213) [debug] [SdfEntityCreator.cc:550]   mass: 0.15
[component_container-3] (2026-05-07 15:14:54.213) [debug] [SdfEntityCreator.cc:551]   ixx iyy izz: 0.000185176 4.95164e-05 0.000228127
[component_container-3] (2026-05-07 15:14:54.213) [debug] [SdfEntityCreator.cc:553]   ixy ixz iyz: -1.61776e-06 6.54063e-07 1.04636e-07
[component_container-3] (2026-05-07 15:14:54.214) [debug] [SystemManager.cc:80] Loaded system [gz::sim::systems::PosePublisher] for entity [724]
[component_container-3] (2026-05-07 15:14:54.214) [debug] [SystemManager.cc:80] Loaded system [gz::sim::systems::TouchPlugin] for entity [772]
[component_container-3] (2026-05-07 15:14:54.214) [debug] [SystemManager.cc:80] Loaded system [gz::sim::systems::TouchPlugin] for entity [795]
[component_container-3] (2026-05-07 15:14:54.215) [debug] [SystemManager.cc:80] Loaded system [gz::sim::systems::TouchPlugin] for entity [818]
[component_container-3] (2026-05-07 15:14:54.215) [debug] [SystemManager.cc:80] Loaded system [gz::sim::systems::TouchPlugin] for entity [818]
[component_container-3] (2026-05-07 15:14:54.215) [debug] [UserCommands.cc:1108] Created entity [724] named [task_board]
[component_container-3] (2026-05-07 15:14:54.218) [info] [Contact.cc:125] Contact system publishing on world/aic_world/model/task_board/model/sc_port_0/link/sc_port_link/sensor/sc_port_sensor/contact
[component_container-3] (2026-05-07 15:14:54.218) [info] [Contact.cc:125] Contact system publishing on world/aic_world/model/task_board/model/sc_port_1/link/sc_port_link/sensor/sc_port_sensor/contact
[component_container-3] (2026-05-07 15:14:54.218) [info] [Contact.cc:125] Contact system publishing on world/aic_world/model/task_board/model/nic_card_mount_3/link/nic_card_link/sensor/sfp_port_sensor/contact
[component_container-3] [INFO] [1778166894.218252615] [aic_controller]: Received service request to tare force torque sensor!
[component_container-3] [INFO] [1778166894.218274776] [aic_controller]: Successfully tared force torque sensor.
[component_container-3] [INFO] [1778166894.220003770] [gz_server]: InitializeCanonicalLinks
[component_container-3] (2026-05-07 15:14:54.221) [debug] [SimulationRunner.cc:600] Exiting postupdate worker thread (3)
[component_container-3] (2026-05-07 15:14:54.221) [debug] [SimulationRunner.cc:600] Exiting postupdate worker thread (2)
[component_container-3] (2026-05-07 15:14:54.221) [debug] [SimulationRunner.cc:600] Exiting postupdate worker thread (0)
[component_container-3] (2026-05-07 15:14:54.221) [debug] [SimulationRunner.cc:600] Exiting postupdate worker thread (1)
[component_container-3] (2026-05-07 15:14:54.221) [debug] [SimulationRunner.cc:600] Exiting postupdate worker thread (4)
[component_container-3] (2026-05-07 15:14:54.221) [debug] [SimulationRunner.cc:573] Creating PostUpdate worker threads: 11
[component_container-3] (2026-05-07 15:14:54.221) [debug] [SimulationRunner.cc:584] Creating postupdate worker thread (0)
[component_container-3] (2026-05-07 15:14:54.221) [debug] [SimulationRunner.cc:584] Creating postupdate worker thread (1)
[component_container-3] (2026-05-07 15:14:54.221) [debug] [SimulationRunner.cc:584] Creating postupdate worker thread (2)
[component_container-3] (2026-05-07 15:14:54.221) [debug] [SimulationRunner.cc:584] Creating postupdate worker thread (3)
[component_container-3] (2026-05-07 15:14:54.221) [debug] [SimulationRunner.cc:584] Creating postupdate worker thread (4)
[component_container-3] (2026-05-07 15:14:54.221) [debug] [SimulationRunner.cc:584] Creating postupdate worker thread (5)
[component_container-3] (2026-05-07 15:14:54.221) [debug] [SimulationRunner.cc:584] Creating postupdate worker thread (6)
[component_container-3] (2026-05-07 15:14:54.221) [debug] [SimulationRunner.cc:584] Creating postupdate worker thread (7)
[component_container-3] (2026-05-07 15:14:54.221) [debug] [SimulationRunner.cc:584] Creating postupdate worker thread (8)
[component_container-3] (2026-05-07 15:14:54.221) [debug] [SimulationRunner.cc:584] Creating postupdate worker thread (9)
[component_container-3] (2026-05-07 15:14:54.221) [debug] [TouchPlugin.cc:267] Started touch plugin [sc_port_0/sc_port_base]
[component_container-3] (2026-05-07 15:14:54.222) [debug] [TouchPlugin.cc:267] Started touch plugin [sc_port_1/sc_port_base]
[component_container-3] (2026-05-07 15:14:54.222) [debug] [TouchPlugin.cc:267] Started touch plugin [nic_card_mount_3/sfp_port_0]
[component_container-3] (2026-05-07 15:14:54.222) [debug] [TouchPlugin.cc:267] Started touch plugin [nic_card_mount_3/sfp_port_1]
[component_container-3] (2026-05-07 15:14:54.494) [debug] [SdfEntityCreator.cc:547] Link has auto-inertial enabled: cable_0::lc_plug_link
[component_container-3] (2026-05-07 15:14:54.494) [debug] [SdfEntityCreator.cc:549]   pose: 0 0.0197 0 0 0 0
[component_container-3] (2026-05-07 15:14:54.494) [debug] [SdfEntityCreator.cc:550]   mass: 0.01
[component_container-3] (2026-05-07 15:14:54.494) [debug] [SdfEntityCreator.cc:551]   ixx iyy izz: 8.49658e-09 9.96094e-08 1.06153e-07
[component_container-3] (2026-05-07 15:14:54.494) [debug] [SdfEntityCreator.cc:553]   ixy ixz iyz: 0 0 2.13837e-15
[component_container-3] (2026-05-07 15:14:54.494) [debug] [SdfEntityCreator.cc:547] Link has auto-inertial enabled: cable_0::sc_plug_link
[component_container-3] (2026-05-07 15:14:54.494) [debug] [SdfEntityCreator.cc:549]   pose: -0.00907511 4.9566e-05 8.71699e-06 0 0 0
[component_container-3] (2026-05-07 15:14:54.494) [debug] [SdfEntityCreator.cc:550]   mass: 0.04
[component_container-3] (2026-05-07 15:14:54.494) [debug] [SdfEntityCreator.cc:551]   ixx iyy izz: 2.12257e-06 7.17318e-06 8.85404e-06
[component_container-3] (2026-05-07 15:14:54.494) [debug] [SdfEntityCreator.cc:553]   ixy ixz iyz: 1.24369e-08 -3.73363e-09 1.72827e-11
[component_container-3] (2026-05-07 15:14:54.494) [debug] [SdfEntityCreator.cc:547] Link has auto-inertial enabled: cable_0::sfp_module_link
[component_container-3] (2026-05-07 15:14:54.494) [debug] [SdfEntityCreator.cc:549]   pose: 0.00024115 0.00702224 0.000553372 0 0 0
[component_container-3] (2026-05-07 15:14:54.494) [debug] [SdfEntityCreator.cc:550]   mass: 0.02
[component_container-3] (2026-05-07 15:14:54.494) [debug] [SdfEntityCreator.cc:551]   ixx iyy izz: 2.81022e-06 5.74024e-07 3.07134e-06
[component_container-3] (2026-05-07 15:14:54.494) [debug] [SdfEntityCreator.cc:553]   ixy ixz iyz: 2.90452e-08 2.66891e-09 9.66165e-08
[component_container-3] (2026-05-07 15:14:54.495) [debug] [CablePlugin.cc:86] aic_gazebo::CablePlugin::Configure on entity: 872
[component_container-3] (2026-05-07 15:14:54.495) [info] [CablePlugin.cc:150] Cable transitioning to HARNESS state.
[component_container-3] (2026-05-07 15:14:54.495) [debug] [SystemManager.cc:80] Loaded system [aic_gazebo::CablePlugin] for entity [872]
[component_container-3] (2026-05-07 15:14:54.495) [debug] [SystemManager.cc:80] Loaded system [gz::sim::systems::PosePublisher] for entity [872]
[component_container-3] (2026-05-07 15:14:54.495) [debug] [UserCommands.cc:1108] Created entity [872] named [cable_0]
[component_container-3] [INFO] [1778166894.502294871] [gz_server]: InitializeCanonicalLinks
[component_container-3] (2026-05-07 15:14:54.504) [debug] [SimulationRunner.cc:600] Exiting postupdate worker thread (0)
[component_container-3] (2026-05-07 15:14:54.504) [debug] [SimulationRunner.cc:600] Exiting postupdate worker thread (5)
[component_container-3] (2026-05-07 15:14:54.504) [debug] [SimulationRunner.cc:600] Exiting postupdate worker thread (3)
[component_container-3] (2026-05-07 15:14:54.504) [debug] [SimulationRunner.cc:600] Exiting postupdate worker thread (8)
[component_container-3] (2026-05-07 15:14:54.504) [debug] [SimulationRunner.cc:600] Exiting postupdate worker thread (1)
[component_container-3] (2026-05-07 15:14:54.504) [debug] [SimulationRunner.cc:600] Exiting postupdate worker thread (4)
[component_container-3] (2026-05-07 15:14:54.504) [debug] [SimulationRunner.cc:600] Exiting postupdate worker thread (9)
[component_container-3] (2026-05-07 15:14:54.504) [debug] [SimulationRunner.cc:600] Exiting postupdate worker thread (7)
[component_container-3] (2026-05-07 15:14:54.504) [debug] [SimulationRunner.cc:600] Exiting postupdate worker thread (2)
[component_container-3] (2026-05-07 15:14:54.504) [debug] [SimulationRunner.cc:600] Exiting postupdate worker thread (6)
[component_container-3] (2026-05-07 15:14:54.504) [debug] [SimulationRunner.cc:573] Creating PostUpdate worker threads: 13
[component_container-3] (2026-05-07 15:14:54.504) [debug] [SimulationRunner.cc:584] Creating postupdate worker thread (0)
[component_container-3] (2026-05-07 15:14:54.504) [debug] [SimulationRunner.cc:584] Creating postupdate worker thread (1)
[component_container-3] (2026-05-07 15:14:54.504) [debug] [SimulationRunner.cc:584] Creating postupdate worker thread (2)
[component_container-3] (2026-05-07 15:14:54.504) [debug] [SimulationRunner.cc:584] Creating postupdate worker thread (3)
[component_container-3] (2026-05-07 15:14:54.504) [debug] [SimulationRunner.cc:584] Creating postupdate worker thread (4)
[component_container-3] (2026-05-07 15:14:54.504) [debug] [SimulationRunner.cc:584] Creating postupdate worker thread (5)
[component_container-3] (2026-05-07 15:14:54.504) [debug] [SimulationRunner.cc:584] Creating postupdate worker thread (6)
[component_container-3] (2026-05-07 15:14:54.504) [debug] [SimulationRunner.cc:584] Creating postupdate worker thread (7)
[component_container-3] (2026-05-07 15:14:54.504) [debug] [SimulationRunner.cc:584] Creating postupdate worker thread (8)
[component_container-3] (2026-05-07 15:14:54.504) [debug] [SimulationRunner.cc:584] Creating postupdate worker thread (9)
[component_container-3] (2026-05-07 15:14:54.504) [debug] [SimulationRunner.cc:584] Creating postupdate worker thread (10)
[component_container-3] (2026-05-07 15:14:54.504) [debug] [SimulationRunner.cc:584] Creating postupdate worker thread (11)
[component_container-3] (2026-05-07 15:14:54.504) [info] [CablePlugin.cc:201] Cable transitioning to WAITING state.
[component_container-3] (2026-05-07 15:14:54.504) [info] [CablePlugin.cc:213] Cable transitioning to CREATE_CONNECTIONS state.
[component_container-3] (2026-05-07 15:14:54.504) [debug] [Physics.cc:2015] Creating detachable joint [1048]
[component_container-3] (2026-05-07 15:14:54.505) [debug] [Physics.cc:2015] Creating detachable joint [1051]
[component_container-3] (2026-05-07 15:14:54.505) [debug] [Physics.cc:2136] Detaching joint [1048]
[component_container-3] (2026-05-07 15:14:54.505) [debug] [Physics.cc:2136] Detaching joint [1051]
[component_container-3] (2026-05-07 15:14:54.506) [info] [CablePlugin.cc:247] Cable transitioning to CABLE_ATTACHED_TO_GRIPPER state.
[component_container-3] (2026-05-07 15:14:54.506) [debug] [Physics.cc:2015] Creating detachable joint [1052]
[component_container-3] [INFO] [1778166894.526696255] [gz_server]: InitializeCanonicalLinks
[component_container-3] (2026-05-07 15:15:26.265) [debug] [UserCommands.cc:1158] Requesting removal of entity [724]
[component_container-3] (2026-05-07 15:15:26.285) [debug] [SimulationRunner.cc:600] Exiting postupdate worker thread (8)
[component_container-3] (2026-05-07 15:15:26.285) [debug] [SimulationRunner.cc:600] Exiting postupdate worker thread (10)
[component_container-3] (2026-05-07 15:15:26.285) [debug] [SimulationRunner.cc:600] Exiting postupdate worker thread (0)
[component_container-3] (2026-05-07 15:15:26.285) [debug] [SimulationRunner.cc:600] Exiting postupdate worker thread (1)
[component_container-3] (2026-05-07 15:15:26.285) [debug] [SimulationRunner.cc:600] Exiting postupdate worker thread (4)
[component_container-3] (2026-05-07 15:15:26.285) [debug] [SimulationRunner.cc:600] Exiting postupdate worker thread (6)
[component_container-3] (2026-05-07 15:15:26.285) [debug] [SimulationRunner.cc:600] Exiting postupdate worker thread (11)
[component_container-3] (2026-05-07 15:15:26.285) [debug] [SimulationRunner.cc:600] Exiting postupdate worker thread (9)
[component_container-3] (2026-05-07 15:15:26.285) [debug] [SimulationRunner.cc:600] Exiting postupdate worker thread (3)
[component_container-3] (2026-05-07 15:15:26.285) [debug] [SimulationRunner.cc:600] Exiting postupdate worker thread (7)
[component_container-3] (2026-05-07 15:15:26.285) [debug] [SimulationRunner.cc:600] Exiting postupdate worker thread (2)
[component_container-3] (2026-05-07 15:15:26.285) [debug] [SimulationRunner.cc:600] Exiting postupdate worker thread (5)
[component_container-3] (2026-05-07 15:15:26.287) [debug] [SimulationRunner.cc:573] Creating PostUpdate worker threads: 8
[component_container-3] (2026-05-07 15:15:26.287) [debug] [SimulationRunner.cc:584] Creating postupdate worker thread (0)
[component_container-3] (2026-05-07 15:15:26.287) [debug] [SimulationRunner.cc:584] Creating postupdate worker thread (1)
[component_container-3] (2026-05-07 15:15:26.287) [debug] [SimulationRunner.cc:584] Creating postupdate worker thread (2)
[component_container-3] (2026-05-07 15:15:26.287) [debug] [SimulationRunner.cc:584] Creating postupdate worker thread (3)
[component_container-3] (2026-05-07 15:15:26.287) [debug] [SimulationRunner.cc:584] Creating postupdate worker thread (4)
[component_container-3] (2026-05-07 15:15:26.287) [debug] [SimulationRunner.cc:584] Creating postupdate worker thread (5)
[component_container-3] (2026-05-07 15:15:26.287) [debug] [SimulationRunner.cc:584] Creating postupdate worker thread (6)
[component_container-3] (2026-05-07 15:15:26.287) [debug] [UserCommands.cc:1158] Requesting removal of entity [872]
[component_container-3] (2026-05-07 15:15:26.288) [info] [CablePlugin.cc:162] Cable transitioning to CABLE_REMOVED state.
[component_container-3] [INFO] [1778166926.288659523] [controller_manager]: Deactivating controllers: [ aic_controller ]
[component_container-3] [INFO] [1778166926.288744241] [controller_manager]: Requested controller switch from non-realtime loop
[component_container-3] [INFO] [1778166926.288825002] [controller_manager]: Deactivated controllers: [ aic_controller ]
[component_container-3] [INFO] [1778166926.288829290] [controller_manager]: Successfully switched controllers!
[component_container-3] (2026-05-07 15:15:26.289) [debug] [Physics.cc:2136] Detaching joint [1052]
[component_container-3] (2026-05-07 15:15:26.291) [info] [ResetJointsPlugin.cc:105] Received reset request for joint: shoulder_pan_joint
[component_container-3] (2026-05-07 15:15:26.291) [info] [ResetJointsPlugin.cc:105] Received reset request for joint: shoulder_lift_joint
[component_container-3] (2026-05-07 15:15:26.291) [info] [ResetJointsPlugin.cc:105] Received reset request for joint: elbow_joint
[component_container-3] (2026-05-07 15:15:26.291) [info] [ResetJointsPlugin.cc:105] Received reset request for joint: wrist_1_joint
[component_container-3] (2026-05-07 15:15:26.291) [info] [ResetJointsPlugin.cc:105] Received reset request for joint: wrist_2_joint
[component_container-3] (2026-05-07 15:15:26.291) [info] [ResetJointsPlugin.cc:105] Received reset request for joint: wrist_3_joint
[component_container-3] (2026-05-07 15:15:26.312) [debug] [SimulationRunner.cc:600] Exiting postupdate worker thread (2)
[component_container-3] (2026-05-07 15:15:26.312) [debug] [SimulationRunner.cc:600] Exiting postupdate worker thread (4)
[component_container-3] (2026-05-07 15:15:26.312) [debug] [SimulationRunner.cc:600] Exiting postupdate worker thread (0)
[component_container-3] (2026-05-07 15:15:26.312) [debug] [SimulationRunner.cc:600] Exiting postupdate worker thread (5)
[component_container-3] (2026-05-07 15:15:26.312) [debug] [SimulationRunner.cc:600] Exiting postupdate worker thread (1)
[component_container-3] (2026-05-07 15:15:26.312) [debug] [SimulationRunner.cc:600] Exiting postupdate worker thread (6)
[component_container-3] (2026-05-07 15:15:26.312) [debug] [SimulationRunner.cc:600] Exiting postupdate worker thread (3)
[component_container-3] (2026-05-07 15:15:26.312) [debug] [SimulationRunner.cc:573] Creating PostUpdate worker threads: 6
[component_container-3] (2026-05-07 15:15:26.312) [debug] [SimulationRunner.cc:584] Creating postupdate worker thread (0)
[component_container-3] (2026-05-07 15:15:26.312) [debug] [SimulationRunner.cc:584] Creating postupdate worker thread (1)
[component_container-3] (2026-05-07 15:15:26.312) [debug] [SimulationRunner.cc:584] Creating postupdate worker thread (2)
[component_container-3] (2026-05-07 15:15:26.312) [debug] [SimulationRunner.cc:584] Creating postupdate worker thread (3)
[component_container-3] (2026-05-07 15:15:26.312) [debug] [SimulationRunner.cc:584] Creating postupdate worker thread (4)
[component_container-3] (2026-05-07 15:15:26.641) [info] [ResetJointsPlugin.cc:149] Joint wrist_3_joint reset to initial position: 1.411
[component_container-3] (2026-05-07 15:15:26.641) [info] [ResetJointsPlugin.cc:149] Joint wrist_2_joint reset to initial position: 1.571
[component_container-3] (2026-05-07 15:15:26.641) [info] [ResetJointsPlugin.cc:149] Joint wrist_1_joint reset to initial position: -1.6933
[component_container-3] (2026-05-07 15:15:26.641) [info] [ResetJointsPlugin.cc:149] Joint elbow_joint reset to initial position: -1.6648
[component_container-3] (2026-05-07 15:15:26.641) [info] [ResetJointsPlugin.cc:149] Joint shoulder_lift_joint reset to initial position: -1.3542
[component_container-3] (2026-05-07 15:15:26.641) [info] [ResetJointsPlugin.cc:149] Joint shoulder_pan_joint reset to initial position: -0.1597
[component_container-3] (2026-05-07 15:15:26.641) [warning] [Physics.cc:2467] Found both JointVelocityReset and JointVelocityCmd components for Joint [shoulder_pan_joint(Entity=102]). Ignoring JointVelocityCmd component.
[component_container-3] (2026-05-07 15:15:26.641) [warning] [Physics.cc:2467] Found both JointVelocityReset and JointVelocityCmd components for Joint [shoulder_lift_joint(Entity=103]). Ignoring JointVelocityCmd component.
[component_container-3] (2026-05-07 15:15:26.641) [warning] [Physics.cc:2467] Found both JointVelocityReset and JointVelocityCmd components for Joint [elbow_joint(Entity=104]). Ignoring JointVelocityCmd component.
[component_container-3] (2026-05-07 15:15:26.641) [warning] [Physics.cc:2467] Found both JointVelocityReset and JointVelocityCmd components for Joint [wrist_1_joint(Entity=105]). Ignoring JointVelocityCmd component.
[component_container-3] (2026-05-07 15:15:26.641) [warning] [Physics.cc:2467] Found both JointVelocityReset and JointVelocityCmd components for Joint [wrist_2_joint(Entity=106]). Ignoring JointVelocityCmd component.
[component_container-3] (2026-05-07 15:15:26.641) [warning] [Physics.cc:2467] Found both JointVelocityReset and JointVelocityCmd components for Joint [wrist_3_joint(Entity=107]). Ignoring JointVelocityCmd component.
[component_container-3] [INFO] [1778166926.642136179] [controller_manager]: Activating controllers: [ aic_controller ]
[component_container-3] [INFO] [1778166926.642209917] [controller_manager]: Requested controller switch from non-realtime loop
[component_container-3] [INFO] [1778166926.642283425] [controller_manager]: Activated controllers: [ aic_controller ]
[component_container-3] [INFO] [1778166926.642286490] [controller_manager]: Successfully switched controllers!
