[INFO] [1775240019.484645408] [aic_model]: Loading policy module: aic_example_policies.ros.CheatCode
[INFO] [1775240019.489218862] [aic_model]: Loaded policy module aic_example_policies.ros.CheatCode
[INFO] [1775240019.489393739] [aic_model]: Using policy: CheatCode
[INFO] [1775240029.260104841] [aic_model]: on_configure(LifecycleState(label='unconfigured', state_id=1))
[INFO] [1775240029.260264250] [aic_model]: Instantiating policy...
[INFO] [1775240029.262386489] [aic_model]: Policy.__init__()
[ERROR] [1775240029.263787459] [aic_model]: aic_model lifecycle is not in the active state
[INFO] [1775240030.262048137] [aic_model]: on_activate()
[INFO] [1775240037.554724446] [aic_model]: Goal accepted
[INFO] [1775240037.555711492] [aic_model]: Entering insert_cable_execute_callback()
[INFO] [1775240037.556959556] [aic_model]: insert_cable execute loop
[INFO] [1775240037.557448731] [aic_model]: CheatCode.insert_cable() task: aic_task_interfaces.msg.Task(id='task_1', cable_type='sfp_sc', cable_name='cable_1', plug_type='sc', plug_name='sc_tip', port_type='sc', port_name='sc_port_base', target_module_name='sc_port_0', time_limit=180)
[INFO] [1775240037.558766746] [aic_model]: pfrac: 0.0 xy_error: -0.0515 0.223   integrators: 0.0 , 0.0
[INFO] [1775240037.558990936] [aic_model]: Setting cartesian mode...
[INFO] [1775240037.560211368] [aic_model]: Successfully set target mode
[2m2026-04-03T18:13:57.561153Z[0m [33m WARN[0m Watchdog Confirmator ThreadId(08) [2mzenoh_shm::watchdog::periodic_task[0m[2m:[0m Some("Watchdog Confirmator"): error setting scheduling priority for thread: OS(1), will run with priority 48. This is not an hard error and it can be safely ignored under normal operating conditions. Though the SHM subsystem may experience some timeouts in case of an heavy congested system where this watchdog thread may not be scheduled at the required frequency.
[2m2026-04-03T18:13:57.562324Z[0m [33m WARN[0m   Watchdog Validator ThreadId(09) [2mzenoh_shm::watchdog::periodic_task[0m[2m:[0m Some("Watchdog Validator"): error setting scheduling priority for thread: OS(1), will run with priority 48. This is not an hard error and it can be safely ignored under normal operating conditions. Though the SHM subsystem may experience some timeouts in case of an heavy congested system where this watchdog thread may not be scheduled at the required frequency.
[INFO] [1775240037.610788969] [aic_model]: pfrac: 0.01 xy_error: -0.0514 0.223   integrators: 0.0 , 0.0
[INFO] [1775240037.660605456] [aic_model]: pfrac: 0.02 xy_error: -0.0513 0.223   integrators: 0.0 , 0.0
[INFO] [1775240037.710076597] [aic_model]: pfrac: 0.03 xy_error: -0.0512 0.223   integrators: 0.0 , 0.0
[INFO] [1775240037.760585058] [aic_model]: pfrac: 0.04 xy_error: -0.0511 0.223   integrators: 0.0 , 0.0
[INFO] [1775240037.810661130] [aic_model]: pfrac: 0.05 xy_error: -0.0509 0.223   integrators: 0.0 , 0.0
[INFO] [1775240037.860698720] [aic_model]: pfrac: 0.06 xy_error: -0.0508 0.223   integrators: 0.0 , 0.0
[INFO] [1775240037.910606298] [aic_model]: pfrac: 0.07 xy_error: -0.0506 0.222   integrators: 0.0 , 0.0
[INFO] [1775240037.960441369] [aic_model]: pfrac: 0.08 xy_error: -0.0504 0.222   integrators: 0.0 , 0.0
[INFO] [1775240038.010585389] [aic_model]: pfrac: 0.09 xy_error: -0.0502 0.221   integrators: 0.0 , 0.0
[INFO] [1775240038.060639811] [aic_model]: pfrac: 0.1 xy_error: -0.05 0.22   integrators: 0.0 , 0.0
[INFO] [1775240038.110710894] [aic_model]: pfrac: 0.11 xy_error: -0.0498 0.219   integrators: 0.0 , 0.0
[INFO] [1775240038.160550584] [aic_model]: pfrac: 0.12 xy_error: -0.0495 0.217   integrators: 0.0 , 0.0
[INFO] [1775240038.210832461] [aic_model]: pfrac: 0.13 xy_error: -0.0491 0.216   integrators: 0.0 , 0.0
[INFO] [1775240038.260569950] [aic_model]: pfrac: 0.14 xy_error: -0.0488 0.214   integrators: 0.0 , 0.0
[INFO] [1775240038.310498226] [aic_model]: pfrac: 0.15 xy_error: -0.0484 0.212   integrators: 0.0 , 0.0
[INFO] [1775240038.360598995] [aic_model]: pfrac: 0.16 xy_error: -0.048 0.21   integrators: 0.0 , 0.0
[INFO] [1775240038.410633049] [aic_model]: pfrac: 0.17 xy_error: -0.0476 0.208   integrators: 0.0 , 0.0
[INFO] [1775240038.460757501] [aic_model]: pfrac: 0.18 xy_error: -0.0471 0.206   integrators: 0.0 , 0.0
[INFO] [1775240038.509740980] [aic_model]: pfrac: 0.19 xy_error: -0.0466 0.203   integrators: 0.0 , 0.0
[INFO] [1775240038.556249249] [aic_model]: insert_cable execute loop
[INFO] [1775240038.559839725] [aic_model]: pfrac: 0.2 xy_error: -0.0461 0.201   integrators: 0.0 , 0.0
[INFO] [1775240038.610551256] [aic_model]: pfrac: 0.21 xy_error: -0.0455 0.198   integrators: 0.0 , 0.0
[INFO] [1775240038.660615617] [aic_model]: pfrac: 0.22 xy_error: -0.045 0.195   integrators: 0.0 , 0.0
[INFO] [1775240038.710781577] [aic_model]: pfrac: 0.23 xy_error: -0.0444 0.192   integrators: 0.0 , 0.0
[INFO] [1775240038.760564000] [aic_model]: pfrac: 0.24 xy_error: -0.0438 0.189   integrators: 0.0 , 0.0
[INFO] [1775240038.810002841] [aic_model]: pfrac: 0.25 xy_error: -0.0431 0.185   integrators: 0.0 , 0.0
[INFO] [1775240038.860579129] [aic_model]: pfrac: 0.26 xy_error: -0.0425 0.182   integrators: 0.0 , 0.0
[INFO] [1775240038.910519157] [aic_model]: pfrac: 0.27 xy_error: -0.0418 0.178   integrators: 0.0 , 0.0
[INFO] [1775240038.960514869] [aic_model]: pfrac: 0.28 xy_error: -0.041 0.175   integrators: 0.0 , 0.0
[INFO] [1775240039.009774063] [aic_model]: pfrac: 0.29 xy_error: -0.0403 0.171   integrators: 0.0 , 0.0
[INFO] [1775240039.060729340] [aic_model]: pfrac: 0.3 xy_error: -0.0395 0.167   integrators: 0.0 , 0.0
[INFO] [1775240039.110629303] [aic_model]: pfrac: 0.31 xy_error: -0.0387 0.163   integrators: 0.0 , 0.0
[INFO] [1775240039.160504489] [aic_model]: pfrac: 0.32 xy_error: -0.0379 0.159   integrators: 0.0 , 0.0
[INFO] [1775240039.210598004] [aic_model]: pfrac: 0.33 xy_error: -0.037 0.155   integrators: 0.0 , 0.0
[INFO] [1775240039.260637589] [aic_model]: pfrac: 0.34 xy_error: -0.0361 0.151   integrators: 0.0 , 0.0
[INFO] [1775240039.310698132] [aic_model]: pfrac: 0.35 xy_error: -0.0352 0.147   integrators: 0.0 , 0.0
[INFO] [1775240039.360674298] [aic_model]: pfrac: 0.36 xy_error: -0.0342 0.143   integrators: 0.0 , 0.0
[INFO] [1775240039.410673446] [aic_model]: pfrac: 0.37 xy_error: -0.0332 0.139   integrators: 0.0 , 0.0
[INFO] [1775240039.460596592] [aic_model]: pfrac: 0.38 xy_error: -0.0322 0.135   integrators: 0.0 , 0.0
[INFO] [1775240039.510773564] [aic_model]: pfrac: 0.39 xy_error: -0.0312 0.131   integrators: 0.0 , 0.0
[INFO] [1775240039.556673825] [aic_model]: insert_cable execute loop
[INFO] [1775240039.560456080] [aic_model]: pfrac: 0.4 xy_error: -0.0301 0.127   integrators: 0.0 , 0.0
[INFO] [1775240039.610540688] [aic_model]: pfrac: 0.41 xy_error: -0.0291 0.122   integrators: 0.0 , 0.0
[INFO] [1775240039.660595140] [aic_model]: pfrac: 0.42 xy_error: -0.0281 0.118   integrators: 0.0 , 0.0
[INFO] [1775240039.710681061] [aic_model]: pfrac: 0.43 xy_error: -0.027 0.114   integrators: 0.0 , 0.0
[INFO] [1775240039.760595191] [aic_model]: pfrac: 0.44 xy_error: -0.0259 0.11   integrators: 0.0 , 0.0
[INFO] [1775240039.810672746] [aic_model]: pfrac: 0.45 xy_error: -0.0248 0.106   integrators: 0.0 , 0.0
[INFO] [1775240039.860191806] [aic_model]: pfrac: 0.46 xy_error: -0.0238 0.102   integrators: 0.0 , 0.0
[INFO] [1775240039.910233534] [aic_model]: pfrac: 0.47 xy_error: -0.0227 0.0984   integrators: 0.0 , 0.0
[INFO] [1775240039.960532624] [aic_model]: pfrac: 0.48 xy_error: -0.0216 0.0945   integrators: 0.0 , 0.0
[INFO] [1775240040.010490084] [aic_model]: pfrac: 0.49 xy_error: -0.0206 0.0907   integrators: 0.0 , 0.0
[INFO] [1775240040.060492138] [aic_model]: pfrac: 0.5 xy_error: -0.0196 0.0869   integrators: 0.0 , 0.0
[INFO] [1775240040.110536992] [aic_model]: pfrac: 0.51 xy_error: -0.0185 0.0832   integrators: 0.0 , 0.0
[INFO] [1775240040.159769266] [aic_model]: pfrac: 0.52 xy_error: -0.0176 0.0796   integrators: 0.0 , 0.0
[INFO] [1775240040.210613786] [aic_model]: pfrac: 0.53 xy_error: -0.0166 0.076   integrators: 0.0 , 0.0
[INFO] [1775240040.260499282] [aic_model]: pfrac: 0.54 xy_error: -0.0156 0.0725   integrators: 0.0 , 0.0
[INFO] [1775240040.310403413] [aic_model]: pfrac: 0.55 xy_error: -0.0147 0.0692   integrators: 0.0 , 0.0
[INFO] [1775240040.360608877] [aic_model]: pfrac: 0.56 xy_error: -0.0138 0.0659   integrators: 0.0 , 0.0
[INFO] [1775240040.409802369] [aic_model]: pfrac: 0.57 xy_error: -0.013 0.0627   integrators: 0.0 , 0.0
[INFO] [1775240040.460196336] [aic_model]: pfrac: 0.58 xy_error: -0.0122 0.0596   integrators: 0.0 , 0.0
[INFO] [1775240040.510112880] [aic_model]: pfrac: 0.59 xy_error: -0.0114 0.0567   integrators: 0.0 , 0.0
[INFO] [1775240040.556678296] [aic_model]: insert_cable execute loop
[INFO] [1775240040.560473976] [aic_model]: pfrac: 0.6 xy_error: -0.0106 0.0538   integrators: 0.0 , 0.0
[INFO] [1775240040.610229178] [aic_model]: pfrac: 0.61 xy_error: -0.00984 0.051   integrators: 0.0 , 0.0
[INFO] [1775240040.660580184] [aic_model]: pfrac: 0.62 xy_error: -0.00912 0.0484   integrators: 0.0 , 0.0
[INFO] [1775240040.710651388] [aic_model]: pfrac: 0.63 xy_error: -0.00844 0.0458   integrators: 0.0 , 0.0
[INFO] [1775240040.760434813] [aic_model]: pfrac: 0.64 xy_error: -0.0078 0.0434   integrators: 0.0 , 0.0
[INFO] [1775240040.810860599] [aic_model]: pfrac: 0.65 xy_error: -0.00719 0.041   integrators: 0.0 , 0.0
[INFO] [1775240040.860504012] [aic_model]: pfrac: 0.66 xy_error: -0.00666 0.0387   integrators: 0.0 , 0.0
[INFO] [1775240040.909992285] [aic_model]: pfrac: 0.67 xy_error: -0.00614 0.0366   integrators: 0.0 , 0.0
[INFO] [1775240040.960649705] [aic_model]: pfrac: 0.68 xy_error: -0.00565 0.0346   integrators: 0.0 , 0.0
[INFO] [1775240041.010536173] [aic_model]: pfrac: 0.69 xy_error: -0.00522 0.0326   integrators: 0.0 , 0.0
[INFO] [1775240041.060585435] [aic_model]: pfrac: 0.7 xy_error: -0.00482 0.0308   integrators: 0.0 , 0.0
[INFO] [1775240041.110680894] [aic_model]: pfrac: 0.71 xy_error: -0.00444 0.029   integrators: 0.0 , 0.0
[INFO] [1775240041.160674091] [aic_model]: pfrac: 0.72 xy_error: -0.00408 0.0273   integrators: 0.0 , 0.0
[INFO] [1775240041.210602086] [aic_model]: pfrac: 0.73 xy_error: -0.00377 0.0258   integrators: 0.0 , 0.0
[INFO] [1775240041.260636241] [aic_model]: pfrac: 0.74 xy_error: -0.00347 0.0243   integrators: 0.0 , 0.0
[INFO] [1775240041.310617826] [aic_model]: pfrac: 0.75 xy_error: -0.00323 0.0229   integrators: 0.0 , 0.0
[INFO] [1775240041.360590435] [aic_model]: pfrac: 0.76 xy_error: -0.003 0.0216   integrators: 0.0 , 0.0
[INFO] [1775240041.410678891] [aic_model]: pfrac: 0.77 xy_error: -0.0028 0.0203   integrators: 0.0 , 0.0
[INFO] [1775240041.460473096] [aic_model]: pfrac: 0.78 xy_error: -0.00263 0.0191   integrators: 0.0 , 0.0
[INFO] [1775240041.509817750] [aic_model]: pfrac: 0.79 xy_error: -0.00247 0.0181   integrators: 0.0 , 0.0
[INFO] [1775240041.556643904] [aic_model]: insert_cable execute loop
[INFO] [1775240041.559755955] [aic_model]: pfrac: 0.8 xy_error: -0.00231 0.0171   integrators: 0.0 , 0.0
[INFO] [1775240041.610663202] [aic_model]: pfrac: 0.81 xy_error: -0.00218 0.0162   integrators: 0.0 , 0.0
[INFO] [1775240041.660584264] [aic_model]: pfrac: 0.82 xy_error: -0.00204 0.0154   integrators: 0.0 , 0.0
[INFO] [1775240041.710640149] [aic_model]: pfrac: 0.83 xy_error: -0.00192 0.0146   integrators: 0.0 , 0.0
[INFO] [1775240041.760458008] [aic_model]: pfrac: 0.84 xy_error: -0.0018 0.0139   integrators: 0.0 , 0.0
[INFO] [1775240041.810638255] [aic_model]: pfrac: 0.85 xy_error: -0.00171 0.0132   integrators: 0.0 , 0.0
[INFO] [1775240041.860645820] [aic_model]: pfrac: 0.86 xy_error: -0.00163 0.0126   integrators: 0.0 , 0.0
[INFO] [1775240041.910508533] [aic_model]: pfrac: 0.87 xy_error: -0.0016 0.012   integrators: 0.0 , 0.0
[INFO] [1775240041.960561753] [aic_model]: pfrac: 0.88 xy_error: -0.0016 0.0114   integrators: 0.0 , 0.0
[INFO] [1775240042.010335389] [aic_model]: pfrac: 0.89 xy_error: -0.00161 0.0109   integrators: 0.0 , 0.0
[INFO] [1775240042.060589405] [aic_model]: pfrac: 0.9 xy_error: -0.00162 0.0104   integrators: 0.0 , 0.0
[INFO] [1775240042.110589665] [aic_model]: pfrac: 0.91 xy_error: -0.00163 0.00994   integrators: 0.0 , 0.0
[INFO] [1775240042.160285988] [aic_model]: pfrac: 0.92 xy_error: -0.00165 0.00953   integrators: 0.0 , 0.0
[INFO] [1775240042.210671709] [aic_model]: pfrac: 0.93 xy_error: -0.00169 0.00913   integrators: 0.0 , 0.0
[INFO] [1775240042.260520707] [aic_model]: pfrac: 0.94 xy_error: -0.0017 0.00876   integrators: 0.0 , 0.0
[INFO] [1775240042.310465854] [aic_model]: pfrac: 0.95 xy_error: -0.00173 0.00844   integrators: 0.0 , 0.0
[INFO] [1775240042.360609072] [aic_model]: pfrac: 0.96 xy_error: -0.00176 0.00815   integrators: 0.0 , 0.0
[INFO] [1775240042.410441679] [aic_model]: pfrac: 0.97 xy_error: -0.00177 0.0079   integrators: 0.0 , 0.0
[INFO] [1775240042.460528562] [aic_model]: pfrac: 0.98 xy_error: -0.0018 0.00765   integrators: 0.0 , 0.0
[INFO] [1775240042.509980848] [aic_model]: pfrac: 0.99 xy_error: -0.00182 0.00744   integrators: 0.0 , 0.0
[INFO] [1775240042.556615042] [aic_model]: insert_cable execute loop
[INFO] [1775240042.559559460] [aic_model]: z_offset: 0.1995
[INFO] [1775240042.560714901] [aic_model]: pfrac: 1.0 xy_error: -0.00187 0.00725   integrators: -0.00187 , 0.00725
[INFO] [1775240042.609605506] [aic_model]: z_offset: 0.199
[INFO] [1775240042.610819366] [aic_model]: pfrac: 1.0 xy_error: -0.00192 0.00706   integrators: -0.00379 , 0.0143
[INFO] [1775240042.659610094] [aic_model]: z_offset: 0.1985
[INFO] [1775240042.660791875] [aic_model]: pfrac: 1.0 xy_error: -0.00193 0.00686   integrators: -0.00572 , 0.0212
[INFO] [1775240042.709636223] [aic_model]: z_offset: 0.198
[INFO] [1775240042.710819897] [aic_model]: pfrac: 1.0 xy_error: -0.00196 0.00663   integrators: -0.00767 , 0.0278
[INFO] [1775240042.759673423] [aic_model]: z_offset: 0.1975
[INFO] [1775240042.760897062] [aic_model]: pfrac: 1.0 xy_error: -0.00198 0.00638   integrators: -0.00966 , 0.0342
[INFO] [1775240042.809626866] [aic_model]: z_offset: 0.197
[INFO] [1775240042.810914976] [aic_model]: pfrac: 1.0 xy_error: -0.00199 0.00609   integrators: -0.0116 , 0.0403
[INFO] [1775240042.859634310] [aic_model]: z_offset: 0.1965
[INFO] [1775240042.860870062] [aic_model]: pfrac: 1.0 xy_error: -0.00203 0.00574   integrators: -0.0137 , 0.046
[INFO] [1775240042.909710232] [aic_model]: z_offset: 0.196
[INFO] [1775240042.911083711] [aic_model]: pfrac: 1.0 xy_error: -0.00201 0.00536   integrators: -0.0157 , 0.05
[INFO] [1775240042.959654829] [aic_model]: z_offset: 0.1955
[INFO] [1775240042.960832662] [aic_model]: pfrac: 1.0 xy_error: -0.00198 0.00495   integrators: -0.0177 , 0.05
[INFO] [1775240043.009655300] [aic_model]: z_offset: 0.195
[INFO] [1775240043.010851988] [aic_model]: pfrac: 1.0 xy_error: -0.00191 0.00452   integrators: -0.0196 , 0.05
[INFO] [1775240043.059652725] [aic_model]: z_offset: 0.1945
[INFO] [1775240043.060892614] [aic_model]: pfrac: 1.0 xy_error: -0.00181 0.00409   integrators: -0.0214 , 0.05
[INFO] [1775240043.109639020] [aic_model]: z_offset: 0.194
[INFO] [1775240043.110862187] [aic_model]: pfrac: 1.0 xy_error: -0.00172 0.00368   integrators: -0.0231 , 0.05
[INFO] [1775240043.159638509] [aic_model]: z_offset: 0.1935
[INFO] [1775240043.160852820] [aic_model]: pfrac: 1.0 xy_error: -0.00158 0.00327   integrators: -0.0247 , 0.05
[INFO] [1775240043.209626767] [aic_model]: z_offset: 0.193
[INFO] [1775240043.210987222] [aic_model]: pfrac: 1.0 xy_error: -0.00145 0.00288   integrators: -0.0261 , 0.05
[INFO] [1775240043.259694414] [aic_model]: z_offset: 0.1925
[INFO] [1775240043.260879230] [aic_model]: pfrac: 1.0 xy_error: -0.00127 0.0025   integrators: -0.0274 , 0.05
[INFO] [1775240043.309682512] [aic_model]: z_offset: 0.192
[INFO] [1775240043.310871876] [aic_model]: pfrac: 1.0 xy_error: -0.00107 0.00216   integrators: -0.0285 , 0.05
[INFO] [1775240043.359617240] [aic_model]: z_offset: 0.1915
[INFO] [1775240043.360763644] [aic_model]: pfrac: 1.0 xy_error: -0.000841 0.00185   integrators: -0.0293 , 0.05
[INFO] [1775240043.409606700] [aic_model]: z_offset: 0.191
[INFO] [1775240043.410329362] [aic_model]: pfrac: 1.0 xy_error: -0.000613 0.00155   integrators: -0.0299 , 0.05
[INFO] [1775240043.459587895] [aic_model]: z_offset: 0.1905
[INFO] [1775240043.460750560] [aic_model]: pfrac: 1.0 xy_error: -0.00037 0.00127   integrators: -0.0303 , 0.05
[INFO] [1775240043.509602903] [aic_model]: z_offset: 0.19
[INFO] [1775240043.510840097] [aic_model]: pfrac: 1.0 xy_error: -0.000119 0.000995   integrators: -0.0304 , 0.05
[INFO] [1775240043.556744918] [aic_model]: insert_cable execute loop
[INFO] [1775240043.559557148] [aic_model]: z_offset: 0.1895
[INFO] [1775240043.560750470] [aic_model]: pfrac: 1.0 xy_error: 9.42e-05 0.000728   integrators: -0.0303 , 0.05
[INFO] [1775240043.610650242] [aic_model]: z_offset: 0.189
[INFO] [1775240043.611019904] [aic_model]: pfrac: 1.0 xy_error: 0.000299 0.000459   integrators: -0.03 , 0.05
[INFO] [1775240043.659658037] [aic_model]: z_offset: 0.1885
[INFO] [1775240043.660587455] [aic_model]: pfrac: 1.0 xy_error: 0.000485 0.000245   integrators: -0.0295 , 0.05
[INFO] [1775240043.709673957] [aic_model]: z_offset: 0.188
[INFO] [1775240043.710909488] [aic_model]: pfrac: 1.0 xy_error: 0.000667 5.01e-05   integrators: -0.0289 , 0.05
[INFO] [1775240043.759636908] [aic_model]: z_offset: 0.1875
[INFO] [1775240043.760938131] [aic_model]: pfrac: 1.0 xy_error: 0.000823 -0.000143   integrators: -0.028 , 0.0499
[INFO] [1775240043.809598386] [aic_model]: z_offset: 0.187
[INFO] [1775240043.810917433] [aic_model]: pfrac: 1.0 xy_error: 0.000974 -0.000341   integrators: -0.0271 , 0.0495
[INFO] [1775240043.859840078] [aic_model]: z_offset: 0.1865
[INFO] [1775240043.861417268] [aic_model]: pfrac: 1.0 xy_error: 0.00108 -0.00051   integrators: -0.026 , 0.049
[INFO] [1775240043.909629304] [aic_model]: z_offset: 0.186
[INFO] [1775240043.910869253] [aic_model]: pfrac: 1.0 xy_error: 0.00116 -0.000664   integrators: -0.0248 , 0.0483
[INFO] [1775240043.959733639] [aic_model]: z_offset: 0.1855
[INFO] [1775240043.960358638] [aic_model]: pfrac: 1.0 xy_error: 0.00121 -0.000809   integrators: -0.0236 , 0.0475
[INFO] [1775240044.009604427] [aic_model]: z_offset: 0.185
[INFO] [1775240044.010776399] [aic_model]: pfrac: 1.0 xy_error: 0.00123 -0.000932   integrators: -0.0224 , 0.0466
[INFO] [1775240044.059642609] [aic_model]: z_offset: 0.1845
[INFO] [1775240044.060495755] [aic_model]: pfrac: 1.0 xy_error: 0.00125 -0.00104   integrators: -0.0211 , 0.0456
[INFO] [1775240044.109617121] [aic_model]: z_offset: 0.184
[INFO] [1775240044.110941619] [aic_model]: pfrac: 1.0 xy_error: 0.00128 -0.0011   integrators: -0.0199 , 0.0445
[INFO] [1775240044.159690759] [aic_model]: z_offset: 0.1835
[INFO] [1775240044.160808009] [aic_model]: pfrac: 1.0 xy_error: 0.00129 -0.00115   integrators: -0.0186 , 0.0433
[INFO] [1775240044.209642449] [aic_model]: z_offset: 0.183
[INFO] [1775240044.210367736] [aic_model]: pfrac: 1.0 xy_error: 0.00128 -0.00117   integrators: -0.0173 , 0.0421
[INFO] [1775240044.259697913] [aic_model]: z_offset: 0.1825
[INFO] [1775240044.260907706] [aic_model]: pfrac: 1.0 xy_error: 0.00123 -0.00116   integrators: -0.0161 , 0.041
[INFO] [1775240044.309601763] [aic_model]: z_offset: 0.182
[INFO] [1775240044.310812007] [aic_model]: pfrac: 1.0 xy_error: 0.00116 -0.00113   integrators: -0.0149 , 0.0399
[INFO] [1775240044.359634975] [aic_model]: z_offset: 0.1815
[INFO] [1775240044.360351305] [aic_model]: pfrac: 1.0 xy_error: 0.00105 -0.00111   integrators: -0.0138 , 0.0387
[INFO] [1775240044.409765019] [aic_model]: z_offset: 0.181
[INFO] [1775240044.411015678] [aic_model]: pfrac: 1.0 xy_error: 0.000972 -0.00106   integrators: -0.0129 , 0.0377
[INFO] [1775240044.459607364] [aic_model]: z_offset: 0.1805
[INFO] [1775240044.460799374] [aic_model]: pfrac: 1.0 xy_error: 0.000862 -0.000995   integrators: -0.012 , 0.0367
[INFO] [1775240044.509614508] [aic_model]: z_offset: 0.18
[INFO] [1775240044.510804473] [aic_model]: pfrac: 1.0 xy_error: 0.000743 -0.00092   integrators: -0.0113 , 0.0358
[INFO] [1775240044.556729301] [aic_model]: insert_cable execute loop
[INFO] [1775240044.559650565] [aic_model]: z_offset: 0.1795
[INFO] [1775240044.560284030] [aic_model]: pfrac: 1.0 xy_error: 0.000603 -0.000853   integrators: -0.0107 , 0.0349
[INFO] [1775240044.609626390] [aic_model]: z_offset: 0.179
[INFO] [1775240044.610819402] [aic_model]: pfrac: 1.0 xy_error: 0.000472 -0.00078   integrators: -0.0102 , 0.0341
[INFO] [1775240044.659624877] [aic_model]: z_offset: 0.1785
[INFO] [1775240044.660830823] [aic_model]: pfrac: 1.0 xy_error: 0.00034 -0.000695   integrators: -0.00985 , 0.0334
[INFO] [1775240044.709594100] [aic_model]: z_offset: 0.178
[INFO] [1775240044.710828639] [aic_model]: pfrac: 1.0 xy_error: 0.000192 -0.000614   integrators: -0.00966 , 0.0328
[INFO] [1775240044.759632642] [aic_model]: z_offset: 0.1775
[INFO] [1775240044.760838498] [aic_model]: pfrac: 1.0 xy_error: 4.28e-05 -0.000533   integrators: -0.00961 , 0.0323
[INFO] [1775240044.809678448] [aic_model]: z_offset: 0.177
[INFO] [1775240044.810925591] [aic_model]: pfrac: 1.0 xy_error: -8.3e-05 -0.000449   integrators: -0.0097 , 0.0318
[INFO] [1775240044.859617334] [aic_model]: z_offset: 0.1765
[INFO] [1775240044.860794175] [aic_model]: pfrac: 1.0 xy_error: -0.000194 -0.000352   integrators: -0.00989 , 0.0315
[INFO] [1775240044.909626050] [aic_model]: z_offset: 0.176
[INFO] [1775240044.910855139] [aic_model]: pfrac: 1.0 xy_error: -0.000288 -0.000248   integrators: -0.0102 , 0.0312
[INFO] [1775240044.959610030] [aic_model]: z_offset: 0.1755
[INFO] [1775240044.960800507] [aic_model]: pfrac: 1.0 xy_error: -0.000412 -0.000158   integrators: -0.0106 , 0.0311
[INFO] [1775240045.009615120] [aic_model]: z_offset: 0.175
[INFO] [1775240045.010808322] [aic_model]: pfrac: 1.0 xy_error: -0.000532 -6.18e-05   integrators: -0.0111 , 0.031
[INFO] [1775240045.059656568] [aic_model]: z_offset: 0.1745
[INFO] [1775240045.060923418] [aic_model]: pfrac: 1.0 xy_error: -0.000644 1.62e-05   integrators: -0.0118 , 0.031
[INFO] [1775240045.109644055] [aic_model]: z_offset: 0.174
[INFO] [1775240045.110875378] [aic_model]: pfrac: 1.0 xy_error: -0.000743 0.000103   integrators: -0.0125 , 0.0311
[INFO] [1775240045.159616303] [aic_model]: z_offset: 0.1735
[INFO] [1775240045.160731399] [aic_model]: pfrac: 1.0 xy_error: -0.000812 0.000197   integrators: -0.0133 , 0.0313
[INFO] [1775240045.209618617] [aic_model]: z_offset: 0.173
[INFO] [1775240045.210792453] [aic_model]: pfrac: 1.0 xy_error: -0.000869 0.000279   integrators: -0.0142 , 0.0316
[INFO] [1775240045.259620160] [aic_model]: z_offset: 0.1725
[INFO] [1775240045.260260568] [aic_model]: pfrac: 1.0 xy_error: -0.000913 0.000345   integrators: -0.0151 , 0.032
[INFO] [1775240045.309610843] [aic_model]: z_offset: 0.172
[INFO] [1775240045.310925753] [aic_model]: pfrac: 1.0 xy_error: -0.000943 0.000414   integrators: -0.016 , 0.0324
[INFO] [1775240045.359673741] [aic_model]: z_offset: 0.1715
[INFO] [1775240045.360877492] [aic_model]: pfrac: 1.0 xy_error: -0.000957 0.000442   integrators: -0.017 , 0.0328
[INFO] [1775240045.409620421] [aic_model]: z_offset: 0.171
[INFO] [1775240045.410816228] [aic_model]: pfrac: 1.0 xy_error: -0.000946 0.000454   integrators: -0.0179 , 0.0333
[INFO] [1775240045.459714628] [aic_model]: z_offset: 0.1705
[INFO] [1775240045.460896468] [aic_model]: pfrac: 1.0 xy_error: -0.000935 0.000459   integrators: -0.0189 , 0.0337
[INFO] [1775240045.509630801] [aic_model]: z_offset: 0.17
[INFO] [1775240045.510816328] [aic_model]: pfrac: 1.0 xy_error: -0.000892 0.000456   integrators: -0.0198 , 0.0342
[INFO] [1775240045.556721299] [aic_model]: insert_cable execute loop
[INFO] [1775240045.559582411] [aic_model]: z_offset: 0.1695
[INFO] [1775240045.560832990] [aic_model]: pfrac: 1.0 xy_error: -0.00084 0.000456   integrators: -0.0206 , 0.0346
[INFO] [1775240045.609632364] [aic_model]: z_offset: 0.169
[INFO] [1775240045.610936223] [aic_model]: pfrac: 1.0 xy_error: -0.00077 0.000456   integrators: -0.0214 , 0.0351
[INFO] [1775240045.659601356] [aic_model]: z_offset: 0.1685
[INFO] [1775240045.660826328] [aic_model]: pfrac: 1.0 xy_error: -0.000665 0.000436   integrators: -0.0221 , 0.0355
[INFO] [1775240045.709593021] [aic_model]: z_offset: 0.168
[INFO] [1775240045.710855222] [aic_model]: pfrac: 1.0 xy_error: -0.00056 0.0004   integrators: -0.0226 , 0.0359
[INFO] [1775240045.759687418] [aic_model]: z_offset: 0.1675
[INFO] [1775240045.760459522] [aic_model]: pfrac: 1.0 xy_error: -0.000445 0.000371   integrators: -0.0231 , 0.0363
[INFO] [1775240045.809711693] [aic_model]: z_offset: 0.167
[INFO] [1775240045.811031231] [aic_model]: pfrac: 1.0 xy_error: -0.000334 0.00031   integrators: -0.0234 , 0.0366
[INFO] [1775240045.859591749] [aic_model]: z_offset: 0.1665
[INFO] [1775240045.860800400] [aic_model]: pfrac: 1.0 xy_error: -0.000255 0.000227   integrators: -0.0236 , 0.0368
[INFO] [1775240045.909597250] [aic_model]: z_offset: 0.166
[INFO] [1775240045.910869439] [aic_model]: pfrac: 1.0 xy_error: -0.000154 0.000162   integrators: -0.0238 , 0.037
[INFO] [1775240045.959610154] [aic_model]: z_offset: 0.1655
[INFO] [1775240045.960829194] [aic_model]: pfrac: 1.0 xy_error: -6.53e-05 9.95e-05   integrators: -0.0239 , 0.0371
[INFO] [1775240046.010674705] [aic_model]: z_offset: 0.165
[INFO] [1775240046.011147419] [aic_model]: pfrac: 1.0 xy_error: 4.97e-05 4.37e-05   integrators: -0.0238 , 0.0371
[INFO] [1775240046.059705072] [aic_model]: z_offset: 0.1645
[INFO] [1775240046.060921757] [aic_model]: pfrac: 1.0 xy_error: 0.000142 -1.11e-05   integrators: -0.0237 , 0.0371
[INFO] [1775240046.109639229] [aic_model]: z_offset: 0.164
[INFO] [1775240046.110838762] [aic_model]: pfrac: 1.0 xy_error: 0.000263 -7.5e-05   integrators: -0.0234 , 0.0371
[INFO] [1775240046.159684293] [aic_model]: z_offset: 0.1635
[INFO] [1775240046.160839915] [aic_model]: pfrac: 1.0 xy_error: 0.000366 -0.000122   integrators: -0.023 , 0.0369
[INFO] [1775240046.209584016] [aic_model]: z_offset: 0.163
[INFO] [1775240046.210744276] [aic_model]: pfrac: 1.0 xy_error: 0.000445 -0.000183   integrators: -0.0226 , 0.0368
[INFO] [1775240046.259587703] [aic_model]: z_offset: 0.1625
[INFO] [1775240046.260829555] [aic_model]: pfrac: 1.0 xy_error: 0.00053 -0.000226   integrators: -0.0221 , 0.0365
[INFO] [1775240046.309600587] [aic_model]: z_offset: 0.162
[INFO] [1775240046.310883767] [aic_model]: pfrac: 1.0 xy_error: 0.000633 -0.000259   integrators: -0.0214 , 0.0363
[INFO] [1775240046.359602901] [aic_model]: z_offset: 0.1615
[INFO] [1775240046.360758022] [aic_model]: pfrac: 1.0 xy_error: 0.000692 -0.000305   integrators: -0.0207 , 0.036
[INFO] [1775240046.409644530] [aic_model]: z_offset: 0.161
[INFO] [1775240046.410922540] [aic_model]: pfrac: 1.0 xy_error: 0.000765 -0.000357   integrators: -0.02 , 0.0356
[INFO] [1775240046.459588755] [aic_model]: z_offset: 0.1605
[INFO] [1775240046.460771367] [aic_model]: pfrac: 1.0 xy_error: 0.000807 -0.000416   integrators: -0.0192 , 0.0352
[INFO] [1775240046.509584107] [aic_model]: z_offset: 0.16
[INFO] [1775240046.510800382] [aic_model]: pfrac: 1.0 xy_error: 0.000807 -0.000483   integrators: -0.0184 , 0.0347
[INFO] [1775240046.557051440] [aic_model]: insert_cable execute loop
[INFO] [1775240046.560918733] [aic_model]: z_offset: 0.1595
[INFO] [1775240046.561506523] [aic_model]: pfrac: 1.0 xy_error: 0.000827 -0.000538   integrators: -0.0175 , 0.0342
[INFO] [1775240046.611616659] [aic_model]: z_offset: 0.159
[INFO] [1775240046.612261134] [aic_model]: pfrac: 1.0 xy_error: 0.000818 -0.000577   integrators: -0.0167 , 0.0336
[INFO] [1775240046.661595439] [aic_model]: z_offset: 0.1585
[INFO] [1775240046.662104271] [aic_model]: pfrac: 1.0 xy_error: 0.000764 -0.000624   integrators: -0.016 , 0.033
[INFO] [1775240046.711653228] [aic_model]: z_offset: 0.158
[INFO] [1775240046.712870665] [aic_model]: pfrac: 1.0 xy_error: 0.000742 -0.000659   integrators: -0.0152 , 0.0323
[INFO] [1775240046.761569581] [aic_model]: z_offset: 0.1575
[INFO] [1775240046.761978626] [aic_model]: pfrac: 1.0 xy_error: 0.000706 -0.000683   integrators: -0.0145 , 0.0316
[INFO] [1775240046.811617591] [aic_model]: z_offset: 0.157
[INFO] [1775240046.812879882] [aic_model]: pfrac: 1.0 xy_error: 0.000661 -0.000692   integrators: -0.0138 , 0.0309
[INFO] [1775240046.861660602] [aic_model]: z_offset: 0.1565
[INFO] [1775240046.862954552] [aic_model]: pfrac: 1.0 xy_error: 0.000628 -0.000695   integrators: -0.0132 , 0.0302
[INFO] [1775240046.911610047] [aic_model]: z_offset: 0.156
[INFO] [1775240046.912104923] [aic_model]: pfrac: 1.0 xy_error: 0.00059 -0.000688   integrators: -0.0126 , 0.0296
[INFO] [1775240046.961604407] [aic_model]: z_offset: 0.1555
[INFO] [1775240046.962795585] [aic_model]: pfrac: 1.0 xy_error: 0.000539 -0.000674   integrators: -0.0121 , 0.0289
[INFO] [1775240047.011615668] [aic_model]: z_offset: 0.155
[INFO] [1775240047.012829889] [aic_model]: pfrac: 1.0 xy_error: 0.00048 -0.000647   integrators: -0.0116 , 0.0282
[INFO] [1775240047.062861960] [aic_model]: z_offset: 0.1545
[INFO] [1775240047.063463184] [aic_model]: pfrac: 1.0 xy_error: 0.000416 -0.000626   integrators: -0.0112 , 0.0276
[INFO] [1775240047.113609728] [aic_model]: z_offset: 0.154
[INFO] [1775240047.114275133] [aic_model]: pfrac: 1.0 xy_error: 0.000358 -0.000586   integrators: -0.0108 , 0.027
[INFO] [1775240047.163613355] [aic_model]: z_offset: 0.1535
[INFO] [1775240047.164789595] [aic_model]: pfrac: 1.0 xy_error: 0.000289 -0.000536   integrators: -0.0105 , 0.0265
[INFO] [1775240047.213580754] [aic_model]: z_offset: 0.153
[INFO] [1775240047.214228326] [aic_model]: pfrac: 1.0 xy_error: 0.000196 -0.000484   integrators: -0.0104 , 0.026
[INFO] [1775240047.264766232] [aic_model]: z_offset: 0.1525
[INFO] [1775240047.265418211] [aic_model]: pfrac: 1.0 xy_error: 0.000119 -0.000424   integrators: -0.0102 , 0.0256
[INFO] [1775240047.315599461] [aic_model]: z_offset: 0.152
[INFO] [1775240047.316414916] [aic_model]: pfrac: 1.0 xy_error: 3.8e-05 -0.000367   integrators: -0.0102 , 0.0252
[INFO] [1775240047.365608077] [aic_model]: z_offset: 0.1515
[INFO] [1775240047.366589743] [aic_model]: pfrac: 1.0 xy_error: -3.31e-05 -0.000309   integrators: -0.0102 , 0.0249
[INFO] [1775240047.415712993] [aic_model]: z_offset: 0.151
[INFO] [1775240047.416917165] [aic_model]: pfrac: 1.0 xy_error: -7.15e-05 -0.000252   integrators: -0.0103 , 0.0246
[INFO] [1775240047.465598088] [aic_model]: z_offset: 0.1505
[INFO] [1775240047.466434222] [aic_model]: pfrac: 1.0 xy_error: -0.000101 -0.000203   integrators: -0.0104 , 0.0244
[INFO] [1775240047.515693367] [aic_model]: z_offset: 0.15
[INFO] [1775240047.516892860] [aic_model]: pfrac: 1.0 xy_error: -0.00016 -0.00014   integrators: -0.0106 , 0.0243
[INFO] [1775240047.555833715] [aic_model]: insert_cable execute loop
[INFO] [1775240047.565591997] [aic_model]: z_offset: 0.1495
[INFO] [1775240047.566709748] [aic_model]: pfrac: 1.0 xy_error: -0.000211 -9.4e-05   integrators: -0.0108 , 0.0242
[INFO] [1775240047.615625150] [aic_model]: z_offset: 0.149
[INFO] [1775240047.616857945] [aic_model]: pfrac: 1.0 xy_error: -0.000256 -6.54e-05   integrators: -0.011 , 0.0241
[INFO] [1775240047.665586808] [aic_model]: z_offset: 0.1485
[INFO] [1775240047.666728153] [aic_model]: pfrac: 1.0 xy_error: -0.000303 -6.24e-05   integrators: -0.0113 , 0.0241
[INFO] [1775240047.715606345] [aic_model]: z_offset: 0.148
[INFO] [1775240047.716805047] [aic_model]: pfrac: 1.0 xy_error: -0.000368 -0.000128   integrators: -0.0117 , 0.024
[INFO] [1775240047.765598921] [aic_model]: z_offset: 0.1475
[INFO] [1775240047.766233268] [aic_model]: pfrac: 1.0 xy_error: -0.000456 -0.000203   integrators: -0.0122 , 0.0238
[INFO] [1775240047.815701994] [aic_model]: z_offset: 0.147
[INFO] [1775240047.816377267] [aic_model]: pfrac: 1.0 xy_error: -0.000541 -0.000296   integrators: -0.0127 , 0.0235
[INFO] [1775240047.865632083] [aic_model]: z_offset: 0.1465
[INFO] [1775240047.866826828] [aic_model]: pfrac: 1.0 xy_error: -0.000624 -0.000406   integrators: -0.0133 , 0.023
[INFO] [1775240047.915615563] [aic_model]: z_offset: 0.146
[INFO] [1775240047.916791202] [aic_model]: pfrac: 1.0 xy_error: -0.000691 -0.000502   integrators: -0.014 , 0.0225
[INFO] [1775240047.965594103] [aic_model]: z_offset: 0.1455
[INFO] [1775240047.966764722] [aic_model]: pfrac: 1.0 xy_error: -0.000754 -0.000587   integrators: -0.0148 , 0.022
[INFO] [1775240048.015564007] [aic_model]: z_offset: 0.145
[INFO] [1775240048.016740226] [aic_model]: pfrac: 1.0 xy_error: -0.000818 -0.000655   integrators: -0.0156 , 0.0213
[INFO] [1775240048.065597269] [aic_model]: z_offset: 0.1445
[INFO] [1775240048.065971990] [aic_model]: pfrac: 1.0 xy_error: -0.000867 -0.000724   integrators: -0.0164 , 0.0206
[INFO] [1775240048.115568275] [aic_model]: z_offset: 0.144
[INFO] [1775240048.116600325] [aic_model]: pfrac: 1.0 xy_error: -0.000886 -0.000807   integrators: -0.0173 , 0.0198
[INFO] [1775240048.165675005] [aic_model]: z_offset: 0.1435
[INFO] [1775240048.166778959] [aic_model]: pfrac: 1.0 xy_error: -0.000899 -0.000881   integrators: -0.0182 , 0.0189
[INFO] [1775240048.215607949] [aic_model]: z_offset: 0.143
[INFO] [1775240048.216504707] [aic_model]: pfrac: 1.0 xy_error: -0.000889 -0.000959   integrators: -0.0191 , 0.0179
[INFO] [1775240048.265575790] [aic_model]: z_offset: 0.1425
[INFO] [1775240048.266730098] [aic_model]: pfrac: 1.0 xy_error: -0.000892 -0.001   integrators: -0.02 , 0.0169
[INFO] [1775240048.315574657] [aic_model]: z_offset: 0.142
[INFO] [1775240048.315966901] [aic_model]: pfrac: 1.0 xy_error: -0.000876 -0.00107   integrators: -0.0209 , 0.0159
[INFO] [1775240048.365593062] [aic_model]: z_offset: 0.1415
[INFO] [1775240048.366021403] [aic_model]: pfrac: 1.0 xy_error: -0.000862 -0.00111   integrators: -0.0218 , 0.0148
[INFO] [1775240048.415590327] [aic_model]: z_offset: 0.141
[INFO] [1775240048.415971430] [aic_model]: pfrac: 1.0 xy_error: -0.000833 -0.00115   integrators: -0.0226 , 0.0136
[INFO] [1775240048.465587262] [aic_model]: z_offset: 0.1405
[INFO] [1775240048.465980918] [aic_model]: pfrac: 1.0 xy_error: -0.000793 -0.00116   integrators: -0.0234 , 0.0124
[INFO] [1775240048.515593944] [aic_model]: z_offset: 0.14
[INFO] [1775240048.515987450] [aic_model]: pfrac: 1.0 xy_error: -0.000729 -0.00115   integrators: -0.0241 , 0.0113
[INFO] [1775240048.555805747] [aic_model]: insert_cable execute loop
[INFO] [1775240048.565556725] [aic_model]: z_offset: 0.1395
[INFO] [1775240048.565912991] [aic_model]: pfrac: 1.0 xy_error: -0.00066 -0.00113   integrators: -0.0248 , 0.0102
[INFO] [1775240048.615617008] [aic_model]: z_offset: 0.139
[INFO] [1775240048.616004002] [aic_model]: pfrac: 1.0 xy_error: -0.00059 -0.00109   integrators: -0.0254 , 0.00907
[INFO] [1775240048.665681739] [aic_model]: z_offset: 0.1385
[INFO] [1775240048.666156727] [aic_model]: pfrac: 1.0 xy_error: -0.000504 -0.00108   integrators: -0.0259 , 0.00799
[INFO] [1775240048.715581482] [aic_model]: z_offset: 0.138
[INFO] [1775240048.715977803] [aic_model]: pfrac: 1.0 xy_error: -0.000412 -0.00105   integrators: -0.0263 , 0.00694
[INFO] [1775240048.765601970] [aic_model]: z_offset: 0.1375
[INFO] [1775240048.765986349] [aic_model]: pfrac: 1.0 xy_error: -0.000321 -0.001   integrators: -0.0266 , 0.00594
[INFO] [1775240048.815678113] [aic_model]: z_offset: 0.137
[INFO] [1775240048.816491724] [aic_model]: pfrac: 1.0 xy_error: -0.000204 -0.000947   integrators: -0.0268 , 0.005
[INFO] [1775240048.865593625] [aic_model]: z_offset: 0.1365
[INFO] [1775240048.865963767] [aic_model]: pfrac: 1.0 xy_error: -7.2e-05 -0.000876   integrators: -0.0269 , 0.00412
[INFO] [1775240048.915599336] [aic_model]: z_offset: 0.136
[INFO] [1775240048.916005545] [aic_model]: pfrac: 1.0 xy_error: 5.91e-05 -0.000782   integrators: -0.0268 , 0.00334
[INFO] [1775240048.967852440] [aic_model]: z_offset: 0.1355
[INFO] [1775240048.969078573] [aic_model]: pfrac: 1.0 xy_error: 0.000175 -0.000673   integrators: -0.0266 , 0.00267
[INFO] [1775240049.017579900] [aic_model]: z_offset: 0.135
[INFO] [1775240049.018011698] [aic_model]: pfrac: 1.0 xy_error: 0.000294 -0.000569   integrators: -0.0263 , 0.0021
[INFO] [1775240049.067609045] [aic_model]: z_offset: 0.1345
[INFO] [1775240049.068841310] [aic_model]: pfrac: 1.0 xy_error: 0.000397 -0.000458   integrators: -0.0259 , 0.00164
[INFO] [1775240049.117599017] [aic_model]: z_offset: 0.134
[INFO] [1775240049.117988776] [aic_model]: pfrac: 1.0 xy_error: 0.000482 -0.000338   integrators: -0.0255 , 0.0013
[INFO] [1775240049.167605489] [aic_model]: z_offset: 0.1335
[INFO] [1775240049.167977635] [aic_model]: pfrac: 1.0 xy_error: 0.000557 -0.00022   integrators: -0.0249 , 0.00108
[INFO] [1775240049.217700817] [aic_model]: z_offset: 0.133
[INFO] [1775240049.218087420] [aic_model]: pfrac: 1.0 xy_error: 0.000636 -0.000119   integrators: -0.0243 , 0.000963
[INFO] [1775240049.267598546] [aic_model]: z_offset: 0.1325
[INFO] [1775240049.267982965] [aic_model]: pfrac: 1.0 xy_error: 0.000668 -2.48e-05   integrators: -0.0236 , 0.000938
[INFO] [1775240049.317667325] [aic_model]: z_offset: 0.132
[INFO] [1775240049.318164255] [aic_model]: pfrac: 1.0 xy_error: 0.000694 7.42e-05   integrators: -0.0229 , 0.00101
[INFO] [1775240049.367638301] [aic_model]: z_offset: 0.1315
[INFO] [1775240049.368037107] [aic_model]: pfrac: 1.0 xy_error: 0.0007 0.000156   integrators: -0.0222 , 0.00117
[INFO] [1775240049.417594639] [aic_model]: z_offset: 0.131
[INFO] [1775240049.418037578] [aic_model]: pfrac: 1.0 xy_error: 0.000706 0.000239   integrators: -0.0215 , 0.00141
[INFO] [1775240049.467693485] [aic_model]: z_offset: 0.1305
[INFO] [1775240049.468156240] [aic_model]: pfrac: 1.0 xy_error: 0.000699 0.000335   integrators: -0.0208 , 0.00174
[INFO] [1775240049.517605430] [aic_model]: z_offset: 0.13
[INFO] [1775240049.517995409] [aic_model]: pfrac: 1.0 xy_error: 0.000664 0.000412   integrators: -0.0201 , 0.00215
[INFO] [1775240049.555812793] [aic_model]: insert_cable execute loop
[INFO] [1775240049.567540499] [aic_model]: z_offset: 0.1295
[INFO] [1775240049.567887398] [aic_model]: pfrac: 1.0 xy_error: 0.000621 0.000494   integrators: -0.0195 , 0.00265
[INFO] [1775240049.617593729] [aic_model]: z_offset: 0.129
[INFO] [1775240049.617986443] [aic_model]: pfrac: 1.0 xy_error: 0.00056 0.000565   integrators: -0.019 , 0.00321
[INFO] [1775240049.667591925] [aic_model]: z_offset: 0.1285
[INFO] [1775240049.667959813] [aic_model]: pfrac: 1.0 xy_error: 0.000499 0.000629   integrators: -0.0185 , 0.00384
[INFO] [1775240049.718969171] [aic_model]: z_offset: 0.128
[INFO] [1775240049.719576608] [aic_model]: pfrac: 1.0 xy_error: 0.000452 0.000692   integrators: -0.018 , 0.00453
[INFO] [1775240049.769644134] [aic_model]: z_offset: 0.1275
[INFO] [1775240049.770022973] [aic_model]: pfrac: 1.0 xy_error: 0.000411 0.000724   integrators: -0.0176 , 0.00526
[INFO] [1775240049.819710208] [aic_model]: z_offset: 0.127
[INFO] [1775240049.820077605] [aic_model]: pfrac: 1.0 xy_error: 0.000383 0.00077   integrators: -0.0172 , 0.00603
[INFO] [1775240049.869615962] [aic_model]: z_offset: 0.1265
[INFO] [1775240049.870014207] [aic_model]: pfrac: 1.0 xy_error: 0.000364 0.000823   integrators: -0.0169 , 0.00685
[INFO] [1775240049.919726158] [aic_model]: z_offset: 0.126
[INFO] [1775240049.920124643] [aic_model]: pfrac: 1.0 xy_error: 0.000335 0.00088   integrators: -0.0165 , 0.00773
[INFO] [1775240049.969678189] [aic_model]: z_offset: 0.1255
[INFO] [1775240049.970173074] [aic_model]: pfrac: 1.0 xy_error: 0.000313 0.000925   integrators: -0.0162 , 0.00866
[INFO] [1775240050.019634888] [aic_model]: z_offset: 0.125
[INFO] [1775240050.020019287] [aic_model]: pfrac: 1.0 xy_error: 0.000313 0.000954   integrators: -0.0159 , 0.00961
[INFO] [1775240050.069679041] [aic_model]: z_offset: 0.1245
[INFO] [1775240050.070043182] [aic_model]: pfrac: 1.0 xy_error: 0.000275 0.000974   integrators: -0.0156 , 0.0106
[INFO] [1775240050.119574245] [aic_model]: z_offset: 0.124
[INFO] [1775240050.119940860] [aic_model]: pfrac: 1.0 xy_error: 0.000229 0.000983   integrators: -0.0154 , 0.0116
[INFO] [1775240050.169632254] [aic_model]: z_offset: 0.1235
[INFO] [1775240050.170012415] [aic_model]: pfrac: 1.0 xy_error: 0.000196 0.000992   integrators: -0.0152 , 0.0126
[INFO] [1775240050.219579485] [aic_model]: z_offset: 0.123
[INFO] [1775240050.219965888] [aic_model]: pfrac: 1.0 xy_error: 0.000157 0.000981   integrators: -0.015 , 0.0135
[INFO] [1775240050.269632815] [aic_model]: z_offset: 0.1225
[INFO] [1775240050.270042892] [aic_model]: pfrac: 1.0 xy_error: 0.000116 0.000951   integrators: -0.0149 , 0.0145
[INFO] [1775240050.319618158] [aic_model]: z_offset: 0.122
[INFO] [1775240050.319985986] [aic_model]: pfrac: 1.0 xy_error: 6.51e-05 0.000912   integrators: -0.0149 , 0.0154
[INFO] [1775240050.369598531] [aic_model]: z_offset: 0.1215
[INFO] [1775240050.370108044] [aic_model]: pfrac: 1.0 xy_error: 2.04e-05 0.000857   integrators: -0.0148 , 0.0163
[INFO] [1775240050.419600144] [aic_model]: z_offset: 0.121
[INFO] [1775240050.419959797] [aic_model]: pfrac: 1.0 xy_error: -1.98e-05 0.000805   integrators: -0.0149 , 0.0171
[INFO] [1775240050.469577222] [aic_model]: z_offset: 0.1205
[INFO] [1775240050.469964927] [aic_model]: pfrac: 1.0 xy_error: -6.41e-05 0.000703   integrators: -0.0149 , 0.0178
[INFO] [1775240050.519607028] [aic_model]: z_offset: 0.12
[INFO] [1775240050.520020782] [aic_model]: pfrac: 1.0 xy_error: -0.000134 0.000575   integrators: -0.015 , 0.0183
[INFO] [1775240050.555863452] [aic_model]: insert_cable execute loop
[INFO] [1775240050.569601828] [aic_model]: z_offset: 0.1195
[INFO] [1775240050.569985305] [aic_model]: pfrac: 1.0 xy_error: -0.00019 0.00044   integrators: -0.0152 , 0.0188
[INFO] [1775240050.619600286] [aic_model]: z_offset: 0.119
[INFO] [1775240050.620015572] [aic_model]: pfrac: 1.0 xy_error: -0.000264 0.000311   integrators: -0.0155 , 0.0191
[INFO] [1775240050.669559930] [aic_model]: z_offset: 0.1185
[INFO] [1775240050.669957965] [aic_model]: pfrac: 1.0 xy_error: -0.000327 0.000189   integrators: -0.0158 , 0.0193
[INFO] [1775240050.719606016] [aic_model]: z_offset: 0.118
[INFO] [1775240050.720070064] [aic_model]: pfrac: 1.0 xy_error: -0.000358 4.92e-05   integrators: -0.0162 , 0.0193
[INFO] [1775240050.769685355] [aic_model]: z_offset: 0.1175
[INFO] [1775240050.770069524] [aic_model]: pfrac: 1.0 xy_error: -0.000356 -8.19e-05   integrators: -0.0165 , 0.0193
[INFO] [1775240050.819587773] [aic_model]: z_offset: 0.117
[INFO] [1775240050.820008009] [aic_model]: pfrac: 1.0 xy_error: -0.000351 -0.000202   integrators: -0.0169 , 0.019
[INFO] [1775240050.869614433] [aic_model]: z_offset: 0.1165
[INFO] [1775240050.870024009] [aic_model]: pfrac: 1.0 xy_error: -0.000318 -0.000331   integrators: -0.0172 , 0.0187
[INFO] [1775240050.919599575] [aic_model]: z_offset: 0.116
[INFO] [1775240050.919974827] [aic_model]: pfrac: 1.0 xy_error: -0.000252 -0.000451   integrators: -0.0175 , 0.0183
[INFO] [1775240050.969576132] [aic_model]: z_offset: 0.1155
[INFO] [1775240050.969965881] [aic_model]: pfrac: 1.0 xy_error: -0.000203 -0.00057   integrators: -0.0177 , 0.0177
[INFO] [1775240051.019596670] [aic_model]: z_offset: 0.115
[INFO] [1775240051.020112445] [aic_model]: pfrac: 1.0 xy_error: -0.000156 -0.000656   integrators: -0.0178 , 0.017
[INFO] [1775240051.069616137] [aic_model]: z_offset: 0.1145
[INFO] [1775240051.069982061] [aic_model]: pfrac: 1.0 xy_error: -0.000115 -0.000737   integrators: -0.0179 , 0.0163
[INFO] [1775240051.119590760] [aic_model]: z_offset: 0.114
[INFO] [1775240051.119952827] [aic_model]: pfrac: 1.0 xy_error: -8.58e-05 -0.000798   integrators: -0.018 , 0.0155
[INFO] [1775240051.169635193] [aic_model]: z_offset: 0.1135
[INFO] [1775240051.170115531] [aic_model]: pfrac: 1.0 xy_error: -3.69e-05 -0.000839   integrators: -0.0181 , 0.0147
[INFO] [1775240051.219588035] [aic_model]: z_offset: 0.113
[INFO] [1775240051.219969378] [aic_model]: pfrac: 1.0 xy_error: -1.52e-05 -0.000881   integrators: -0.0181 , 0.0138
[INFO] [1775240051.269595509] [aic_model]: z_offset: 0.1125
[INFO] [1775240051.270395936] [aic_model]: pfrac: 1.0 xy_error: 4.23e-05 -0.000922   integrators: -0.018 , 0.0129
[INFO] [1775240051.321086478] [aic_model]: z_offset: 0.112
[INFO] [1775240051.321801545] [aic_model]: pfrac: 1.0 xy_error: 8.99e-05 -0.000959   integrators: -0.0179 , 0.0119
[INFO] [1775240051.371582396] [aic_model]: z_offset: 0.1115
[INFO] [1775240051.371941097] [aic_model]: pfrac: 1.0 xy_error: 0.000122 -0.000996   integrators: -0.0178 , 0.0109
[INFO] [1775240051.421620678] [aic_model]: z_offset: 0.111
[INFO] [1775240051.421980881] [aic_model]: pfrac: 1.0 xy_error: 0.000131 -0.00101   integrators: -0.0177 , 0.0099
[INFO] [1775240051.471649221] [aic_model]: z_offset: 0.1105
[INFO] [1775240051.472030394] [aic_model]: pfrac: 1.0 xy_error: 0.000164 -0.000989   integrators: -0.0175 , 0.00891
[INFO] [1775240051.521720765] [aic_model]: z_offset: 0.11
[INFO] [1775240051.522126664] [aic_model]: pfrac: 1.0 xy_error: 0.000194 -0.000969   integrators: -0.0173 , 0.00795
[INFO] [1775240051.555924540] [aic_model]: insert_cable execute loop
[INFO] [1775240051.571616460] [aic_model]: z_offset: 0.1095
[INFO] [1775240051.571988256] [aic_model]: pfrac: 1.0 xy_error: 0.000227 -0.00093   integrators: -0.0171 , 0.00701
[INFO] [1775240051.623571046] [aic_model]: z_offset: 0.109
[INFO] [1775240051.623984349] [aic_model]: pfrac: 1.0 xy_error: 0.000253 -0.00091   integrators: -0.0169 , 0.00611
[INFO] [1775240051.673711960] [aic_model]: z_offset: 0.1085
[INFO] [1775240051.674083806] [aic_model]: pfrac: 1.0 xy_error: 0.00026 -0.000882   integrators: -0.0166 , 0.00522
[INFO] [1775240051.723750292] [aic_model]: z_offset: 0.108
[INFO] [1775240051.724153175] [aic_model]: pfrac: 1.0 xy_error: 0.000274 -0.000826   integrators: -0.0163 , 0.0044
[INFO] [1775240051.773762725] [aic_model]: z_offset: 0.1075
[INFO] [1775240051.774159498] [aic_model]: pfrac: 1.0 xy_error: 0.000288 -0.000773   integrators: -0.016 , 0.00362
[INFO] [1775240051.823757456] [aic_model]: z_offset: 0.107
[INFO] [1775240051.824169516] [aic_model]: pfrac: 1.0 xy_error: 0.000308 -0.000706   integrators: -0.0157 , 0.00292
[INFO] [1775240051.873668840] [aic_model]: z_offset: 0.1065
[INFO] [1775240051.874056155] [aic_model]: pfrac: 1.0 xy_error: 0.00029 -0.000643   integrators: -0.0154 , 0.00228
[INFO] [1775240051.923712863] [aic_model]: z_offset: 0.106
[INFO] [1775240051.924077805] [aic_model]: pfrac: 1.0 xy_error: 0.000295 -0.000556   integrators: -0.0151 , 0.00172
[INFO] [1775240051.973696282] [aic_model]: z_offset: 0.1055
[INFO] [1775240051.974075030] [aic_model]: pfrac: 1.0 xy_error: 0.000314 -0.000459   integrators: -0.0148 , 0.00126
[INFO] [1775240052.023663020] [aic_model]: z_offset: 0.105
[INFO] [1775240052.024029796] [aic_model]: pfrac: 1.0 xy_error: 0.000333 -0.000383   integrators: -0.0145 , 0.000878
[INFO] [1775240052.073663241] [aic_model]: z_offset: 0.1045
[INFO] [1775240052.074332132] [aic_model]: pfrac: 1.0 xy_error: 0.000292 -0.000361   integrators: -0.0142 , 0.000516
[INFO] [1775240052.123732250] [aic_model]: z_offset: 0.104
[INFO] [1775240052.124707233] [aic_model]: pfrac: 1.0 xy_error: 0.000237 -0.000384   integrators: -0.014 , 0.000132
[INFO] [1775240052.173769930] [aic_model]: z_offset: 0.1035
[INFO] [1775240052.175037010] [aic_model]: pfrac: 1.0 xy_error: 0.000153 -0.000439   integrators: -0.0138 , -0.000307
[INFO] [1775240052.223676015] [aic_model]: z_offset: 0.103
[INFO] [1775240052.224050425] [aic_model]: pfrac: 1.0 xy_error: 7.87e-05 -0.000496   integrators: -0.0137 , -0.000803
[INFO] [1775240052.273689811] [aic_model]: z_offset: 0.1025
[INFO] [1775240052.274054213] [aic_model]: pfrac: 1.0 xy_error: 3.05e-06 -0.000557   integrators: -0.0137 , -0.00136
[INFO] [1775240052.323672900] [aic_model]: z_offset: 0.102
[INFO] [1775240052.324074942] [aic_model]: pfrac: 1.0 xy_error: -7.76e-05 -0.000618   integrators: -0.0138 , -0.00198
[INFO] [1775240052.373732592] [aic_model]: z_offset: 0.1015
[INFO] [1775240052.374150393] [aic_model]: pfrac: 1.0 xy_error: -0.000132 -0.00066   integrators: -0.0139 , -0.00264
[INFO] [1775240052.423653213] [aic_model]: z_offset: 0.101
[INFO] [1775240052.424064362] [aic_model]: pfrac: 1.0 xy_error: -0.00019 -0.000703   integrators: -0.0141 , -0.00334
[INFO] [1775240052.473638766] [aic_model]: z_offset: 0.1005
[INFO] [1775240052.474022885] [aic_model]: pfrac: 1.0 xy_error: -0.000249 -0.000763   integrators: -0.0144 , -0.0041
[INFO] [1775240052.523776434] [aic_model]: z_offset: 0.1
[INFO] [1775240052.524901929] [aic_model]: pfrac: 1.0 xy_error: -0.000323 -0.000812   integrators: -0.0147 , -0.00492
[INFO] [1775240052.555826270] [aic_model]: insert_cable execute loop
[INFO] [1775240052.573606086] [aic_model]: z_offset: 0.0995
[INFO] [1775240052.573955058] [aic_model]: pfrac: 1.0 xy_error: -0.000371 -0.000859   integrators: -0.0151 , -0.00577
[INFO] [1775240052.625384873] [aic_model]: z_offset: 0.099
[INFO] [1775240052.625763221] [aic_model]: pfrac: 1.0 xy_error: -0.000412 -0.000876   integrators: -0.0155 , -0.00665
[INFO] [1775240052.675587101] [aic_model]: z_offset: 0.0985
[INFO] [1775240052.675962463] [aic_model]: pfrac: 1.0 xy_error: -0.000415 -0.000897   integrators: -0.0159 , -0.00755
[INFO] [1775240052.725699201] [aic_model]: z_offset: 0.098
[INFO] [1775240052.726092066] [aic_model]: pfrac: 1.0 xy_error: -0.000427 -0.000905   integrators: -0.0163 , -0.00845
[INFO] [1775240052.775645371] [aic_model]: z_offset: 0.0975
[INFO] [1775240052.776068352] [aic_model]: pfrac: 1.0 xy_error: -0.000436 -0.000898   integrators: -0.0168 , -0.00935
[INFO] [1775240052.825663525] [aic_model]: z_offset: 0.097
[INFO] [1775240052.826447010] [aic_model]: pfrac: 1.0 xy_error: -0.000434 -0.000878   integrators: -0.0172 , -0.0102
[INFO] [1775240052.875662774] [aic_model]: z_offset: 0.0965
[INFO] [1775240052.876423917] [aic_model]: pfrac: 1.0 xy_error: -0.000436 -0.000868   integrators: -0.0176 , -0.0111
[INFO] [1775240052.925662864] [aic_model]: z_offset: 0.096
[INFO] [1775240052.927059276] [aic_model]: pfrac: 1.0 xy_error: -0.00044 -0.000847   integrators: -0.0181 , -0.0119
[INFO] [1775240052.975605417] [aic_model]: z_offset: 0.0955
[INFO] [1775240052.975996488] [aic_model]: pfrac: 1.0 xy_error: -0.000445 -0.000805   integrators: -0.0185 , -0.0127
[INFO] [1775240053.025655561] [aic_model]: z_offset: 0.095
[INFO] [1775240053.026967905] [aic_model]: pfrac: 1.0 xy_error: -0.000465 -0.000767   integrators: -0.019 , -0.0135
[INFO] [1775240053.075663045] [aic_model]: z_offset: 0.0945
[INFO] [1775240053.076143834] [aic_model]: pfrac: 1.0 xy_error: -0.000479 -0.000732   integrators: -0.0195 , -0.0142
[INFO] [1775240053.125584879] [aic_model]: z_offset: 0.094
[INFO] [1775240053.125981260] [aic_model]: pfrac: 1.0 xy_error: -0.000459 -0.000677   integrators: -0.0199 , -0.0149
[INFO] [1775240053.175565052] [aic_model]: z_offset: 0.0935
[INFO] [1775240053.175971022] [aic_model]: pfrac: 1.0 xy_error: -0.000456 -0.000632   integrators: -0.0204 , -0.0156
[INFO] [1775240053.225669438] [aic_model]: z_offset: 0.093
[INFO] [1775240053.226579290] [aic_model]: pfrac: 1.0 xy_error: -0.000486 -0.000581   integrators: -0.0209 , -0.0161
[INFO] [1775240053.275629523] [aic_model]: z_offset: 0.0925
[INFO] [1775240053.276715935] [aic_model]: pfrac: 1.0 xy_error: -0.000517 -0.000544   integrators: -0.0214 , -0.0167
[INFO] [1775240053.325734730] [aic_model]: z_offset: 0.092
[INFO] [1775240053.326953290] [aic_model]: pfrac: 1.0 xy_error: -0.000514 -0.00048   integrators: -0.0219 , -0.0172
[INFO] [1775240053.375584329] [aic_model]: z_offset: 0.0915
[INFO] [1775240053.376056061] [aic_model]: pfrac: 1.0 xy_error: -0.000523 -0.000427   integrators: -0.0224 , -0.0176
[INFO] [1775240053.425625797] [aic_model]: z_offset: 0.091
[INFO] [1775240053.426048938] [aic_model]: pfrac: 1.0 xy_error: -0.000525 -0.000384   integrators: -0.0229 , -0.018
[INFO] [1775240053.475639202] [aic_model]: z_offset: 0.0905
[INFO] [1775240053.476038619] [aic_model]: pfrac: 1.0 xy_error: -0.000541 -0.000346   integrators: -0.0235 , -0.0183
[INFO] [1775240053.525602744] [aic_model]: z_offset: 0.09
[INFO] [1775240053.526808620] [aic_model]: pfrac: 1.0 xy_error: -0.000539 -0.000327   integrators: -0.024 , -0.0186
[INFO] [1775240053.555830242] [aic_model]: insert_cable execute loop
[INFO] [1775240053.575577938] [aic_model]: z_offset: 0.0895
[INFO] [1775240053.575958099] [aic_model]: pfrac: 1.0 xy_error: -0.000523 -0.000317   integrators: -0.0245 , -0.019
[INFO] [1775240053.625661535] [aic_model]: z_offset: 0.089
[INFO] [1775240053.626778814] [aic_model]: pfrac: 1.0 xy_error: -0.000477 -0.000274   integrators: -0.025 , -0.0192
[INFO] [1775240053.675635256] [aic_model]: z_offset: 0.0885
[INFO] [1775240053.677014556] [aic_model]: pfrac: 1.0 xy_error: -0.000403 -0.000206   integrators: -0.0254 , -0.0194
[INFO] [1775240053.725603797] [aic_model]: z_offset: 0.088
[INFO] [1775240053.726850168] [aic_model]: pfrac: 1.0 xy_error: -0.000334 -0.000134   integrators: -0.0258 , -0.0196
[INFO] [1775240053.775684298] [aic_model]: z_offset: 0.0875
[INFO] [1775240053.777133148] [aic_model]: pfrac: 1.0 xy_error: -0.00025 -6.87e-05   integrators: -0.026 , -0.0196
[INFO] [1775240053.825730485] [aic_model]: z_offset: 0.087
[INFO] [1775240053.827054391] [aic_model]: pfrac: 1.0 xy_error: -0.000183 -1.82e-05   integrators: -0.0262 , -0.0197
[INFO] [1775240053.875628223] [aic_model]: z_offset: 0.0865
[INFO] [1775240053.877033672] [aic_model]: pfrac: 1.0 xy_error: -0.000115 2.02e-05   integrators: -0.0263 , -0.0196
[INFO] [1775240053.925623274] [aic_model]: z_offset: 0.086
[INFO] [1775240053.926063989] [aic_model]: pfrac: 1.0 xy_error: -2.36e-05 8.23e-05   integrators: -0.0263 , -0.0196
[INFO] [1775240053.975583981] [aic_model]: z_offset: 0.0855
[INFO] [1775240053.976315199] [aic_model]: pfrac: 1.0 xy_error: 7.3e-05 0.000136   integrators: -0.0263 , -0.0194
[INFO] [1775240054.025605241] [aic_model]: z_offset: 0.085
[INFO] [1775240054.025990572] [aic_model]: pfrac: 1.0 xy_error: 0.000145 0.000192   integrators: -0.0261 , -0.0192
[INFO] [1775240054.075651658] [aic_model]: z_offset: 0.0845
[INFO] [1775240054.076821386] [aic_model]: pfrac: 1.0 xy_error: 0.000237 0.000246   integrators: -0.0259 , -0.019
[INFO] [1775240054.125671556] [aic_model]: z_offset: 0.084
[INFO] [1775240054.126065583] [aic_model]: pfrac: 1.0 xy_error: 0.000311 0.0003   integrators: -0.0256 , -0.0187
[INFO] [1775240054.175587989] [aic_model]: z_offset: 0.0835
[INFO] [1775240054.175957040] [aic_model]: pfrac: 1.0 xy_error: 0.000386 0.000368   integrators: -0.0252 , -0.0183
[INFO] [1775240054.225649485] [aic_model]: z_offset: 0.083
[INFO] [1775240054.226025839] [aic_model]: pfrac: 1.0 xy_error: 0.000444 0.000431   integrators: -0.0247 , -0.0179
[INFO] [1775240054.275651158] [aic_model]: z_offset: 0.0825
[INFO] [1775240054.276037721] [aic_model]: pfrac: 1.0 xy_error: 0.000501 0.000495   integrators: -0.0242 , -0.0174
[INFO] [1775240054.325621573] [aic_model]: z_offset: 0.082
[INFO] [1775240054.326732601] [aic_model]: pfrac: 1.0 xy_error: 0.000545 0.000539   integrators: -0.0237 , -0.0169
[INFO] [1775240054.375573293] [aic_model]: z_offset: 0.0815
[INFO] [1775240054.375941662] [aic_model]: pfrac: 1.0 xy_error: 0.000554 0.000564   integrators: -0.0231 , -0.0163
[INFO] [1775240054.425706362] [aic_model]: z_offset: 0.081
[INFO] [1775240054.426102693] [aic_model]: pfrac: 1.0 xy_error: 0.000554 0.000588   integrators: -0.0226 , -0.0157
[INFO] [1775240054.475639347] [aic_model]: z_offset: 0.0805
[INFO] [1775240054.476018336] [aic_model]: pfrac: 1.0 xy_error: 0.000533 0.000612   integrators: -0.022 , -0.0151
[INFO] [1775240054.525648945] [aic_model]: z_offset: 0.08
[INFO] [1775240054.526050586] [aic_model]: pfrac: 1.0 xy_error: 0.000522 0.000644   integrators: -0.0215 , -0.0144
[INFO] [1775240054.555837269] [aic_model]: insert_cable execute loop
[INFO] [1775240054.575567734] [aic_model]: z_offset: 0.0795
[INFO] [1775240054.575916866] [aic_model]: pfrac: 1.0 xy_error: 0.000531 0.000666   integrators: -0.021 , -0.0138
[INFO] [1775240054.625657301] [aic_model]: z_offset: 0.079
[INFO] [1775240054.626048623] [aic_model]: pfrac: 1.0 xy_error: 0.000543 0.000591   integrators: -0.0204 , -0.0132
[INFO] [1775240054.675620102] [aic_model]: z_offset: 0.0785
[INFO] [1775240054.676050196] [aic_model]: pfrac: 1.0 xy_error: 0.000528 0.000466   integrators: -0.0199 , -0.0127
[INFO] [1775240054.725631413] [aic_model]: z_offset: 0.078
[INFO] [1775240054.726941433] [aic_model]: pfrac: 1.0 xy_error: 0.000533 0.000361   integrators: -0.0194 , -0.0124
[INFO] [1775240054.775643867] [aic_model]: z_offset: 0.0775
[INFO] [1775240054.776034327] [aic_model]: pfrac: 1.0 xy_error: 0.000533 0.000268   integrators: -0.0189 , -0.0121
[INFO] [1775240054.825663423] [aic_model]: z_offset: 0.077
[INFO] [1775240054.826031662] [aic_model]: pfrac: 1.0 xy_error: 0.000534 0.00018   integrators: -0.0183 , -0.0119
[INFO] [1775240054.875635722] [aic_model]: z_offset: 0.0765
[INFO] [1775240054.876002298] [aic_model]: pfrac: 1.0 xy_error: 0.000518 7.74e-05   integrators: -0.0178 , -0.0118
[INFO] [1775240054.925668624] [aic_model]: z_offset: 0.076
[INFO] [1775240054.926755176] [aic_model]: pfrac: 1.0 xy_error: 0.000501 -3.47e-05   integrators: -0.0173 , -0.0119
[INFO] [1775240054.975632546] [aic_model]: z_offset: 0.0755
[INFO] [1775240054.976138573] [aic_model]: pfrac: 1.0 xy_error: 0.000484 -0.000121   integrators: -0.0168 , -0.012
[INFO] [1775240055.025631785] [aic_model]: z_offset: 0.075
[INFO] [1775240055.026046882] [aic_model]: pfrac: 1.0 xy_error: 0.000481 -0.000212   integrators: -0.0163 , -0.0122
[INFO] [1775240055.075600477] [aic_model]: z_offset: 0.0745
[INFO] [1775240055.075991949] [aic_model]: pfrac: 1.0 xy_error: 0.000477 -0.000287   integrators: -0.0159 , -0.0125
[INFO] [1775240055.125604665] [aic_model]: z_offset: 0.074
[INFO] [1775240055.125992781] [aic_model]: pfrac: 1.0 xy_error: 0.000462 -0.000357   integrators: -0.0154 , -0.0128
[INFO] [1775240055.175693401] [aic_model]: z_offset: 0.0735
[INFO] [1775240055.177076508] [aic_model]: pfrac: 1.0 xy_error: 0.000414 -0.000441   integrators: -0.015 , -0.0133
[INFO] [1775240055.225638509] [aic_model]: z_offset: 0.073
[INFO] [1775240055.226043236] [aic_model]: pfrac: 1.0 xy_error: 0.000356 -0.000542   integrators: -0.0146 , -0.0138
[INFO] [1775240055.275729940] [aic_model]: z_offset: 0.0725
[INFO] [1775240055.276213444] [aic_model]: pfrac: 1.0 xy_error: 0.000287 -0.000634   integrators: -0.0143 , -0.0145
[INFO] [1775240055.325689945] [aic_model]: z_offset: 0.072
[INFO] [1775240055.326095654] [aic_model]: pfrac: 1.0 xy_error: 0.000228 -0.000721   integrators: -0.0141 , -0.0152
[INFO] [1775240055.375692701] [aic_model]: z_offset: 0.0715
[INFO] [1775240055.376863240] [aic_model]: pfrac: 1.0 xy_error: 0.000158 -0.000812   integrators: -0.014 , -0.016
[INFO] [1775240055.425627579] [aic_model]: z_offset: 0.071
[INFO] [1775240055.426008341] [aic_model]: pfrac: 1.0 xy_error: 0.000103 -0.000879   integrators: -0.0138 , -0.0169
[INFO] [1775240055.475599667] [aic_model]: z_offset: 0.0705
[INFO] [1775240055.475990458] [aic_model]: pfrac: 1.0 xy_error: 2.71e-05 -0.000955   integrators: -0.0138 , -0.0178
[INFO] [1775240055.525671782] [aic_model]: z_offset: 0.07
[INFO] [1775240055.526559924] [aic_model]: pfrac: 1.0 xy_error: -4.53e-05 -0.00103   integrators: -0.0139 , -0.0189
[INFO] [1775240055.555790867] [aic_model]: insert_cable execute loop
[INFO] [1775240055.575558120] [aic_model]: z_offset: 0.0695
[INFO] [1775240055.575907183] [aic_model]: pfrac: 1.0 xy_error: -9.05e-05 -0.00108   integrators: -0.014 , -0.0199
[INFO] [1775240055.625621629] [aic_model]: z_offset: 0.069
[INFO] [1775240055.626022088] [aic_model]: pfrac: 1.0 xy_error: -0.00015 -0.00114   integrators: -0.0141 , -0.0211
[INFO] [1775240055.675604557] [aic_model]: z_offset: 0.0685
[INFO] [1775240055.676013943] [aic_model]: pfrac: 1.0 xy_error: -0.000211 -0.00123   integrators: -0.0143 , -0.0223
[INFO] [1775240055.725646406] [aic_model]: z_offset: 0.068
[INFO] [1775240055.726016568] [aic_model]: pfrac: 1.0 xy_error: -0.000291 -0.00128   integrators: -0.0146 , -0.0236
[INFO] [1775240055.775673517] [aic_model]: z_offset: 0.0675
[INFO] [1775240055.776071391] [aic_model]: pfrac: 1.0 xy_error: -0.000339 -0.00131   integrators: -0.0149 , -0.0249
[INFO] [1775240055.825601152] [aic_model]: z_offset: 0.067
[INFO] [1775240055.825976283] [aic_model]: pfrac: 1.0 xy_error: -0.000392 -0.00135   integrators: -0.0153 , -0.0262
[INFO] [1775240055.875743929] [aic_model]: z_offset: 0.0665
[INFO] [1775240055.876243644] [aic_model]: pfrac: 1.0 xy_error: -0.000436 -0.0014   integrators: -0.0158 , -0.0276
[INFO] [1775240055.925626469] [aic_model]: z_offset: 0.066
[INFO] [1775240055.926049120] [aic_model]: pfrac: 1.0 xy_error: -0.000488 -0.00142   integrators: -0.0163 , -0.0291
[INFO] [1775240055.975641458] [aic_model]: z_offset: 0.0655
[INFO] [1775240055.976308315] [aic_model]: pfrac: 1.0 xy_error: -0.000525 -0.00143   integrators: -0.0168 , -0.0305
[INFO] [1775240056.025801688] [aic_model]: z_offset: 0.065
[INFO] [1775240056.027064840] [aic_model]: pfrac: 1.0 xy_error: -0.000555 -0.00144   integrators: -0.0173 , -0.0319
[INFO] [1775240056.075703414] [aic_model]: z_offset: 0.0645
[INFO] [1775240056.076088925] [aic_model]: pfrac: 1.0 xy_error: -0.000563 -0.00144   integrators: -0.0179 , -0.0334
[INFO] [1775240056.125610390] [aic_model]: z_offset: 0.064
[INFO] [1775240056.126006952] [aic_model]: pfrac: 1.0 xy_error: -0.000575 -0.00144   integrators: -0.0185 , -0.0348
[INFO] [1775240056.175616572] [aic_model]: z_offset: 0.0635
[INFO] [1775240056.176038812] [aic_model]: pfrac: 1.0 xy_error: -0.000573 -0.00141   integrators: -0.0191 , -0.0362
[INFO] [1775240056.225631130] [aic_model]: z_offset: 0.063
[INFO] [1775240056.226043691] [aic_model]: pfrac: 1.0 xy_error: -0.000566 -0.0014   integrators: -0.0196 , -0.0376
[INFO] [1775240056.275688217] [aic_model]: z_offset: 0.0625
[INFO] [1775240056.276074239] [aic_model]: pfrac: 1.0 xy_error: -0.000551 -0.00136   integrators: -0.0202 , -0.039
[INFO] [1775240056.325660435] [aic_model]: z_offset: 0.062
[INFO] [1775240056.326980133] [aic_model]: pfrac: 1.0 xy_error: -0.000546 -0.00132   integrators: -0.0207 , -0.0403
[INFO] [1775240056.375697074] [aic_model]: z_offset: 0.0615
[INFO] [1775240056.376084859] [aic_model]: pfrac: 1.0 xy_error: -0.000547 -0.0013   integrators: -0.0213 , -0.0416
[INFO] [1775240056.425669302] [aic_model]: z_offset: 0.061
[INFO] [1775240056.426897179] [aic_model]: pfrac: 1.0 xy_error: -0.000538 -0.00125   integrators: -0.0218 , -0.0428
[INFO] [1775240056.475611003] [aic_model]: z_offset: 0.0605
[INFO] [1775240056.476001223] [aic_model]: pfrac: 1.0 xy_error: -0.000528 -0.00119   integrators: -0.0223 , -0.044
[INFO] [1775240056.525608108] [aic_model]: z_offset: 0.06
[INFO] [1775240056.526029366] [aic_model]: pfrac: 1.0 xy_error: -0.000515 -0.00111   integrators: -0.0228 , -0.0451
[INFO] [1775240056.556033045] [aic_model]: insert_cable execute loop
[INFO] [1775240056.575634568] [aic_model]: z_offset: 0.0595
[INFO] [1775240056.575994140] [aic_model]: pfrac: 1.0 xy_error: -0.000483 -0.00102   integrators: -0.0233 , -0.0462
[INFO] [1775240056.625599492] [aic_model]: z_offset: 0.059
[INFO] [1775240056.625961870] [aic_model]: pfrac: 1.0 xy_error: -0.000443 -0.000898   integrators: -0.0238 , -0.0471
[INFO] [1775240056.675741057] [aic_model]: z_offset: 0.0585
[INFO] [1775240056.676967912] [aic_model]: pfrac: 1.0 xy_error: -0.00041 -0.000791   integrators: -0.0242 , -0.0478
[INFO] [1775240056.725624199] [aic_model]: z_offset: 0.058
[INFO] [1775240056.726008187] [aic_model]: pfrac: 1.0 xy_error: -0.000402 -0.000722   integrators: -0.0246 , -0.0486
[INFO] [1775240056.775716803] [aic_model]: z_offset: 0.0575
[INFO] [1775240056.776142118] [aic_model]: pfrac: 1.0 xy_error: -0.000389 -0.000626   integrators: -0.025 , -0.0492
[INFO] [1775240056.825662481] [aic_model]: z_offset: 0.057
[INFO] [1775240056.826066537] [aic_model]: pfrac: 1.0 xy_error: -0.000376 -0.000528   integrators: -0.0254 , -0.0497
[INFO] [1775240056.875633968] [aic_model]: z_offset: 0.0565
[INFO] [1775240056.876028766] [aic_model]: pfrac: 1.0 xy_error: -0.000366 -0.00041   integrators: -0.0257 , -0.05
[INFO] [1775240056.925636834] [aic_model]: z_offset: 0.056
[INFO] [1775240056.926033576] [aic_model]: pfrac: 1.0 xy_error: -0.000335 -0.000302   integrators: -0.0261 , -0.05
[INFO] [1775240056.975646662] [aic_model]: z_offset: 0.0555
[INFO] [1775240056.976014420] [aic_model]: pfrac: 1.0 xy_error: -0.000282 -0.000184   integrators: -0.0263 , -0.05
[INFO] [1775240057.025658925] [aic_model]: z_offset: 0.055
[INFO] [1775240057.026405602] [aic_model]: pfrac: 1.0 xy_error: -0.00023 -6.41e-05   integrators: -0.0266 , -0.05
[INFO] [1775240057.075601719] [aic_model]: z_offset: 0.0545
[INFO] [1775240057.076000715] [aic_model]: pfrac: 1.0 xy_error: -0.000156 5.29e-05   integrators: -0.0267 , -0.0499
[INFO] [1775240057.125670558] [aic_model]: z_offset: 0.054
[INFO] [1775240057.126051600] [aic_model]: pfrac: 1.0 xy_error: -8.1e-05 0.000155   integrators: -0.0268 , -0.0498
[INFO] [1775240057.175668644] [aic_model]: z_offset: 0.0535
[INFO] [1775240057.176076678] [aic_model]: pfrac: 1.0 xy_error: -4.26e-05 0.000246   integrators: -0.0268 , -0.0495
[INFO] [1775240057.225697408] [aic_model]: z_offset: 0.053
[INFO] [1775240057.227013941] [aic_model]: pfrac: 1.0 xy_error: 5.06e-06 0.000341   integrators: -0.0268 , -0.0492
[INFO] [1775240057.275627498] [aic_model]: z_offset: 0.0525
[INFO] [1775240057.276041472] [aic_model]: pfrac: 1.0 xy_error: 8.01e-05 0.000475   integrators: -0.0268 , -0.0487
[INFO] [1775240057.325729739] [aic_model]: z_offset: 0.052
[INFO] [1775240057.326128185] [aic_model]: pfrac: 1.0 xy_error: 0.000154 0.000591   integrators: -0.0266 , -0.0481
[INFO] [1775240057.375666151] [aic_model]: z_offset: 0.0515
[INFO] [1775240057.376062622] [aic_model]: pfrac: 1.0 xy_error: 0.00022 0.000688   integrators: -0.0264 , -0.0475
[INFO] [1775240057.425635754] [aic_model]: z_offset: 0.051
[INFO] [1775240057.426465326] [aic_model]: pfrac: 1.0 xy_error: 0.000291 0.000781   integrators: -0.0261 , -0.0467
[INFO] [1775240057.475633650] [aic_model]: z_offset: 0.0505
[INFO] [1775240057.476977243] [aic_model]: pfrac: 1.0 xy_error: 0.000346 0.000867   integrators: -0.0257 , -0.0458
[INFO] [1775240057.525748976] [aic_model]: z_offset: 0.05
[INFO] [1775240057.527198057] [aic_model]: pfrac: 1.0 xy_error: 0.0004 0.000959   integrators: -0.0253 , -0.0448
[INFO] [1775240057.555967427] [aic_model]: insert_cable execute loop
[INFO] [1775240057.575759927] [aic_model]: z_offset: 0.0495
[INFO] [1775240057.577263139] [aic_model]: pfrac: 1.0 xy_error: 0.00047 0.00104   integrators: -0.0249 , -0.0438
[INFO] [1775240057.625650533] [aic_model]: z_offset: 0.049
[INFO] [1775240057.626451441] [aic_model]: pfrac: 1.0 xy_error: 0.000511 0.00109   integrators: -0.0244 , -0.0427
[INFO] [1775240057.675664830] [aic_model]: z_offset: 0.0485
[INFO] [1775240057.676360942] [aic_model]: pfrac: 1.0 xy_error: 0.000544 0.00117   integrators: -0.0238 , -0.0415
[INFO] [1775240057.725678606] [aic_model]: z_offset: 0.048
[INFO] [1775240057.726906703] [aic_model]: pfrac: 1.0 xy_error: 0.000576 0.00122   integrators: -0.0232 , -0.0403
[INFO] [1775240057.775710556] [aic_model]: z_offset: 0.0475
[INFO] [1775240057.776121454] [aic_model]: pfrac: 1.0 xy_error: 0.000592 0.00126   integrators: -0.0227 , -0.0391
[INFO] [1775240057.825699505] [aic_model]: z_offset: 0.047
[INFO] [1775240057.826100375] [aic_model]: pfrac: 1.0 xy_error: 0.000624 0.00129   integrators: -0.022 , -0.0378
[INFO] [1775240057.875628934] [aic_model]: z_offset: 0.0465
[INFO] [1775240057.876947800] [aic_model]: pfrac: 1.0 xy_error: 0.00063 0.00132   integrators: -0.0214 , -0.0364
[INFO] [1775240057.925637420] [aic_model]: z_offset: 0.046
[INFO] [1775240057.925999196] [aic_model]: pfrac: 1.0 xy_error: 0.000649 0.00135   integrators: -0.0208 , -0.0351
[INFO] [1775240057.975687383] [aic_model]: z_offset: 0.0455
[INFO] [1775240057.977269262] [aic_model]: pfrac: 1.0 xy_error: 0.000663 0.00136   integrators: -0.0201 , -0.0337
[INFO] [1775240058.025667006] [aic_model]: z_offset: 0.045
[INFO] [1775240058.026048499] [aic_model]: pfrac: 1.0 xy_error: 0.000665 0.00139   integrators: -0.0194 , -0.0323
[INFO] [1775240058.077400378] [aic_model]: z_offset: 0.0445
[INFO] [1775240058.077940909] [aic_model]: pfrac: 1.0 xy_error: 0.000638 0.00141   integrators: -0.0188 , -0.0309
[INFO] [1775240058.125599079] [aic_model]: z_offset: 0.044
[INFO] [1775240058.125987546] [aic_model]: pfrac: 1.0 xy_error: 0.000619 0.0014   integrators: -0.0182 , -0.0295
[INFO] [1775240058.175643723] [aic_model]: z_offset: 0.0435
[INFO] [1775240058.176625900] [aic_model]: pfrac: 1.0 xy_error: 0.000596 0.0014   integrators: -0.0176 , -0.0281
[INFO] [1775240058.225593128] [aic_model]: z_offset: 0.043
[INFO] [1775240058.225982016] [aic_model]: pfrac: 1.0 xy_error: 0.000572 0.00139   integrators: -0.017 , -0.0268
[INFO] [1775240058.275699948] [aic_model]: z_offset: 0.0425
[INFO] [1775240058.276228587] [aic_model]: pfrac: 1.0 xy_error: 0.000545 0.00138   integrators: -0.0165 , -0.0254
[INFO] [1775240058.325611974] [aic_model]: z_offset: 0.042
[INFO] [1775240058.326009207] [aic_model]: pfrac: 1.0 xy_error: 0.000507 0.00136   integrators: -0.0159 , -0.024
[INFO] [1775240058.375684059] [aic_model]: z_offset: 0.0415
[INFO] [1775240058.377033092] [aic_model]: pfrac: 1.0 xy_error: 0.00049 0.00134   integrators: -0.0155 , -0.0227
[INFO] [1775240058.425628085] [aic_model]: z_offset: 0.041
[INFO] [1775240058.426034034] [aic_model]: pfrac: 1.0 xy_error: 0.000459 0.00133   integrators: -0.015 , -0.0213
[INFO] [1775240058.475583401] [aic_model]: z_offset: 0.0405
[INFO] [1775240058.475988249] [aic_model]: pfrac: 1.0 xy_error: 0.000446 0.00129   integrators: -0.0146 , -0.02
[INFO] [1775240058.525631101] [aic_model]: z_offset: 0.04
[INFO] [1775240058.526405630] [aic_model]: pfrac: 1.0 xy_error: 0.000422 0.00126   integrators: -0.0141 , -0.0188
[INFO] [1775240058.555835145] [aic_model]: insert_cable execute loop
[INFO] [1775240058.575724406] [aic_model]: z_offset: 0.0395
[INFO] [1775240058.576380633] [aic_model]: pfrac: 1.0 xy_error: 0.000406 0.0012   integrators: -0.0137 , -0.0176
[INFO] [1775240058.625710720] [aic_model]: z_offset: 0.039
[INFO] [1775240058.626120346] [aic_model]: pfrac: 1.0 xy_error: 0.000412 0.000873   integrators: -0.0133 , -0.0167
[INFO] [1775240058.675743081] [aic_model]: z_offset: 0.0385
[INFO] [1775240058.676238768] [aic_model]: pfrac: 1.0 xy_error: 0.000399 0.000608   integrators: -0.0129 , -0.0161
[INFO] [1775240058.725593762] [aic_model]: z_offset: 0.038
[INFO] [1775240058.725986376] [aic_model]: pfrac: 1.0 xy_error: 0.000402 0.000362   integrators: -0.0125 , -0.0157
[INFO] [1775240058.775656279] [aic_model]: z_offset: 0.0375
[INFO] [1775240058.776023336] [aic_model]: pfrac: 1.0 xy_error: 0.000402 0.000363   integrators: -0.0121 , -0.0154
[INFO] [1775240058.825676858] [aic_model]: z_offset: 0.037
[INFO] [1775240058.826163318] [aic_model]: pfrac: 1.0 xy_error: 0.000401 0.000363   integrators: -0.0117 , -0.015
[INFO] [1775240058.875685785] [aic_model]: z_offset: 0.0365
[INFO] [1775240058.876857126] [aic_model]: pfrac: 1.0 xy_error: 0.000401 0.000362   integrators: -0.0113 , -0.0147
[INFO] [1775240058.925769732] [aic_model]: z_offset: 0.036
[INFO] [1775240058.926145695] [aic_model]: pfrac: 1.0 xy_error: 0.000401 0.000357   integrators: -0.0109 , -0.0143
[INFO] [1775240058.975628809] [aic_model]: z_offset: 0.0355
[INFO] [1775240058.975999612] [aic_model]: pfrac: 1.0 xy_error: 0.0004 0.000357   integrators: -0.0105 , -0.0139
[INFO] [1775240059.025619602] [aic_model]: z_offset: 0.035
[INFO] [1775240059.025985516] [aic_model]: pfrac: 1.0 xy_error: 0.0004 0.000356   integrators: -0.0101 , -0.0136
[INFO] [1775240059.075605296] [aic_model]: z_offset: 0.0345
[INFO] [1775240059.076002378] [aic_model]: pfrac: 1.0 xy_error: 0.000399 0.000354   integrators: -0.00971 , -0.0132
[INFO] [1775240059.125659216] [aic_model]: z_offset: 0.034
[INFO] [1775240059.126033046] [aic_model]: pfrac: 1.0 xy_error: 0.000399 0.000354   integrators: -0.00931 , -0.0129
[INFO] [1775240059.175688832] [aic_model]: z_offset: 0.0335
[INFO] [1775240059.176075836] [aic_model]: pfrac: 1.0 xy_error: 0.000398 0.000353   integrators: -0.00891 , -0.0125
[INFO] [1775240059.225791795] [aic_model]: z_offset: 0.033
[INFO] [1775240059.226193737] [aic_model]: pfrac: 1.0 xy_error: 0.000398 0.000353   integrators: -0.00851 , -0.0122
[INFO] [1775240059.275641214] [aic_model]: z_offset: 0.0325
[INFO] [1775240059.276023128] [aic_model]: pfrac: 1.0 xy_error: 0.000398 0.000352   integrators: -0.00812 , -0.0118
[INFO] [1775240059.327760067] [aic_model]: z_offset: 0.032
[INFO] [1775240059.328283436] [aic_model]: pfrac: 1.0 xy_error: 0.000397 0.000352   integrators: -0.00772 , -0.0115
[INFO] [1775240059.379506143] [aic_model]: z_offset: 0.0315
[INFO] [1775240059.379878610] [aic_model]: pfrac: 1.0 xy_error: 0.000397 0.000352   integrators: -0.00732 , -0.0111
[INFO] [1775240059.429679378] [aic_model]: z_offset: 0.031
[INFO] [1775240059.430069377] [aic_model]: pfrac: 1.0 xy_error: 0.000397 0.000351   integrators: -0.00692 , -0.0108
[INFO] [1775240059.479620307] [aic_model]: z_offset: 0.0305
[INFO] [1775240059.479998034] [aic_model]: pfrac: 1.0 xy_error: 0.000397 0.000351   integrators: -0.00653 , -0.0104
[INFO] [1775240059.529719122] [aic_model]: z_offset: 0.03
[INFO] [1775240059.530202917] [aic_model]: pfrac: 1.0 xy_error: 0.000396 0.00035   integrators: -0.00613 , -0.0101
[INFO] [1775240059.555806957] [aic_model]: insert_cable execute loop
[INFO] [1775240059.579590702] [aic_model]: z_offset: 0.0295
[INFO] [1775240059.579946237] [aic_model]: pfrac: 1.0 xy_error: 0.000396 0.00035   integrators: -0.00574 , -0.00972
[INFO] [1775240059.629778033] [aic_model]: z_offset: 0.029
[INFO] [1775240059.630186267] [aic_model]: pfrac: 1.0 xy_error: 0.000396 0.00035   integrators: -0.00534 , -0.00937
[INFO] [1775240059.680012111] [aic_model]: z_offset: 0.0285
[INFO] [1775240059.681613075] [aic_model]: pfrac: 1.0 xy_error: 0.000396 0.00035   integrators: -0.00494 , -0.00902
[INFO] [1775240059.731790087] [aic_model]: z_offset: 0.028
[INFO] [1775240059.732290643] [aic_model]: pfrac: 1.0 xy_error: 0.000396 0.000349   integrators: -0.00455 , -0.00867
[INFO] [1775240059.781773146] [aic_model]: z_offset: 0.0275
[INFO] [1775240059.782358250] [aic_model]: pfrac: 1.0 xy_error: 0.000396 0.000348   integrators: -0.00415 , -0.00832
[INFO] [1775240059.831758388] [aic_model]: z_offset: 0.027
[INFO] [1775240059.832264495] [aic_model]: pfrac: 1.0 xy_error: 0.000395 0.000348   integrators: -0.00376 , -0.00797
[INFO] [1775240059.882003938] [aic_model]: z_offset: 0.0265
[INFO] [1775240059.883490137] [aic_model]: pfrac: 1.0 xy_error: 0.000395 0.000347   integrators: -0.00336 , -0.00762
[INFO] [1775240059.933917467] [aic_model]: z_offset: 0.026
[INFO] [1775240059.934350207] [aic_model]: pfrac: 1.0 xy_error: 0.000395 0.000347   integrators: -0.00297 , -0.00728
[INFO] [1775240059.983770132] [aic_model]: z_offset: 0.0255
[INFO] [1775240059.985348694] [aic_model]: pfrac: 1.0 xy_error: 0.000395 0.000347   integrators: -0.00257 , -0.00693
[INFO] [1775240060.036230624] [aic_model]: z_offset: 0.025
[INFO] [1775240060.036606397] [aic_model]: pfrac: 1.0 xy_error: 0.000395 0.000347   integrators: -0.00218 , -0.00658
[INFO] [1775240060.085674945] [aic_model]: z_offset: 0.0245
[INFO] [1775240060.086129936] [aic_model]: pfrac: 1.0 xy_error: 0.000395 0.000347   integrators: -0.00178 , -0.00624
[INFO] [1775240060.135639930] [aic_model]: z_offset: 0.024
[INFO] [1775240060.136032234] [aic_model]: pfrac: 1.0 xy_error: 0.000395 0.000346   integrators: -0.00139 , -0.00589
[INFO] [1775240060.185730339] [aic_model]: z_offset: 0.0235
[INFO] [1775240060.186146267] [aic_model]: pfrac: 1.0 xy_error: 0.000394 0.000346   integrators: -0.000993 , -0.00554
[INFO] [1775240060.237636425] [aic_model]: z_offset: 0.023
[INFO] [1775240060.238051571] [aic_model]: pfrac: 1.0 xy_error: 0.000394 0.000346   integrators: -0.000599 , -0.0052
[INFO] [1775240060.289429920] [aic_model]: z_offset: 0.0225
[INFO] [1775240060.289992502] [aic_model]: pfrac: 1.0 xy_error: 0.000395 0.000347   integrators: -0.000204 , -0.00485
[INFO] [1775240060.339760207] [aic_model]: z_offset: 0.022
[INFO] [1775240060.340186825] [aic_model]: pfrac: 1.0 xy_error: 0.000395 0.000348   integrators: 0.000191 , -0.0045
[INFO] [1775240060.389598395] [aic_model]: z_offset: 0.0215
[INFO] [1775240060.389943691] [aic_model]: pfrac: 1.0 xy_error: 0.000395 0.000348   integrators: 0.000586 , -0.00416
[INFO] [1775240060.439620326] [aic_model]: z_offset: 0.021
[INFO] [1775240060.439989367] [aic_model]: pfrac: 1.0 xy_error: 0.000395 0.000349   integrators: 0.000981 , -0.00381
[INFO] [1775240060.493344933] [aic_model]: z_offset: 0.0205
[INFO] [1775240060.494106147] [aic_model]: pfrac: 1.0 xy_error: 0.000396 0.000349   integrators: 0.00138 , -0.00346
[INFO] [1775240060.543662006] [aic_model]: z_offset: 0.02
[INFO] [1775240060.544039062] [aic_model]: pfrac: 1.0 xy_error: 0.000396 0.000349   integrators: 0.00177 , -0.00311
[INFO] [1775240060.556007978] [aic_model]: insert_cable execute loop
[INFO] [1775240060.595590774] [aic_model]: z_offset: 0.0195
[INFO] [1775240060.596013896] [aic_model]: pfrac: 1.0 xy_error: 0.000396 0.00035   integrators: 0.00217 , -0.00276
[INFO] [1775240060.645581217] [aic_model]: z_offset: 0.019
[INFO] [1775240060.646092934] [aic_model]: pfrac: 1.0 xy_error: 0.000396 0.00035   integrators: 0.00256 , -0.00241
[INFO] [1775240060.695791951] [aic_model]: z_offset: 0.0185
[INFO] [1775240060.696988249] [aic_model]: pfrac: 1.0 xy_error: 0.000396 0.00035   integrators: 0.00296 , -0.00206
[INFO] [1775240060.745730516] [aic_model]: z_offset: 0.018
[INFO] [1775240060.746541443] [aic_model]: pfrac: 1.0 xy_error: 0.000396 0.00035   integrators: 0.00336 , -0.00171
[INFO] [1775240060.795631912] [aic_model]: z_offset: 0.0175
[INFO] [1775240060.796107662] [aic_model]: pfrac: 1.0 xy_error: 0.000396 0.00035   integrators: 0.00375 , -0.00136
[INFO] [1775240060.845730026] [aic_model]: z_offset: 0.017
[INFO] [1775240060.847007425] [aic_model]: pfrac: 1.0 xy_error: 0.000396 0.000351   integrators: 0.00415 , -0.00101
[INFO] [1775240060.898962402] [aic_model]: z_offset: 0.0165
[INFO] [1775240060.899566542] [aic_model]: pfrac: 1.0 xy_error: 0.000396 0.000351   integrators: 0.00454 , -0.000657
[INFO] [1775240060.949588243] [aic_model]: z_offset: 0.016
[INFO] [1775240060.949981739] [aic_model]: pfrac: 1.0 xy_error: 0.000396 0.000351   integrators: 0.00494 , -0.000306
[INFO] [1775240060.999578034] [aic_model]: z_offset: 0.0155
[INFO] [1775240060.999957143] [aic_model]: pfrac: 1.0 xy_error: 0.000396 0.000351   integrators: 0.00534 , 4.57e-05
[INFO] [1775240061.049639980] [aic_model]: z_offset: 0.015
[INFO] [1775240061.050010273] [aic_model]: pfrac: 1.0 xy_error: 0.000396 0.000352   integrators: 0.00573 , 0.000397
[INFO] [1775240061.099637526] [aic_model]: z_offset: 0.0145
[INFO] [1775240061.100032555] [aic_model]: pfrac: 1.0 xy_error: 0.000396 0.000352   integrators: 0.00613 , 0.000749
[INFO] [1775240061.149592082] [aic_model]: z_offset: 0.014
[INFO] [1775240061.149972403] [aic_model]: pfrac: 1.0 xy_error: 0.000396 0.000352   integrators: 0.00652 , 0.0011
[INFO] [1775240061.199568488] [aic_model]: z_offset: 0.0135
[INFO] [1775240061.199941054] [aic_model]: pfrac: 1.0 xy_error: 0.000397 0.000352   integrators: 0.00692 , 0.00145
[INFO] [1775240061.249586622] [aic_model]: z_offset: 0.013
[INFO] [1775240061.249948449] [aic_model]: pfrac: 1.0 xy_error: 0.000397 0.000352   integrators: 0.00732 , 0.0018
[INFO] [1775240061.299595058] [aic_model]: z_offset: 0.0125
[INFO] [1775240061.299980869] [aic_model]: pfrac: 1.0 xy_error: 0.000397 0.000352   integrators: 0.00771 , 0.00216
[INFO] [1775240061.349615356] [aic_model]: z_offset: 0.012
[INFO] [1775240061.349978525] [aic_model]: pfrac: 1.0 xy_error: 0.000397 0.000353   integrators: 0.00811 , 0.00251
[INFO] [1775240061.399818035] [aic_model]: z_offset: 0.0115
[INFO] [1775240061.401066010] [aic_model]: pfrac: 1.0 xy_error: 0.000397 0.000353   integrators: 0.00851 , 0.00286
[INFO] [1775240061.449591512] [aic_model]: z_offset: 0.011
[INFO] [1775240061.449982012] [aic_model]: pfrac: 1.0 xy_error: 0.000397 0.000353   integrators: 0.00891 , 0.00322
[INFO] [1775240061.499601160] [aic_model]: z_offset: 0.0105
[INFO] [1775240061.500032838] [aic_model]: pfrac: 1.0 xy_error: 0.000397 0.000353   integrators: 0.0093 , 0.00357
[INFO] [1775240061.549578058] [aic_model]: z_offset: 0.01
[INFO] [1775240061.550007601] [aic_model]: pfrac: 1.0 xy_error: 0.000397 0.000353   integrators: 0.0097 , 0.00392
[INFO] [1775240061.555786209] [aic_model]: insert_cable execute loop
[INFO] [1775240061.599614045] [aic_model]: z_offset: 0.0095
[INFO] [1775240061.600020475] [aic_model]: pfrac: 1.0 xy_error: 0.000397 0.000353   integrators: 0.0101 , 0.00428
[INFO] [1775240061.649695438] [aic_model]: z_offset: 0.009
[INFO] [1775240061.650133958] [aic_model]: pfrac: 1.0 xy_error: 0.000397 0.000352   integrators: 0.0105 , 0.00463
[INFO] [1775240061.699606682] [aic_model]: z_offset: 0.0085
[INFO] [1775240061.699976153] [aic_model]: pfrac: 1.0 xy_error: 0.000397 0.000347   integrators: 0.0109 , 0.00497
[INFO] [1775240061.749592656] [aic_model]: z_offset: 0.008
[INFO] [1775240061.749989518] [aic_model]: pfrac: 1.0 xy_error: 0.000397 0.000347   integrators: 0.0113 , 0.00532
[INFO] [1775240061.799617252] [aic_model]: z_offset: 0.0075
[INFO] [1775240061.800025235] [aic_model]: pfrac: 1.0 xy_error: 0.000398 0.000348   integrators: 0.0117 , 0.00567
[INFO] [1775240061.849590502] [aic_model]: z_offset: 0.007
[INFO] [1775240061.849958100] [aic_model]: pfrac: 1.0 xy_error: 0.000398 0.000348   integrators: 0.0121 , 0.00602
[INFO] [1775240061.899608727] [aic_model]: z_offset: 0.0065
[INFO] [1775240061.899993837] [aic_model]: pfrac: 1.0 xy_error: 0.000398 0.000348   integrators: 0.0125 , 0.00637
[INFO] [1775240061.951119723] [aic_model]: z_offset: 0.006
[INFO] [1775240061.951752707] [aic_model]: pfrac: 1.0 xy_error: 0.000399 0.000348   integrators: 0.0129 , 0.00671
[INFO] [1775240062.001680823] [aic_model]: z_offset: 0.0055
[INFO] [1775240062.002185988] [aic_model]: pfrac: 1.0 xy_error: 0.000399 0.000348   integrators: 0.0133 , 0.00706
[INFO] [1775240062.051739914] [aic_model]: z_offset: 0.005
[INFO] [1775240062.052150131] [aic_model]: pfrac: 1.0 xy_error: 0.0004 0.000348   integrators: 0.0137 , 0.00741
[INFO] [1775240062.101666186] [aic_model]: z_offset: 0.0045
[INFO] [1775240062.102032511] [aic_model]: pfrac: 1.0 xy_error: 0.0004 0.000348   integrators: 0.0141 , 0.00776
[INFO] [1775240062.151613338] [aic_model]: z_offset: 0.004
[INFO] [1775240062.151998338] [aic_model]: pfrac: 1.0 xy_error: 0.000401 0.000349   integrators: 0.0145 , 0.00811
[INFO] [1775240062.201711381] [aic_model]: z_offset: 0.0035
[INFO] [1775240062.202084048] [aic_model]: pfrac: 1.0 xy_error: 0.000401 0.000349   integrators: 0.0149 , 0.00846
[INFO] [1775240062.252040988] [aic_model]: z_offset: 0.003
[INFO] [1775240062.253560310] [aic_model]: pfrac: 1.0 xy_error: 0.000402 0.000349   integrators: 0.0153 , 0.0088
[INFO] [1775240062.303818944] [aic_model]: z_offset: 0.0025
[INFO] [1775240062.305108105] [aic_model]: pfrac: 1.0 xy_error: 0.000402 0.000348   integrators: 0.0157 , 0.00915
[INFO] [1775240062.353598923] [aic_model]: z_offset: 0.002
[INFO] [1775240062.353975758] [aic_model]: pfrac: 1.0 xy_error: 0.000403 0.000348   integrators: 0.0161 , 0.0095
[INFO] [1775240062.403625382] [aic_model]: z_offset: 0.0015
[INFO] [1775240062.404008148] [aic_model]: pfrac: 1.0 xy_error: 0.000403 0.000348   integrators: 0.0165 , 0.00985
[INFO] [1775240062.453683471] [aic_model]: z_offset: 0.001
[INFO] [1775240062.454067259] [aic_model]: pfrac: 1.0 xy_error: 0.000403 0.000348   integrators: 0.0169 , 0.0102
[INFO] [1775240062.503615094] [aic_model]: z_offset: 0.0005
[INFO] [1775240062.503991287] [aic_model]: pfrac: 1.0 xy_error: 0.000403 0.000348   integrators: 0.0173 , 0.0105
[INFO] [1775240062.553700784] [aic_model]: z_offset: -1.6306e-16
[INFO] [1775240062.554161827] [aic_model]: pfrac: 1.0 xy_error: 0.000404 0.000348   integrators: 0.0177 , 0.0109
[INFO] [1775240062.555786856] [aic_model]: insert_cable execute loop
[INFO] [1775240062.603699452] [aic_model]: z_offset: -0.0005
[INFO] [1775240062.604173970] [aic_model]: pfrac: 1.0 xy_error: 0.000404 0.000348   integrators: 0.0181 , 0.0112
[INFO] [1775240062.653608743] [aic_model]: z_offset: -0.001
[INFO] [1775240062.653998151] [aic_model]: pfrac: 1.0 xy_error: 0.000404 0.000348   integrators: 0.0185 , 0.0116
[INFO] [1775240062.703580670] [aic_model]: z_offset: -0.0015
[INFO] [1775240062.703943739] [aic_model]: pfrac: 1.0 xy_error: 0.000405 0.000348   integrators: 0.0189 , 0.0119
[INFO] [1775240062.753612681] [aic_model]: z_offset: -0.002
[INFO] [1775240062.754001829] [aic_model]: pfrac: 1.0 xy_error: 0.000405 0.000348   integrators: 0.0193 , 0.0123
[INFO] [1775240062.803580401] [aic_model]: z_offset: -0.0025
[INFO] [1775240062.803962195] [aic_model]: pfrac: 1.0 xy_error: 0.000406 0.000348   integrators: 0.0197 , 0.0126
[INFO] [1775240062.853569130] [aic_model]: z_offset: -0.003
[INFO] [1775240062.853943791] [aic_model]: pfrac: 1.0 xy_error: 0.000406 0.000349   integrators: 0.0201 , 0.013
[INFO] [1775240062.903598866] [aic_model]: z_offset: -0.0035
[INFO] [1775240062.903967886] [aic_model]: pfrac: 1.0 xy_error: 0.000406 0.000348   integrators: 0.0205 , 0.0133
[INFO] [1775240062.953713991] [aic_model]: z_offset: -0.004
[INFO] [1775240062.954128426] [aic_model]: pfrac: 1.0 xy_error: 0.000407 0.000348   integrators: 0.0209 , 0.0137
[INFO] [1775240063.003589759] [aic_model]: z_offset: -0.0045
[INFO] [1775240063.003971563] [aic_model]: pfrac: 1.0 xy_error: 0.000407 0.000348   integrators: 0.0214 , 0.014
[INFO] [1775240063.053628883] [aic_model]: z_offset: -0.005
[INFO] [1775240063.054700627] [aic_model]: pfrac: 1.0 xy_error: 0.000407 0.000348   integrators: 0.0218 , 0.0144
[INFO] [1775240063.103598536] [aic_model]: z_offset: -0.0055
[INFO] [1775240063.104003253] [aic_model]: pfrac: 1.0 xy_error: 0.000408 0.000348   integrators: 0.0222 , 0.0147
[INFO] [1775240063.153593427] [aic_model]: z_offset: -0.006
[INFO] [1775240063.154004085] [aic_model]: pfrac: 1.0 xy_error: 0.000408 0.000349   integrators: 0.0226 , 0.0151
[INFO] [1775240063.203633743] [aic_model]: z_offset: -0.0065
[INFO] [1775240063.204728500] [aic_model]: pfrac: 1.0 xy_error: 0.000409 0.000348   integrators: 0.023 , 0.0154
[INFO] [1775240063.253634064] [aic_model]: z_offset: -0.007
[INFO] [1775240063.254830381] [aic_model]: pfrac: 1.0 xy_error: 0.000409 0.000348   integrators: 0.0234 , 0.0158
[INFO] [1775240063.303590753] [aic_model]: z_offset: -0.0075
[INFO] [1775240063.304033471] [aic_model]: pfrac: 1.0 xy_error: 0.000409 0.000348   integrators: 0.0238 , 0.0161
[INFO] [1775240063.353593749] [aic_model]: z_offset: -0.008
[INFO] [1775240063.354017351] [aic_model]: pfrac: 1.0 xy_error: 0.00041 0.000348   integrators: 0.0242 , 0.0165
[INFO] [1775240063.403584432] [aic_model]: z_offset: -0.0085
[INFO] [1775240063.403981514] [aic_model]: pfrac: 1.0 xy_error: 0.00041 0.000349   integrators: 0.0246 , 0.0168
[INFO] [1775240063.453717801] [aic_model]: z_offset: -0.009
[INFO] [1775240063.454353440] [aic_model]: pfrac: 1.0 xy_error: 0.00041 0.000348   integrators: 0.025 , 0.0172
[INFO] [1775240063.503587468] [aic_model]: z_offset: -0.0095
[INFO] [1775240063.503970685] [aic_model]: pfrac: 1.0 xy_error: 0.000409 0.000347   integrators: 0.0254 , 0.0175
[INFO] [1775240063.553610081] [aic_model]: z_offset: -0.01
[INFO] [1775240063.554258714] [aic_model]: pfrac: 1.0 xy_error: 0.000409 0.000346   integrators: 0.0259 , 0.0179
[INFO] [1775240063.555800517] [aic_model]: insert_cable execute loop
[INFO] [1775240063.603589112] [aic_model]: z_offset: -0.0105
[INFO] [1775240063.603990823] [aic_model]: pfrac: 1.0 xy_error: 0.000409 0.000346   integrators: 0.0263 , 0.0182
[INFO] [1775240063.653633495] [aic_model]: z_offset: -0.011
[INFO] [1775240063.654049433] [aic_model]: pfrac: 1.0 xy_error: 0.00041 0.000347   integrators: 0.0267 , 0.0185
[INFO] [1775240063.703603609] [aic_model]: z_offset: -0.0115
[INFO] [1775240063.704023354] [aic_model]: pfrac: 1.0 xy_error: 0.00041 0.000348   integrators: 0.0271 , 0.0189
[INFO] [1775240063.753698858] [aic_model]: z_offset: -0.012
[INFO] [1775240063.754825876] [aic_model]: pfrac: 1.0 xy_error: 0.00041 0.000349   integrators: 0.0275 , 0.0192
[INFO] [1775240063.803610102] [aic_model]: z_offset: -0.0125
[INFO] [1775240063.804016111] [aic_model]: pfrac: 1.0 xy_error: 0.00041 0.00035   integrators: 0.0279 , 0.0196
[INFO] [1775240063.853613419] [aic_model]: z_offset: -0.013
[INFO] [1775240063.854000973] [aic_model]: pfrac: 1.0 xy_error: 0.00041 0.000351   integrators: 0.0283 , 0.0199
[INFO] [1775240063.903579666] [aic_model]: z_offset: -0.0135
[INFO] [1775240063.903950740] [aic_model]: pfrac: 1.0 xy_error: 0.00041 0.000351   integrators: 0.0287 , 0.0203
[INFO] [1775240063.953641421] [aic_model]: z_offset: -0.014
[INFO] [1775240063.954030970] [aic_model]: pfrac: 1.0 xy_error: 0.00041 0.000352   integrators: 0.0291 , 0.0207
[INFO] [1775240064.003617567] [aic_model]: z_offset: -0.0145
[INFO] [1775240064.004016994] [aic_model]: pfrac: 1.0 xy_error: 0.000408 0.000346   integrators: 0.0295 , 0.021
[INFO] [1775240064.053611957] [aic_model]: z_offset: -0.015
[INFO] [1775240064.053988381] [aic_model]: pfrac: 1.0 xy_error: 0.000408 0.000346   integrators: 0.0299 , 0.0213
[INFO] [1775240064.103692839] [aic_model]: Waiting for connector to stabilize...
[INFO] [1775240064.555836371] [aic_model]: insert_cable execute loop
[INFO] [1775240065.555829434] [aic_model]: insert_cable execute loop
[INFO] [1775240066.555860628] [aic_model]: insert_cable execute loop
[INFO] [1775240067.555897263] [aic_model]: insert_cable execute loop
[INFO] [1775240068.555841756] [aic_model]: insert_cable execute loop
[INFO] [1775240069.104998713] [aic_model]: CheatCode.insert_cable() exiting...
[INFO] [1775240069.555850219] [aic_model]: insert_cable() returned True
[INFO] [1775240070.011171345] [aic_model]: on_deactivate(LifecycleState(label='active', state_id=3))
[INFO] [1775240070.554468752] [aic_model]: on_activate()
[INFO] [1775240073.385139890] [aic_model]: Goal accepted
[INFO] [1775240073.385859786] [aic_model]: Entering insert_cable_execute_callback()
[INFO] [1775240073.386546561] [aic_model]: insert_cable execute loop
[INFO] [1775240073.390372016] [aic_model]: CheatCode.insert_cable() task: aic_task_interfaces.msg.Task(id='task_1', cable_type='sfp_sc', cable_name='cable_1', plug_type='sc', plug_name='sc_tip', port_type='sc', port_name='sc_port_base', target_module_name='sc_port_1', time_limit=180)
[INFO] [1775240073.391893702] [aic_model]: pfrac: 0.0 xy_error: -0.101 0.179   integrators: 0.0 , 0.0
[INFO] [1775240073.441765042] [aic_model]: pfrac: 0.01 xy_error: -0.101 0.179   integrators: 0.0 , 0.0
[INFO] [1775240073.492006313] [aic_model]: pfrac: 0.02 xy_error: -0.101 0.179   integrators: 0.0 , 0.0
[INFO] [1775240073.541620132] [aic_model]: pfrac: 0.03 xy_error: -0.101 0.18   integrators: 0.0 , 0.0
[INFO] [1775240073.594275258] [aic_model]: pfrac: 0.04 xy_error: -0.101 0.18   integrators: 0.0 , 0.0
[INFO] [1775240073.642837419] [aic_model]: pfrac: 0.05 xy_error: -0.101 0.18   integrators: 0.0 , 0.0
[INFO] [1775240073.692819907] [aic_model]: pfrac: 0.06 xy_error: -0.1 0.18   integrators: 0.0 , 0.0
[INFO] [1775240073.743646363] [aic_model]: pfrac: 0.07 xy_error: -0.1 0.18   integrators: 0.0 , 0.0
[INFO] [1775240073.793657434] [aic_model]: pfrac: 0.08 xy_error: -0.0997 0.18   integrators: 0.0 , 0.0
[INFO] [1775240073.842811262] [aic_model]: pfrac: 0.09 xy_error: -0.0993 0.179   integrators: 0.0 , 0.0
[INFO] [1775240073.892816592] [aic_model]: pfrac: 0.1 xy_error: -0.0989 0.179   integrators: 0.0 , 0.0
[INFO] [1775240073.943748746] [aic_model]: pfrac: 0.11 xy_error: -0.0984 0.178   integrators: 0.0 , 0.0
[INFO] [1775240073.994046463] [aic_model]: pfrac: 0.12 xy_error: -0.0979 0.177   integrators: 0.0 , 0.0
[INFO] [1775240074.042814399] [aic_model]: pfrac: 0.13 xy_error: -0.0972 0.176   integrators: 0.0 , 0.0
[INFO] [1775240074.092800484] [aic_model]: pfrac: 0.14 xy_error: -0.0965 0.175   integrators: 0.0 , 0.0
[INFO] [1775240074.143445130] [aic_model]: pfrac: 0.15 xy_error: -0.0957 0.174   integrators: 0.0 , 0.0
[INFO] [1775240074.194543254] [aic_model]: pfrac: 0.16 xy_error: -0.095 0.172   integrators: 0.0 , 0.0
[INFO] [1775240074.245745784] [aic_model]: pfrac: 0.17 xy_error: -0.094 0.171   integrators: 0.0 , 0.0
[INFO] [1775240074.295691102] [aic_model]: pfrac: 0.18 xy_error: -0.0931 0.169   integrators: 0.0 , 0.0
[INFO] [1775240074.345305541] [aic_model]: pfrac: 0.19 xy_error: -0.0921 0.167   integrators: 0.0 , 0.0
[INFO] [1775240074.386117025] [aic_model]: insert_cable execute loop
[INFO] [1775240074.394758798] [aic_model]: pfrac: 0.2 xy_error: -0.091 0.165   integrators: 0.0 , 0.0
[INFO] [1775240074.445667118] [aic_model]: pfrac: 0.21 xy_error: -0.0898 0.163   integrators: 0.0 , 0.0
[INFO] [1775240074.495630389] [aic_model]: pfrac: 0.22 xy_error: -0.0886 0.161   integrators: 0.0 , 0.0
[INFO] [1775240074.545609591] [aic_model]: pfrac: 0.23 xy_error: -0.0874 0.158   integrators: 0.0 , 0.0
[INFO] [1775240074.595142257] [aic_model]: pfrac: 0.24 xy_error: -0.0861 0.156   integrators: 0.0 , 0.0
[INFO] [1775240074.645612668] [aic_model]: pfrac: 0.25 xy_error: -0.0847 0.153   integrators: 0.0 , 0.0
[INFO] [1775240074.695623528] [aic_model]: pfrac: 0.26 xy_error: -0.0832 0.151   integrators: 0.0 , 0.0
[INFO] [1775240074.745613961] [aic_model]: pfrac: 0.27 xy_error: -0.0817 0.148   integrators: 0.0 , 0.0
[INFO] [1775240074.795651632] [aic_model]: pfrac: 0.28 xy_error: -0.0802 0.145   integrators: 0.0 , 0.0
[INFO] [1775240074.845636804] [aic_model]: pfrac: 0.29 xy_error: -0.0786 0.142   integrators: 0.0 , 0.0
[INFO] [1775240074.895634390] [aic_model]: pfrac: 0.3 xy_error: -0.0769 0.139   integrators: 0.0 , 0.0
[INFO] [1775240074.945591119] [aic_model]: pfrac: 0.31 xy_error: -0.0752 0.136   integrators: 0.0 , 0.0
[INFO] [1775240074.994948097] [aic_model]: pfrac: 0.32 xy_error: -0.0735 0.133   integrators: 0.0 , 0.0
[INFO] [1775240075.045626897] [aic_model]: pfrac: 0.33 xy_error: -0.0717 0.13   integrators: 0.0 , 0.0
[INFO] [1775240075.095581884] [aic_model]: pfrac: 0.34 xy_error: -0.0699 0.127   integrators: 0.0 , 0.0
[INFO] [1775240075.145571144] [aic_model]: pfrac: 0.35 xy_error: -0.0681 0.123   integrators: 0.0 , 0.0
[INFO] [1775240075.195563520] [aic_model]: pfrac: 0.36 xy_error: -0.0662 0.12   integrators: 0.0 , 0.0
[INFO] [1775240075.245616589] [aic_model]: pfrac: 0.37 xy_error: -0.0643 0.117   integrators: 0.0 , 0.0
[INFO] [1775240075.295574461] [aic_model]: pfrac: 0.38 xy_error: -0.0624 0.113   integrators: 0.0 , 0.0
[INFO] [1775240075.345993485] [aic_model]: pfrac: 0.39 xy_error: -0.0605 0.11   integrators: 0.0 , 0.0
[INFO] [1775240075.385783739] [aic_model]: insert_cable execute loop
[INFO] [1775240075.396793582] [aic_model]: pfrac: 0.4 xy_error: -0.0587 0.107   integrators: 0.0 , 0.0
[INFO] [1775240075.447972648] [aic_model]: pfrac: 0.41 xy_error: -0.0566 0.103   integrators: 0.0 , 0.0
[INFO] [1775240075.497656637] [aic_model]: pfrac: 0.42 xy_error: -0.0547 0.1   integrators: 0.0 , 0.0
[INFO] [1775240075.548487852] [aic_model]: pfrac: 0.43 xy_error: -0.0528 0.0968   integrators: 0.0 , 0.0
[INFO] [1775240075.599474658] [aic_model]: pfrac: 0.44 xy_error: -0.0508 0.0933   integrators: 0.0 , 0.0
[INFO] [1775240075.649656940] [aic_model]: pfrac: 0.45 xy_error: -0.0488 0.09   integrators: 0.0 , 0.0
[INFO] [1775240075.698788696] [aic_model]: pfrac: 0.46 xy_error: -0.0469 0.0868   integrators: 0.0 , 0.0
[INFO] [1775240075.749714368] [aic_model]: pfrac: 0.47 xy_error: -0.045 0.0836   integrators: 0.0 , 0.0
[INFO] [1775240075.799655719] [aic_model]: pfrac: 0.48 xy_error: -0.0431 0.0805   integrators: 0.0 , 0.0
[INFO] [1775240075.849485481] [aic_model]: pfrac: 0.49 xy_error: -0.0412 0.0773   integrators: 0.0 , 0.0
[INFO] [1775240075.898792054] [aic_model]: pfrac: 0.5 xy_error: -0.0393 0.0743   integrators: 0.0 , 0.0
[INFO] [1775240075.949552356] [aic_model]: pfrac: 0.51 xy_error: -0.0375 0.0713   integrators: 0.0 , 0.0
[INFO] [1775240075.998821089] [aic_model]: pfrac: 0.52 xy_error: -0.0358 0.0683   integrators: 0.0 , 0.0
[INFO] [1775240076.049502504] [aic_model]: pfrac: 0.53 xy_error: -0.034 0.0654   integrators: 0.0 , 0.0
[INFO] [1775240076.098809488] [aic_model]: pfrac: 0.54 xy_error: -0.0324 0.0626   integrators: 0.0 , 0.0
[INFO] [1775240076.148874069] [aic_model]: pfrac: 0.55 xy_error: -0.0307 0.0599   integrators: 0.0 , 0.0
[INFO] [1775240076.199616508] [aic_model]: pfrac: 0.56 xy_error: -0.0291 0.0572   integrators: 0.0 , 0.0
[INFO] [1775240076.249766239] [aic_model]: pfrac: 0.57 xy_error: -0.0276 0.0546   integrators: 0.0 , 0.0
[INFO] [1775240076.302070800] [aic_model]: pfrac: 0.58 xy_error: -0.0262 0.0522   integrators: 0.0 , 0.0
[INFO] [1775240076.351018131] [aic_model]: pfrac: 0.59 xy_error: -0.0246 0.0495   integrators: 0.0 , 0.0
[INFO] [1775240076.386019789] [aic_model]: insert_cable execute loop
[INFO] [1775240076.400812858] [aic_model]: pfrac: 0.6 xy_error: -0.0232 0.0472   integrators: 0.0 , 0.0
[INFO] [1775240076.450915851] [aic_model]: pfrac: 0.61 xy_error: -0.0219 0.0449   integrators: 0.0 , 0.0
[INFO] [1775240076.501588569] [aic_model]: pfrac: 0.62 xy_error: -0.0206 0.0427   integrators: 0.0 , 0.0
[INFO] [1775240076.551448107] [aic_model]: pfrac: 0.63 xy_error: -0.0194 0.0405   integrators: 0.0 , 0.0
[INFO] [1775240076.601005550] [aic_model]: pfrac: 0.64 xy_error: -0.0182 0.0385   integrators: 0.0 , 0.0
[INFO] [1775240076.651677787] [aic_model]: pfrac: 0.65 xy_error: -0.0171 0.0365   integrators: 0.0 , 0.0
[INFO] [1775240076.701630610] [aic_model]: pfrac: 0.66 xy_error: -0.0161 0.0347   integrators: 0.0 , 0.0
[INFO] [1775240076.751479056] [aic_model]: pfrac: 0.67 xy_error: -0.0151 0.0329   integrators: 0.0 , 0.0
[INFO] [1775240076.801615833] [aic_model]: pfrac: 0.68 xy_error: -0.0141 0.0312   integrators: 0.0 , 0.0
[INFO] [1775240076.851559808] [aic_model]: pfrac: 0.69 xy_error: -0.0132 0.0296   integrators: 0.0 , 0.0
[INFO] [1775240076.901019979] [aic_model]: pfrac: 0.7 xy_error: -0.0123 0.028   integrators: 0.0 , 0.0
[INFO] [1775240076.951580438] [aic_model]: pfrac: 0.71 xy_error: -0.0116 0.0266   integrators: 0.0 , 0.0
[INFO] [1775240077.001703669] [aic_model]: pfrac: 0.72 xy_error: -0.0109 0.0252   integrators: 0.0 , 0.0
[INFO] [1775240077.051623208] [aic_model]: pfrac: 0.73 xy_error: -0.0102 0.0239   integrators: 0.0 , 0.0
[INFO] [1775240077.101519405] [aic_model]: pfrac: 0.74 xy_error: -0.00954 0.0227   integrators: 0.0 , 0.0
[INFO] [1775240077.150927528] [aic_model]: pfrac: 0.75 xy_error: -0.00896 0.0215   integrators: 0.0 , 0.0
[INFO] [1775240077.200823865] [aic_model]: pfrac: 0.76 xy_error: -0.00842 0.0205   integrators: 0.0 , 0.0
[INFO] [1775240077.251564601] [aic_model]: pfrac: 0.77 xy_error: -0.00794 0.0194   integrators: 0.0 , 0.0
[INFO] [1775240077.301019251] [aic_model]: pfrac: 0.78 xy_error: -0.00749 0.0185   integrators: 0.0 , 0.0
[INFO] [1775240077.351634242] [aic_model]: pfrac: 0.79 xy_error: -0.0071 0.0176   integrators: 0.0 , 0.0
[INFO] [1775240077.387956689] [aic_model]: insert_cable execute loop
[INFO] [1775240077.400738276] [aic_model]: pfrac: 0.8 xy_error: -0.00675 0.0167   integrators: 0.0 , 0.0
[INFO] [1775240077.451620417] [aic_model]: pfrac: 0.81 xy_error: -0.0064 0.0159   integrators: 0.0 , 0.0
[INFO] [1775240077.501215429] [aic_model]: pfrac: 0.82 xy_error: -0.00608 0.0151   integrators: 0.0 , 0.0
[INFO] [1775240077.551569773] [aic_model]: pfrac: 0.83 xy_error: -0.00576 0.0144   integrators: 0.0 , 0.0
[INFO] [1775240077.601518818] [aic_model]: pfrac: 0.84 xy_error: -0.00548 0.0138   integrators: 0.0 , 0.0
[INFO] [1775240077.651051304] [aic_model]: pfrac: 0.85 xy_error: -0.00524 0.0132   integrators: 0.0 , 0.0
[INFO] [1775240077.701671464] [aic_model]: pfrac: 0.86 xy_error: -0.00502 0.0126   integrators: 0.0 , 0.0
[INFO] [1775240077.751573201] [aic_model]: pfrac: 0.87 xy_error: -0.00482 0.0121   integrators: 0.0 , 0.0
[INFO] [1775240077.801488513] [aic_model]: pfrac: 0.88 xy_error: -0.00467 0.0116   integrators: 0.0 , 0.0
[INFO] [1775240077.851719555] [aic_model]: pfrac: 0.89 xy_error: -0.00451 0.0112   integrators: 0.0 , 0.0
[INFO] [1775240077.901450983] [aic_model]: pfrac: 0.9 xy_error: -0.00436 0.0108   integrators: 0.0 , 0.0
[INFO] [1775240077.951378999] [aic_model]: pfrac: 0.91 xy_error: -0.00426 0.0105   integrators: 0.0 , 0.0
[INFO] [1775240078.000826105] [aic_model]: pfrac: 0.92 xy_error: -0.00415 0.0102   integrators: 0.0 , 0.0
[INFO] [1775240078.051476693] [aic_model]: pfrac: 0.93 xy_error: -0.00403 0.00989   integrators: 0.0 , 0.0
[INFO] [1775240078.101590566] [aic_model]: pfrac: 0.94 xy_error: -0.00394 0.00961   integrators: 0.0 , 0.0
[INFO] [1775240078.151430467] [aic_model]: pfrac: 0.95 xy_error: -0.00387 0.00934   integrators: 0.0 , 0.0
[INFO] [1775240078.201684472] [aic_model]: pfrac: 0.96 xy_error: -0.00382 0.00907   integrators: 0.0 , 0.0
[INFO] [1775240078.251369444] [aic_model]: pfrac: 0.97 xy_error: -0.00378 0.00882   integrators: 0.0 , 0.0
[INFO] [1775240078.301652784] [aic_model]: pfrac: 0.98 xy_error: -0.00374 0.00856   integrators: 0.0 , 0.0
[INFO] [1775240078.351576582] [aic_model]: pfrac: 0.99 xy_error: -0.00372 0.00832   integrators: 0.0 , 0.0
[INFO] [1775240078.388858594] [aic_model]: insert_cable execute loop
[INFO] [1775240078.400637095] [aic_model]: z_offset: 0.1995
[INFO] [1775240078.401875101] [aic_model]: pfrac: 1.0 xy_error: -0.00369 0.00811   integrators: -0.00369 , 0.00811
[INFO] [1775240078.450631255] [aic_model]: z_offset: 0.199
[INFO] [1775240078.451024570] [aic_model]: pfrac: 1.0 xy_error: -0.00367 0.00788   integrators: -0.00736 , 0.016
[INFO] [1775240078.500635824] [aic_model]: z_offset: 0.1985
[INFO] [1775240078.501827352] [aic_model]: pfrac: 1.0 xy_error: -0.00365 0.0076   integrators: -0.011 , 0.0236
[INFO] [1775240078.550675588] [aic_model]: z_offset: 0.198
[INFO] [1775240078.551849745] [aic_model]: pfrac: 1.0 xy_error: -0.0036 0.00728   integrators: -0.0146 , 0.0309
[INFO] [1775240078.600890100] [aic_model]: z_offset: 0.1975
[INFO] [1775240078.601835518] [aic_model]: pfrac: 1.0 xy_error: -0.00352 0.00695   integrators: -0.0181 , 0.0378
[INFO] [1775240078.650627269] [aic_model]: z_offset: 0.197
[INFO] [1775240078.651809260] [aic_model]: pfrac: 1.0 xy_error: -0.0034 0.0066   integrators: -0.0215 , 0.0444
[INFO] [1775240078.700640033] [aic_model]: z_offset: 0.1965
[INFO] [1775240078.701786908] [aic_model]: pfrac: 1.0 xy_error: -0.00326 0.00619   integrators: -0.0248 , 0.05
[INFO] [1775240078.750643049] [aic_model]: z_offset: 0.196
[INFO] [1775240078.751892566] [aic_model]: pfrac: 1.0 xy_error: -0.0031 0.00574   integrators: -0.0279 , 0.05
[INFO] [1775240078.800633001] [aic_model]: z_offset: 0.1955
[INFO] [1775240078.801843555] [aic_model]: pfrac: 1.0 xy_error: -0.00294 0.00527   integrators: -0.0308 , 0.05
[INFO] [1775240078.850642900] [aic_model]: z_offset: 0.195
[INFO] [1775240078.851886426] [aic_model]: pfrac: 1.0 xy_error: -0.00273 0.00477   integrators: -0.0336 , 0.05
[INFO] [1775240078.900624345] [aic_model]: z_offset: 0.1945
[INFO] [1775240078.901535069] [aic_model]: pfrac: 1.0 xy_error: -0.00248 0.0043   integrators: -0.0361 , 0.05
[INFO] [1775240078.950633212] [aic_model]: z_offset: 0.194
[INFO] [1775240078.951771702] [aic_model]: pfrac: 1.0 xy_error: -0.00224 0.00384   integrators: -0.0383 , 0.05
[INFO] [1775240079.000623054] [aic_model]: z_offset: 0.1935
[INFO] [1775240079.001803913] [aic_model]: pfrac: 1.0 xy_error: -0.00198 0.00339   integrators: -0.0403 , 0.05
[INFO] [1775240079.050638172] [aic_model]: z_offset: 0.193
[INFO] [1775240079.051813521] [aic_model]: pfrac: 1.0 xy_error: -0.00172 0.00296   integrators: -0.042 , 0.05
[INFO] [1775240079.100641259] [aic_model]: z_offset: 0.1925
[INFO] [1775240079.101789346] [aic_model]: pfrac: 1.0 xy_error: -0.00143 0.00253   integrators: -0.0434 , 0.05
[INFO] [1775240079.150725667] [aic_model]: z_offset: 0.192
[INFO] [1775240079.151923407] [aic_model]: pfrac: 1.0 xy_error: -0.00112 0.00216   integrators: -0.0445 , 0.05
[INFO] [1775240079.200676375] [aic_model]: z_offset: 0.1915
[INFO] [1775240079.201968262] [aic_model]: pfrac: 1.0 xy_error: -0.000785 0.00185   integrators: -0.0453 , 0.05
[INFO] [1775240079.250629167] [aic_model]: z_offset: 0.191
[INFO] [1775240079.251824072] [aic_model]: pfrac: 1.0 xy_error: -0.000448 0.00155   integrators: -0.0458 , 0.05
[INFO] [1775240079.300697967] [aic_model]: z_offset: 0.1905
[INFO] [1775240079.301822189] [aic_model]: pfrac: 1.0 xy_error: -0.000133 0.00126   integrators: -0.0459 , 0.05
[INFO] [1775240079.350647252] [aic_model]: z_offset: 0.19
[INFO] [1775240079.351825636] [aic_model]: pfrac: 1.0 xy_error: 0.000167 0.001   integrators: -0.0457 , 0.05
[INFO] [1775240079.390507487] [aic_model]: insert_cable execute loop
[INFO] [1775240079.400635691] [aic_model]: z_offset: 0.1895
[INFO] [1775240079.401816770] [aic_model]: pfrac: 1.0 xy_error: 0.000457 0.000771   integrators: -0.0453 , 0.05
[INFO] [1775240079.450655258] [aic_model]: z_offset: 0.189
[INFO] [1775240079.451851034] [aic_model]: pfrac: 1.0 xy_error: 0.00074 0.000568   integrators: -0.0445 , 0.05
[INFO] [1775240079.500697698] [aic_model]: z_offset: 0.1885
[INFO] [1775240079.501882854] [aic_model]: pfrac: 1.0 xy_error: 0.00101 0.000386   integrators: -0.0435 , 0.05
[INFO] [1775240079.551707777] [aic_model]: z_offset: 0.188
[INFO] [1775240079.552074473] [aic_model]: pfrac: 1.0 xy_error: 0.00126 0.000197   integrators: -0.0423 , 0.05
[INFO] [1775240079.600635061] [aic_model]: z_offset: 0.1875
[INFO] [1775240079.601775755] [aic_model]: pfrac: 1.0 xy_error: 0.00147 5.17e-05   integrators: -0.0408 , 0.05
[INFO] [1775240079.650600698] [aic_model]: z_offset: 0.187
[INFO] [1775240079.651772970] [aic_model]: pfrac: 1.0 xy_error: 0.00164 -0.000105   integrators: -0.0392 , 0.0499
[INFO] [1775240079.700648207] [aic_model]: z_offset: 0.1865
[INFO] [1775240079.701771568] [aic_model]: pfrac: 1.0 xy_error: 0.00181 -0.000252   integrators: -0.0374 , 0.0496
[INFO] [1775240079.750697389] [aic_model]: z_offset: 0.186
[INFO] [1775240079.751896572] [aic_model]: pfrac: 1.0 xy_error: 0.00191 -0.000374   integrators: -0.0355 , 0.0493
[INFO] [1775240079.800624002] [aic_model]: z_offset: 0.1855
[INFO] [1775240079.801338879] [aic_model]: pfrac: 1.0 xy_error: 0.00199 -0.00049   integrators: -0.0335 , 0.0488
[INFO] [1775240079.850621007] [aic_model]: z_offset: 0.185
[INFO] [1775240079.851938902] [aic_model]: pfrac: 1.0 xy_error: 0.00203 -0.000585   integrators: -0.0314 , 0.0482
[INFO] [1775240079.900662465] [aic_model]: z_offset: 0.1845
[INFO] [1775240079.901466289] [aic_model]: pfrac: 1.0 xy_error: 0.00204 -0.000658   integrators: -0.0294 , 0.0475
[INFO] [1775240079.950621789] [aic_model]: z_offset: 0.184
[INFO] [1775240079.951837073] [aic_model]: pfrac: 1.0 xy_error: 0.00201 -0.000709   integrators: -0.0274 , 0.0468
[INFO] [1775240080.001388825] [aic_model]: z_offset: 0.1835
[INFO] [1775240080.001867690] [aic_model]: pfrac: 1.0 xy_error: 0.00195 -0.000746   integrators: -0.0254 , 0.0461
[INFO] [1775240080.050657096] [aic_model]: z_offset: 0.183
[INFO] [1775240080.051891966] [aic_model]: pfrac: 1.0 xy_error: 0.00188 -0.000769   integrators: -0.0235 , 0.0453
[INFO] [1775240080.100626369] [aic_model]: z_offset: 0.1825
[INFO] [1775240080.101803411] [aic_model]: pfrac: 1.0 xy_error: 0.00179 -0.000802   integrators: -0.0218 , 0.0445
[INFO] [1775240080.150642931] [aic_model]: z_offset: 0.182
[INFO] [1775240080.151820153] [aic_model]: pfrac: 1.0 xy_error: 0.00166 -0.000817   integrators: -0.0201 , 0.0437
[INFO] [1775240080.200631239] [aic_model]: z_offset: 0.1815
[INFO] [1775240080.201924528] [aic_model]: pfrac: 1.0 xy_error: 0.00154 -0.000812   integrators: -0.0186 , 0.0429
[INFO] [1775240080.250757245] [aic_model]: z_offset: 0.181
[INFO] [1775240080.252007183] [aic_model]: pfrac: 1.0 xy_error: 0.00138 -0.00081   integrators: -0.0172 , 0.0421
[INFO] [1775240080.300634707] [aic_model]: z_offset: 0.1805
[INFO] [1775240080.301783245] [aic_model]: pfrac: 1.0 xy_error: 0.00119 -0.000778   integrators: -0.016 , 0.0413
[INFO] [1775240080.350611303] [aic_model]: z_offset: 0.18
[INFO] [1775240080.351809795] [aic_model]: pfrac: 1.0 xy_error: 0.001 -0.000739   integrators: -0.015 , 0.0406
[INFO] [1775240080.392507526] [aic_model]: insert_cable execute loop
[INFO] [1775240080.400643865] [aic_model]: z_offset: 0.1795
[INFO] [1775240080.401254687] [aic_model]: pfrac: 1.0 xy_error: 0.000821 -0.000708   integrators: -0.0142 , 0.0398
[INFO] [1775240080.450647722] [aic_model]: z_offset: 0.179
[INFO] [1775240080.451867514] [aic_model]: pfrac: 1.0 xy_error: 0.00064 -0.000651   integrators: -0.0135 , 0.0392
[INFO] [1775240080.500607107] [aic_model]: z_offset: 0.1785
[INFO] [1775240080.501716692] [aic_model]: pfrac: 1.0 xy_error: 0.000445 -0.000606   integrators: -0.0131 , 0.0386
[INFO] [1775240080.550619240] [aic_model]: z_offset: 0.178
[INFO] [1775240080.551844592] [aic_model]: pfrac: 1.0 xy_error: 0.000251 -0.000541   integrators: -0.0128 , 0.038
[INFO] [1775240080.600630010] [aic_model]: z_offset: 0.1775
[INFO] [1775240080.601790892] [aic_model]: pfrac: 1.0 xy_error: 6.96e-05 -0.00047   integrators: -0.0128 , 0.0376
[INFO] [1775240080.650673913] [aic_model]: z_offset: 0.177
[INFO] [1775240080.651876993] [aic_model]: pfrac: 1.0 xy_error: -0.000125 -0.000398   integrators: -0.0129 , 0.0372
[INFO] [1775240080.700702176] [aic_model]: z_offset: 0.1765
[INFO] [1775240080.701905217] [aic_model]: pfrac: 1.0 xy_error: -0.000293 -0.000314   integrators: -0.0132 , 0.0369
[INFO] [1775240080.750633448] [aic_model]: z_offset: 0.176
[INFO] [1775240080.751894276] [aic_model]: pfrac: 1.0 xy_error: -0.000474 -0.00022   integrators: -0.0136 , 0.0366
[INFO] [1775240080.800697649] [aic_model]: z_offset: 0.1755
[INFO] [1775240080.801997951] [aic_model]: pfrac: 1.0 xy_error: -0.000626 -0.000129   integrators: -0.0143 , 0.0365
[INFO] [1775240080.850657945] [aic_model]: z_offset: 0.175
[INFO] [1775240080.851828875] [aic_model]: pfrac: 1.0 xy_error: -0.000797 -4.33e-05   integrators: -0.0151 , 0.0365
[INFO] [1775240080.900731152] [aic_model]: z_offset: 0.1745
[INFO] [1775240080.901941877] [aic_model]: pfrac: 1.0 xy_error: -0.00093 1.63e-05   integrators: -0.016 , 0.0365
[INFO] [1775240080.950641425] [aic_model]: z_offset: 0.174
[INFO] [1775240080.951880051] [aic_model]: pfrac: 1.0 xy_error: -0.00106 8.61e-05   integrators: -0.0171 , 0.0366
[INFO] [1775240081.000605518] [aic_model]: z_offset: 0.1735
[INFO] [1775240081.001796325] [aic_model]: pfrac: 1.0 xy_error: -0.00116 0.000153   integrators: -0.0182 , 0.0367
[INFO] [1775240081.050614345] [aic_model]: z_offset: 0.173
[INFO] [1775240081.051806866] [aic_model]: pfrac: 1.0 xy_error: -0.00121 0.000215   integrators: -0.0194 , 0.0369
[INFO] [1775240081.100637589] [aic_model]: z_offset: 0.1725
[INFO] [1775240081.101496165] [aic_model]: pfrac: 1.0 xy_error: -0.00125 0.000274   integrators: -0.0207 , 0.0372
[INFO] [1775240081.150630606] [aic_model]: z_offset: 0.172
[INFO] [1775240081.151794113] [aic_model]: pfrac: 1.0 xy_error: -0.00127 0.000319   integrators: -0.022 , 0.0375
[INFO] [1775240081.200635566] [aic_model]: z_offset: 0.1715
[INFO] [1775240081.201903848] [aic_model]: pfrac: 1.0 xy_error: -0.00128 0.000366   integrators: -0.0232 , 0.0379
[INFO] [1775240081.250656576] [aic_model]: z_offset: 0.171
[INFO] [1775240081.251869064] [aic_model]: pfrac: 1.0 xy_error: -0.00126 0.000384   integrators: -0.0245 , 0.0383
[INFO] [1775240081.300642420] [aic_model]: z_offset: 0.1705
[INFO] [1775240081.301833247] [aic_model]: pfrac: 1.0 xy_error: -0.00124 0.000397   integrators: -0.0257 , 0.0387
[INFO] [1775240081.350634625] [aic_model]: z_offset: 0.17
[INFO] [1775240081.351845100] [aic_model]: pfrac: 1.0 xy_error: -0.00121 0.000386   integrators: -0.0269 , 0.0391
[INFO] [1775240081.395451872] [aic_model]: insert_cable execute loop
[INFO] [1775240081.400567310] [aic_model]: z_offset: 0.1695
[INFO] [1775240081.401452255] [aic_model]: pfrac: 1.0 xy_error: -0.00117 0.000372   integrators: -0.0281 , 0.0394
[INFO] [1775240081.450651197] [aic_model]: z_offset: 0.169
[INFO] [1775240081.451858035] [aic_model]: pfrac: 1.0 xy_error: -0.00113 0.000356   integrators: -0.0292 , 0.0398
[INFO] [1775240081.500639275] [aic_model]: z_offset: 0.1685
[INFO] [1775240081.501883142] [aic_model]: pfrac: 1.0 xy_error: -0.00103 0.000331   integrators: -0.0303 , 0.0401
[INFO] [1775240081.550631051] [aic_model]: z_offset: 0.168
[INFO] [1775240081.551270527] [aic_model]: pfrac: 1.0 xy_error: -0.000897 0.000297   integrators: -0.0312 , 0.0404
[INFO] [1775240081.601769410] [aic_model]: z_offset: 0.1675
[INFO] [1775240081.602147638] [aic_model]: pfrac: 1.0 xy_error: -0.000774 0.000224   integrators: -0.0319 , 0.0406
[INFO] [1775240081.650630791] [aic_model]: z_offset: 0.167
[INFO] [1775240081.651159420] [aic_model]: pfrac: 1.0 xy_error: -0.000642 0.000171   integrators: -0.0326 , 0.0408
[INFO] [1775240081.700649005] [aic_model]: z_offset: 0.1665
[INFO] [1775240081.701750997] [aic_model]: pfrac: 1.0 xy_error: -0.000512 0.000125   integrators: -0.0331 , 0.0409
[INFO] [1775240081.750592671] [aic_model]: z_offset: 0.166
[INFO] [1775240081.751201088] [aic_model]: pfrac: 1.0 xy_error: -0.000388 6.28e-05   integrators: -0.0335 , 0.041
[INFO] [1775240081.800623829] [aic_model]: z_offset: 0.1655
[INFO] [1775240081.801904966] [aic_model]: pfrac: 1.0 xy_error: -0.000244 4.32e-06   integrators: -0.0337 , 0.041
[INFO] [1775240081.850614612] [aic_model]: z_offset: 0.165
[INFO] [1775240081.851454904] [aic_model]: pfrac: 1.0 xy_error: -0.000102 -5.08e-05   integrators: -0.0338 , 0.041
[INFO] [1775240081.900600667] [aic_model]: z_offset: 0.1645
[INFO] [1775240081.901737764] [aic_model]: pfrac: 1.0 xy_error: 7.23e-05 -9.04e-05   integrators: -0.0337 , 0.0409
[INFO] [1775240081.950625223] [aic_model]: z_offset: 0.164
[INFO] [1775240081.951705494] [aic_model]: pfrac: 1.0 xy_error: 0.000255 -0.000143   integrators: -0.0335 , 0.0407
[INFO] [1775240082.000595829] [aic_model]: z_offset: 0.1635
[INFO] [1775240082.001781406] [aic_model]: pfrac: 1.0 xy_error: 0.000404 -0.000197   integrators: -0.0331 , 0.0405
[INFO] [1775240082.050618461] [aic_model]: z_offset: 0.163
[INFO] [1775240082.051819678] [aic_model]: pfrac: 1.0 xy_error: 0.000551 -0.000259   integrators: -0.0325 , 0.0403
[INFO] [1775240082.100634772] [aic_model]: z_offset: 0.1625
[INFO] [1775240082.101842181] [aic_model]: pfrac: 1.0 xy_error: 0.000674 -0.000326   integrators: -0.0319 , 0.0399
[INFO] [1775240082.150618983] [aic_model]: z_offset: 0.162
[INFO] [1775240082.151713300] [aic_model]: pfrac: 1.0 xy_error: 0.00077 -0.000399   integrators: -0.0311 , 0.0395
[INFO] [1775240082.200758845] [aic_model]: z_offset: 0.1615
[INFO] [1775240082.201812155] [aic_model]: pfrac: 1.0 xy_error: 0.000852 -0.000468   integrators: -0.0302 , 0.0391
[INFO] [1775240082.250693373] [aic_model]: z_offset: 0.161
[INFO] [1775240082.251355842] [aic_model]: pfrac: 1.0 xy_error: 0.000923 -0.000553   integrators: -0.0293 , 0.0385
[INFO] [1775240082.300655573] [aic_model]: z_offset: 0.1605
[INFO] [1775240082.301809672] [aic_model]: pfrac: 1.0 xy_error: 0.000984 -0.000607   integrators: -0.0283 , 0.0379
[INFO] [1775240082.350631769] [aic_model]: z_offset: 0.16
[INFO] [1775240082.351798692] [aic_model]: pfrac: 1.0 xy_error: 0.00103 -0.000649   integrators: -0.0273 , 0.0373
[INFO] [1775240082.395741953] [aic_model]: insert_cable execute loop
[INFO] [1775240082.400584521] [aic_model]: z_offset: 0.1595
[INFO] [1775240082.401651587] [aic_model]: pfrac: 1.0 xy_error: 0.00106 -0.000683   integrators: -0.0262 , 0.0366
[INFO] [1775240082.450626139] [aic_model]: z_offset: 0.159
[INFO] [1775240082.451833968] [aic_model]: pfrac: 1.0 xy_error: 0.00108 -0.000719   integrators: -0.0252 , 0.0359
[INFO] [1775240082.500653962] [aic_model]: z_offset: 0.1585
[INFO] [1775240082.501461713] [aic_model]: pfrac: 1.0 xy_error: 0.00106 -0.000744   integrators: -0.0241 , 0.0351
[INFO] [1775240082.550718022] [aic_model]: z_offset: 0.158
[INFO] [1775240082.551975394] [aic_model]: pfrac: 1.0 xy_error: 0.00104 -0.00076   integrators: -0.0231 , 0.0344
[INFO] [1775240082.600854508] [aic_model]: z_offset: 0.1575
[INFO] [1775240082.602006523] [aic_model]: pfrac: 1.0 xy_error: 0.000996 -0.000761   integrators: -0.0221 , 0.0336
[INFO] [1775240082.650675764] [aic_model]: z_offset: 0.157
[INFO] [1775240082.651200946] [aic_model]: pfrac: 1.0 xy_error: 0.000925 -0.000748   integrators: -0.0211 , 0.0329
[INFO] [1775240082.700626272] [aic_model]: z_offset: 0.1565
[INFO] [1775240082.701702835] [aic_model]: pfrac: 1.0 xy_error: 0.000863 -0.00073   integrators: -0.0203 , 0.0321
[INFO] [1775240082.750625390] [aic_model]: z_offset: 0.156
[INFO] [1775240082.751715399] [aic_model]: pfrac: 1.0 xy_error: 0.000769 -0.000721   integrators: -0.0195 , 0.0314
[INFO] [1775240082.800652602] [aic_model]: z_offset: 0.1555
[INFO] [1775240082.801905195] [aic_model]: pfrac: 1.0 xy_error: 0.000669 -0.000694   integrators: -0.0188 , 0.0307
[INFO] [1775240082.850684873] [aic_model]: z_offset: 0.155
[INFO] [1775240082.851537177] [aic_model]: pfrac: 1.0 xy_error: 0.000569 -0.000668   integrators: -0.0183 , 0.03
[INFO] [1775240082.900611927] [aic_model]: z_offset: 0.1545
[INFO] [1775240082.901312587] [aic_model]: pfrac: 1.0 xy_error: 0.000469 -0.000646   integrators: -0.0178 , 0.0294
[INFO] [1775240082.951872745] [aic_model]: z_offset: 0.154
[INFO] [1775240082.952491663] [aic_model]: pfrac: 1.0 xy_error: 0.000365 -0.000611   integrators: -0.0174 , 0.0288
[INFO] [1775240083.002635783] [aic_model]: z_offset: 0.1535
[INFO] [1775240083.003359236] [aic_model]: pfrac: 1.0 xy_error: 0.000273 -0.000571   integrators: -0.0172 , 0.0282
[INFO] [1775240083.052663856] [aic_model]: z_offset: 0.153
[INFO] [1775240083.053747152] [aic_model]: pfrac: 1.0 xy_error: 0.000156 -0.000526   integrators: -0.017 , 0.0277
[INFO] [1775240083.102635874] [aic_model]: z_offset: 0.1525
[INFO] [1775240083.103817124] [aic_model]: pfrac: 1.0 xy_error: 5.16e-05 -0.00047   integrators: -0.017 , 0.0272
[INFO] [1775240083.152691599] [aic_model]: z_offset: 0.152
[INFO] [1775240083.153553631] [aic_model]: pfrac: 1.0 xy_error: -6.67e-05 -0.00042   integrators: -0.017 , 0.0268
[INFO] [1775240083.202669438] [aic_model]: z_offset: 0.1515
[INFO] [1775240083.203084043] [aic_model]: pfrac: 1.0 xy_error: -0.000167 -0.000355   integrators: -0.0172 , 0.0264
[INFO] [1775240083.252641536] [aic_model]: z_offset: 0.151
[INFO] [1775240083.253829468] [aic_model]: pfrac: 1.0 xy_error: -0.000253 -0.000291   integrators: -0.0174 , 0.0262
[INFO] [1775240083.302610749] [aic_model]: z_offset: 0.1505
[INFO] [1775240083.303796998] [aic_model]: pfrac: 1.0 xy_error: -0.00033 -0.000229   integrators: -0.0178 , 0.0259
[INFO] [1775240083.352680530] [aic_model]: z_offset: 0.15
[INFO] [1775240083.353925869] [aic_model]: pfrac: 1.0 xy_error: -0.000399 -0.000159   integrators: -0.0182 , 0.0258
[INFO] [1775240083.394883106] [aic_model]: insert_cable execute loop
[INFO] [1775240083.402578960] [aic_model]: z_offset: 0.1495
[INFO] [1775240083.403755852] [aic_model]: pfrac: 1.0 xy_error: -0.000454 -7.8e-05   integrators: -0.0186 , 0.0257
[INFO] [1775240083.452618375] [aic_model]: z_offset: 0.149
[INFO] [1775240083.453421066] [aic_model]: pfrac: 1.0 xy_error: -0.000501 1.22e-05   integrators: -0.0191 , 0.0257
[INFO] [1775240083.502630969] [aic_model]: z_offset: 0.1485
[INFO] [1775240083.503564545] [aic_model]: pfrac: 1.0 xy_error: -0.000511 9.46e-05   integrators: -0.0196 , 0.0258
[INFO] [1775240083.552627813] [aic_model]: z_offset: 0.148
[INFO] [1775240083.553426186] [aic_model]: pfrac: 1.0 xy_error: -0.00054 0.000196   integrators: -0.0202 , 0.026
[INFO] [1775240083.602635608] [aic_model]: z_offset: 0.1475
[INFO] [1775240083.603816567] [aic_model]: pfrac: 1.0 xy_error: -0.000561 0.000284   integrators: -0.0207 , 0.0263
[INFO] [1775240083.652621352] [aic_model]: z_offset: 0.147
[INFO] [1775240083.653660025] [aic_model]: pfrac: 1.0 xy_error: -0.000596 0.000359   integrators: -0.0213 , 0.0266
[INFO] [1775240083.702659654] [aic_model]: z_offset: 0.1465
[INFO] [1775240083.703924780] [aic_model]: pfrac: 1.0 xy_error: -0.000606 0.000402   integrators: -0.0219 , 0.027
[INFO] [1775240083.752612496] [aic_model]: z_offset: 0.146
[INFO] [1775240083.753242444] [aic_model]: pfrac: 1.0 xy_error: -0.000608 0.000446   integrators: -0.0225 , 0.0275
[INFO] [1775240083.802740346] [aic_model]: z_offset: 0.1455
[INFO] [1775240083.803383118] [aic_model]: pfrac: 1.0 xy_error: -0.000617 0.000446   integrators: -0.0232 , 0.0279
[INFO] [1775240083.852625993] [aic_model]: z_offset: 0.145
[INFO] [1775240083.853131919] [aic_model]: pfrac: 1.0 xy_error: -0.000623 0.000429   integrators: -0.0238 , 0.0284
[INFO] [1775240083.902690153] [aic_model]: z_offset: 0.1445
[INFO] [1775240083.903899715] [aic_model]: pfrac: 1.0 xy_error: -0.000632 0.000411   integrators: -0.0244 , 0.0288
[INFO] [1775240083.952624490] [aic_model]: z_offset: 0.144
[INFO] [1775240083.953005453] [aic_model]: pfrac: 1.0 xy_error: -0.000621 0.000372   integrators: -0.025 , 0.0291
[INFO] [1775240084.002618450] [aic_model]: z_offset: 0.1435
[INFO] [1775240084.003568687] [aic_model]: pfrac: 1.0 xy_error: -0.000599 0.000317   integrators: -0.0256 , 0.0295
[INFO] [1775240084.052620774] [aic_model]: z_offset: 0.143
[INFO] [1775240084.052998261] [aic_model]: pfrac: 1.0 xy_error: -0.000571 0.000271   integrators: -0.0262 , 0.0297
[INFO] [1775240084.103963637] [aic_model]: z_offset: 0.1425
[INFO] [1775240084.104595709] [aic_model]: pfrac: 1.0 xy_error: -0.000572 0.000231   integrators: -0.0268 , 0.03
[INFO] [1775240084.154626487] [aic_model]: z_offset: 0.142
[INFO] [1775240084.155763043] [aic_model]: pfrac: 1.0 xy_error: -0.000558 0.000173   integrators: -0.0273 , 0.0301
[INFO] [1775240084.204623762] [aic_model]: z_offset: 0.1415
[INFO] [1775240084.205867358] [aic_model]: pfrac: 1.0 xy_error: -0.000531 0.000132   integrators: -0.0279 , 0.0303
[INFO] [1775240084.254622971] [aic_model]: z_offset: 0.141
[INFO] [1775240084.255657727] [aic_model]: pfrac: 1.0 xy_error: -0.000481 8.41e-05   integrators: -0.0284 , 0.0303
[INFO] [1775240084.304685629] [aic_model]: z_offset: 0.1405
[INFO] [1775240084.305515060] [aic_model]: pfrac: 1.0 xy_error: -0.000432 5.13e-05   integrators: -0.0288 , 0.0304
[INFO] [1775240084.354626649] [aic_model]: z_offset: 0.14
[INFO] [1775240084.355443236] [aic_model]: pfrac: 1.0 xy_error: -0.000371 7.63e-06   integrators: -0.0292 , 0.0304
[INFO] [1775240084.394901229] [aic_model]: insert_cable execute loop
[INFO] [1775240084.404583679] [aic_model]: z_offset: 0.1395
[INFO] [1775240084.404938843] [aic_model]: pfrac: 1.0 xy_error: -0.000276 -4.32e-05   integrators: -0.0294 , 0.0304
[INFO] [1775240084.454608636] [aic_model]: z_offset: 0.139
[INFO] [1775240084.455006811] [aic_model]: pfrac: 1.0 xy_error: -0.000194 -9.47e-05   integrators: -0.0296 , 0.0303
[INFO] [1775240084.504641097] [aic_model]: z_offset: 0.1385
[INFO] [1775240084.505033131] [aic_model]: pfrac: 1.0 xy_error: -0.000118 -0.000154   integrators: -0.0297 , 0.0301
[INFO] [1775240084.554709366] [aic_model]: z_offset: 0.138
[INFO] [1775240084.555177131] [aic_model]: pfrac: 1.0 xy_error: -3.35e-05 -0.000206   integrators: -0.0298 , 0.0299
[INFO] [1775240084.604649845] [aic_model]: z_offset: 0.1375
[INFO] [1775240084.605033502] [aic_model]: pfrac: 1.0 xy_error: 6.06e-05 -0.000252   integrators: -0.0297 , 0.0297
[INFO] [1775240084.655962290] [aic_model]: z_offset: 0.137
[INFO] [1775240084.656498733] [aic_model]: pfrac: 1.0 xy_error: 0.000163 -0.000294   integrators: -0.0296 , 0.0294
[INFO] [1775240084.706617426] [aic_model]: z_offset: 0.1365
[INFO] [1775240084.707097694] [aic_model]: pfrac: 1.0 xy_error: 0.000241 -0.000328   integrators: -0.0293 , 0.029
[INFO] [1775240084.756602438] [aic_model]: z_offset: 0.136
[INFO] [1775240084.757004150] [aic_model]: pfrac: 1.0 xy_error: 0.000276 -0.000373   integrators: -0.029 , 0.0287
[INFO] [1775240084.806642764] [aic_model]: z_offset: 0.1355
[INFO] [1775240084.807289704] [aic_model]: pfrac: 1.0 xy_error: 0.000299 -0.000521   integrators: -0.0287 , 0.0281
[INFO] [1775240084.856629971] [aic_model]: z_offset: 0.135
[INFO] [1775240084.857438443] [aic_model]: pfrac: 1.0 xy_error: 0.000293 -0.000669   integrators: -0.0284 , 0.0275
[INFO] [1775240084.906675516] [aic_model]: z_offset: 0.1345
[INFO] [1775240084.907482816] [aic_model]: pfrac: 1.0 xy_error: 0.00028 -0.000819   integrators: -0.0282 , 0.0266
[INFO] [1775240084.956604173] [aic_model]: z_offset: 0.134
[INFO] [1775240084.957368202] [aic_model]: pfrac: 1.0 xy_error: 0.000261 -0.00096   integrators: -0.0279 , 0.0257
[INFO] [1775240085.006610526] [aic_model]: z_offset: 0.1335
[INFO] [1775240085.006999333] [aic_model]: pfrac: 1.0 xy_error: 0.000218 -0.0011   integrators: -0.0277 , 0.0246
[INFO] [1775240085.056713879] [aic_model]: z_offset: 0.133
[INFO] [1775240085.057181033] [aic_model]: pfrac: 1.0 xy_error: 0.000179 -0.00124   integrators: -0.0275 , 0.0233
[INFO] [1775240085.106632017] [aic_model]: z_offset: 0.1325
[INFO] [1775240085.107070647] [aic_model]: pfrac: 1.0 xy_error: 0.00012 -0.00135   integrators: -0.0274 , 0.022
[INFO] [1775240085.156644841] [aic_model]: z_offset: 0.132
[INFO] [1775240085.157048256] [aic_model]: pfrac: 1.0 xy_error: 7.74e-05 -0.00146   integrators: -0.0273 , 0.0205
[INFO] [1775240085.206628822] [aic_model]: z_offset: 0.1315
[INFO] [1775240085.207031084] [aic_model]: pfrac: 1.0 xy_error: 8.66e-06 -0.00156   integrators: -0.0273 , 0.019
[INFO] [1775240085.257035413] [aic_model]: z_offset: 0.131
[INFO] [1775240085.258247550] [aic_model]: pfrac: 1.0 xy_error: -4.12e-05 -0.00166   integrators: -0.0273 , 0.0173
[INFO] [1775240085.306630396] [aic_model]: z_offset: 0.1305
[INFO] [1775240085.307024623] [aic_model]: pfrac: 1.0 xy_error: -9.69e-05 -0.00174   integrators: -0.0274 , 0.0156
[INFO] [1775240085.356611952] [aic_model]: z_offset: 0.13
[INFO] [1775240085.356986492] [aic_model]: pfrac: 1.0 xy_error: -0.000154 -0.00182   integrators: -0.0276 , 0.0138
[INFO] [1775240085.394892251] [aic_model]: insert_cable execute loop
[INFO] [1775240085.406624866] [aic_model]: z_offset: 0.1295
[INFO] [1775240085.406975502] [aic_model]: pfrac: 1.0 xy_error: -0.000217 -0.00187   integrators: -0.0278 , 0.0119
[INFO] [1775240085.456632782] [aic_model]: z_offset: 0.129
[INFO] [1775240085.457023312] [aic_model]: pfrac: 1.0 xy_error: -0.000265 -0.00191   integrators: -0.0281 , 0.00999
[INFO] [1775240085.506664171] [aic_model]: z_offset: 0.1285
[INFO] [1775240085.507046967] [aic_model]: pfrac: 1.0 xy_error: -0.000303 -0.00195   integrators: -0.0284 , 0.00804
[INFO] [1775240085.556632843] [aic_model]: z_offset: 0.128
[INFO] [1775240085.557009838] [aic_model]: pfrac: 1.0 xy_error: -0.000337 -0.00198   integrators: -0.0287 , 0.00606
[INFO] [1775240085.606616062] [aic_model]: z_offset: 0.1275
[INFO] [1775240085.607040355] [aic_model]: pfrac: 1.0 xy_error: -0.000378 -0.00198   integrators: -0.0291 , 0.00408
[INFO] [1775240085.656763899] [aic_model]: z_offset: 0.127
[INFO] [1775240085.657208570] [aic_model]: pfrac: 1.0 xy_error: -0.00043 -0.00196   integrators: -0.0295 , 0.00212
[INFO] [1775240085.706619289] [aic_model]: z_offset: 0.1265
[INFO] [1775240085.706992647] [aic_model]: pfrac: 1.0 xy_error: -0.000462 -0.00193   integrators: -0.03 , 0.000196
[INFO] [1775240085.756716461] [aic_model]: z_offset: 0.126
[INFO] [1775240085.757130195] [aic_model]: pfrac: 1.0 xy_error: -0.000486 -0.00188   integrators: -0.0305 , -0.00169
[INFO] [1775240085.806631132] [aic_model]: z_offset: 0.1255
[INFO] [1775240085.807009399] [aic_model]: pfrac: 1.0 xy_error: -0.000524 -0.00181   integrators: -0.031 , -0.0035
[INFO] [1775240085.856617276] [aic_model]: z_offset: 0.125
[INFO] [1775240085.856977971] [aic_model]: pfrac: 1.0 xy_error: -0.000537 -0.00172   integrators: -0.0315 , -0.00521
[INFO] [1775240085.906743583] [aic_model]: z_offset: 0.1245
[INFO] [1775240085.907840254] [aic_model]: pfrac: 1.0 xy_error: -0.000512 -0.00162   integrators: -0.032 , -0.00684
[INFO] [1775240085.956767528] [aic_model]: z_offset: 0.124
[INFO] [1775240085.957266261] [aic_model]: pfrac: 1.0 xy_error: -0.000493 -0.00152   integrators: -0.0325 , -0.00836
[INFO] [1775240086.006595537] [aic_model]: z_offset: 0.1235
[INFO] [1775240086.006957574] [aic_model]: pfrac: 1.0 xy_error: -0.000484 -0.00142   integrators: -0.033 , -0.00978
[INFO] [1775240086.056633959] [aic_model]: z_offset: 0.123
[INFO] [1775240086.057036973] [aic_model]: pfrac: 1.0 xy_error: -0.000484 -0.00131   integrators: -0.0335 , -0.0111
[INFO] [1775240086.106608803] [aic_model]: z_offset: 0.1225
[INFO] [1775240086.106979586] [aic_model]: pfrac: 1.0 xy_error: -0.000476 -0.00117   integrators: -0.034 , -0.0123
[INFO] [1775240086.156605036] [aic_model]: z_offset: 0.122
[INFO] [1775240086.156975930] [aic_model]: pfrac: 1.0 xy_error: -0.000455 -0.00104   integrators: -0.0344 , -0.0133
[INFO] [1775240086.206616528] [aic_model]: z_offset: 0.1215
[INFO] [1775240086.207003682] [aic_model]: pfrac: 1.0 xy_error: -0.000448 -0.000902   integrators: -0.0349 , -0.0142
[INFO] [1775240086.256625395] [aic_model]: z_offset: 0.121
[INFO] [1775240086.257000817] [aic_model]: pfrac: 1.0 xy_error: -0.000406 -0.000769   integrators: -0.0353 , -0.015
[INFO] [1775240086.306701167] [aic_model]: z_offset: 0.1205
[INFO] [1775240086.307084765] [aic_model]: pfrac: 1.0 xy_error: -0.00037 -0.000619   integrators: -0.0357 , -0.0156
[INFO] [1775240086.356643430] [aic_model]: z_offset: 0.12
[INFO] [1775240086.357008984] [aic_model]: pfrac: 1.0 xy_error: -0.000346 -0.000479   integrators: -0.036 , -0.0161
[INFO] [1775240086.394843480] [aic_model]: insert_cable execute loop
[INFO] [1775240086.406568891] [aic_model]: z_offset: 0.1195
[INFO] [1775240086.406918044] [aic_model]: pfrac: 1.0 xy_error: -0.000323 -0.000328   integrators: -0.0363 , -0.0164
[INFO] [1775240086.456648160] [aic_model]: z_offset: 0.119
[INFO] [1775240086.457031697] [aic_model]: pfrac: 1.0 xy_error: -0.000291 -0.000167   integrators: -0.0366 , -0.0166
[INFO] [1775240086.506712050] [aic_model]: z_offset: 0.1185
[INFO] [1775240086.507194352] [aic_model]: pfrac: 1.0 xy_error: -0.000255 -7.18e-06   integrators: -0.0369 , -0.0166
[INFO] [1775240086.556642670] [aic_model]: z_offset: 0.118
[INFO] [1775240086.557022872] [aic_model]: pfrac: 1.0 xy_error: -0.000179 0.000154   integrators: -0.0371 , -0.0164
[INFO] [1775240086.606646869] [aic_model]: z_offset: 0.1175
[INFO] [1775240086.607021049] [aic_model]: pfrac: 1.0 xy_error: -0.000123 0.000331   integrators: -0.0372 , -0.0161
[INFO] [1775240086.656634536] [aic_model]: z_offset: 0.117
[INFO] [1775240086.657008295] [aic_model]: pfrac: 1.0 xy_error: -7.1e-05 0.000488   integrators: -0.0372 , -0.0156
[INFO] [1775240086.706749432] [aic_model]: z_offset: 0.1165
[INFO] [1775240086.707133490] [aic_model]: pfrac: 1.0 xy_error: -1.75e-05 0.000641   integrators: -0.0373 , -0.015
[INFO] [1775240086.756660746] [aic_model]: z_offset: 0.116
[INFO] [1775240086.757045796] [aic_model]: pfrac: 1.0 xy_error: 4.28e-05 0.000788   integrators: -0.0372 , -0.0142
[INFO] [1775240086.806641100] [aic_model]: z_offset: 0.1155
[INFO] [1775240086.807024767] [aic_model]: pfrac: 1.0 xy_error: 8.67e-05 0.000929   integrators: -0.0371 , -0.0132
[INFO] [1775240086.856608880] [aic_model]: z_offset: 0.115
[INFO] [1775240086.856973572] [aic_model]: pfrac: 1.0 xy_error: 0.000146 0.00105   integrators: -0.037 , -0.0122
[INFO] [1775240086.906636482] [aic_model]: z_offset: 0.1145
[INFO] [1775240086.907012055] [aic_model]: pfrac: 1.0 xy_error: 0.000171 0.00117   integrators: -0.0368 , -0.011
[INFO] [1775240086.956758210] [aic_model]: z_offset: 0.114
[INFO] [1775240086.957151005] [aic_model]: pfrac: 1.0 xy_error: 0.000227 0.00129   integrators: -0.0366 , -0.00972
[INFO] [1775240087.006619591] [aic_model]: z_offset: 0.1135
[INFO] [1775240087.006989814] [aic_model]: pfrac: 1.0 xy_error: 0.000299 0.00142   integrators: -0.0363 , -0.0083
[INFO] [1775240087.056669255] [aic_model]: z_offset: 0.113
[INFO] [1775240087.057049175] [aic_model]: pfrac: 1.0 xy_error: 0.000369 0.00155   integrators: -0.0359 , -0.00674
[INFO] [1775240087.106632326] [aic_model]: z_offset: 0.1125
[INFO] [1775240087.106993171] [aic_model]: pfrac: 1.0 xy_error: 0.000412 0.00166   integrators: -0.0355 , -0.00509
[INFO] [1775240087.156614534] [aic_model]: z_offset: 0.112
[INFO] [1775240087.156979115] [aic_model]: pfrac: 1.0 xy_error: 0.000441 0.00174   integrators: -0.0351 , -0.00335
[INFO] [1775240087.206653387] [aic_model]: z_offset: 0.1115
[INFO] [1775240087.207033968] [aic_model]: pfrac: 1.0 xy_error: 0.000496 0.00181   integrators: -0.0346 , -0.00154
[INFO] [1775240087.256628410] [aic_model]: z_offset: 0.111
[INFO] [1775240087.256996409] [aic_model]: pfrac: 1.0 xy_error: 0.000559 0.00185   integrators: -0.034 , 0.000316
[INFO] [1775240087.306658738] [aic_model]: z_offset: 0.1105
[INFO] [1775240087.307029010] [aic_model]: pfrac: 1.0 xy_error: 0.000606 0.00187   integrators: -0.0334 , 0.00218
[INFO] [1775240087.356747133] [aic_model]: z_offset: 0.11
[INFO] [1775240087.357108429] [aic_model]: pfrac: 1.0 xy_error: 0.000654 0.00186   integrators: -0.0328 , 0.00404
[INFO] [1775240087.395269576] [aic_model]: insert_cable execute loop
[INFO] [1775240087.406699665] [aic_model]: z_offset: 0.1095
[INFO] [1775240087.407171748] [aic_model]: pfrac: 1.0 xy_error: 0.000706 0.00185   integrators: -0.032 , 0.00589
[INFO] [1775240087.457491857] [aic_model]: z_offset: 0.109
[INFO] [1775240087.458622131] [aic_model]: pfrac: 1.0 xy_error: 0.00074 0.00182   integrators: -0.0313 , 0.00771
[INFO] [1775240087.508720205] [aic_model]: z_offset: 0.1085
[INFO] [1775240087.509092522] [aic_model]: pfrac: 1.0 xy_error: 0.000781 0.00179   integrators: -0.0305 , 0.00951
[INFO] [1775240087.558661195] [aic_model]: z_offset: 0.108
[INFO] [1775240087.559039663] [aic_model]: pfrac: 1.0 xy_error: 0.000831 0.00175   integrators: -0.0297 , 0.0113
[INFO] [1775240087.608640207] [aic_model]: z_offset: 0.1075
[INFO] [1775240087.609011321] [aic_model]: pfrac: 1.0 xy_error: 0.000858 0.00168   integrators: -0.0288 , 0.0129
[INFO] [1775240087.658638664] [aic_model]: z_offset: 0.107
[INFO] [1775240087.659008586] [aic_model]: pfrac: 1.0 xy_error: 0.000865 0.00158   integrators: -0.028 , 0.0145
[INFO] [1775240087.708627374] [aic_model]: z_offset: 0.1065
[INFO] [1775240087.709008857] [aic_model]: pfrac: 1.0 xy_error: 0.000854 0.00142   integrators: -0.0271 , 0.0159
[INFO] [1775240087.758776443] [aic_model]: z_offset: 0.106
[INFO] [1775240087.759268563] [aic_model]: pfrac: 1.0 xy_error: 0.000848 0.00122   integrators: -0.0263 , 0.0171
[INFO] [1775240087.808632374] [aic_model]: z_offset: 0.1055
[INFO] [1775240087.809011884] [aic_model]: pfrac: 1.0 xy_error: 0.000826 0.000969   integrators: -0.0254 , 0.0181
[INFO] [1775240087.858616385] [aic_model]: z_offset: 0.105
[INFO] [1775240087.858986467] [aic_model]: pfrac: 1.0 xy_error: 0.000779 0.000727   integrators: -0.0247 , 0.0188
[INFO] [1775240087.908619391] [aic_model]: z_offset: 0.1045
[INFO] [1775240087.909047792] [aic_model]: pfrac: 1.0 xy_error: 0.000745 0.000491   integrators: -0.0239 , 0.0193
[INFO] [1775240087.958668092] [aic_model]: z_offset: 0.104
[INFO] [1775240087.959080744] [aic_model]: pfrac: 1.0 xy_error: 0.000707 0.000252   integrators: -0.0232 , 0.0196
[INFO] [1775240088.008651612] [aic_model]: z_offset: 0.1035
[INFO] [1775240088.009052361] [aic_model]: pfrac: 1.0 xy_error: 0.000666 1.95e-05   integrators: -0.0225 , 0.0196
[INFO] [1775240088.058647505] [aic_model]: z_offset: 0.103
[INFO] [1775240088.059072199] [aic_model]: pfrac: 1.0 xy_error: 0.000601 -0.000209   integrators: -0.0219 , 0.0194
[INFO] [1775240088.108648597] [aic_model]: z_offset: 0.1025
[INFO] [1775240088.109023799] [aic_model]: pfrac: 1.0 xy_error: 0.000539 -0.00042   integrators: -0.0214 , 0.019
[INFO] [1775240088.158605788] [aic_model]: z_offset: 0.102
[INFO] [1775240088.158992220] [aic_model]: pfrac: 1.0 xy_error: 0.00046 -0.000615   integrators: -0.0209 , 0.0184
[INFO] [1775240088.208639531] [aic_model]: z_offset: 0.1015
[INFO] [1775240088.209023349] [aic_model]: pfrac: 1.0 xy_error: 0.000388 -0.000824   integrators: -0.0206 , 0.0175
[INFO] [1775240088.258719632] [aic_model]: z_offset: 0.101
[INFO] [1775240088.259180844] [aic_model]: pfrac: 1.0 xy_error: 0.000334 -0.000985   integrators: -0.0202 , 0.0165
[INFO] [1775240088.308634783] [aic_model]: z_offset: 0.1005
[INFO] [1775240088.309015946] [aic_model]: pfrac: 1.0 xy_error: 0.000295 -0.00114   integrators: -0.0199 , 0.0154
[INFO] [1775240088.358707750] [aic_model]: z_offset: 0.1
[INFO] [1775240088.359097670] [aic_model]: pfrac: 1.0 xy_error: 0.000249 -0.00126   integrators: -0.0197 , 0.0142
[INFO] [1775240088.394921475] [aic_model]: insert_cable execute loop
[INFO] [1775240088.408611611] [aic_model]: z_offset: 0.0995
[INFO] [1775240088.409001921] [aic_model]: pfrac: 1.0 xy_error: 0.000178 -0.00136   integrators: -0.0195 , 0.0128
[INFO] [1775240088.458665021] [aic_model]: z_offset: 0.099
[INFO] [1775240088.459057255] [aic_model]: pfrac: 1.0 xy_error: 9.71e-05 -0.00147   integrators: -0.0194 , 0.0113
[INFO] [1775240088.508624145] [aic_model]: z_offset: 0.0985
[INFO] [1775240088.509000459] [aic_model]: pfrac: 1.0 xy_error: 1.83e-05 -0.00155   integrators: -0.0194 , 0.00976
[INFO] [1775240088.558641468] [aic_model]: z_offset: 0.098
[INFO] [1775240088.559006601] [aic_model]: pfrac: 1.0 xy_error: -5.41e-05 -0.00161   integrators: -0.0194 , 0.00815
[INFO] [1775240088.608605121] [aic_model]: z_offset: 0.0975
[INFO] [1775240088.608975423] [aic_model]: pfrac: 1.0 xy_error: -0.000132 -0.00165   integrators: -0.0196 , 0.0065
[INFO] [1775240088.658629777] [aic_model]: z_offset: 0.097
[INFO] [1775240088.659000431] [aic_model]: pfrac: 1.0 xy_error: -0.000202 -0.00169   integrators: -0.0198 , 0.0048
[INFO] [1775240088.708621042] [aic_model]: z_offset: 0.0965
[INFO] [1775240088.708995402] [aic_model]: pfrac: 1.0 xy_error: -0.000286 -0.00172   integrators: -0.0201 , 0.00308
[INFO] [1775240088.758643133] [aic_model]: z_offset: 0.096
[INFO] [1775240088.759019057] [aic_model]: pfrac: 1.0 xy_error: -0.000373 -0.00172   integrators: -0.0204 , 0.00136
[INFO] [1775240088.808625501] [aic_model]: z_offset: 0.0955
[INFO] [1775240088.808988460] [aic_model]: pfrac: 1.0 xy_error: -0.000425 -0.0017   integrators: -0.0209 , -0.000333
[INFO] [1775240088.858746929] [aic_model]: z_offset: 0.095
[INFO] [1775240088.859230393] [aic_model]: pfrac: 1.0 xy_error: -0.000456 -0.00166   integrators: -0.0213 , -0.00199
[INFO] [1775240088.908630211] [aic_model]: z_offset: 0.0945
[INFO] [1775240088.908989352] [aic_model]: pfrac: 1.0 xy_error: -0.000495 -0.00158   integrators: -0.0218 , -0.00357
[INFO] [1775240088.958625613] [aic_model]: z_offset: 0.094
[INFO] [1775240088.959017325] [aic_model]: pfrac: 1.0 xy_error: -0.000505 -0.00148   integrators: -0.0223 , -0.00505
[INFO] [1775240089.008624381] [aic_model]: z_offset: 0.0935
[INFO] [1775240089.009005995] [aic_model]: pfrac: 1.0 xy_error: -0.000508 -0.00136   integrators: -0.0228 , -0.00641
[INFO] [1775240089.058650851] [aic_model]: z_offset: 0.093
[INFO] [1775240089.059045739] [aic_model]: pfrac: 1.0 xy_error: -0.00053 -0.00124   integrators: -0.0234 , -0.00765
[INFO] [1775240089.108705293] [aic_model]: z_offset: 0.0925
[INFO] [1775240089.109196051] [aic_model]: pfrac: 1.0 xy_error: -0.00052 -0.00109   integrators: -0.0239 , -0.00874
[INFO] [1775240089.158621116] [aic_model]: z_offset: 0.092
[INFO] [1775240089.159045279] [aic_model]: pfrac: 1.0 xy_error: -0.000464 -0.000935   integrators: -0.0243 , -0.00968
[INFO] [1775240089.208660520] [aic_model]: z_offset: 0.0915
[INFO] [1775240089.209034370] [aic_model]: pfrac: 1.0 xy_error: -0.000438 -0.000784   integrators: -0.0248 , -0.0105
[INFO] [1775240089.258639602] [aic_model]: z_offset: 0.091
[INFO] [1775240089.259033959] [aic_model]: pfrac: 1.0 xy_error: -0.000426 -0.000642   integrators: -0.0252 , -0.0111
[INFO] [1775240089.308638861] [aic_model]: z_offset: 0.0905
[INFO] [1775240089.309003172] [aic_model]: pfrac: 1.0 xy_error: -0.000408 -0.000509   integrators: -0.0256 , -0.0116
[INFO] [1775240089.358624114] [aic_model]: z_offset: 0.09
[INFO] [1775240089.358995719] [aic_model]: pfrac: 1.0 xy_error: -0.000387 -0.000367   integrators: -0.026 , -0.012
[INFO] [1775240089.394884365] [aic_model]: insert_cable execute loop
[INFO] [1775240089.408575784] [aic_model]: z_offset: 0.0895
[INFO] [1775240089.408916491] [aic_model]: pfrac: 1.0 xy_error: -0.000357 -0.00023   integrators: -0.0264 , -0.0122
[INFO] [1775240089.458633703] [aic_model]: z_offset: 0.089
[INFO] [1775240089.459073205] [aic_model]: pfrac: 1.0 xy_error: -0.000306 -8.43e-05   integrators: -0.0267 , -0.0123
[INFO] [1775240089.508608977] [aic_model]: z_offset: 0.0885
[INFO] [1775240089.509000259] [aic_model]: pfrac: 1.0 xy_error: -0.000247 4.86e-05   integrators: -0.0269 , -0.0122
[INFO] [1775240089.558622743] [aic_model]: z_offset: 0.088
[INFO] [1775240089.559017121] [aic_model]: pfrac: 1.0 xy_error: -0.000199 0.000186   integrators: -0.0271 , -0.0121
[INFO] [1775240089.610032320] [aic_model]: z_offset: 0.0875
[INFO] [1775240089.610658932] [aic_model]: pfrac: 1.0 xy_error: -0.000133 0.00034   integrators: -0.0272 , -0.0117
[INFO] [1775240089.660622094] [aic_model]: z_offset: 0.087
[INFO] [1775240089.660995973] [aic_model]: pfrac: 1.0 xy_error: -9.65e-05 0.00047   integrators: -0.0273 , -0.0113
[INFO] [1775240089.710617576] [aic_model]: z_offset: 0.0865
[INFO] [1775240089.711049073] [aic_model]: pfrac: 1.0 xy_error: -4.1e-05 0.000597   integrators: -0.0274 , -0.0107
[INFO] [1775240089.760659655] [aic_model]: z_offset: 0.086
[INFO] [1775240089.761060344] [aic_model]: pfrac: 1.0 xy_error: 3.72e-05 0.000658   integrators: -0.0273 , -0.01
[INFO] [1775240089.810653544] [aic_model]: z_offset: 0.0855
[INFO] [1775240089.811173076] [aic_model]: pfrac: 1.0 xy_error: 0.000127 0.0007   integrators: -0.0272 , -0.0093
[INFO] [1775240089.860622176] [aic_model]: z_offset: 0.085
[INFO] [1775240089.861010683] [aic_model]: pfrac: 1.0 xy_error: 0.000228 0.000733   integrators: -0.027 , -0.00856
[INFO] [1775240089.910704300] [aic_model]: z_offset: 0.0845
[INFO] [1775240089.911096383] [aic_model]: pfrac: 1.0 xy_error: 0.000326 0.000742   integrators: -0.0267 , -0.00782
[INFO] [1775240089.960647414] [aic_model]: z_offset: 0.084
[INFO] [1775240089.961036372] [aic_model]: pfrac: 1.0 xy_error: 0.000406 0.000735   integrators: -0.0262 , -0.00709
[INFO] [1775240090.010587382] [aic_model]: z_offset: 0.0835
[INFO] [1775240090.010977051] [aic_model]: pfrac: 1.0 xy_error: 0.000479 0.000728   integrators: -0.0258 , -0.00636
[INFO] [1775240090.060614744] [aic_model]: z_offset: 0.083
[INFO] [1775240090.061014301] [aic_model]: pfrac: 1.0 xy_error: 0.000562 0.000718   integrators: -0.0252 , -0.00564
[INFO] [1775240090.110631746] [aic_model]: z_offset: 0.0825
[INFO] [1775240090.111779954] [aic_model]: pfrac: 1.0 xy_error: 0.000673 0.000695   integrators: -0.0245 , -0.00494
[INFO] [1775240090.160648999] [aic_model]: z_offset: 0.082
[INFO] [1775240090.161037416] [aic_model]: pfrac: 1.0 xy_error: 0.00074 0.000655   integrators: -0.0238 , -0.00429
[INFO] [1775240090.210645022] [aic_model]: z_offset: 0.0815
[INFO] [1775240090.211063886] [aic_model]: pfrac: 1.0 xy_error: 0.000772 0.000602   integrators: -0.023 , -0.00369
[INFO] [1775240090.260709363] [aic_model]: z_offset: 0.081
[INFO] [1775240090.261155137] [aic_model]: pfrac: 1.0 xy_error: 0.000804 0.000538   integrators: -0.0222 , -0.00315
[INFO] [1775240090.310615859] [aic_model]: z_offset: 0.0805
[INFO] [1775240090.310987083] [aic_model]: pfrac: 1.0 xy_error: 0.000818 0.000465   integrators: -0.0214 , -0.00268
[INFO] [1775240090.360634544] [aic_model]: z_offset: 0.08
[INFO] [1775240090.361026367] [aic_model]: pfrac: 1.0 xy_error: 0.000841 0.000414   integrators: -0.0206 , -0.00227
[INFO] [1775240090.394903341] [aic_model]: insert_cable execute loop
[INFO] [1775240090.410571817] [aic_model]: z_offset: 0.0795
[INFO] [1775240090.410936309] [aic_model]: pfrac: 1.0 xy_error: 0.000859 0.000358   integrators: -0.0197 , -0.00191
[INFO] [1775240090.460606893] [aic_model]: z_offset: 0.079
[INFO] [1775240090.460982797] [aic_model]: pfrac: 1.0 xy_error: 0.000872 0.000332   integrators: -0.0188 , -0.00158
[INFO] [1775240090.510602225] [aic_model]: z_offset: 0.0785
[INFO] [1775240090.510976345] [aic_model]: pfrac: 1.0 xy_error: 0.000871 0.000296   integrators: -0.018 , -0.00128
[INFO] [1775240090.560651828] [aic_model]: z_offset: 0.078
[INFO] [1775240090.561015208] [aic_model]: pfrac: 1.0 xy_error: 0.000861 0.000245   integrators: -0.0171 , -0.00104
[INFO] [1775240090.610626782] [aic_model]: z_offset: 0.0775
[INFO] [1775240090.611030337] [aic_model]: pfrac: 1.0 xy_error: 0.000836 0.000198   integrators: -0.0163 , -0.000842
[INFO] [1775240090.660620310] [aic_model]: z_offset: 0.077
[INFO] [1775240090.661025639] [aic_model]: pfrac: 1.0 xy_error: 0.000803 0.000158   integrators: -0.0155 , -0.000683
[INFO] [1775240090.710599813] [aic_model]: z_offset: 0.0765
[INFO] [1775240090.710993379] [aic_model]: pfrac: 1.0 xy_error: 0.00075 0.000111   integrators: -0.0147 , -0.000572
[INFO] [1775240090.760651229] [aic_model]: z_offset: 0.076
[INFO] [1775240090.761031300] [aic_model]: pfrac: 1.0 xy_error: 0.00069 5.82e-05   integrators: -0.014 , -0.000514
[INFO] [1775240090.810634990] [aic_model]: z_offset: 0.0755
[INFO] [1775240090.811036751] [aic_model]: pfrac: 1.0 xy_error: 0.000606 2.15e-05   integrators: -0.0134 , -0.000493
[INFO] [1775240090.860678611] [aic_model]: z_offset: 0.075
[INFO] [1775240090.861092596] [aic_model]: pfrac: 1.0 xy_error: 0.000517 -1.1e-05   integrators: -0.0129 , -0.000504
[INFO] [1775240090.910605806] [aic_model]: z_offset: 0.0745
[INFO] [1775240090.910997869] [aic_model]: pfrac: 1.0 xy_error: 0.000432 -4.62e-05   integrators: -0.0125 , -0.00055
[INFO] [1775240090.960647074] [aic_model]: z_offset: 0.074
[INFO] [1775240090.961685806] [aic_model]: pfrac: 1.0 xy_error: 0.000353 -6.52e-05   integrators: -0.0121 , -0.000615
[INFO] [1775240091.010641744] [aic_model]: z_offset: 0.0735
[INFO] [1775240091.011028397] [aic_model]: pfrac: 1.0 xy_error: 0.000267 -9.49e-05   integrators: -0.0118 , -0.00071
[INFO] [1775240091.060644450] [aic_model]: z_offset: 0.073
[INFO] [1775240091.061085424] [aic_model]: pfrac: 1.0 xy_error: 0.000202 -0.000107   integrators: -0.0116 , -0.000817
[INFO] [1775240091.110820850] [aic_model]: z_offset: 0.0725
[INFO] [1775240091.112131983] [aic_model]: pfrac: 1.0 xy_error: 0.000153 -0.000117   integrators: -0.0115 , -0.000934
[INFO] [1775240091.160634382] [aic_model]: z_offset: 0.072
[INFO] [1775240091.161002420] [aic_model]: pfrac: 1.0 xy_error: 8.58e-05 -0.000126   integrators: -0.0114 , -0.00106
[INFO] [1775240091.210587785] [aic_model]: z_offset: 0.0715
[INFO] [1775240091.210962286] [aic_model]: pfrac: 1.0 xy_error: 2.58e-05 -0.000132   integrators: -0.0114 , -0.00119
[INFO] [1775240091.260645504] [aic_model]: z_offset: 0.071
[INFO] [1775240091.261037898] [aic_model]: pfrac: 1.0 xy_error: -3.74e-05 -0.000129   integrators: -0.0114 , -0.00132
[INFO] [1775240091.310710917] [aic_model]: z_offset: 0.0705
[INFO] [1775240091.311111496] [aic_model]: pfrac: 1.0 xy_error: -0.000105 -0.000109   integrators: -0.0115 , -0.00143
[INFO] [1775240091.360687724] [aic_model]: z_offset: 0.07
[INFO] [1775240091.361101097] [aic_model]: pfrac: 1.0 xy_error: -0.000181 -9.49e-05   integrators: -0.0117 , -0.00153
[INFO] [1775240091.400824155] [aic_model]: insert_cable execute loop
[INFO] [1775240091.410560156] [aic_model]: z_offset: 0.0695
[INFO] [1775240091.410918977] [aic_model]: pfrac: 1.0 xy_error: -0.000247 -9.28e-05   integrators: -0.0119 , -0.00162
[INFO] [1775240091.460590603] [aic_model]: z_offset: 0.069
[INFO] [1775240091.461000820] [aic_model]: pfrac: 1.0 xy_error: -0.000287 -6.52e-05   integrators: -0.0122 , -0.00168
[INFO] [1775240091.510673158] [aic_model]: z_offset: 0.0685
[INFO] [1775240091.511065762] [aic_model]: pfrac: 1.0 xy_error: -0.000314 -4.23e-05   integrators: -0.0125 , -0.00173
[INFO] [1775240091.560609750] [aic_model]: z_offset: 0.068
[INFO] [1775240091.560978219] [aic_model]: pfrac: 1.0 xy_error: -0.000316 4.03e-06   integrators: -0.0129 , -0.00172
[INFO] [1775240091.610626492] [aic_model]: z_offset: 0.0675
[INFO] [1775240091.610988679] [aic_model]: pfrac: 1.0 xy_error: -0.000312 3.89e-05   integrators: -0.0132 , -0.00168
[INFO] [1775240091.660610222] [aic_model]: z_offset: 0.067
[INFO] [1775240091.661721691] [aic_model]: pfrac: 1.0 xy_error: -0.000304 6.51e-05   integrators: -0.0135 , -0.00162
[INFO] [1775240091.710658062] [aic_model]: z_offset: 0.0665
[INFO] [1775240091.711082345] [aic_model]: pfrac: 1.0 xy_error: -0.000297 0.000101   integrators: -0.0138 , -0.00152
[INFO] [1775240091.760610053] [aic_model]: z_offset: 0.066
[INFO] [1775240091.760990434] [aic_model]: pfrac: 1.0 xy_error: -0.000298 0.000118   integrators: -0.0141 , -0.0014
[INFO] [1775240091.810665557] [aic_model]: z_offset: 0.0655
[INFO] [1775240091.811056378] [aic_model]: pfrac: 1.0 xy_error: -0.000292 0.000158   integrators: -0.0144 , -0.00124
[INFO] [1775240091.860641292] [aic_model]: z_offset: 0.065
[INFO] [1775240091.861784350] [aic_model]: pfrac: 1.0 xy_error: -0.000267 0.000189   integrators: -0.0146 , -0.00105
[INFO] [1775240091.910581781] [aic_model]: z_offset: 0.0645
[INFO] [1775240091.910956442] [aic_model]: pfrac: 1.0 xy_error: -0.000242 0.000216   integrators: -0.0149 , -0.000836
[INFO] [1775240091.960609714] [aic_model]: z_offset: 0.064
[INFO] [1775240091.961010393] [aic_model]: pfrac: 1.0 xy_error: -0.00024 0.000229   integrators: -0.0151 , -0.000607
[INFO] [1775240092.010621376] [aic_model]: z_offset: 0.0635
[INFO] [1775240092.011033798] [aic_model]: pfrac: 1.0 xy_error: -0.00024 0.00023   integrators: -0.0154 , -0.000377
[INFO] [1775240092.061906691] [aic_model]: z_offset: 0.063
[INFO] [1775240092.062516502] [aic_model]: pfrac: 1.0 xy_error: -0.00023 0.000247   integrators: -0.0156 , -0.00013
[INFO] [1775240092.112710505] [aic_model]: z_offset: 0.0625
[INFO] [1775240092.113203407] [aic_model]: pfrac: 1.0 xy_error: -0.000208 0.000271   integrators: -0.0158 , 0.000141
[INFO] [1775240092.162667134] [aic_model]: z_offset: 0.062
[INFO] [1775240092.163051112] [aic_model]: pfrac: 1.0 xy_error: -0.000198 0.000264   integrators: -0.016 , 0.000405
[INFO] [1775240092.212617602] [aic_model]: z_offset: 0.0615
[INFO] [1775240092.212976433] [aic_model]: pfrac: 1.0 xy_error: -0.000166 0.000277   integrators: -0.0162 , 0.000682
[INFO] [1775240092.262641157] [aic_model]: z_offset: 0.061
[INFO] [1775240092.263050182] [aic_model]: pfrac: 1.0 xy_error: -0.000131 0.000282   integrators: -0.0163 , 0.000964
[INFO] [1775240092.312637060] [aic_model]: z_offset: 0.0605
[INFO] [1775240092.313029433] [aic_model]: pfrac: 1.0 xy_error: -0.0001 0.000284   integrators: -0.0164 , 0.00125
[INFO] [1775240092.362641959] [aic_model]: z_offset: 0.06
[INFO] [1775240092.363011851] [aic_model]: pfrac: 1.0 xy_error: -6.84e-05 0.000289   integrators: -0.0165 , 0.00154
[INFO] [1775240092.400828263] [aic_model]: insert_cable execute loop
[INFO] [1775240092.412557592] [aic_model]: z_offset: 0.0595
[INFO] [1775240092.412896536] [aic_model]: pfrac: 1.0 xy_error: -1.33e-05 0.00029   integrators: -0.0165 , 0.00183
[INFO] [1775240092.462621522] [aic_model]: z_offset: 0.059
[INFO] [1775240092.463009889] [aic_model]: pfrac: 1.0 xy_error: 4.81e-05 0.000294   integrators: -0.0164 , 0.00212
[INFO] [1775240092.512734434] [aic_model]: z_offset: 0.0585
[INFO] [1775240092.513217267] [aic_model]: pfrac: 1.0 xy_error: 0.000103 0.000294   integrators: -0.0163 , 0.00242
[INFO] [1775240092.562704909] [aic_model]: z_offset: 0.058
[INFO] [1775240092.563071545] [aic_model]: pfrac: 1.0 xy_error: 0.000147 0.000288   integrators: -0.0162 , 0.0027
[INFO] [1775240092.612629488] [aic_model]: z_offset: 0.0575
[INFO] [1775240092.612993650] [aic_model]: pfrac: 1.0 xy_error: 0.000212 0.000307   integrators: -0.016 , 0.00301
[INFO] [1775240092.662648284] [aic_model]: z_offset: 0.057
[INFO] [1775240092.663028896] [aic_model]: pfrac: 1.0 xy_error: 0.000258 0.000343   integrators: -0.0157 , 0.00335
[INFO] [1775240092.712623759] [aic_model]: z_offset: 0.0565
[INFO] [1775240092.712988371] [aic_model]: pfrac: 1.0 xy_error: 0.000299 0.000358   integrators: -0.0154 , 0.00371
[INFO] [1775240092.762725149] [aic_model]: z_offset: 0.056
[INFO] [1775240092.763131008] [aic_model]: pfrac: 1.0 xy_error: 0.000349 0.00037   integrators: -0.0151 , 0.00408
[INFO] [1775240092.812641814] [aic_model]: z_offset: 0.0555
[INFO] [1775240092.813014611] [aic_model]: pfrac: 1.0 xy_error: 0.00039 0.000368   integrators: -0.0147 , 0.00445
[INFO] [1775240092.862641794] [aic_model]: z_offset: 0.055
[INFO] [1775240092.863005825] [aic_model]: pfrac: 1.0 xy_error: 0.00043 0.000368   integrators: -0.0142 , 0.00482
[INFO] [1775240092.912607290] [aic_model]: z_offset: 0.0545
[INFO] [1775240092.912972273] [aic_model]: pfrac: 1.0 xy_error: 0.000448 0.000381   integrators: -0.0138 , 0.0052
[INFO] [1775240092.962632839] [aic_model]: z_offset: 0.054
[INFO] [1775240092.962986961] [aic_model]: pfrac: 1.0 xy_error: 0.000448 0.000365   integrators: -0.0133 , 0.00556
[INFO] [1775240093.012727256] [aic_model]: z_offset: 0.0535
[INFO] [1775240093.013089183] [aic_model]: pfrac: 1.0 xy_error: 0.000443 0.000368   integrators: -0.0129 , 0.00593
[INFO] [1775240093.062748606] [aic_model]: z_offset: 0.053
[INFO] [1775240093.063119430] [aic_model]: pfrac: 1.0 xy_error: 0.000453 0.00038   integrators: -0.0124 , 0.00631
[INFO] [1775240093.112679998] [aic_model]: z_offset: 0.0525
[INFO] [1775240093.113065399] [aic_model]: pfrac: 1.0 xy_error: 0.000444 0.000392   integrators: -0.012 , 0.0067
[INFO] [1775240093.162618333] [aic_model]: z_offset: 0.052
[INFO] [1775240093.162970723] [aic_model]: pfrac: 1.0 xy_error: 0.000431 0.0004   integrators: -0.0116 , 0.0071
[INFO] [1775240093.212626279] [aic_model]: z_offset: 0.0515
[INFO] [1775240093.212990169] [aic_model]: pfrac: 1.0 xy_error: 0.000414 0.000412   integrators: -0.0112 , 0.00752
[INFO] [1775240093.262624075] [aic_model]: z_offset: 0.051
[INFO] [1775240093.262983818] [aic_model]: pfrac: 1.0 xy_error: 0.000378 0.000397   integrators: -0.0108 , 0.00791
[INFO] [1775240093.312974090] [aic_model]: z_offset: 0.0505
[INFO] [1775240093.314171891] [aic_model]: pfrac: 1.0 xy_error: 0.000326 0.000375   integrators: -0.0104 , 0.00829
[INFO] [1775240093.362731107] [aic_model]: z_offset: 0.05
[INFO] [1775240093.363095899] [aic_model]: pfrac: 1.0 xy_error: 0.00029 0.000361   integrators: -0.0102 , 0.00865
[INFO] [1775240093.400860534] [aic_model]: insert_cable execute loop
[INFO] [1775240093.412554016] [aic_model]: z_offset: 0.0495
[INFO] [1775240093.412896947] [aic_model]: pfrac: 1.0 xy_error: 0.00026 0.000333   integrators: -0.0099 , 0.00898
[INFO] [1775240093.462615381] [aic_model]: z_offset: 0.049
[INFO] [1775240093.462979222] [aic_model]: pfrac: 1.0 xy_error: 0.000238 0.000313   integrators: -0.00966 , 0.00929
[INFO] [1775240093.512621864] [aic_model]: z_offset: 0.0485
[INFO] [1775240093.512984642] [aic_model]: pfrac: 1.0 xy_error: 0.000204 0.00029   integrators: -0.00946 , 0.00958
[INFO] [1775240093.562605554] [aic_model]: z_offset: 0.048
[INFO] [1775240093.562969214] [aic_model]: pfrac: 1.0 xy_error: 0.000191 0.000267   integrators: -0.00927 , 0.00985
[INFO] [1775240093.612725248] [aic_model]: z_offset: 0.0475
[INFO] [1775240093.613225965] [aic_model]: pfrac: 1.0 xy_error: 0.000166 0.000256   integrators: -0.0091 , 0.0101
[INFO] [1775240093.662665176] [aic_model]: z_offset: 0.047
[INFO] [1775240093.663024158] [aic_model]: pfrac: 1.0 xy_error: 0.000142 0.000251   integrators: -0.00896 , 0.0104
[INFO] [1775240093.714080294] [aic_model]: z_offset: 0.0465
[INFO] [1775240093.714752230] [aic_model]: pfrac: 1.0 xy_error: 0.000106 0.000229   integrators: -0.00885 , 0.0106
[INFO] [1775240093.764631595] [aic_model]: z_offset: 0.046
[INFO] [1775240093.764997850] [aic_model]: pfrac: 1.0 xy_error: 8.23e-05 0.000213   integrators: -0.00877 , 0.0108
[INFO] [1775240093.814614765] [aic_model]: z_offset: 0.0455
[INFO] [1775240093.814987031] [aic_model]: pfrac: 1.0 xy_error: 6.12e-05 0.00021   integrators: -0.00871 , 0.011
[INFO] [1775240093.864607942] [aic_model]: z_offset: 0.045
[INFO] [1775240093.864968176] [aic_model]: pfrac: 1.0 xy_error: 3.42e-05 0.000195   integrators: -0.00867 , 0.0112
[INFO] [1775240093.914631387] [aic_model]: z_offset: 0.0445
[INFO] [1775240093.915003192] [aic_model]: pfrac: 1.0 xy_error: -5.56e-06 0.000192   integrators: -0.00868 , 0.0114
[INFO] [1775240093.964629063] [aic_model]: z_offset: 0.044
[INFO] [1775240093.964985550] [aic_model]: pfrac: 1.0 xy_error: -2.99e-05 0.000174   integrators: -0.00871 , 0.0116
[INFO] [1775240094.014618954] [aic_model]: z_offset: 0.0435
[INFO] [1775240094.014986672] [aic_model]: pfrac: 1.0 xy_error: -5.86e-05 0.000167   integrators: -0.00877 , 0.0117
[INFO] [1775240094.064622672] [aic_model]: z_offset: 0.043
[INFO] [1775240094.064993325] [aic_model]: pfrac: 1.0 xy_error: -0.000108 0.000143   integrators: -0.00888 , 0.0119
[INFO] [1775240094.114609127] [aic_model]: z_offset: 0.0425
[INFO] [1775240094.114977877] [aic_model]: pfrac: 1.0 xy_error: -0.000149 0.000124   integrators: -0.00903 , 0.012
[INFO] [1775240094.164609709] [aic_model]: z_offset: 0.042
[INFO] [1775240094.164972848] [aic_model]: pfrac: 1.0 xy_error: -0.000176 9.99e-05   integrators: -0.0092 , 0.0121
[INFO] [1775240094.214612785] [aic_model]: z_offset: 0.0415
[INFO] [1775240094.214998717] [aic_model]: pfrac: 1.0 xy_error: -0.000192 9.3e-05   integrators: -0.00939 , 0.0122
[INFO] [1775240094.264618076] [aic_model]: z_offset: 0.041
[INFO] [1775240094.265003657] [aic_model]: pfrac: 1.0 xy_error: -0.000192 9.34e-05   integrators: -0.00959 , 0.0123
[INFO] [1775240094.314655386] [aic_model]: z_offset: 0.0405
[INFO] [1775240094.315032221] [aic_model]: pfrac: 1.0 xy_error: -0.000191 9.42e-05   integrators: -0.00978 , 0.0124
[INFO] [1775240094.364628526] [aic_model]: z_offset: 0.04
[INFO] [1775240094.364990193] [aic_model]: pfrac: 1.0 xy_error: -0.00019 9.54e-05   integrators: -0.00997 , 0.0125
[INFO] [1775240094.400883007] [aic_model]: insert_cable execute loop
[INFO] [1775240094.414571450] [aic_model]: z_offset: 0.0395
[INFO] [1775240094.414930341] [aic_model]: pfrac: 1.0 xy_error: -0.000188 9.67e-05   integrators: -0.0102 , 0.0126
[INFO] [1775240094.464628758] [aic_model]: z_offset: 0.039
[INFO] [1775240094.465079801] [aic_model]: pfrac: 1.0 xy_error: -0.000187 9.81e-05   integrators: -0.0103 , 0.0127
[INFO] [1775240094.514628528] [aic_model]: z_offset: 0.0385
[INFO] [1775240094.515004291] [aic_model]: pfrac: 1.0 xy_error: -0.000185 0.0001   integrators: -0.0105 , 0.0128
[INFO] [1775240094.564648526] [aic_model]: z_offset: 0.038
[INFO] [1775240094.565012296] [aic_model]: pfrac: 1.0 xy_error: -0.000183 0.000102   integrators: -0.0107 , 0.0129
[INFO] [1775240094.614607720] [aic_model]: z_offset: 0.0375
[INFO] [1775240094.615001957] [aic_model]: pfrac: 1.0 xy_error: -0.000181 0.000104   integrators: -0.0109 , 0.013
[INFO] [1775240094.664637256] [aic_model]: z_offset: 0.037
[INFO] [1775240094.665123064] [aic_model]: pfrac: 1.0 xy_error: -0.000179 0.000106   integrators: -0.0111 , 0.0131
[INFO] [1775240094.714618441] [aic_model]: z_offset: 0.0365
[INFO] [1775240094.714993973] [aic_model]: pfrac: 1.0 xy_error: -0.000177 0.000108   integrators: -0.0112 , 0.0132
[INFO] [1775240094.764716725] [aic_model]: z_offset: 0.036
[INFO] [1775240094.765206932] [aic_model]: pfrac: 1.0 xy_error: -0.000174 0.000111   integrators: -0.0114 , 0.0133
[INFO] [1775240094.816508207] [aic_model]: z_offset: 0.0355
[INFO] [1775240094.816886244] [aic_model]: pfrac: 1.0 xy_error: -0.000173 0.000113   integrators: -0.0116 , 0.0134
[INFO] [1775240094.866650093] [aic_model]: z_offset: 0.035
[INFO] [1775240094.867026447] [aic_model]: pfrac: 1.0 xy_error: -0.000173 0.000114   integrators: -0.0118 , 0.0135
[INFO] [1775240094.916630487] [aic_model]: z_offset: 0.0345
[INFO] [1775240094.917004907] [aic_model]: pfrac: 1.0 xy_error: -0.000172 0.000115   integrators: -0.0119 , 0.0137
[INFO] [1775240094.966666995] [aic_model]: z_offset: 0.034
[INFO] [1775240094.967034302] [aic_model]: pfrac: 1.0 xy_error: -0.000171 0.000117   integrators: -0.0121 , 0.0138
[INFO] [1775240095.016629015] [aic_model]: z_offset: 0.0335
[INFO] [1775240095.016991493] [aic_model]: pfrac: 1.0 xy_error: -0.00017 0.000119   integrators: -0.0123 , 0.0139
[INFO] [1775240095.066652640] [aic_model]: z_offset: 0.033
[INFO] [1775240095.067036928] [aic_model]: pfrac: 1.0 xy_error: -0.000169 0.00012   integrators: -0.0124 , 0.014
[INFO] [1775240095.116658681] [aic_model]: z_offset: 0.0325
[INFO] [1775240095.117083897] [aic_model]: pfrac: 1.0 xy_error: -0.000169 0.000121   integrators: -0.0126 , 0.0141
[INFO] [1775240095.166723714] [aic_model]: z_offset: 0.032
[INFO] [1775240095.167136366] [aic_model]: pfrac: 1.0 xy_error: -0.000168 0.000123   integrators: -0.0128 , 0.0143
[INFO] [1775240095.216764170] [aic_model]: z_offset: 0.0315
[INFO] [1775240095.217149360] [aic_model]: pfrac: 1.0 xy_error: -0.000167 0.000124   integrators: -0.013 , 0.0144
[INFO] [1775240095.266703006] [aic_model]: z_offset: 0.031
[INFO] [1775240095.267212449] [aic_model]: pfrac: 1.0 xy_error: -0.000166 0.000126   integrators: -0.0131 , 0.0145
[INFO] [1775240095.316628938] [aic_model]: z_offset: 0.0305
[INFO] [1775240095.316996976] [aic_model]: pfrac: 1.0 xy_error: -0.000165 0.000128   integrators: -0.0133 , 0.0146
[INFO] [1775240095.366611666] [aic_model]: z_offset: 0.03
[INFO] [1775240095.366982971] [aic_model]: pfrac: 1.0 xy_error: -0.000164 0.00013   integrators: -0.0134 , 0.0148
[INFO] [1775240095.400860947] [aic_model]: insert_cable execute loop
[INFO] [1775240095.416671308] [aic_model]: z_offset: 0.0295
[INFO] [1775240095.417151526] [aic_model]: pfrac: 1.0 xy_error: -0.000163 0.000132   integrators: -0.0136 , 0.0149
[INFO] [1775240095.466643497] [aic_model]: z_offset: 0.029
[INFO] [1775240095.467005103] [aic_model]: pfrac: 1.0 xy_error: -0.000161 0.000134   integrators: -0.0138 , 0.015
[INFO] [1775240095.516630453] [aic_model]: z_offset: 0.0285
[INFO] [1775240095.516985798] [aic_model]: pfrac: 1.0 xy_error: -0.000161 0.000136   integrators: -0.0139 , 0.0152
[INFO] [1775240095.566611248] [aic_model]: z_offset: 0.028
[INFO] [1775240095.566977533] [aic_model]: pfrac: 1.0 xy_error: -0.000159 0.000138   integrators: -0.0141 , 0.0153
[INFO] [1775240095.616611569] [aic_model]: z_offset: 0.0275
[INFO] [1775240095.616997861] [aic_model]: pfrac: 1.0 xy_error: -0.000159 0.00014   integrators: -0.0143 , 0.0154
[INFO] [1775240095.666656283] [aic_model]: z_offset: 0.027
[INFO] [1775240095.667027036] [aic_model]: pfrac: 1.0 xy_error: -0.000158 0.000142   integrators: -0.0144 , 0.0156
[INFO] [1775240095.716651144] [aic_model]: z_offset: 0.0265
[INFO] [1775240095.717041965] [aic_model]: pfrac: 1.0 xy_error: -0.000156 0.000144   integrators: -0.0146 , 0.0157
[INFO] [1775240095.766625106] [aic_model]: z_offset: 0.026
[INFO] [1775240095.766999686] [aic_model]: pfrac: 1.0 xy_error: -0.000155 0.000147   integrators: -0.0147 , 0.0159
[INFO] [1775240095.816686191] [aic_model]: z_offset: 0.0255
[INFO] [1775240095.817058908] [aic_model]: pfrac: 1.0 xy_error: -0.000154 0.000149   integrators: -0.0149 , 0.016
[INFO] [1775240095.866851340] [aic_model]: z_offset: 0.025
[INFO] [1775240095.867367686] [aic_model]: pfrac: 1.0 xy_error: -0.000153 0.00015   integrators: -0.015 , 0.0162
[INFO] [1775240095.916637991] [aic_model]: z_offset: 0.0245
[INFO] [1775240095.917009967] [aic_model]: pfrac: 1.0 xy_error: -0.000152 0.000153   integrators: -0.0152 , 0.0163
[INFO] [1775240095.966701581] [aic_model]: z_offset: 0.024
[INFO] [1775240095.967100677] [aic_model]: pfrac: 1.0 xy_error: -0.000151 0.000154   integrators: -0.0153 , 0.0165
[INFO] [1775240096.016691803] [aic_model]: z_offset: 0.0235
[INFO] [1775240096.017088776] [aic_model]: pfrac: 1.0 xy_error: -0.000151 0.000156   integrators: -0.0155 , 0.0166
[INFO] [1775240096.066630940] [aic_model]: z_offset: 0.023
[INFO] [1775240096.066997966] [aic_model]: pfrac: 1.0 xy_error: -0.00015 0.000157   integrators: -0.0156 , 0.0168
[INFO] [1775240096.116663561] [aic_model]: z_offset: 0.0225
[INFO] [1775240096.117027352] [aic_model]: pfrac: 1.0 xy_error: -0.000148 0.00016   integrators: -0.0158 , 0.017
[INFO] [1775240096.166601015] [aic_model]: z_offset: 0.022
[INFO] [1775240096.166955208] [aic_model]: pfrac: 1.0 xy_error: -0.000147 0.000162   integrators: -0.0159 , 0.0171
[INFO] [1775240096.216753892] [aic_model]: z_offset: 0.0215
[INFO] [1775240096.217137609] [aic_model]: pfrac: 1.0 xy_error: -0.000146 0.000164   integrators: -0.0161 , 0.0173
[INFO] [1775240096.266619050] [aic_model]: z_offset: 0.021
[INFO] [1775240096.266982971] [aic_model]: pfrac: 1.0 xy_error: -0.000145 0.000167   integrators: -0.0162 , 0.0174
[INFO] [1775240096.316647574] [aic_model]: z_offset: 0.0205
[INFO] [1775240096.317019760] [aic_model]: pfrac: 1.0 xy_error: -0.000144 0.000169   integrators: -0.0164 , 0.0176
[INFO] [1775240096.366685305] [aic_model]: z_offset: 0.02
[INFO] [1775240096.367051590] [aic_model]: pfrac: 1.0 xy_error: -0.000143 0.000171   integrators: -0.0165 , 0.0178
[INFO] [1775240096.400891605] [aic_model]: insert_cable execute loop
[INFO] [1775240096.416610596] [aic_model]: z_offset: 0.0195
[INFO] [1775240096.416955741] [aic_model]: pfrac: 1.0 xy_error: -0.000141 0.000173   integrators: -0.0166 , 0.018
[INFO] [1775240096.466660069] [aic_model]: z_offset: 0.019
[INFO] [1775240096.467019711] [aic_model]: pfrac: 1.0 xy_error: -0.00014 0.000176   integrators: -0.0168 , 0.0181
[INFO] [1775240096.516732785] [aic_model]: z_offset: 0.0185
[INFO] [1775240096.517100193] [aic_model]: pfrac: 1.0 xy_error: -0.000139 0.000178   integrators: -0.0169 , 0.0183
[INFO] [1775240096.566640393] [aic_model]: z_offset: 0.018
[INFO] [1775240096.567000457] [aic_model]: pfrac: 1.0 xy_error: -0.000138 0.000181   integrators: -0.0171 , 0.0185
[INFO] [1775240096.616708170] [aic_model]: z_offset: 0.0175
[INFO] [1775240096.617078383] [aic_model]: pfrac: 1.0 xy_error: -0.000136 0.000183   integrators: -0.0172 , 0.0187
[INFO] [1775240096.666627510] [aic_model]: z_offset: 0.017
[INFO] [1775240096.666983185] [aic_model]: pfrac: 1.0 xy_error: -0.000135 0.000186   integrators: -0.0173 , 0.0189
[INFO] [1775240096.716724833] [aic_model]: z_offset: 0.0165
[INFO] [1775240096.717226200] [aic_model]: pfrac: 1.0 xy_error: -0.000133 0.000188   integrators: -0.0175 , 0.019
[INFO] [1775240096.766636618] [aic_model]: z_offset: 0.016
[INFO] [1775240096.767013774] [aic_model]: pfrac: 1.0 xy_error: -0.000132 0.000191   integrators: -0.0176 , 0.0192
[INFO] [1775240096.816846191] [aic_model]: z_offset: 0.0155
[INFO] [1775240096.817350895] [aic_model]: pfrac: 1.0 xy_error: -0.000131 0.000193   integrators: -0.0177 , 0.0194
[INFO] [1775240096.866686082] [aic_model]: z_offset: 0.015
[INFO] [1775240096.867040224] [aic_model]: pfrac: 1.0 xy_error: -0.000129 0.000196   integrators: -0.0179 , 0.0196
[INFO] [1775240096.916645547] [aic_model]: z_offset: 0.0145
[INFO] [1775240096.917008315] [aic_model]: pfrac: 1.0 xy_error: -0.000128 0.000198   integrators: -0.018 , 0.0198
[INFO] [1775240096.966628786] [aic_model]: z_offset: 0.014
[INFO] [1775240096.966989170] [aic_model]: pfrac: 1.0 xy_error: -0.000126 0.000201   integrators: -0.0181 , 0.02
[INFO] [1775240097.016746316] [aic_model]: z_offset: 0.0135
[INFO] [1775240097.017112130] [aic_model]: pfrac: 1.0 xy_error: -0.000125 0.000204   integrators: -0.0182 , 0.0202
[INFO] [1775240097.066621914] [aic_model]: z_offset: 0.013
[INFO] [1775240097.066977279] [aic_model]: pfrac: 1.0 xy_error: -0.000123 0.000207   integrators: -0.0184 , 0.0204
[INFO] [1775240097.116626293] [aic_model]: z_offset: 0.0125
[INFO] [1775240097.116996996] [aic_model]: pfrac: 1.0 xy_error: -0.000122 0.00021   integrators: -0.0185 , 0.0206
[INFO] [1775240097.166618459] [aic_model]: z_offset: 0.012
[INFO] [1775240097.166987960] [aic_model]: pfrac: 1.0 xy_error: -0.000121 0.000212   integrators: -0.0186 , 0.0209
[INFO] [1775240097.216774732] [aic_model]: z_offset: 0.0115
[INFO] [1775240097.217141828] [aic_model]: pfrac: 1.0 xy_error: -0.000119 0.000215   integrators: -0.0187 , 0.0211
[INFO] [1775240097.266825587] [aic_model]: z_offset: 0.011
[INFO] [1775240097.267202623] [aic_model]: pfrac: 1.0 xy_error: -0.000118 0.000219   integrators: -0.0188 , 0.0213
[INFO] [1775240097.316848761] [aic_model]: z_offset: 0.0105
[INFO] [1775240097.317219464] [aic_model]: pfrac: 1.0 xy_error: -0.000116 0.000222   integrators: -0.019 , 0.0215
[INFO] [1775240097.366634471] [aic_model]: z_offset: 0.01
[INFO] [1775240097.366994144] [aic_model]: pfrac: 1.0 xy_error: -0.000115 0.000225   integrators: -0.0191 , 0.0217
[INFO] [1775240097.400881397] [aic_model]: insert_cable execute loop
[INFO] [1775240097.416690677] [aic_model]: z_offset: 0.0095
[INFO] [1775240097.417039148] [aic_model]: pfrac: 1.0 xy_error: -0.000114 0.000227   integrators: -0.0192 , 0.022
[INFO] [1775240097.466801765] [aic_model]: z_offset: 0.009
[INFO] [1775240097.467169182] [aic_model]: pfrac: 1.0 xy_error: -0.000113 0.000228   integrators: -0.0193 , 0.0222
[INFO] [1775240097.516652446] [aic_model]: z_offset: 0.0085
[INFO] [1775240097.517017088] [aic_model]: pfrac: 1.0 xy_error: -0.000111 0.000231   integrators: -0.0194 , 0.0224
[INFO] [1775240097.566621208] [aic_model]: z_offset: 0.008
[INFO] [1775240097.566988044] [aic_model]: pfrac: 1.0 xy_error: -0.000109 0.000234   integrators: -0.0195 , 0.0227
[INFO] [1775240097.617297564] [aic_model]: z_offset: 0.0075
[INFO] [1775240097.618743138] [aic_model]: pfrac: 1.0 xy_error: -0.000227 0.000249   integrators: -0.0197 , 0.0229
[INFO] [1775240097.675142668] [aic_model]: z_offset: 0.007
[INFO] [1775240097.675570388] [aic_model]: pfrac: 1.0 xy_error: -0.000387 0.000269   integrators: -0.0201 , 0.0232
[INFO] [1775240097.732207322] [aic_model]: z_offset: 0.0065
[INFO] [1775240097.732649920] [aic_model]: pfrac: 1.0 xy_error: -0.000422 0.000269   integrators: -0.0206 , 0.0234
[INFO] [1775240097.787515051] [aic_model]: z_offset: 0.006
[INFO] [1775240097.787990360] [aic_model]: pfrac: 1.0 xy_error: -0.000445 0.000272   integrators: -0.021 , 0.0237
[INFO] [1775240097.841376995] [aic_model]: z_offset: 0.0055
[INFO] [1775240097.841773767] [aic_model]: pfrac: 1.0 xy_error: -0.000456 0.000272   integrators: -0.0215 , 0.024
[INFO] [1775240097.893109035] [aic_model]: z_offset: 0.005
[INFO] [1775240097.893524482] [aic_model]: pfrac: 1.0 xy_error: -0.000465 0.000274   integrators: -0.0219 , 0.0243
[INFO] [1775240097.945101221] [aic_model]: z_offset: 0.0045
[INFO] [1775240097.945543198] [aic_model]: pfrac: 1.0 xy_error: -0.000472 0.000277   integrators: -0.0224 , 0.0245
[INFO] [1775240097.999192124] [aic_model]: z_offset: 0.004
[INFO] [1775240097.999606569] [aic_model]: pfrac: 1.0 xy_error: -0.000476 0.000282   integrators: -0.0229 , 0.0248
[INFO] [1775240098.054640816] [aic_model]: z_offset: 0.0035
[INFO] [1775240098.055017370] [aic_model]: pfrac: 1.0 xy_error: -0.00048 0.000287   integrators: -0.0233 , 0.0251
[INFO] [1775240098.110445002] [aic_model]: z_offset: 0.003
[INFO] [1775240098.110841344] [aic_model]: pfrac: 1.0 xy_error: -0.000483 0.000293   integrators: -0.0238 , 0.0254
[INFO] [1775240098.167218612] [aic_model]: z_offset: 0.0025
[INFO] [1775240098.167602260] [aic_model]: pfrac: 1.0 xy_error: -0.000486 0.0003   integrators: -0.0243 , 0.0257
[INFO] [1775240098.224671884] [aic_model]: z_offset: 0.002
[INFO] [1775240098.225099794] [aic_model]: pfrac: 1.0 xy_error: -0.000492 0.000311   integrators: -0.0248 , 0.026
[INFO] [1775240098.282185798] [aic_model]: z_offset: 0.0015
[INFO] [1775240098.282594743] [aic_model]: pfrac: 1.0 xy_error: -0.000495 0.00032   integrators: -0.0253 , 0.0263
[INFO] [1775240098.338946755] [aic_model]: z_offset: 0.001
[INFO] [1775240098.339448203] [aic_model]: pfrac: 1.0 xy_error: -0.000496 0.000329   integrators: -0.0258 , 0.0267
[INFO] [1775240098.394938793] [aic_model]: z_offset: 0.0005
[INFO] [1775240098.395302864] [aic_model]: pfrac: 1.0 xy_error: -0.000491 0.000333   integrators: -0.0263 , 0.027
[INFO] [1775240098.449043170] [aic_model]: z_offset: -1.6306e-16
[INFO] [1775240098.449594682] [aic_model]: pfrac: 1.0 xy_error: -0.000488 0.000336   integrators: -0.0268 , 0.0273
[INFO] [1775240098.482066638] [aic_model]: insert_cable execute loop
[INFO] [1775240098.504005913] [aic_model]: z_offset: -0.0005
[INFO] [1775240098.504418285] [aic_model]: pfrac: 1.0 xy_error: -0.000485 0.00034   integrators: -0.0273 , 0.0277
[INFO] [1775240098.559797927] [aic_model]: z_offset: -0.001
[INFO] [1775240098.560187095] [aic_model]: pfrac: 1.0 xy_error: -0.000484 0.000344   integrators: -0.0278 , 0.028
[INFO] [1775240098.616576777] [aic_model]: z_offset: -0.0015
[INFO] [1775240098.616969271] [aic_model]: pfrac: 1.0 xy_error: -0.000483 0.000349   integrators: -0.0282 , 0.0284
[INFO] [1775240098.670776683] [aic_model]: z_offset: -0.002
[INFO] [1775240098.671282309] [aic_model]: pfrac: 1.0 xy_error: -0.000483 0.000356   integrators: -0.0287 , 0.0287
[INFO] [1775240098.726418246] [aic_model]: z_offset: -0.0025
[INFO] [1775240098.726904024] [aic_model]: pfrac: 1.0 xy_error: -0.000483 0.000362   integrators: -0.0292 , 0.0291
[INFO] [1775240098.781289678] [aic_model]: z_offset: -0.003
[INFO] [1775240098.781719672] [aic_model]: pfrac: 1.0 xy_error: -0.000481 0.000367   integrators: -0.0297 , 0.0295
[INFO] [1775240098.836112449] [aic_model]: z_offset: -0.0035
[INFO] [1775240098.836531433] [aic_model]: pfrac: 1.0 xy_error: -0.000479 0.000371   integrators: -0.0302 , 0.0298
[INFO] [1775240098.889745805] [aic_model]: z_offset: -0.004
[INFO] [1775240098.890261500] [aic_model]: pfrac: 1.0 xy_error: -0.000478 0.000375   integrators: -0.0306 , 0.0302
[INFO] [1775240098.944819225] [aic_model]: z_offset: -0.0045
[INFO] [1775240098.945220816] [aic_model]: pfrac: 1.0 xy_error: -0.000477 0.000379   integrators: -0.0311 , 0.0306
[INFO] [1775240098.999432525] [aic_model]: z_offset: -0.005
[INFO] [1775240098.999868460] [aic_model]: pfrac: 1.0 xy_error: -0.000477 0.000384   integrators: -0.0316 , 0.031
[INFO] [1775240099.052917955] [aic_model]: z_offset: -0.0055
[INFO] [1775240099.053314386] [aic_model]: pfrac: 1.0 xy_error: -0.000475 0.000387   integrators: -0.0321 , 0.0314
[INFO] [1775240099.106046797] [aic_model]: z_offset: -0.006
[INFO] [1775240099.106456393] [aic_model]: pfrac: 1.0 xy_error: -0.000474 0.00039   integrators: -0.0325 , 0.0317
[INFO] [1775240099.162515828] [aic_model]: z_offset: -0.0065
[INFO] [1775240099.162918361] [aic_model]: pfrac: 1.0 xy_error: -0.000474 0.000389   integrators: -0.033 , 0.0321
[INFO] [1775240099.219496575] [aic_model]: z_offset: -0.007
[INFO] [1775240099.219929084] [aic_model]: pfrac: 1.0 xy_error: -0.000474 0.000389   integrators: -0.0335 , 0.0325
[INFO] [1775240099.276750604] [aic_model]: z_offset: -0.0075
[INFO] [1775240099.277167083] [aic_model]: pfrac: 1.0 xy_error: -0.000473 0.000386   integrators: -0.034 , 0.0329
[INFO] [1775240099.333329269] [aic_model]: z_offset: -0.008
[INFO] [1775240099.333728927] [aic_model]: pfrac: 1.0 xy_error: -0.000473 0.000383   integrators: -0.0344 , 0.0333
[INFO] [1775240099.390329273] [aic_model]: z_offset: -0.0085
[INFO] [1775240099.390743798] [aic_model]: pfrac: 1.0 xy_error: -0.000474 0.000381   integrators: -0.0349 , 0.0337
[INFO] [1775240099.448559587] [aic_model]: z_offset: -0.009
[INFO] [1775240099.449028735] [aic_model]: pfrac: 1.0 xy_error: -0.000475 0.00038   integrators: -0.0354 , 0.0341
[INFO] [1775240099.505645982] [aic_model]: z_offset: -0.0095
[INFO] [1775240099.506116703] [aic_model]: pfrac: 1.0 xy_error: -0.000477 0.000382   integrators: -0.0359 , 0.0344
[INFO] [1775240099.562890403] [aic_model]: z_offset: -0.01
[INFO] [1775240099.563377023] [aic_model]: pfrac: 1.0 xy_error: -0.000477 0.000382   integrators: -0.0363 , 0.0348
[INFO] [1775240099.597129153] [aic_model]: insert_cable execute loop
[INFO] [1775240099.618921925] [aic_model]: z_offset: -0.0105
[INFO] [1775240099.619357830] [aic_model]: pfrac: 1.0 xy_error: -0.000478 0.000382   integrators: -0.0368 , 0.0352
[INFO] [1775240099.674715331] [aic_model]: z_offset: -0.011
[INFO] [1775240099.675137852] [aic_model]: pfrac: 1.0 xy_error: -0.000478 0.000381   integrators: -0.0373 , 0.0356
[INFO] [1775240099.731155648] [aic_model]: z_offset: -0.0115
[INFO] [1775240099.731584390] [aic_model]: pfrac: 1.0 xy_error: -0.000478 0.00038   integrators: -0.0378 , 0.036
[INFO] [1775240099.787265086] [aic_model]: z_offset: -0.012
[INFO] [1775240099.787655646] [aic_model]: pfrac: 1.0 xy_error: -0.000478 0.000379   integrators: -0.0382 , 0.0363
[INFO] [1775240099.843547116] [aic_model]: z_offset: -0.0125
[INFO] [1775240099.843924542] [aic_model]: pfrac: 1.0 xy_error: -0.000478 0.000377   integrators: -0.0387 , 0.0367
[INFO] [1775240099.900143194] [aic_model]: z_offset: -0.013
[INFO] [1775240099.900518406] [aic_model]: pfrac: 1.0 xy_error: -0.000479 0.000378   integrators: -0.0392 , 0.0371
[INFO] [1775240099.957280194] [aic_model]: z_offset: -0.0135
[INFO] [1775240099.957804084] [aic_model]: pfrac: 1.0 xy_error: -0.000479 0.000378   integrators: -0.0397 , 0.0375
[INFO] [1775240100.013692729] [aic_model]: z_offset: -0.014
[INFO] [1775240100.014085984] [aic_model]: pfrac: 1.0 xy_error: -0.000479 0.000376   integrators: -0.0402 , 0.0378
[INFO] [1775240100.070566316] [aic_model]: z_offset: -0.0145
[INFO] [1775240100.070986412] [aic_model]: pfrac: 1.0 xy_error: -0.000479 0.000375   integrators: -0.0406 , 0.0382
[INFO] [1775240100.126466171] [aic_model]: z_offset: -0.015
[INFO] [1775240100.126849178] [aic_model]: pfrac: 1.0 xy_error: -0.000479 0.000374   integrators: -0.0411 , 0.0386
[INFO] [1775240100.183482345] [aic_model]: Waiting for connector to stabilize...
[INFO] [1775240100.744719470] [aic_model]: insert_cable execute loop
[INFO] [1775240101.902726269] [aic_model]: insert_cable execute loop
[INFO] [1775240103.064798643] [aic_model]: insert_cable execute loop
[INFO] [1775240104.240228351] [aic_model]: insert_cable execute loop
[INFO] [1775240105.451735188] [aic_model]: insert_cable execute loop
[INFO] [1775240106.091184362] [aic_model]: CheatCode.insert_cable() exiting...
[INFO] [1775240106.690134255] [aic_model]: insert_cable() returned True
[INFO] [1775240107.479591546] [aic_model]: on_deactivate(LifecycleState(label='active', state_id=3))
[INFO] [1775240108.357993971] [aic_model]: on_activate()
[INFO] [1775240112.133518862] [aic_model]: Goal accepted
[INFO] [1775240112.135166735] [aic_model]: Entering insert_cable_execute_callback()
[INFO] [1775240112.135576982] [aic_model]: CheatCode.insert_cable() task: aic_task_interfaces.msg.Task(id='task_1', cable_type='sfp_sc', cable_name='cable_0', plug_type='sfp', plug_name='sfp_tip', port_type='sfp', port_name='sfp_port_0', target_module_name='nic_card_mount_4', time_limit=180)
[INFO] [1775240112.136939280] [aic_model]: insert_cable execute loop
[INFO] [1775240112.137365828] [aic_model]: pfrac: 0.0 xy_error: -0.068 0.158   integrators: 0.0 , 0.0
[INFO] [1775240112.186534173] [aic_model]: pfrac: 0.01 xy_error: -0.0679 0.158   integrators: 0.0 , 0.0
[INFO] [1775240112.237080305] [aic_model]: pfrac: 0.02 xy_error: -0.0679 0.158   integrators: 0.0 , 0.0
[INFO] [1775240112.286547209] [aic_model]: pfrac: 0.03 xy_error: -0.0678 0.158   integrators: 0.0 , 0.0
[INFO] [1775240112.336831240] [aic_model]: pfrac: 0.04 xy_error: -0.0677 0.158   integrators: 0.0 , 0.0
[INFO] [1775240112.386335975] [aic_model]: pfrac: 0.05 xy_error: -0.0675 0.158   integrators: 0.0 , 0.0
[INFO] [1775240112.437055071] [aic_model]: pfrac: 0.06 xy_error: -0.0673 0.158   integrators: 0.0 , 0.0
[INFO] [1775240112.487133608] [aic_model]: pfrac: 0.07 xy_error: -0.0671 0.158   integrators: 0.0 , 0.0
[INFO] [1775240112.536542674] [aic_model]: pfrac: 0.08 xy_error: -0.0669 0.157   integrators: 0.0 , 0.0
[INFO] [1775240112.586391171] [aic_model]: pfrac: 0.09 xy_error: -0.0666 0.157   integrators: 0.0 , 0.0
[INFO] [1775240112.636374160] [aic_model]: pfrac: 0.1 xy_error: -0.0662 0.156   integrators: 0.0 , 0.0
[INFO] [1775240112.686304760] [aic_model]: pfrac: 0.11 xy_error: -0.0658 0.155   integrators: 0.0 , 0.0
[INFO] [1775240112.736417021] [aic_model]: pfrac: 0.12 xy_error: -0.0654 0.155   integrators: 0.0 , 0.0
[INFO] [1775240112.787190479] [aic_model]: pfrac: 0.13 xy_error: -0.065 0.153   integrators: 0.0 , 0.0
[INFO] [1775240112.836800350] [aic_model]: pfrac: 0.14 xy_error: -0.0645 0.152   integrators: 0.0 , 0.0
[INFO] [1775240112.887206470] [aic_model]: pfrac: 0.15 xy_error: -0.0639 0.151   integrators: 0.0 , 0.0
[INFO] [1775240112.936960731] [aic_model]: pfrac: 0.16 xy_error: -0.0633 0.15   integrators: 0.0 , 0.0
[INFO] [1775240112.986331014] [aic_model]: pfrac: 0.17 xy_error: -0.0627 0.148   integrators: 0.0 , 0.0
[INFO] [1775240113.036564421] [aic_model]: pfrac: 0.18 xy_error: -0.062 0.147   integrators: 0.0 , 0.0
[INFO] [1775240113.086917843] [aic_model]: pfrac: 0.19 xy_error: -0.0612 0.145   integrators: 0.0 , 0.0
[INFO] [1775240113.137541971] [aic_model]: pfrac: 0.2 xy_error: -0.0605 0.143   integrators: 0.0 , 0.0
[INFO] [1775240113.138170637] [aic_model]: insert_cable execute loop
[INFO] [1775240113.187220420] [aic_model]: pfrac: 0.21 xy_error: -0.0596 0.141   integrators: 0.0 , 0.0
[INFO] [1775240113.237181879] [aic_model]: pfrac: 0.22 xy_error: -0.0588 0.139   integrators: 0.0 , 0.0
[INFO] [1775240113.287170167] [aic_model]: pfrac: 0.23 xy_error: -0.0579 0.137   integrators: 0.0 , 0.0
[INFO] [1775240113.338071033] [aic_model]: pfrac: 0.24 xy_error: -0.057 0.135   integrators: 0.0 , 0.0
[INFO] [1775240113.388409727] [aic_model]: pfrac: 0.25 xy_error: -0.0559 0.132   integrators: 0.0 , 0.0
[INFO] [1775240113.438311504] [aic_model]: pfrac: 0.26 xy_error: -0.055 0.13   integrators: 0.0 , 0.0
[INFO] [1775240113.488981859] [aic_model]: pfrac: 0.27 xy_error: -0.0539 0.128   integrators: 0.0 , 0.0
[INFO] [1775240113.538642003] [aic_model]: pfrac: 0.28 xy_error: -0.0529 0.125   integrators: 0.0 , 0.0
[INFO] [1775240113.589150285] [aic_model]: pfrac: 0.29 xy_error: -0.0518 0.123   integrators: 0.0 , 0.0
[INFO] [1775240113.638779642] [aic_model]: pfrac: 0.3 xy_error: -0.0506 0.12   integrators: 0.0 , 0.0
[INFO] [1775240113.689190862] [aic_model]: pfrac: 0.31 xy_error: -0.0495 0.117   integrators: 0.0 , 0.0
[INFO] [1775240113.738602563] [aic_model]: pfrac: 0.32 xy_error: -0.0483 0.115   integrators: 0.0 , 0.0
[INFO] [1775240113.789024633] [aic_model]: pfrac: 0.33 xy_error: -0.0471 0.112   integrators: 0.0 , 0.0
[INFO] [1775240113.839160107] [aic_model]: pfrac: 0.34 xy_error: -0.0459 0.109   integrators: 0.0 , 0.0
[INFO] [1775240113.889122517] [aic_model]: pfrac: 0.35 xy_error: -0.0446 0.106   integrators: 0.0 , 0.0
[INFO] [1775240113.938996582] [aic_model]: pfrac: 0.36 xy_error: -0.0434 0.104   integrators: 0.0 , 0.0
[INFO] [1775240113.990757517] [aic_model]: pfrac: 0.37 xy_error: -0.0421 0.101   integrators: 0.0 , 0.0
[INFO] [1775240114.042938807] [aic_model]: pfrac: 0.38 xy_error: -0.0408 0.098   integrators: 0.0 , 0.0
[INFO] [1775240114.093078319] [aic_model]: pfrac: 0.39 xy_error: -0.0394 0.0949   integrators: 0.0 , 0.0
[INFO] [1775240114.145256965] [aic_model]: pfrac: 0.4 xy_error: -0.0382 0.0922   integrators: 0.0 , 0.0
[INFO] [1775240114.145541918] [aic_model]: insert_cable execute loop
[INFO] [1775240114.195183027] [aic_model]: pfrac: 0.41 xy_error: -0.0368 0.0891   integrators: 0.0 , 0.0
[INFO] [1775240114.245113568] [aic_model]: pfrac: 0.42 xy_error: -0.0355 0.0863   integrators: 0.0 , 0.0
[INFO] [1775240114.295150567] [aic_model]: pfrac: 0.43 xy_error: -0.0342 0.0835   integrators: 0.0 , 0.0
[INFO] [1775240114.345088412] [aic_model]: pfrac: 0.44 xy_error: -0.033 0.0807   integrators: 0.0 , 0.0
[INFO] [1775240114.395125662] [aic_model]: pfrac: 0.45 xy_error: -0.0317 0.078   integrators: 0.0 , 0.0
[INFO] [1775240114.445439911] [aic_model]: pfrac: 0.46 xy_error: -0.0304 0.0753   integrators: 0.0 , 0.0
[INFO] [1775240114.495127287] [aic_model]: pfrac: 0.47 xy_error: -0.0292 0.0726   integrators: 0.0 , 0.0
[INFO] [1775240114.545138418] [aic_model]: pfrac: 0.48 xy_error: -0.028 0.0699   integrators: 0.0 , 0.0
[INFO] [1775240114.595064531] [aic_model]: pfrac: 0.49 xy_error: -0.0268 0.0674   integrators: 0.0 , 0.0
[INFO] [1775240114.645097643] [aic_model]: pfrac: 0.5 xy_error: -0.0257 0.0648   integrators: 0.0 , 0.0
[INFO] [1775240114.694623788] [aic_model]: pfrac: 0.51 xy_error: -0.0245 0.0623   integrators: 0.0 , 0.0
[INFO] [1775240114.745045096] [aic_model]: pfrac: 0.52 xy_error: -0.0234 0.0599   integrators: 0.0 , 0.0
[INFO] [1775240114.795220716] [aic_model]: pfrac: 0.53 xy_error: -0.0223 0.0575   integrators: 0.0 , 0.0
[INFO] [1775240114.844986328] [aic_model]: pfrac: 0.54 xy_error: -0.0213 0.0551   integrators: 0.0 , 0.0
[INFO] [1775240114.895085384] [aic_model]: pfrac: 0.55 xy_error: -0.0202 0.0528   integrators: 0.0 , 0.0
[INFO] [1775240114.945119859] [aic_model]: pfrac: 0.56 xy_error: -0.0192 0.0506   integrators: 0.0 , 0.0
[INFO] [1775240114.995129538] [aic_model]: pfrac: 0.57 xy_error: -0.0182 0.0484   integrators: 0.0 , 0.0
[INFO] [1775240115.045292493] [aic_model]: pfrac: 0.58 xy_error: -0.0173 0.0463   integrators: 0.0 , 0.0
[INFO] [1775240115.095180655] [aic_model]: pfrac: 0.59 xy_error: -0.0164 0.0442   integrators: 0.0 , 0.0
[INFO] [1775240115.145556188] [aic_model]: insert_cable execute loop
[INFO] [1775240115.146063326] [aic_model]: pfrac: 0.6 xy_error: -0.0155 0.0422   integrators: 0.0 , 0.0
[INFO] [1775240115.196693556] [aic_model]: pfrac: 0.61 xy_error: -0.0146 0.0403   integrators: 0.0 , 0.0
[INFO] [1775240115.247216064] [aic_model]: pfrac: 0.62 xy_error: -0.0137 0.0385   integrators: 0.0 , 0.0
[INFO] [1775240115.296742960] [aic_model]: pfrac: 0.63 xy_error: -0.013 0.0368   integrators: 0.0 , 0.0
[INFO] [1775240115.347164088] [aic_model]: pfrac: 0.64 xy_error: -0.0122 0.0351   integrators: 0.0 , 0.0
[INFO] [1775240115.396989733] [aic_model]: pfrac: 0.65 xy_error: -0.0115 0.0335   integrators: 0.0 , 0.0
[INFO] [1775240115.447193444] [aic_model]: pfrac: 0.66 xy_error: -0.0108 0.032   integrators: 0.0 , 0.0
[INFO] [1775240115.497042853] [aic_model]: pfrac: 0.67 xy_error: -0.0102 0.0305   integrators: 0.0 , 0.0
[INFO] [1775240115.546537008] [aic_model]: pfrac: 0.68 xy_error: -0.00958 0.0291   integrators: 0.0 , 0.0
[INFO] [1775240115.597179500] [aic_model]: pfrac: 0.69 xy_error: -0.00903 0.0277   integrators: 0.0 , 0.0
[INFO] [1775240115.647186534] [aic_model]: pfrac: 0.7 xy_error: -0.0085 0.0264   integrators: 0.0 , 0.0
[INFO] [1775240115.697200301] [aic_model]: pfrac: 0.71 xy_error: -0.00803 0.0252   integrators: 0.0 , 0.0
[INFO] [1775240115.746667956] [aic_model]: pfrac: 0.72 xy_error: -0.00757 0.024   integrators: 0.0 , 0.0
[INFO] [1775240115.796361463] [aic_model]: pfrac: 0.73 xy_error: -0.00714 0.0229   integrators: 0.0 , 0.0
[INFO] [1775240115.847102059] [aic_model]: pfrac: 0.74 xy_error: -0.00675 0.0218   integrators: 0.0 , 0.0
[INFO] [1775240115.897161721] [aic_model]: pfrac: 0.75 xy_error: -0.00639 0.0209   integrators: 0.0 , 0.0
[INFO] [1775240115.947345245] [aic_model]: pfrac: 0.76 xy_error: -0.00604 0.02   integrators: 0.0 , 0.0
[INFO] [1775240115.997129442] [aic_model]: pfrac: 0.77 xy_error: -0.00573 0.0191   integrators: 0.0 , 0.0
[INFO] [1775240116.047118292] [aic_model]: pfrac: 0.78 xy_error: -0.00544 0.0183   integrators: 0.0 , 0.0
[INFO] [1775240116.096325830] [aic_model]: pfrac: 0.79 xy_error: -0.00514 0.0176   integrators: 0.0 , 0.0
[INFO] [1775240116.145172133] [aic_model]: insert_cable execute loop
[INFO] [1775240116.146744354] [aic_model]: pfrac: 0.8 xy_error: -0.00488 0.0169   integrators: 0.0 , 0.0
[INFO] [1775240116.196404479] [aic_model]: pfrac: 0.81 xy_error: -0.00469 0.0162   integrators: 0.0 , 0.0
[INFO] [1775240116.246370326] [aic_model]: pfrac: 0.82 xy_error: -0.0045 0.0155   integrators: 0.0 , 0.0
[INFO] [1775240116.296876884] [aic_model]: pfrac: 0.83 xy_error: -0.00434 0.015   integrators: 0.0 , 0.0
[INFO] [1775240116.346370638] [aic_model]: pfrac: 0.84 xy_error: -0.00419 0.0144   integrators: 0.0 , 0.0
[INFO] [1775240116.397052173] [aic_model]: pfrac: 0.85 xy_error: -0.00405 0.0139   integrators: 0.0 , 0.0
[INFO] [1775240116.447185614] [aic_model]: pfrac: 0.86 xy_error: -0.00395 0.0135   integrators: 0.0 , 0.0
[INFO] [1775240116.496316108] [aic_model]: pfrac: 0.87 xy_error: -0.00386 0.0131   integrators: 0.0 , 0.0
[INFO] [1775240116.546604248] [aic_model]: pfrac: 0.88 xy_error: -0.00381 0.0126   integrators: 0.0 , 0.0
[INFO] [1775240116.596293657] [aic_model]: pfrac: 0.89 xy_error: -0.00375 0.0122   integrators: 0.0 , 0.0
[INFO] [1775240116.646326229] [aic_model]: pfrac: 0.9 xy_error: -0.00372 0.0119   integrators: 0.0 , 0.0
[INFO] [1775240116.696269594] [aic_model]: pfrac: 0.91 xy_error: -0.00367 0.0116   integrators: 0.0 , 0.0
[INFO] [1775240116.746253424] [aic_model]: pfrac: 0.92 xy_error: -0.00364 0.0113   integrators: 0.0 , 0.0
[INFO] [1775240116.796373159] [aic_model]: pfrac: 0.93 xy_error: -0.00361 0.011   integrators: 0.0 , 0.0
[INFO] [1775240116.846267742] [aic_model]: pfrac: 0.94 xy_error: -0.0036 0.0107   integrators: 0.0 , 0.0
[INFO] [1775240116.896293922] [aic_model]: pfrac: 0.95 xy_error: -0.00361 0.0105   integrators: 0.0 , 0.0
[INFO] [1775240116.946328648] [aic_model]: pfrac: 0.96 xy_error: -0.00358 0.0102   integrators: 0.0 , 0.0
[INFO] [1775240116.996271752] [aic_model]: pfrac: 0.97 xy_error: -0.00358 0.0101   integrators: 0.0 , 0.0
[INFO] [1775240117.046313501] [aic_model]: pfrac: 0.98 xy_error: -0.00357 0.0099   integrators: 0.0 , 0.0
[INFO] [1775240117.096439187] [aic_model]: pfrac: 0.99 xy_error: -0.00355 0.00973   integrators: 0.0 , 0.0
[INFO] [1775240117.144394463] [aic_model]: insert_cable execute loop
[INFO] [1775240117.146132634] [aic_model]: z_offset: 0.1995
[INFO] [1775240117.146775025] [aic_model]: pfrac: 1.0 xy_error: -0.00356 0.0096   integrators: -0.00356 , 0.0096
[INFO] [1775240117.196113940] [aic_model]: z_offset: 0.199
[INFO] [1775240117.196746403] [aic_model]: pfrac: 1.0 xy_error: -0.00356 0.00944   integrators: -0.00711 , 0.019
[INFO] [1775240117.246206463] [aic_model]: z_offset: 0.1985
[INFO] [1775240117.246721647] [aic_model]: pfrac: 1.0 xy_error: -0.00356 0.00923   integrators: -0.0107 , 0.0283
[INFO] [1775240117.296161440] [aic_model]: z_offset: 0.198
[INFO] [1775240117.297398774] [aic_model]: pfrac: 1.0 xy_error: -0.00355 0.00899   integrators: -0.0142 , 0.0373
[INFO] [1775240117.346127958] [aic_model]: z_offset: 0.1975
[INFO] [1775240117.347293548] [aic_model]: pfrac: 1.0 xy_error: -0.00354 0.00867   integrators: -0.0178 , 0.0459
[INFO] [1775240117.396093364] [aic_model]: z_offset: 0.197
[INFO] [1775240117.396890695] [aic_model]: pfrac: 1.0 xy_error: -0.0035 0.00828   integrators: -0.0213 , 0.05
[INFO] [1775240117.446163526] [aic_model]: z_offset: 0.1965
[INFO] [1775240117.446537836] [aic_model]: pfrac: 1.0 xy_error: -0.00341 0.00787   integrators: -0.0247 , 0.05
[INFO] [1775240117.496099908] [aic_model]: z_offset: 0.196
[INFO] [1775240117.496488014] [aic_model]: pfrac: 1.0 xy_error: -0.0033 0.00741   integrators: -0.028 , 0.05
[INFO] [1775240117.546216617] [aic_model]: z_offset: 0.1955
[INFO] [1775240117.547362219] [aic_model]: pfrac: 1.0 xy_error: -0.0032 0.00692   integrators: -0.0312 , 0.05
[INFO] [1775240117.596154311] [aic_model]: z_offset: 0.195
[INFO] [1775240117.597385313] [aic_model]: pfrac: 1.0 xy_error: -0.00302 0.00644   integrators: -0.0342 , 0.05
[INFO] [1775240117.647474891] [aic_model]: z_offset: 0.1945
[INFO] [1775240117.648253949] [aic_model]: pfrac: 1.0 xy_error: -0.00281 0.00599   integrators: -0.037 , 0.05
[INFO] [1775240117.698179219] [aic_model]: z_offset: 0.194
[INFO] [1775240117.699469623] [aic_model]: pfrac: 1.0 xy_error: -0.00256 0.00558   integrators: -0.0396 , 0.05
[INFO] [1775240117.748125339] [aic_model]: z_offset: 0.1935
[INFO] [1775240117.749333479] [aic_model]: pfrac: 1.0 xy_error: -0.00225 0.00519   integrators: -0.0418 , 0.05
[INFO] [1775240117.798120752] [aic_model]: z_offset: 0.193
[INFO] [1775240117.799347506] [aic_model]: pfrac: 1.0 xy_error: -0.00191 0.00485   integrators: -0.0437 , 0.05
[INFO] [1775240117.848199379] [aic_model]: z_offset: 0.1925
[INFO] [1775240117.849488551] [aic_model]: pfrac: 1.0 xy_error: -0.00157 0.00451   integrators: -0.0453 , 0.05
[INFO] [1775240117.898099283] [aic_model]: z_offset: 0.192
[INFO] [1775240117.899327600] [aic_model]: pfrac: 1.0 xy_error: -0.00121 0.00417   integrators: -0.0465 , 0.05
[INFO] [1775240117.948302474] [aic_model]: z_offset: 0.1915
[INFO] [1775240117.949861550] [aic_model]: pfrac: 1.0 xy_error: -0.00084 0.00387   integrators: -0.0473 , 0.05
[INFO] [1775240118.000162173] [aic_model]: z_offset: 0.191
[INFO] [1775240118.001401962] [aic_model]: pfrac: 1.0 xy_error: -0.000461 0.00355   integrators: -0.0478 , 0.05
[INFO] [1775240118.050119113] [aic_model]: z_offset: 0.1905
[INFO] [1775240118.051285374] [aic_model]: pfrac: 1.0 xy_error: -0.000131 0.00328   integrators: -0.0479 , 0.05
[INFO] [1775240118.100114214] [aic_model]: z_offset: 0.19
[INFO] [1775240118.101370133] [aic_model]: pfrac: 1.0 xy_error: 0.000223 0.00302   integrators: -0.0477 , 0.05
[INFO] [1775240118.144414003] [aic_model]: insert_cable execute loop
[INFO] [1775240118.150064652] [aic_model]: z_offset: 0.1895
[INFO] [1775240118.150543729] [aic_model]: pfrac: 1.0 xy_error: 0.000541 0.00279   integrators: -0.0472 , 0.05
[INFO] [1775240118.201537849] [aic_model]: z_offset: 0.189
[INFO] [1775240118.202170272] [aic_model]: pfrac: 1.0 xy_error: 0.000842 0.00258   integrators: -0.0463 , 0.05
[INFO] [1775240118.252184479] [aic_model]: z_offset: 0.1885
[INFO] [1775240118.253493046] [aic_model]: pfrac: 1.0 xy_error: 0.00112 0.00238   integrators: -0.0452 , 0.05
[INFO] [1775240118.302136189] [aic_model]: z_offset: 0.188
[INFO] [1775240118.303412156] [aic_model]: pfrac: 1.0 xy_error: 0.00137 0.00219   integrators: -0.0438 , 0.05
[INFO] [1775240118.352167148] [aic_model]: z_offset: 0.1875
[INFO] [1775240118.353414030] [aic_model]: pfrac: 1.0 xy_error: 0.00158 0.00202   integrators: -0.0423 , 0.05
[INFO] [1775240118.402120481] [aic_model]: z_offset: 0.187
[INFO] [1775240118.402905329] [aic_model]: pfrac: 1.0 xy_error: 0.00174 0.00185   integrators: -0.0405 , 0.05
[INFO] [1775240118.452114902] [aic_model]: z_offset: 0.1865
[INFO] [1775240118.453304827] [aic_model]: pfrac: 1.0 xy_error: 0.00189 0.00172   integrators: -0.0386 , 0.05
[INFO] [1775240118.502119280] [aic_model]: z_offset: 0.186
[INFO] [1775240118.503333502] [aic_model]: pfrac: 1.0 xy_error: 0.002 0.00158   integrators: -0.0366 , 0.05
[INFO] [1775240118.552121024] [aic_model]: z_offset: 0.1855
[INFO] [1775240118.552618495] [aic_model]: pfrac: 1.0 xy_error: 0.00208 0.00146   integrators: -0.0345 , 0.05
[INFO] [1775240118.602102420] [aic_model]: z_offset: 0.185
[INFO] [1775240118.603294310] [aic_model]: pfrac: 1.0 xy_error: 0.00212 0.00136   integrators: -0.0324 , 0.05
[INFO] [1775240118.652099025] [aic_model]: z_offset: 0.1845
[INFO] [1775240118.653322473] [aic_model]: pfrac: 1.0 xy_error: 0.00215 0.00127   integrators: -0.0303 , 0.05
[INFO] [1775240118.702130154] [aic_model]: z_offset: 0.184
[INFO] [1775240118.703401772] [aic_model]: pfrac: 1.0 xy_error: 0.00216 0.00119   integrators: -0.0281 , 0.05
[INFO] [1775240118.752104276] [aic_model]: z_offset: 0.1835
[INFO] [1775240118.753379641] [aic_model]: pfrac: 1.0 xy_error: 0.00213 0.00111   integrators: -0.026 , 0.05
[INFO] [1775240118.802129664] [aic_model]: z_offset: 0.183
[INFO] [1775240118.803301466] [aic_model]: pfrac: 1.0 xy_error: 0.00206 0.00104   integrators: -0.0239 , 0.05
[INFO] [1775240118.852098587] [aic_model]: z_offset: 0.1825
[INFO] [1775240118.852478557] [aic_model]: pfrac: 1.0 xy_error: 0.00198 0.000969   integrators: -0.0219 , 0.05
[INFO] [1775240118.902122883] [aic_model]: z_offset: 0.182
[INFO] [1775240118.903301698] [aic_model]: pfrac: 1.0 xy_error: 0.00187 0.000923   integrators: -0.0201 , 0.05
[INFO] [1775240118.952102946] [aic_model]: z_offset: 0.1815
[INFO] [1775240118.953230736] [aic_model]: pfrac: 1.0 xy_error: 0.00171 0.000896   integrators: -0.0184 , 0.05
[INFO] [1775240119.002459364] [aic_model]: z_offset: 0.181
[INFO] [1775240119.003556837] [aic_model]: pfrac: 1.0 xy_error: 0.00153 0.000838   integrators: -0.0168 , 0.05
[INFO] [1775240119.052103469] [aic_model]: z_offset: 0.1805
[INFO] [1775240119.053339430] [aic_model]: pfrac: 1.0 xy_error: 0.00131 0.000802   integrators: -0.0155 , 0.05
[INFO] [1775240119.102122435] [aic_model]: z_offset: 0.18
[INFO] [1775240119.102530829] [aic_model]: pfrac: 1.0 xy_error: 0.0011 0.00078   integrators: -0.0144 , 0.05
[INFO] [1775240119.144328297] [aic_model]: insert_cable execute loop
[INFO] [1775240119.152104191] [aic_model]: z_offset: 0.1795
[INFO] [1775240119.152920268] [aic_model]: pfrac: 1.0 xy_error: 0.000894 0.000757   integrators: -0.0135 , 0.05
[INFO] [1775240119.202179413] [aic_model]: z_offset: 0.179
[INFO] [1775240119.203461441] [aic_model]: pfrac: 1.0 xy_error: 0.000678 0.00075   integrators: -0.0129 , 0.05
[INFO] [1775240119.252146512] [aic_model]: z_offset: 0.1785
[INFO] [1775240119.253379218] [aic_model]: pfrac: 1.0 xy_error: 0.000488 0.000758   integrators: -0.0124 , 0.05
[INFO] [1775240119.302117058] [aic_model]: z_offset: 0.178
[INFO] [1775240119.303299219] [aic_model]: pfrac: 1.0 xy_error: 0.000294 0.000758   integrators: -0.0121 , 0.05
[INFO] [1775240119.352193451] [aic_model]: z_offset: 0.1775
[INFO] [1775240119.353322824] [aic_model]: pfrac: 1.0 xy_error: 9.34e-05 0.000767   integrators: -0.012 , 0.05
[INFO] [1775240119.402102221] [aic_model]: z_offset: 0.177
[INFO] [1775240119.403341590] [aic_model]: pfrac: 1.0 xy_error: -0.000117 0.000777   integrators: -0.0121 , 0.05
[INFO] [1775240119.452170700] [aic_model]: z_offset: 0.1765
[INFO] [1775240119.453407494] [aic_model]: pfrac: 1.0 xy_error: -0.000302 0.000778   integrators: -0.0124 , 0.05
[INFO] [1775240119.502102263] [aic_model]: z_offset: 0.176
[INFO] [1775240119.503249058] [aic_model]: pfrac: 1.0 xy_error: -0.000505 0.000763   integrators: -0.0129 , 0.05
[INFO] [1775240119.552122071] [aic_model]: z_offset: 0.1755
[INFO] [1775240119.553247696] [aic_model]: pfrac: 1.0 xy_error: -0.000666 0.000769   integrators: -0.0136 , 0.05
[INFO] [1775240119.602090873] [aic_model]: z_offset: 0.175
[INFO] [1775240119.602838361] [aic_model]: pfrac: 1.0 xy_error: -0.000806 0.000774   integrators: -0.0144 , 0.05
[INFO] [1775240119.652116522] [aic_model]: z_offset: 0.1745
[INFO] [1775240119.653309303] [aic_model]: pfrac: 1.0 xy_error: -0.000942 0.000776   integrators: -0.0153 , 0.05
[INFO] [1775240119.702224845] [aic_model]: z_offset: 0.174
[INFO] [1775240119.703276262] [aic_model]: pfrac: 1.0 xy_error: -0.00105 0.000768   integrators: -0.0164 , 0.05
[INFO] [1775240119.752103168] [aic_model]: z_offset: 0.1735
[INFO] [1775240119.753321337] [aic_model]: pfrac: 1.0 xy_error: -0.00113 0.000782   integrators: -0.0175 , 0.05
[INFO] [1775240119.802093411] [aic_model]: z_offset: 0.173
[INFO] [1775240119.803228043] [aic_model]: pfrac: 1.0 xy_error: -0.00119 0.000804   integrators: -0.0187 , 0.05
[INFO] [1775240119.852199119] [aic_model]: z_offset: 0.1725
[INFO] [1775240119.853375479] [aic_model]: pfrac: 1.0 xy_error: -0.0012 0.000816   integrators: -0.0199 , 0.05
[INFO] [1775240119.902118539] [aic_model]: z_offset: 0.172
[INFO] [1775240119.902744851] [aic_model]: pfrac: 1.0 xy_error: -0.00121 0.000814   integrators: -0.0211 , 0.05
[INFO] [1775240119.952202597] [aic_model]: z_offset: 0.1715
[INFO] [1775240119.952866018] [aic_model]: pfrac: 1.0 xy_error: -0.00119 0.000813   integrators: -0.0223 , 0.05
[INFO] [1775240120.002120975] [aic_model]: z_offset: 0.171
[INFO] [1775240120.003215633] [aic_model]: pfrac: 1.0 xy_error: -0.00118 0.000808   integrators: -0.0235 , 0.05
[INFO] [1775240120.052140442] [aic_model]: z_offset: 0.1705
[INFO] [1775240120.053364562] [aic_model]: pfrac: 1.0 xy_error: -0.00116 0.000787   integrators: -0.0246 , 0.05
[INFO] [1775240120.103610142] [aic_model]: z_offset: 0.17
[INFO] [1775240120.104254647] [aic_model]: pfrac: 1.0 xy_error: -0.00112 0.000755   integrators: -0.0258 , 0.05
[INFO] [1775240120.144393734] [aic_model]: insert_cable execute loop
[INFO] [1775240120.154060806] [aic_model]: z_offset: 0.1695
[INFO] [1775240120.155152117] [aic_model]: pfrac: 1.0 xy_error: -0.00109 0.000731   integrators: -0.0268 , 0.05
[INFO] [1775240120.204191531] [aic_model]: z_offset: 0.169
[INFO] [1775240120.205183146] [aic_model]: pfrac: 1.0 xy_error: -0.00101 0.000714   integrators: -0.0278 , 0.05
[INFO] [1775240120.254102836] [aic_model]: z_offset: 0.1685
[INFO] [1775240120.255381437] [aic_model]: pfrac: 1.0 xy_error: -0.000912 0.000699   integrators: -0.0288 , 0.05
[INFO] [1775240120.304124868] [aic_model]: z_offset: 0.168
[INFO] [1775240120.304513094] [aic_model]: pfrac: 1.0 xy_error: -0.000799 0.000675   integrators: -0.0296 , 0.05
[INFO] [1775240120.354115461] [aic_model]: z_offset: 0.1675
[INFO] [1775240120.354520669] [aic_model]: pfrac: 1.0 xy_error: -0.000674 0.000636   integrators: -0.0302 , 0.05
[INFO] [1775240120.404109911] [aic_model]: z_offset: 0.167
[INFO] [1775240120.404495933] [aic_model]: pfrac: 1.0 xy_error: -0.000534 0.000599   integrators: -0.0308 , 0.05
[INFO] [1775240120.454263108] [aic_model]: z_offset: 0.1665
[INFO] [1775240120.455294828] [aic_model]: pfrac: 1.0 xy_error: -0.000419 0.000569   integrators: -0.0312 , 0.05
[INFO] [1775240120.504132715] [aic_model]: z_offset: 0.166
[INFO] [1775240120.505424441] [aic_model]: pfrac: 1.0 xy_error: -0.000293 0.000517   integrators: -0.0315 , 0.05
[INFO] [1775240120.554111306] [aic_model]: z_offset: 0.1655
[INFO] [1775240120.554741635] [aic_model]: pfrac: 1.0 xy_error: -0.000182 0.000493   integrators: -0.0317 , 0.05
[INFO] [1775240120.604138598] [aic_model]: z_offset: 0.165
[INFO] [1775240120.605248303] [aic_model]: pfrac: 1.0 xy_error: -4.34e-05 0.000495   integrators: -0.0317 , 0.05
[INFO] [1775240120.654103212] [aic_model]: z_offset: 0.1645
[INFO] [1775240120.655278430] [aic_model]: pfrac: 1.0 xy_error: 8.35e-05 0.000475   integrators: -0.0316 , 0.05
[INFO] [1775240120.704217837] [aic_model]: z_offset: 0.164
[INFO] [1775240120.705415998] [aic_model]: pfrac: 1.0 xy_error: 0.000232 0.000443   integrators: -0.0314 , 0.05
[INFO] [1775240120.754224120] [aic_model]: z_offset: 0.1635
[INFO] [1775240120.754870098] [aic_model]: pfrac: 1.0 xy_error: 0.000349 0.000434   integrators: -0.031 , 0.05
[INFO] [1775240120.804130075] [aic_model]: z_offset: 0.163
[INFO] [1775240120.805326793] [aic_model]: pfrac: 1.0 xy_error: 0.00046 0.0004   integrators: -0.0306 , 0.05
[INFO] [1775240120.854173827] [aic_model]: z_offset: 0.1625
[INFO] [1775240120.855379652] [aic_model]: pfrac: 1.0 xy_error: 0.000546 0.000352   integrators: -0.03 , 0.05
[INFO] [1775240120.904101843] [aic_model]: z_offset: 0.162
[INFO] [1775240120.905303240] [aic_model]: pfrac: 1.0 xy_error: 0.000667 0.000323   integrators: -0.0294 , 0.05
[INFO] [1775240120.954139454] [aic_model]: z_offset: 0.1615
[INFO] [1775240120.955332856] [aic_model]: pfrac: 1.0 xy_error: 0.00076 0.000291   integrators: -0.0286 , 0.05
[INFO] [1775240121.005277383] [aic_model]: z_offset: 0.161
[INFO] [1775240121.005905538] [aic_model]: pfrac: 1.0 xy_error: 0.000851 0.000251   integrators: -0.0278 , 0.05
[INFO] [1775240121.056113127] [aic_model]: z_offset: 0.1605
[INFO] [1775240121.057461409] [aic_model]: pfrac: 1.0 xy_error: 0.000902 0.000201   integrators: -0.0269 , 0.05
[INFO] [1775240121.106094844] [aic_model]: z_offset: 0.16
[INFO] [1775240121.107488010] [aic_model]: pfrac: 1.0 xy_error: 0.000937 0.000149   integrators: -0.0259 , 0.05
[INFO] [1775240121.144357681] [aic_model]: insert_cable execute loop
[INFO] [1775240121.156067524] [aic_model]: z_offset: 0.1595
[INFO] [1775240121.156408642] [aic_model]: pfrac: 1.0 xy_error: 0.000978 0.00011   integrators: -0.0249 , 0.05
[INFO] [1775240121.206196926] [aic_model]: z_offset: 0.159
[INFO] [1775240121.206704165] [aic_model]: pfrac: 1.0 xy_error: 0.001 6.36e-05   integrators: -0.0239 , 0.05
[INFO] [1775240121.258068518] [aic_model]: z_offset: 0.1585
[INFO] [1775240121.258545690] [aic_model]: pfrac: 1.0 xy_error: 0.00101 2.98e-05   integrators: -0.0229 , 0.05
[INFO] [1775240121.308297016] [aic_model]: z_offset: 0.158
[INFO] [1775240121.308761414] [aic_model]: pfrac: 1.0 xy_error: 0.00101 1.21e-05   integrators: -0.0219 , 0.05
[INFO] [1775240121.358177313] [aic_model]: z_offset: 0.1575
[INFO] [1775240121.358592519] [aic_model]: pfrac: 1.0 xy_error: 0.000976 4.64e-06   integrators: -0.0209 , 0.05
[INFO] [1775240121.408281188] [aic_model]: z_offset: 0.157
[INFO] [1775240121.408692206] [aic_model]: pfrac: 1.0 xy_error: 0.000917 -7.19e-06   integrators: -0.02 , 0.05
[INFO] [1775240121.458315382] [aic_model]: z_offset: 0.1565
[INFO] [1775240121.459392657] [aic_model]: pfrac: 1.0 xy_error: 0.000822 -4.83e-05   integrators: -0.0192 , 0.0499
[INFO] [1775240121.508198545] [aic_model]: z_offset: 0.156
[INFO] [1775240121.508667442] [aic_model]: pfrac: 1.0 xy_error: 0.000704 -0.000114   integrators: -0.0185 , 0.0498
[INFO] [1775240121.558281280] [aic_model]: z_offset: 0.1555
[INFO] [1775240121.558690245] [aic_model]: pfrac: 1.0 xy_error: 0.00058 -0.000175   integrators: -0.0179 , 0.0497
[INFO] [1775240121.608425511] [aic_model]: z_offset: 0.155
[INFO] [1775240121.609436131] [aic_model]: pfrac: 1.0 xy_error: 0.000469 -0.000227   integrators: -0.0174 , 0.0494
[INFO] [1775240121.658255493] [aic_model]: z_offset: 0.1545
[INFO] [1775240121.659484272] [aic_model]: pfrac: 1.0 xy_error: 0.000349 -0.00029   integrators: -0.0171 , 0.0491
[INFO] [1775240121.708240937] [aic_model]: z_offset: 0.154
[INFO] [1775240121.709515310] [aic_model]: pfrac: 1.0 xy_error: 0.000201 -0.000345   integrators: -0.0169 , 0.0488
[INFO] [1775240121.758274861] [aic_model]: z_offset: 0.1535
[INFO] [1775240121.759554865] [aic_model]: pfrac: 1.0 xy_error: 7.59e-05 -0.000351   integrators: -0.0168 , 0.0484
[INFO] [1775240121.808291904] [aic_model]: z_offset: 0.153
[INFO] [1775240121.809787761] [aic_model]: pfrac: 1.0 xy_error: -2.52e-05 -0.000342   integrators: -0.0168 , 0.0481
[INFO] [1775240121.858245337] [aic_model]: z_offset: 0.1525
[INFO] [1775240121.859251068] [aic_model]: pfrac: 1.0 xy_error: -0.000115 -0.000326   integrators: -0.017 , 0.0478
[INFO] [1775240121.908172452] [aic_model]: z_offset: 0.152
[INFO] [1775240121.908564355] [aic_model]: pfrac: 1.0 xy_error: -0.000188 -0.000289   integrators: -0.0172 , 0.0475
[INFO] [1775240121.958202979] [aic_model]: z_offset: 0.1515
[INFO] [1775240121.958644726] [aic_model]: pfrac: 1.0 xy_error: -0.000251 -0.000249   integrators: -0.0174 , 0.0472
[INFO] [1775240122.008180669] [aic_model]: z_offset: 0.151
[INFO] [1775240122.008583943] [aic_model]: pfrac: 1.0 xy_error: -0.000296 -0.000201   integrators: -0.0177 , 0.047
[INFO] [1775240122.058209403] [aic_model]: z_offset: 0.1505
[INFO] [1775240122.058641902] [aic_model]: pfrac: 1.0 xy_error: -0.000312 -0.000162   integrators: -0.018 , 0.0469
[INFO] [1775240122.108223841] [aic_model]: z_offset: 0.15
[INFO] [1775240122.108604773] [aic_model]: pfrac: 1.0 xy_error: -0.000358 -0.000135   integrators: -0.0184 , 0.0467
[INFO] [1775240122.144433468] [aic_model]: insert_cable execute loop
[INFO] [1775240122.158302709] [aic_model]: z_offset: 0.1495
[INFO] [1775240122.158660528] [aic_model]: pfrac: 1.0 xy_error: -0.000375 -0.0001   integrators: -0.0187 , 0.0466
[INFO] [1775240122.208223842] [aic_model]: z_offset: 0.149
[INFO] [1775240122.208664156] [aic_model]: pfrac: 1.0 xy_error: -0.000375 -9.04e-05   integrators: -0.0191 , 0.0465
[INFO] [1775240122.258414299] [aic_model]: z_offset: 0.1485
[INFO] [1775240122.259066719] [aic_model]: pfrac: 1.0 xy_error: -0.000373 -8.09e-05   integrators: -0.0195 , 0.0465
[INFO] [1775240122.308367502] [aic_model]: z_offset: 0.148
[INFO] [1775240122.308754336] [aic_model]: pfrac: 1.0 xy_error: -0.000357 -7.33e-05   integrators: -0.0198 , 0.0464
[INFO] [1775240122.358256045] [aic_model]: z_offset: 0.1475
[INFO] [1775240122.358691930] [aic_model]: pfrac: 1.0 xy_error: -0.000315 -6.41e-05   integrators: -0.0202 , 0.0463
[INFO] [1775240122.408312932] [aic_model]: z_offset: 0.147
[INFO] [1775240122.408709093] [aic_model]: pfrac: 1.0 xy_error: -0.000291 -5.63e-05   integrators: -0.0205 , 0.0463
[INFO] [1775240122.458205922] [aic_model]: z_offset: 0.1465
[INFO] [1775240122.458591694] [aic_model]: pfrac: 1.0 xy_error: -0.000271 -4.98e-05   integrators: -0.0207 , 0.0462
[INFO] [1775240122.508229377] [aic_model]: z_offset: 0.146
[INFO] [1775240122.508609728] [aic_model]: pfrac: 1.0 xy_error: -0.000241 -3.77e-05   integrators: -0.021 , 0.0462
[INFO] [1775240122.558234577] [aic_model]: z_offset: 0.1455
[INFO] [1775240122.558640907] [aic_model]: pfrac: 1.0 xy_error: -0.000208 -3.18e-05   integrators: -0.0212 , 0.0462
[INFO] [1775240122.608257331] [aic_model]: z_offset: 0.145
[INFO] [1775240122.608713915] [aic_model]: pfrac: 1.0 xy_error: -0.000164 -2.04e-05   integrators: -0.0213 , 0.0461
[INFO] [1775240122.658273622] [aic_model]: z_offset: 0.1445
[INFO] [1775240122.658681675] [aic_model]: pfrac: 1.0 xy_error: -0.000115 -2.98e-05   integrators: -0.0215 , 0.0461
[INFO] [1775240122.708181811] [aic_model]: z_offset: 0.144
[INFO] [1775240122.708575117] [aic_model]: pfrac: 1.0 xy_error: -6.47e-05 -3.9e-05   integrators: -0.0215 , 0.0461
[INFO] [1775240122.758257804] [aic_model]: z_offset: 0.1435
[INFO] [1775240122.758669825] [aic_model]: pfrac: 1.0 xy_error: -1.36e-05 -5.79e-05   integrators: -0.0215 , 0.046
[INFO] [1775240122.808271751] [aic_model]: z_offset: 0.143
[INFO] [1775240122.808671148] [aic_model]: pfrac: 1.0 xy_error: 3.36e-05 -6.09e-05   integrators: -0.0215 , 0.0459
[INFO] [1775240122.858205207] [aic_model]: z_offset: 0.1425
[INFO] [1775240122.858591359] [aic_model]: pfrac: 1.0 xy_error: 6.05e-05 -7.75e-05   integrators: -0.0214 , 0.0459
[INFO] [1775240122.908237909] [aic_model]: z_offset: 0.142
[INFO] [1775240122.908633419] [aic_model]: pfrac: 1.0 xy_error: 0.000103 -9.92e-05   integrators: -0.0213 , 0.0458
[INFO] [1775240122.958200209] [aic_model]: z_offset: 0.1415
[INFO] [1775240122.958571393] [aic_model]: pfrac: 1.0 xy_error: 0.000118 -0.000131   integrators: -0.0212 , 0.0456
[INFO] [1775240123.010172479] [aic_model]: z_offset: 0.141
[INFO] [1775240123.010638010] [aic_model]: pfrac: 1.0 xy_error: 0.00015 -0.000138   integrators: -0.0211 , 0.0455
[INFO] [1775240123.060255204] [aic_model]: z_offset: 0.1405
[INFO] [1775240123.060808359] [aic_model]: pfrac: 1.0 xy_error: 0.000152 -0.000141   integrators: -0.0209 , 0.0454
[INFO] [1775240123.110166870] [aic_model]: z_offset: 0.14
[INFO] [1775240123.111148686] [aic_model]: pfrac: 1.0 xy_error: 0.000181 -0.000153   integrators: -0.0207 , 0.0452
[INFO] [1775240123.144314721] [aic_model]: insert_cable execute loop
[INFO] [1775240123.160084867] [aic_model]: z_offset: 0.1395
[INFO] [1775240123.160453006] [aic_model]: pfrac: 1.0 xy_error: 0.000197 -0.000171   integrators: -0.0205 , 0.045
[INFO] [1775240123.210129532] [aic_model]: z_offset: 0.139
[INFO] [1775240123.210713163] [aic_model]: pfrac: 1.0 xy_error: 0.000212 -0.000194   integrators: -0.0203 , 0.0448
[INFO] [1775240123.261593410] [aic_model]: z_offset: 0.1385
[INFO] [1775240123.263697586] [aic_model]: pfrac: 1.0 xy_error: 0.00021 -0.000216   integrators: -0.0201 , 0.0446
[INFO] [1775240123.312518121] [aic_model]: z_offset: 0.138
[INFO] [1775240123.314038494] [aic_model]: pfrac: 1.0 xy_error: 0.000231 -0.000231   integrators: -0.0199 , 0.0444
[INFO] [1775240123.362197522] [aic_model]: z_offset: 0.1375
[INFO] [1775240123.362608821] [aic_model]: pfrac: 1.0 xy_error: 0.000223 -0.000242   integrators: -0.0197 , 0.0442
[INFO] [1775240123.412652764] [aic_model]: z_offset: 0.137
[INFO] [1775240123.414220086] [aic_model]: pfrac: 1.0 xy_error: 0.000222 -0.000262   integrators: -0.0194 , 0.0439
[INFO] [1775240123.462505810] [aic_model]: z_offset: 0.1365
[INFO] [1775240123.464342926] [aic_model]: pfrac: 1.0 xy_error: 0.000227 -0.000259   integrators: -0.0192 , 0.0436
[INFO] [1775240123.514312520] [aic_model]: z_offset: 0.136
[INFO] [1775240123.514842682] [aic_model]: pfrac: 1.0 xy_error: 0.000235 -0.000268   integrators: -0.019 , 0.0434
[INFO] [1775240123.564320405] [aic_model]: z_offset: 0.1355
[INFO] [1775240123.565919597] [aic_model]: pfrac: 1.0 xy_error: 0.000236 -0.000247   integrators: -0.0187 , 0.0431
[INFO] [1775240123.616247951] [aic_model]: z_offset: 0.135
[INFO] [1775240123.617612213] [aic_model]: pfrac: 1.0 xy_error: 0.000242 -0.00023   integrators: -0.0185 , 0.0429
[INFO] [1775240123.666163544] [aic_model]: z_offset: 0.1345
[INFO] [1775240123.666613907] [aic_model]: pfrac: 1.0 xy_error: 0.000257 -0.000237   integrators: -0.0182 , 0.0426
[INFO] [1775240123.716203510] [aic_model]: z_offset: 0.134
[INFO] [1775240123.716676174] [aic_model]: pfrac: 1.0 xy_error: 0.000294 -0.000224   integrators: -0.0179 , 0.0424
[INFO] [1775240123.766171431] [aic_model]: z_offset: 0.1335
[INFO] [1775240123.766679481] [aic_model]: pfrac: 1.0 xy_error: 0.000311 -0.000216   integrators: -0.0176 , 0.0422
[INFO] [1775240123.818202470] [aic_model]: z_offset: 0.133
[INFO] [1775240123.818999661] [aic_model]: pfrac: 1.0 xy_error: 0.000313 -0.000217   integrators: -0.0173 , 0.042
[INFO] [1775240123.868243919] [aic_model]: z_offset: 0.1325
[INFO] [1775240123.869720400] [aic_model]: pfrac: 1.0 xy_error: 0.000315 -0.000221   integrators: -0.017 , 0.0418
[INFO] [1775240123.918197813] [aic_model]: z_offset: 0.132
[INFO] [1775240123.918622748] [aic_model]: pfrac: 1.0 xy_error: 0.000297 -0.000227   integrators: -0.0167 , 0.0415
[INFO] [1775240123.968133584] [aic_model]: z_offset: 0.1315
[INFO] [1775240123.968978163] [aic_model]: pfrac: 1.0 xy_error: 0.000295 -0.000215   integrators: -0.0164 , 0.0413
[INFO] [1775240124.018171676] [aic_model]: z_offset: 0.131
[INFO] [1775240124.018555834] [aic_model]: pfrac: 1.0 xy_error: 0.000296 -0.000199   integrators: -0.0161 , 0.0411
[INFO] [1775240124.068131030] [aic_model]: z_offset: 0.1305
[INFO] [1775240124.068637748] [aic_model]: pfrac: 1.0 xy_error: 0.00027 -0.000177   integrators: -0.0158 , 0.041
[INFO] [1775240124.120087641] [aic_model]: z_offset: 0.13
[INFO] [1775240124.120568580] [aic_model]: pfrac: 1.0 xy_error: 0.000239 -0.000158   integrators: -0.0156 , 0.0408
[INFO] [1775240124.144461490] [aic_model]: insert_cable execute loop
[INFO] [1775240124.170293817] [aic_model]: z_offset: 0.1295
[INFO] [1775240124.171850950] [aic_model]: pfrac: 1.0 xy_error: 0.000208 -0.000127   integrators: -0.0154 , 0.0407
[INFO] [1775240124.220242682] [aic_model]: z_offset: 0.129
[INFO] [1775240124.221550138] [aic_model]: pfrac: 1.0 xy_error: 0.000187 -8.79e-05   integrators: -0.0152 , 0.0406
[INFO] [1775240124.270161401] [aic_model]: z_offset: 0.1285
[INFO] [1775240124.270725486] [aic_model]: pfrac: 1.0 xy_error: 0.000121 -6.71e-05   integrators: -0.0151 , 0.0405
[INFO] [1775240124.320099716] [aic_model]: z_offset: 0.128
[INFO] [1775240124.320874035] [aic_model]: pfrac: 1.0 xy_error: 6.05e-05 -7.32e-05   integrators: -0.015 , 0.0404
[INFO] [1775240124.371910223] [aic_model]: z_offset: 0.1275
[INFO] [1775240124.372327183] [aic_model]: pfrac: 1.0 xy_error: 2.83e-06 -6.75e-05   integrators: -0.015 , 0.0404
[INFO] [1775240124.420188444] [aic_model]: z_offset: 0.127
[INFO] [1775240124.420651690] [aic_model]: pfrac: 1.0 xy_error: -5.61e-05 -5.28e-05   integrators: -0.0151 , 0.0403
[INFO] [1775240124.470227999] [aic_model]: z_offset: 0.1265
[INFO] [1775240124.470974465] [aic_model]: pfrac: 1.0 xy_error: -9.21e-05 -2.86e-05   integrators: -0.0152 , 0.0403
[INFO] [1775240124.520318709] [aic_model]: z_offset: 0.126
[INFO] [1775240124.521769432] [aic_model]: pfrac: 1.0 xy_error: -0.000131 1.26e-05   integrators: -0.0153 , 0.0403
[INFO] [1775240124.570296999] [aic_model]: z_offset: 0.1255
[INFO] [1775240124.570800491] [aic_model]: pfrac: 1.0 xy_error: -0.000167 4.69e-05   integrators: -0.0155 , 0.0403
[INFO] [1775240124.620310485] [aic_model]: z_offset: 0.125
[INFO] [1775240124.620754325] [aic_model]: pfrac: 1.0 xy_error: -0.000209 9.48e-05   integrators: -0.0157 , 0.0404
[INFO] [1775240124.670144856] [aic_model]: z_offset: 0.1245
[INFO] [1775240124.670593255] [aic_model]: pfrac: 1.0 xy_error: -0.000228 0.000128   integrators: -0.0159 , 0.0406
[INFO] [1775240124.720218595] [aic_model]: z_offset: 0.124
[INFO] [1775240124.720835278] [aic_model]: pfrac: 1.0 xy_error: -0.00025 0.000154   integrators: -0.0162 , 0.0407
[INFO] [1775240124.770157952] [aic_model]: z_offset: 0.1235
[INFO] [1775240124.770589028] [aic_model]: pfrac: 1.0 xy_error: -0.000284 0.000149   integrators: -0.0164 , 0.0409
[INFO] [1775240124.820305699] [aic_model]: z_offset: 0.123
[INFO] [1775240124.820877459] [aic_model]: pfrac: 1.0 xy_error: -0.000286 0.00018   integrators: -0.0167 , 0.0411
[INFO] [1775240124.870339152] [aic_model]: z_offset: 0.1225
[INFO] [1775240124.870839599] [aic_model]: pfrac: 1.0 xy_error: -0.000272 0.000175   integrators: -0.017 , 0.0412
[INFO] [1775240124.920191517] [aic_model]: z_offset: 0.122
[INFO] [1775240124.920654704] [aic_model]: pfrac: 1.0 xy_error: -0.000276 0.000195   integrators: -0.0173 , 0.0414
[INFO] [1775240124.970366645] [aic_model]: z_offset: 0.1215
[INFO] [1775240124.970842135] [aic_model]: pfrac: 1.0 xy_error: -0.000268 0.000211   integrators: -0.0175 , 0.0416
[INFO] [1775240125.020167594] [aic_model]: z_offset: 0.121
[INFO] [1775240125.020590986] [aic_model]: pfrac: 1.0 xy_error: -0.000256 0.000208   integrators: -0.0178 , 0.0418
[INFO] [1775240125.070268293] [aic_model]: z_offset: 0.1205
[INFO] [1775240125.070762177] [aic_model]: pfrac: 1.0 xy_error: -0.00021 0.000191   integrators: -0.018 , 0.042
[INFO] [1775240125.120515576] [aic_model]: z_offset: 0.12
[INFO] [1775240125.121963074] [aic_model]: pfrac: 1.0 xy_error: -0.000184 0.000189   integrators: -0.0182 , 0.0422
[INFO] [1775240125.146091033] [aic_model]: insert_cable execute loop
[INFO] [1775240125.170122983] [aic_model]: z_offset: 0.1195
[INFO] [1775240125.170571331] [aic_model]: pfrac: 1.0 xy_error: -0.000131 0.000176   integrators: -0.0183 , 0.0424
[INFO] [1775240125.220181924] [aic_model]: z_offset: 0.119
[INFO] [1775240125.220611167] [aic_model]: pfrac: 1.0 xy_error: -7.91e-05 0.000169   integrators: -0.0184 , 0.0426
[INFO] [1775240125.270203765] [aic_model]: z_offset: 0.1185
[INFO] [1775240125.270639691] [aic_model]: pfrac: 1.0 xy_error: -2.23e-05 0.000158   integrators: -0.0184 , 0.0427
[INFO] [1775240125.320220648] [aic_model]: z_offset: 0.118
[INFO] [1775240125.320787157] [aic_model]: pfrac: 1.0 xy_error: 2.39e-05 0.000133   integrators: -0.0184 , 0.0429
[INFO] [1775240125.370133646] [aic_model]: z_offset: 0.1175
[INFO] [1775240125.370604627] [aic_model]: pfrac: 1.0 xy_error: 6.51e-05 0.000105   integrators: -0.0183 , 0.043
[INFO] [1775240125.420251778] [aic_model]: z_offset: 0.117
[INFO] [1775240125.420835409] [aic_model]: pfrac: 1.0 xy_error: 0.000112 7.34e-05   integrators: -0.0182 , 0.043
[INFO] [1775240125.470157322] [aic_model]: z_offset: 0.1165
[INFO] [1775240125.470557951] [aic_model]: pfrac: 1.0 xy_error: 0.000159 5.33e-05   integrators: -0.0181 , 0.0431
[INFO] [1775240125.520195444] [aic_model]: z_offset: 0.116
[INFO] [1775240125.520628323] [aic_model]: pfrac: 1.0 xy_error: 0.000214 3.45e-05   integrators: -0.0179 , 0.0431
[INFO] [1775240125.570167282] [aic_model]: z_offset: 0.1155
[INFO] [1775240125.570608397] [aic_model]: pfrac: 1.0 xy_error: 0.000232 2.96e-06   integrators: -0.0176 , 0.0431
[INFO] [1775240125.620141895] [aic_model]: z_offset: 0.115
[INFO] [1775240125.620600653] [aic_model]: pfrac: 1.0 xy_error: 0.000284 -3.34e-05   integrators: -0.0173 , 0.0431
[INFO] [1775240125.670193082] [aic_model]: z_offset: 0.1145
[INFO] [1775240125.670608168] [aic_model]: pfrac: 1.0 xy_error: 0.000338 -6.09e-05   integrators: -0.017 , 0.043
[INFO] [1775240125.720797573] [aic_model]: z_offset: 0.114
[INFO] [1775240125.722193494] [aic_model]: pfrac: 1.0 xy_error: 0.000368 -0.000105   integrators: -0.0166 , 0.0429
[INFO] [1775240125.772363222] [aic_model]: z_offset: 0.1135
[INFO] [1775240125.772799618] [aic_model]: pfrac: 1.0 xy_error: 0.000374 -0.000174   integrators: -0.0163 , 0.0428
[INFO] [1775240125.830415844] [aic_model]: z_offset: 0.113
[INFO] [1775240125.830960563] [aic_model]: pfrac: 1.0 xy_error: 0.000374 -0.000215   integrators: -0.0159 , 0.0425
[INFO] [1775240125.880563311] [aic_model]: z_offset: 0.1125
[INFO] [1775240125.880939134] [aic_model]: pfrac: 1.0 xy_error: 0.000374 -0.000237   integrators: -0.0155 , 0.0423
[INFO] [1775240125.930239767] [aic_model]: z_offset: 0.112
[INFO] [1775240125.930616972] [aic_model]: pfrac: 1.0 xy_error: 0.000374 -0.00027   integrators: -0.0151 , 0.042
[INFO] [1775240125.980409245] [aic_model]: z_offset: 0.1115
[INFO] [1775240125.980797641] [aic_model]: pfrac: 1.0 xy_error: 0.000375 -0.000297   integrators: -0.0148 , 0.0417
[INFO] [1775240126.030341989] [aic_model]: z_offset: 0.111
[INFO] [1775240126.030739172] [aic_model]: pfrac: 1.0 xy_error: 0.000374 -0.000309   integrators: -0.0144 , 0.0414
[INFO] [1775240126.080135163] [aic_model]: z_offset: 0.1105
[INFO] [1775240126.080516928] [aic_model]: pfrac: 1.0 xy_error: 0.000372 -0.000306   integrators: -0.014 , 0.0411
[INFO] [1775240126.130133471] [aic_model]: z_offset: 0.11
[INFO] [1775240126.130513231] [aic_model]: pfrac: 1.0 xy_error: 0.000369 -0.000306   integrators: -0.0136 , 0.0408
[INFO] [1775240126.146373136] [aic_model]: insert_cable execute loop
[INFO] [1775240126.180496160] [aic_model]: z_offset: 0.1095
[INFO] [1775240126.180880609] [aic_model]: pfrac: 1.0 xy_error: 0.000375 -0.000308   integrators: -0.0133 , 0.0405
[INFO] [1775240126.230241575] [aic_model]: z_offset: 0.109
[INFO] [1775240126.230617929] [aic_model]: pfrac: 1.0 xy_error: 0.000375 -0.000306   integrators: -0.0129 , 0.0402
[INFO] [1775240126.280130157] [aic_model]: z_offset: 0.1085
[INFO] [1775240126.280502594] [aic_model]: pfrac: 1.0 xy_error: 0.000357 -0.000315   integrators: -0.0125 , 0.0399
[INFO] [1775240126.330715322] [aic_model]: z_offset: 0.108
[INFO] [1775240126.332175604] [aic_model]: pfrac: 1.0 xy_error: 0.000321 -0.000324   integrators: -0.0122 , 0.0396
[INFO] [1775240126.382549143] [aic_model]: z_offset: 0.1075
[INFO] [1775240126.382974379] [aic_model]: pfrac: 1.0 xy_error: 0.000298 -0.000326   integrators: -0.0119 , 0.0392
[INFO] [1775240126.433552551] [aic_model]: z_offset: 0.107
[INFO] [1775240126.434989318] [aic_model]: pfrac: 1.0 xy_error: 0.000274 -0.000308   integrators: -0.0116 , 0.0389
[INFO] [1775240126.484330376] [aic_model]: z_offset: 0.1065
[INFO] [1775240126.484714074] [aic_model]: pfrac: 1.0 xy_error: 0.000231 -0.000287   integrators: -0.0114 , 0.0386
[INFO] [1775240126.534262320] [aic_model]: z_offset: 0.106
[INFO] [1775240126.534778545] [aic_model]: pfrac: 1.0 xy_error: 0.000194 -0.000254   integrators: -0.0112 , 0.0384
[INFO] [1775240126.584369190] [aic_model]: z_offset: 0.1055
[INFO] [1775240126.584756765] [aic_model]: pfrac: 1.0 xy_error: 0.000156 -0.000216   integrators: -0.0111 , 0.0382
[INFO] [1775240126.635936232] [aic_model]: z_offset: 0.105
[INFO] [1775240126.637547807] [aic_model]: pfrac: 1.0 xy_error: 0.000125 -0.000169   integrators: -0.0109 , 0.038
[INFO] [1775240126.686283513] [aic_model]: z_offset: 0.1045
[INFO] [1775240126.686722073] [aic_model]: pfrac: 1.0 xy_error: 6.75e-05 -0.000144   integrators: -0.0109 , 0.0379
[INFO] [1775240126.736245592] [aic_model]: z_offset: 0.104
[INFO] [1775240126.736628659] [aic_model]: pfrac: 1.0 xy_error: 3.56e-05 -0.000114   integrators: -0.0108 , 0.0377
[INFO] [1775240126.786225656] [aic_model]: z_offset: 0.1035
[INFO] [1775240126.786645511] [aic_model]: pfrac: 1.0 xy_error: -3.81e-06 -9.92e-05   integrators: -0.0108 , 0.0376
[INFO] [1775240126.836127683] [aic_model]: z_offset: 0.103
[INFO] [1775240126.836495922] [aic_model]: pfrac: 1.0 xy_error: -6.75e-05 -9.5e-05   integrators: -0.0109 , 0.0376
[INFO] [1775240126.886122795] [aic_model]: z_offset: 0.1025
[INFO] [1775240126.886490032] [aic_model]: pfrac: 1.0 xy_error: -0.000127 -8.25e-05   integrators: -0.011 , 0.0375
[INFO] [1775240126.938129780] [aic_model]: z_offset: 0.102
[INFO] [1775240126.938540989] [aic_model]: pfrac: 1.0 xy_error: -0.000148 -8.07e-05   integrators: -0.0112 , 0.0374
[INFO] [1775240126.988237432] [aic_model]: z_offset: 0.1015
[INFO] [1775240126.988608286] [aic_model]: pfrac: 1.0 xy_error: -0.000141 -7.72e-05   integrators: -0.0113 , 0.0373
[INFO] [1775240127.038205032] [aic_model]: z_offset: 0.101
[INFO] [1775240127.038629576] [aic_model]: pfrac: 1.0 xy_error: -0.000142 -7.79e-05   integrators: -0.0115 , 0.0372
[INFO] [1775240127.088146303] [aic_model]: z_offset: 0.1005
[INFO] [1775240127.088527827] [aic_model]: pfrac: 1.0 xy_error: -0.000143 -7.79e-05   integrators: -0.0116 , 0.0372
[INFO] [1775240127.138083156] [aic_model]: z_offset: 0.1
[INFO] [1775240127.138457616] [aic_model]: pfrac: 1.0 xy_error: -0.000143 -7.79e-05   integrators: -0.0118 , 0.0371
[INFO] [1775240127.146324500] [aic_model]: insert_cable execute loop
[INFO] [1775240127.188378509] [aic_model]: z_offset: 0.0995
[INFO] [1775240127.188741227] [aic_model]: pfrac: 1.0 xy_error: -0.000143 -7.74e-05   integrators: -0.0119 , 0.037
[INFO] [1775240127.238119205] [aic_model]: z_offset: 0.099
[INFO] [1775240127.238485530] [aic_model]: pfrac: 1.0 xy_error: -0.000143 -7.77e-05   integrators: -0.012 , 0.0369
[INFO] [1775240127.288191601] [aic_model]: z_offset: 0.0985
[INFO] [1775240127.288567905] [aic_model]: pfrac: 1.0 xy_error: -0.000144 -7.77e-05   integrators: -0.0122 , 0.0368
[INFO] [1775240127.338262564] [aic_model]: z_offset: 0.098
[INFO] [1775240127.338759714] [aic_model]: pfrac: 1.0 xy_error: -0.000144 -7.76e-05   integrators: -0.0123 , 0.0368
[INFO] [1775240127.388137000] [aic_model]: z_offset: 0.0975
[INFO] [1775240127.388503937] [aic_model]: pfrac: 1.0 xy_error: -0.000145 -7.76e-05   integrators: -0.0125 , 0.0367
[INFO] [1775240127.438448494] [aic_model]: z_offset: 0.097
[INFO] [1775240127.438836139] [aic_model]: pfrac: 1.0 xy_error: -0.000144 -7.77e-05   integrators: -0.0126 , 0.0366
[INFO] [1775240127.488290900] [aic_model]: z_offset: 0.0965
[INFO] [1775240127.488675910] [aic_model]: pfrac: 1.0 xy_error: -0.000144 -7.75e-05   integrators: -0.0128 , 0.0365
[INFO] [1775240127.538361863] [aic_model]: z_offset: 0.096
[INFO] [1775240127.538766911] [aic_model]: pfrac: 1.0 xy_error: -0.000144 -7.73e-05   integrators: -0.0129 , 0.0365
[INFO] [1775240127.588224457] [aic_model]: z_offset: 0.0955
[INFO] [1775240127.588628813] [aic_model]: pfrac: 1.0 xy_error: -0.000144 -7.75e-05   integrators: -0.013 , 0.0364
[INFO] [1775240127.638179013] [aic_model]: z_offset: 0.095
[INFO] [1775240127.638585623] [aic_model]: pfrac: 1.0 xy_error: -0.000145 -7.83e-05   integrators: -0.0132 , 0.0363
[INFO] [1775240127.688318104] [aic_model]: z_offset: 0.0945
[INFO] [1775240127.688834409] [aic_model]: pfrac: 1.0 xy_error: -0.000145 -7.82e-05   integrators: -0.0133 , 0.0362
[INFO] [1775240127.738235159] [aic_model]: z_offset: 0.094
[INFO] [1775240127.738611173] [aic_model]: pfrac: 1.0 xy_error: -0.000145 -7.79e-05   integrators: -0.0135 , 0.0361
[INFO] [1775240127.788318586] [aic_model]: z_offset: 0.0935
[INFO] [1775240127.788693708] [aic_model]: pfrac: 1.0 xy_error: -0.000144 -7.82e-05   integrators: -0.0136 , 0.0361
[INFO] [1775240127.838271258] [aic_model]: z_offset: 0.093
[INFO] [1775240127.838648664] [aic_model]: pfrac: 1.0 xy_error: -0.000144 -7.8e-05   integrators: -0.0138 , 0.036
[INFO] [1775240127.888272982] [aic_model]: z_offset: 0.0925
[INFO] [1775240127.888698668] [aic_model]: pfrac: 1.0 xy_error: -0.000144 -7.81e-05   integrators: -0.0139 , 0.0359
[INFO] [1775240127.938224733] [aic_model]: z_offset: 0.092
[INFO] [1775240127.938633487] [aic_model]: pfrac: 1.0 xy_error: -0.000144 -7.78e-05   integrators: -0.0141 , 0.0358
[INFO] [1775240127.988449314] [aic_model]: z_offset: 0.0915
[INFO] [1775240127.988889267] [aic_model]: pfrac: 1.0 xy_error: -0.000145 -7.78e-05   integrators: -0.0142 , 0.0358
[INFO] [1775240128.040312630] [aic_model]: z_offset: 0.091
[INFO] [1775240128.040708290] [aic_model]: pfrac: 1.0 xy_error: -0.000145 -7.79e-05   integrators: -0.0144 , 0.0357
[INFO] [1775240128.090545436] [aic_model]: z_offset: 0.0905
[INFO] [1775240128.090946566] [aic_model]: pfrac: 1.0 xy_error: -0.000145 -7.79e-05   integrators: -0.0145 , 0.0356
[INFO] [1775240128.140473482] [aic_model]: z_offset: 0.09
[INFO] [1775240128.140855016] [aic_model]: pfrac: 1.0 xy_error: -0.000145 -7.79e-05   integrators: -0.0146 , 0.0355
[INFO] [1775240128.146403914] [aic_model]: insert_cable execute loop
[INFO] [1775240128.190278308] [aic_model]: z_offset: 0.0895
[INFO] [1775240128.190644072] [aic_model]: pfrac: 1.0 xy_error: -0.000144 -7.75e-05   integrators: -0.0148 , 0.0354
[INFO] [1775240128.240696040] [aic_model]: z_offset: 0.089
[INFO] [1775240128.241913968] [aic_model]: pfrac: 1.0 xy_error: -0.000144 -7.75e-05   integrators: -0.0149 , 0.0354
[INFO] [1775240128.293150021] [aic_model]: z_offset: 0.0885
[INFO] [1775240128.294437970] [aic_model]: pfrac: 1.0 xy_error: -0.000144 -7.73e-05   integrators: -0.0151 , 0.0353
[INFO] [1775240128.344179477] [aic_model]: z_offset: 0.088
[INFO] [1775240128.344573694] [aic_model]: pfrac: 1.0 xy_error: -0.000145 -7.74e-05   integrators: -0.0152 , 0.0352
[INFO] [1775240128.394251542] [aic_model]: z_offset: 0.0875
[INFO] [1775240128.394643456] [aic_model]: pfrac: 1.0 xy_error: -0.000145 -7.83e-05   integrators: -0.0154 , 0.0351
[INFO] [1775240128.444375014] [aic_model]: z_offset: 0.087
[INFO] [1775240128.444759894] [aic_model]: pfrac: 1.0 xy_error: -0.000146 -7.85e-05   integrators: -0.0155 , 0.0351
[INFO] [1775240128.494343376] [aic_model]: z_offset: 0.0865
[INFO] [1775240128.494711845] [aic_model]: pfrac: 1.0 xy_error: -0.000145 -7.87e-05   integrators: -0.0157 , 0.035
[INFO] [1775240128.544330513] [aic_model]: z_offset: 0.086
[INFO] [1775240128.544737804] [aic_model]: pfrac: 1.0 xy_error: -0.000146 -7.83e-05   integrators: -0.0158 , 0.0349
[INFO] [1775240128.594355290] [aic_model]: z_offset: 0.0855
[INFO] [1775240128.594734319] [aic_model]: pfrac: 1.0 xy_error: -0.000146 -7.88e-05   integrators: -0.0159 , 0.0348
[INFO] [1775240128.644478140] [aic_model]: z_offset: 0.085
[INFO] [1775240128.644848804] [aic_model]: pfrac: 1.0 xy_error: -0.000145 -7.8e-05   integrators: -0.0161 , 0.0347
[INFO] [1775240128.694233554] [aic_model]: z_offset: 0.0845
[INFO] [1775240128.694611911] [aic_model]: pfrac: 1.0 xy_error: -0.000145 -7.83e-05   integrators: -0.0162 , 0.0347
[INFO] [1775240128.744377423] [aic_model]: z_offset: 0.084
[INFO] [1775240128.744890343] [aic_model]: pfrac: 1.0 xy_error: -0.000145 -7.87e-05   integrators: -0.0164 , 0.0346
[INFO] [1775240128.794187689] [aic_model]: z_offset: 0.0835
[INFO] [1775240128.794586275] [aic_model]: pfrac: 1.0 xy_error: -0.000145 -7.78e-05   integrators: -0.0165 , 0.0345
[INFO] [1775240128.844323494] [aic_model]: z_offset: 0.083
[INFO] [1775240128.844706330] [aic_model]: pfrac: 1.0 xy_error: -0.000145 -7.78e-05   integrators: -0.0167 , 0.0344
[INFO] [1775240128.894353802] [aic_model]: z_offset: 0.0825
[INFO] [1775240128.894732791] [aic_model]: pfrac: 1.0 xy_error: -0.000145 -7.79e-05   integrators: -0.0168 , 0.0344
[INFO] [1775240128.944238787] [aic_model]: z_offset: 0.082
[INFO] [1775240128.944613508] [aic_model]: pfrac: 1.0 xy_error: -0.000145 -7.77e-05   integrators: -0.017 , 0.0343
[INFO] [1775240128.994376656] [aic_model]: z_offset: 0.0815
[INFO] [1775240128.994752248] [aic_model]: pfrac: 1.0 xy_error: -0.000145 -7.8e-05   integrators: -0.0171 , 0.0342
[INFO] [1775240129.044268334] [aic_model]: z_offset: 0.081
[INFO] [1775240129.044657202] [aic_model]: pfrac: 1.0 xy_error: -0.000145 -7.78e-05   integrators: -0.0173 , 0.0341
[INFO] [1775240129.094358904] [aic_model]: z_offset: 0.0805
[INFO] [1775240129.094745798] [aic_model]: pfrac: 1.0 xy_error: -0.000145 -7.81e-05   integrators: -0.0174 , 0.034
[INFO] [1775240129.144399130] [aic_model]: z_offset: 0.08
[INFO] [1775240129.144774222] [aic_model]: pfrac: 1.0 xy_error: -0.000145 -7.78e-05   integrators: -0.0175 , 0.034
[INFO] [1775240129.146693963] [aic_model]: insert_cable execute loop
[INFO] [1775240129.194483409] [aic_model]: z_offset: 0.0795
[INFO] [1775240129.194845115] [aic_model]: pfrac: 1.0 xy_error: -0.000145 -7.82e-05   integrators: -0.0177 , 0.0339
[INFO] [1775240129.244526150] [aic_model]: z_offset: 0.079
[INFO] [1775240129.245028599] [aic_model]: pfrac: 1.0 xy_error: -0.000145 -7.8e-05   integrators: -0.0178 , 0.0338
[INFO] [1775240129.294561877] [aic_model]: z_offset: 0.0785
[INFO] [1775240129.294930867] [aic_model]: pfrac: 1.0 xy_error: -0.000144 -7.83e-05   integrators: -0.018 , 0.0337
[INFO] [1775240129.344337849] [aic_model]: z_offset: 0.078
[INFO] [1775240129.344709514] [aic_model]: pfrac: 1.0 xy_error: -0.000145 -7.81e-05   integrators: -0.0181 , 0.0336
[INFO] [1775240129.394312953] [aic_model]: z_offset: 0.0775
[INFO] [1775240129.394688385] [aic_model]: pfrac: 1.0 xy_error: -0.000144 -7.79e-05   integrators: -0.0183 , 0.0336
[INFO] [1775240129.444254324] [aic_model]: z_offset: 0.077
[INFO] [1775240129.444660674] [aic_model]: pfrac: 1.0 xy_error: -0.000144 -7.83e-05   integrators: -0.0184 , 0.0335
[INFO] [1775240129.494217466] [aic_model]: z_offset: 0.0765
[INFO] [1775240129.494599240] [aic_model]: pfrac: 1.0 xy_error: -0.000145 -7.79e-05   integrators: -0.0186 , 0.0334
[INFO] [1775240129.544358180] [aic_model]: z_offset: 0.076
[INFO] [1775240129.544730527] [aic_model]: pfrac: 1.0 xy_error: -0.000143 -7.84e-05   integrators: -0.0187 , 0.0333
[INFO] [1775240129.594363932] [aic_model]: z_offset: 0.0755
[INFO] [1775240129.594871070] [aic_model]: pfrac: 1.0 xy_error: -0.000143 -7.78e-05   integrators: -0.0188 , 0.0333
[INFO] [1775240129.644340338] [aic_model]: z_offset: 0.075
[INFO] [1775240129.644709058] [aic_model]: pfrac: 1.0 xy_error: -0.000143 -7.76e-05   integrators: -0.019 , 0.0332
[INFO] [1775240129.694343705] [aic_model]: z_offset: 0.0745
[INFO] [1775240129.694714228] [aic_model]: pfrac: 1.0 xy_error: -0.000143 -7.76e-05   integrators: -0.0191 , 0.0331
[INFO] [1775240129.744274096] [aic_model]: z_offset: 0.074
[INFO] [1775240129.744647434] [aic_model]: pfrac: 1.0 xy_error: -0.000143 -7.81e-05   integrators: -0.0193 , 0.033
[INFO] [1775240129.794505550] [aic_model]: z_offset: 0.0735
[INFO] [1775240129.795059726] [aic_model]: pfrac: 1.0 xy_error: -0.000144 -7.76e-05   integrators: -0.0194 , 0.0329
[INFO] [1775240129.844301349] [aic_model]: z_offset: 0.073
[INFO] [1775240129.844692410] [aic_model]: pfrac: 1.0 xy_error: -0.000143 -7.87e-05   integrators: -0.0196 , 0.0329
[INFO] [1775240129.894307230] [aic_model]: z_offset: 0.0725
[INFO] [1775240129.894816673] [aic_model]: pfrac: 1.0 xy_error: -0.000143 -7.82e-05   integrators: -0.0197 , 0.0328
[INFO] [1775240129.944421325] [aic_model]: z_offset: 0.072
[INFO] [1775240129.944785716] [aic_model]: pfrac: 1.0 xy_error: -0.000142 -7.84e-05   integrators: -0.0198 , 0.0327
[INFO] [1775240129.994408301] [aic_model]: z_offset: 0.0715
[INFO] [1775240129.994784835] [aic_model]: pfrac: 1.0 xy_error: -0.000142 -7.81e-05   integrators: -0.02 , 0.0326
[INFO] [1775240130.044551780] [aic_model]: z_offset: 0.071
[INFO] [1775240130.045036637] [aic_model]: pfrac: 1.0 xy_error: -0.000141 -7.83e-05   integrators: -0.0201 , 0.0326
[INFO] [1775240130.094250077] [aic_model]: z_offset: 0.0705
[INFO] [1775240130.094619858] [aic_model]: pfrac: 1.0 xy_error: -0.000142 -7.77e-05   integrators: -0.0203 , 0.0325
[INFO] [1775240130.144222406] [aic_model]: z_offset: 0.07
[INFO] [1775240130.144594993] [aic_model]: pfrac: 1.0 xy_error: -0.000141 -7.8e-05   integrators: -0.0204 , 0.0324
[INFO] [1775240130.146592268] [aic_model]: insert_cable execute loop
[INFO] [1775240130.194437088] [aic_model]: z_offset: 0.0695
[INFO] [1775240130.194946871] [aic_model]: pfrac: 1.0 xy_error: -0.00014 -7.82e-05   integrators: -0.0205 , 0.0323
[INFO] [1775240130.244432681] [aic_model]: z_offset: 0.069
[INFO] [1775240130.244803033] [aic_model]: pfrac: 1.0 xy_error: -0.000142 -7.72e-05   integrators: -0.0207 , 0.0322
[INFO] [1775240130.294275046] [aic_model]: z_offset: 0.0685
[INFO] [1775240130.294647563] [aic_model]: pfrac: 1.0 xy_error: -0.00014 -7.85e-05   integrators: -0.0208 , 0.0322
[INFO] [1775240130.344321925] [aic_model]: z_offset: 0.068
[INFO] [1775240130.344699952] [aic_model]: pfrac: 1.0 xy_error: -0.000141 -7.74e-05   integrators: -0.021 , 0.0321
[INFO] [1775240130.394402967] [aic_model]: z_offset: 0.0675
[INFO] [1775240130.394775685] [aic_model]: pfrac: 1.0 xy_error: -0.00014 -7.76e-05   integrators: -0.0211 , 0.032
[INFO] [1775240130.444496573] [aic_model]: z_offset: 0.067
[INFO] [1775240130.444865313] [aic_model]: pfrac: 1.0 xy_error: -0.00014 -7.74e-05   integrators: -0.0212 , 0.0319
[INFO] [1775240130.494341043] [aic_model]: z_offset: 0.0665
[INFO] [1775240130.494715173] [aic_model]: pfrac: 1.0 xy_error: -0.000139 -7.78e-05   integrators: -0.0214 , 0.0319
[INFO] [1775240130.544321387] [aic_model]: z_offset: 0.066
[INFO] [1775240130.544704333] [aic_model]: pfrac: 1.0 xy_error: -0.00014 -7.71e-05   integrators: -0.0215 , 0.0318
[INFO] [1775240130.594497057] [aic_model]: z_offset: 0.0655
[INFO] [1775240130.594878209] [aic_model]: pfrac: 1.0 xy_error: -0.00014 -7.71e-05   integrators: -0.0217 , 0.0317
[INFO] [1775240130.644226922] [aic_model]: z_offset: 0.065
[INFO] [1775240130.644605651] [aic_model]: pfrac: 1.0 xy_error: -0.000141 -7.73e-05   integrators: -0.0218 , 0.0316
[INFO] [1775240130.694434691] [aic_model]: z_offset: 0.0645
[INFO] [1775240130.694797290] [aic_model]: pfrac: 1.0 xy_error: -0.000139 -7.8e-05   integrators: -0.0219 , 0.0315
[INFO] [1775240130.744386973] [aic_model]: z_offset: 0.064
[INFO] [1775240130.744820694] [aic_model]: pfrac: 1.0 xy_error: -0.000139 -7.78e-05   integrators: -0.0221 , 0.0315
[INFO] [1775240130.794285033] [aic_model]: z_offset: 0.0635
[INFO] [1775240130.794675423] [aic_model]: pfrac: 1.0 xy_error: -0.00014 -7.7e-05   integrators: -0.0222 , 0.0314
[INFO] [1775240130.844232586] [aic_model]: z_offset: 0.063
[INFO] [1775240130.844617125] [aic_model]: pfrac: 1.0 xy_error: -0.00014 -7.57e-05   integrators: -0.0224 , 0.0313
[INFO] [1775240130.894159099] [aic_model]: z_offset: 0.0625
[INFO] [1775240130.894548999] [aic_model]: pfrac: 1.0 xy_error: -0.00014 -7.67e-05   integrators: -0.0225 , 0.0312
[INFO] [1775240130.944248096] [aic_model]: z_offset: 0.062
[INFO] [1775240130.944635992] [aic_model]: pfrac: 1.0 xy_error: -0.000139 -7.81e-05   integrators: -0.0226 , 0.0312
[INFO] [1775240130.994246053] [aic_model]: z_offset: 0.0615
[INFO] [1775240130.994619782] [aic_model]: pfrac: 1.0 xy_error: -0.00014 -7.66e-05   integrators: -0.0228 , 0.0311
[INFO] [1775240131.044433785] [aic_model]: z_offset: 0.061
[INFO] [1775240131.044802174] [aic_model]: pfrac: 1.0 xy_error: -0.00014 -7.73e-05   integrators: -0.0229 , 0.031
[INFO] [1775240131.094513305] [aic_model]: z_offset: 0.0605
[INFO] [1775240131.094888306] [aic_model]: pfrac: 1.0 xy_error: -0.00014 -7.77e-05   integrators: -0.0231 , 0.0309
[INFO] [1775240131.144246807] [aic_model]: z_offset: 0.06
[INFO] [1775240131.144635003] [aic_model]: pfrac: 1.0 xy_error: -0.00014 -7.69e-05   integrators: -0.0232 , 0.0309
[INFO] [1775240131.146494662] [aic_model]: insert_cable execute loop
[INFO] [1775240131.194199409] [aic_model]: z_offset: 0.0595
[INFO] [1775240131.194580943] [aic_model]: pfrac: 1.0 xy_error: -0.000141 -7.68e-05   integrators: -0.0233 , 0.0308
[INFO] [1775240131.244338611] [aic_model]: z_offset: 0.059
[INFO] [1775240131.244714103] [aic_model]: pfrac: 1.0 xy_error: -0.00014 -7.75e-05   integrators: -0.0235 , 0.0307
[INFO] [1775240131.294306742] [aic_model]: z_offset: 0.0585
[INFO] [1775240131.294682094] [aic_model]: pfrac: 1.0 xy_error: -0.00014 -7.74e-05   integrators: -0.0236 , 0.0306
[INFO] [1775240131.344240298] [aic_model]: z_offset: 0.058
[INFO] [1775240131.344602395] [aic_model]: pfrac: 1.0 xy_error: -0.00014 -7.7e-05   integrators: -0.0238 , 0.0305
[INFO] [1775240131.394462625] [aic_model]: z_offset: 0.0575
[INFO] [1775240131.394832938] [aic_model]: pfrac: 1.0 xy_error: -0.00014 -7.66e-05   integrators: -0.0239 , 0.0305
[INFO] [1775240131.444199083] [aic_model]: z_offset: 0.057
[INFO] [1775240131.444575246] [aic_model]: pfrac: 1.0 xy_error: -0.00014 -7.77e-05   integrators: -0.024 , 0.0304
[INFO] [1775240131.494312746] [aic_model]: z_offset: 0.0565
[INFO] [1775240131.494679162] [aic_model]: pfrac: 1.0 xy_error: -0.00014 -7.7e-05   integrators: -0.0242 , 0.0303
[INFO] [1775240131.544365776] [aic_model]: z_offset: 0.056
[INFO] [1775240131.544747129] [aic_model]: pfrac: 1.0 xy_error: -0.00014 -7.71e-05   integrators: -0.0243 , 0.0302
[INFO] [1775240131.594150935] [aic_model]: z_offset: 0.0555
[INFO] [1775240131.594519554] [aic_model]: pfrac: 1.0 xy_error: -0.00014 -7.73e-05   integrators: -0.0245 , 0.0302
[INFO] [1775240131.644424357] [aic_model]: z_offset: 0.055
[INFO] [1775240131.644796043] [aic_model]: pfrac: 1.0 xy_error: -0.00014 -7.7e-05   integrators: -0.0246 , 0.0301
[INFO] [1775240131.694173078] [aic_model]: z_offset: 0.0545
[INFO] [1775240131.694543631] [aic_model]: pfrac: 1.0 xy_error: -0.00014 -7.73e-05   integrators: -0.0247 , 0.03
[INFO] [1775240131.744402338] [aic_model]: z_offset: 0.054
[INFO] [1775240131.744905900] [aic_model]: pfrac: 1.0 xy_error: -0.000141 -7.76e-05   integrators: -0.0249 , 0.0299
[INFO] [1775240131.794679577] [aic_model]: z_offset: 0.0535
[INFO] [1775240131.795984358] [aic_model]: pfrac: 1.0 xy_error: -0.00014 -7.72e-05   integrators: -0.025 , 0.0298
[INFO] [1775240131.844240296] [aic_model]: z_offset: 0.053
[INFO] [1775240131.844615278] [aic_model]: pfrac: 1.0 xy_error: -0.000141 -7.67e-05   integrators: -0.0252 , 0.0298
[INFO] [1775240131.894259744] [aic_model]: z_offset: 0.0525
[INFO] [1775240131.894632921] [aic_model]: pfrac: 1.0 xy_error: -0.00014 -7.75e-05   integrators: -0.0253 , 0.0297
[INFO] [1775240131.944279081] [aic_model]: z_offset: 0.052
[INFO] [1775240131.944644444] [aic_model]: pfrac: 1.0 xy_error: -0.000141 -7.66e-05   integrators: -0.0254 , 0.0296
[INFO] [1775240131.994324556] [aic_model]: z_offset: 0.0515
[INFO] [1775240131.994697885] [aic_model]: pfrac: 1.0 xy_error: -0.000141 -7.63e-05   integrators: -0.0256 , 0.0295
[INFO] [1775240132.044247363] [aic_model]: z_offset: 0.051
[INFO] [1775240132.044618898] [aic_model]: pfrac: 1.0 xy_error: -0.00014 -7.71e-05   integrators: -0.0257 , 0.0295
[INFO] [1775240132.094274554] [aic_model]: z_offset: 0.0505
[INFO] [1775240132.094654675] [aic_model]: pfrac: 1.0 xy_error: -0.000141 -7.77e-05   integrators: -0.0259 , 0.0294
[INFO] [1775240132.144401422] [aic_model]: z_offset: 0.05
[INFO] [1775240132.144914452] [aic_model]: pfrac: 1.0 xy_error: -0.000141 -7.74e-05   integrators: -0.026 , 0.0293
[INFO] [1775240132.146714148] [aic_model]: insert_cable execute loop
[INFO] [1775240132.194117092] [aic_model]: z_offset: 0.0495
[INFO] [1775240132.194477345] [aic_model]: pfrac: 1.0 xy_error: -0.000141 -7.74e-05   integrators: -0.0262 , 0.0292
[INFO] [1775240132.244380655] [aic_model]: z_offset: 0.049
[INFO] [1775240132.244750227] [aic_model]: pfrac: 1.0 xy_error: -0.000141 -7.72e-05   integrators: -0.0263 , 0.0292
[INFO] [1775240132.294248870] [aic_model]: z_offset: 0.0485
[INFO] [1775240132.294609234] [aic_model]: pfrac: 1.0 xy_error: -0.000142 -7.69e-05   integrators: -0.0264 , 0.0291
[INFO] [1775240132.344210869] [aic_model]: z_offset: 0.048
[INFO] [1775240132.344596441] [aic_model]: pfrac: 1.0 xy_error: -0.000141 -7.72e-05   integrators: -0.0266 , 0.029
[INFO] [1775240132.394233402] [aic_model]: z_offset: 0.0475
[INFO] [1775240132.394605048] [aic_model]: pfrac: 1.0 xy_error: -0.000141 -7.7e-05   integrators: -0.0267 , 0.0289
[INFO] [1775240132.444236779] [aic_model]: z_offset: 0.047
[INFO] [1775240132.444613444] [aic_model]: pfrac: 1.0 xy_error: -0.000141 -7.66e-05   integrators: -0.0269 , 0.0288
[INFO] [1775240132.494215741] [aic_model]: z_offset: 0.0465
[INFO] [1775240132.494584260] [aic_model]: pfrac: 1.0 xy_error: -0.000142 -7.72e-05   integrators: -0.027 , 0.0288
[INFO] [1775240132.544501997] [aic_model]: z_offset: 0.046
[INFO] [1775240132.544881387] [aic_model]: pfrac: 1.0 xy_error: -0.000142 -7.6e-05   integrators: -0.0271 , 0.0287
[INFO] [1775240132.594171921] [aic_model]: z_offset: 0.0455
[INFO] [1775240132.594543556] [aic_model]: pfrac: 1.0 xy_error: -0.000142 -7.73e-05   integrators: -0.0273 , 0.0286
[INFO] [1775240132.644416609] [aic_model]: z_offset: 0.045
[INFO] [1775240132.644790659] [aic_model]: pfrac: 1.0 xy_error: -0.000142 -7.65e-05   integrators: -0.0274 , 0.0285
[INFO] [1775240132.694279373] [aic_model]: z_offset: 0.0445
[INFO] [1775240132.694655116] [aic_model]: pfrac: 1.0 xy_error: -0.000142 -7.7e-05   integrators: -0.0276 , 0.0285
[INFO] [1775240132.744343895] [aic_model]: z_offset: 0.044
[INFO] [1775240132.744729235] [aic_model]: pfrac: 1.0 xy_error: -0.000141 -7.68e-05   integrators: -0.0277 , 0.0284
[INFO] [1775240132.794257474] [aic_model]: z_offset: 0.0435
[INFO] [1775240132.794627817] [aic_model]: pfrac: 1.0 xy_error: -0.000142 -7.72e-05   integrators: -0.0279 , 0.0283
[INFO] [1775240132.844333116] [aic_model]: z_offset: 0.043
[INFO] [1775240132.844700273] [aic_model]: pfrac: 1.0 xy_error: -0.000142 -7.72e-05   integrators: -0.028 , 0.0282
[INFO] [1775240132.894242718] [aic_model]: z_offset: 0.0425
[INFO] [1775240132.894618160] [aic_model]: pfrac: 1.0 xy_error: -0.000142 -7.77e-05   integrators: -0.0281 , 0.0282
[INFO] [1775240132.944179030] [aic_model]: z_offset: 0.042
[INFO] [1775240132.944565302] [aic_model]: pfrac: 1.0 xy_error: -0.000143 -7.76e-05   integrators: -0.0283 , 0.0281
[INFO] [1775240132.994270211] [aic_model]: z_offset: 0.0415
[INFO] [1775240132.994638269] [aic_model]: pfrac: 1.0 xy_error: -0.000142 -7.67e-05   integrators: -0.0284 , 0.028
[INFO] [1775240133.046202977] [aic_model]: z_offset: 0.041
[INFO] [1775240133.046575083] [aic_model]: pfrac: 1.0 xy_error: -0.000142 -7.72e-05   integrators: -0.0286 , 0.0279
[INFO] [1775240133.096832846] [aic_model]: z_offset: 0.0405
[INFO] [1775240133.098119021] [aic_model]: pfrac: 1.0 xy_error: -0.000143 -7.71e-05   integrators: -0.0287 , 0.0278
[INFO] [1775240133.146732729] [aic_model]: insert_cable execute loop
[INFO] [1775240133.148326771] [aic_model]: z_offset: 0.04
[INFO] [1775240133.148673159] [aic_model]: pfrac: 1.0 xy_error: -0.000142 -7.67e-05   integrators: -0.0289 , 0.0278
[INFO] [1775240133.198673350] [aic_model]: z_offset: 0.0395
[INFO] [1775240133.199043783] [aic_model]: pfrac: 1.0 xy_error: -0.000143 -7.6e-05   integrators: -0.029 , 0.0277
[INFO] [1775240133.248321022] [aic_model]: z_offset: 0.039
[INFO] [1775240133.248689581] [aic_model]: pfrac: 1.0 xy_error: -0.000142 -7.79e-05   integrators: -0.0291 , 0.0276
[INFO] [1775240133.298117772] [aic_model]: z_offset: 0.0385
[INFO] [1775240133.298489177] [aic_model]: pfrac: 1.0 xy_error: -0.000143 -7.64e-05   integrators: -0.0293 , 0.0275
[INFO] [1775240133.348264608] [aic_model]: z_offset: 0.038
[INFO] [1775240133.348634710] [aic_model]: pfrac: 1.0 xy_error: -0.000142 -7.71e-05   integrators: -0.0294 , 0.0275
[INFO] [1775240133.398330031] [aic_model]: z_offset: 0.0375
[INFO] [1775240133.398759965] [aic_model]: pfrac: 1.0 xy_error: -0.000142 -7.64e-05   integrators: -0.0296 , 0.0274
[INFO] [1775240133.448192124] [aic_model]: z_offset: 0.037
[INFO] [1775240133.448567296] [aic_model]: pfrac: 1.0 xy_error: -0.000142 -7.65e-05   integrators: -0.0297 , 0.0273
[INFO] [1775240133.498147922] [aic_model]: z_offset: 0.0365
[INFO] [1775240133.498526420] [aic_model]: pfrac: 1.0 xy_error: -0.000143 -7.77e-05   integrators: -0.0298 , 0.0272
[INFO] [1775240133.548213826] [aic_model]: z_offset: 0.036
[INFO] [1775240133.548586463] [aic_model]: pfrac: 1.0 xy_error: -0.000143 -7.59e-05   integrators: -0.03 , 0.0272
[INFO] [1775240133.598212214] [aic_model]: z_offset: 0.0355
[INFO] [1775240133.598584430] [aic_model]: pfrac: 1.0 xy_error: -0.000143 -7.64e-05   integrators: -0.0301 , 0.0271
[INFO] [1775240133.648395117] [aic_model]: z_offset: 0.035
[INFO] [1775240133.648763686] [aic_model]: pfrac: 1.0 xy_error: -0.000143 -7.75e-05   integrators: -0.0303 , 0.027
[INFO] [1775240133.698119572] [aic_model]: z_offset: 0.0345
[INFO] [1775240133.698478994] [aic_model]: pfrac: 1.0 xy_error: -0.000144 -7.65e-05   integrators: -0.0304 , 0.0269
[INFO] [1775240133.748208810] [aic_model]: z_offset: 0.034
[INFO] [1775240133.748590163] [aic_model]: pfrac: 1.0 xy_error: -0.000143 -7.78e-05   integrators: -0.0306 , 0.0268
[INFO] [1775240133.798170028] [aic_model]: z_offset: 0.0335
[INFO] [1775240133.798546963] [aic_model]: pfrac: 1.0 xy_error: -0.000144 -7.63e-05   integrators: -0.0307 , 0.0268
[INFO] [1775240133.848098295] [aic_model]: z_offset: 0.033
[INFO] [1775240133.848464540] [aic_model]: pfrac: 1.0 xy_error: -0.000143 -7.64e-05   integrators: -0.0308 , 0.0267
[INFO] [1775240133.898093146] [aic_model]: z_offset: 0.0325
[INFO] [1775240133.898456215] [aic_model]: pfrac: 1.0 xy_error: -0.000143 -7.78e-05   integrators: -0.031 , 0.0266
[INFO] [1775240133.948108375] [aic_model]: z_offset: 0.032
[INFO] [1775240133.948483868] [aic_model]: pfrac: 1.0 xy_error: -0.000144 -7.72e-05   integrators: -0.0311 , 0.0265
[INFO] [1775240133.998204226] [aic_model]: z_offset: 0.0315
[INFO] [1775240133.998574538] [aic_model]: pfrac: 1.0 xy_error: -0.000141 -7.65e-05   integrators: -0.0313 , 0.0265
[INFO] [1775240134.048093028] [aic_model]: z_offset: 0.031
[INFO] [1775240134.048466617] [aic_model]: pfrac: 1.0 xy_error: -0.000144 -7.76e-05   integrators: -0.0314 , 0.0264
[INFO] [1775240134.098100784] [aic_model]: z_offset: 0.0305
[INFO] [1775240134.098475905] [aic_model]: pfrac: 1.0 xy_error: -0.000143 -7.59e-05   integrators: -0.0316 , 0.0263
[INFO] [1775240134.146311087] [aic_model]: insert_cable execute loop
[INFO] [1775240134.148093391] [aic_model]: z_offset: 0.03
[INFO] [1775240134.148425272] [aic_model]: pfrac: 1.0 xy_error: -0.000144 -7.69e-05   integrators: -0.0317 , 0.0262
[INFO] [1775240134.198112648] [aic_model]: z_offset: 0.0295
[INFO] [1775240134.198479273] [aic_model]: pfrac: 1.0 xy_error: -0.000143 -7.68e-05   integrators: -0.0319 , 0.0262
[INFO] [1775240134.248271145] [aic_model]: z_offset: 0.029
[INFO] [1775240134.248660323] [aic_model]: pfrac: 1.0 xy_error: -0.000144 -7.57e-05   integrators: -0.032 , 0.0261
[INFO] [1775240134.299972498] [aic_model]: z_offset: 0.0285
[INFO] [1775240134.300356997] [aic_model]: pfrac: 1.0 xy_error: -0.000143 -7.79e-05   integrators: -0.0321 , 0.026
[INFO] [1775240134.350129382] [aic_model]: z_offset: 0.028
[INFO] [1775240134.350497220] [aic_model]: pfrac: 1.0 xy_error: -0.000144 -7.57e-05   integrators: -0.0323 , 0.0259
[INFO] [1775240134.400111499] [aic_model]: z_offset: 0.0275
[INFO] [1775240134.400486491] [aic_model]: pfrac: 1.0 xy_error: -0.000144 -7.68e-05   integrators: -0.0324 , 0.0258
[INFO] [1775240134.450204043] [aic_model]: z_offset: 0.027
[INFO] [1775240134.450581730] [aic_model]: pfrac: 1.0 xy_error: -0.000144 -7.61e-05   integrators: -0.0326 , 0.0258
[INFO] [1775240134.501893053] [aic_model]: z_offset: 0.0265
[INFO] [1775240134.502285487] [aic_model]: pfrac: 1.0 xy_error: -0.000144 -7.62e-05   integrators: -0.0327 , 0.0257
[INFO] [1775240134.552136279] [aic_model]: z_offset: 0.026
[INFO] [1775240134.552508105] [aic_model]: pfrac: 1.0 xy_error: -0.000144 -7.71e-05   integrators: -0.0329 , 0.0256
[INFO] [1775240134.602159323] [aic_model]: z_offset: 0.0255
[INFO] [1775240134.602531689] [aic_model]: pfrac: 1.0 xy_error: -0.000145 -7.62e-05   integrators: -0.033 , 0.0255
[INFO] [1775240134.652116013] [aic_model]: z_offset: 0.025
[INFO] [1775240134.652487838] [aic_model]: pfrac: 1.0 xy_error: -0.000144 -7.55e-05   integrators: -0.0331 , 0.0255
[INFO] [1775240134.702101797] [aic_model]: z_offset: 0.0245
[INFO] [1775240134.702466950] [aic_model]: pfrac: 1.0 xy_error: -0.000144 -7.67e-05   integrators: -0.0333 , 0.0254
[INFO] [1775240134.752137335] [aic_model]: z_offset: 0.024
[INFO] [1775240134.752503890] [aic_model]: pfrac: 1.0 xy_error: -0.000143 -7.73e-05   integrators: -0.0334 , 0.0253
[INFO] [1775240134.802153285] [aic_model]: z_offset: 0.0235
[INFO] [1775240134.802549176] [aic_model]: pfrac: 1.0 xy_error: -0.000145 -7.67e-05   integrators: -0.0336 , 0.0252
[INFO] [1775240134.852175507] [aic_model]: z_offset: 0.023
[INFO] [1775240134.852555458] [aic_model]: pfrac: 1.0 xy_error: -0.000144 -7.53e-05   integrators: -0.0337 , 0.0252
[INFO] [1775240134.902146815] [aic_model]: z_offset: 0.0225
[INFO] [1775240134.902519782] [aic_model]: pfrac: 1.0 xy_error: -0.000145 -7.59e-05   integrators: -0.0339 , 0.0251
[INFO] [1775240134.952096511] [aic_model]: z_offset: 0.022
[INFO] [1775240134.952468918] [aic_model]: pfrac: 1.0 xy_error: -0.000144 -7.69e-05   integrators: -0.034 , 0.025
[INFO] [1775240135.002119736] [aic_model]: z_offset: 0.0215
[INFO] [1775240135.002488305] [aic_model]: pfrac: 1.0 xy_error: -0.000144 -7.64e-05   integrators: -0.0342 , 0.0249
[INFO] [1775240135.052279445] [aic_model]: z_offset: 0.021
[INFO] [1775240135.052695013] [aic_model]: pfrac: 1.0 xy_error: -0.000145 -7.6e-05   integrators: -0.0343 , 0.0249
[INFO] [1775240135.102186673] [aic_model]: z_offset: 0.0205
[INFO] [1775240135.102590768] [aic_model]: pfrac: 1.0 xy_error: -0.000144 -7.63e-05   integrators: -0.0344 , 0.0248
[INFO] [1775240135.146387927] [aic_model]: insert_cable execute loop
[INFO] [1775240135.152062601] [aic_model]: z_offset: 0.02
[INFO] [1775240135.152401215] [aic_model]: pfrac: 1.0 xy_error: -0.000145 -7.62e-05   integrators: -0.0346 , 0.0247
[INFO] [1775240135.202223202] [aic_model]: z_offset: 0.0195
[INFO] [1775240135.202607832] [aic_model]: pfrac: 1.0 xy_error: -0.000145 -7.72e-05   integrators: -0.0347 , 0.0246
[INFO] [1775240135.252120371] [aic_model]: z_offset: 0.019
[INFO] [1775240135.252505361] [aic_model]: pfrac: 1.0 xy_error: -0.000144 -7.51e-05   integrators: -0.0349 , 0.0246
[INFO] [1775240135.302108800] [aic_model]: z_offset: 0.0185
[INFO] [1775240135.302479053] [aic_model]: pfrac: 1.0 xy_error: -0.000145 -7.62e-05   integrators: -0.035 , 0.0245
[INFO] [1775240135.352264512] [aic_model]: z_offset: 0.018
[INFO] [1775240135.352781409] [aic_model]: pfrac: 1.0 xy_error: -0.000145 -7.57e-05   integrators: -0.0352 , 0.0244
[INFO] [1775240135.402150680] [aic_model]: z_offset: 0.0175
[INFO] [1775240135.402520382] [aic_model]: pfrac: 1.0 xy_error: -0.000145 -7.51e-05   integrators: -0.0353 , 0.0243
[INFO] [1775240135.452083696] [aic_model]: z_offset: 0.017
[INFO] [1775240135.452449169] [aic_model]: pfrac: 1.0 xy_error: -0.000145 -7.61e-05   integrators: -0.0355 , 0.0242
[INFO] [1775240135.502158627] [aic_model]: z_offset: 0.0165
[INFO] [1775240135.502535021] [aic_model]: pfrac: 1.0 xy_error: -0.000145 -7.59e-05   integrators: -0.0356 , 0.0242
[INFO] [1775240135.552141375] [aic_model]: z_offset: 0.016
[INFO] [1775240135.552523410] [aic_model]: pfrac: 1.0 xy_error: -0.000146 -7.66e-05   integrators: -0.0357 , 0.0241
[INFO] [1775240135.602127089] [aic_model]: z_offset: 0.0155
[INFO] [1775240135.602498174] [aic_model]: pfrac: 1.0 xy_error: -0.000145 -7.57e-05   integrators: -0.0359 , 0.024
[INFO] [1775240135.652141768] [aic_model]: z_offset: 0.015
[INFO] [1775240135.652516649] [aic_model]: pfrac: 1.0 xy_error: -0.000146 -7.42e-05   integrators: -0.036 , 0.0239
[INFO] [1775240135.702232448] [aic_model]: z_offset: 0.0145
[INFO] [1775240135.702604233] [aic_model]: pfrac: 1.0 xy_error: -0.000143 -7.57e-05   integrators: -0.0362 , 0.0239
[INFO] [1775240135.752108667] [aic_model]: z_offset: 0.014
[INFO] [1775240135.752479601] [aic_model]: pfrac: 1.0 xy_error: -0.000146 -7.67e-05   integrators: -0.0363 , 0.0238
[INFO] [1775240135.802143083] [aic_model]: z_offset: 0.0135
[INFO] [1775240135.802516912] [aic_model]: pfrac: 1.0 xy_error: -0.000146 -7.58e-05   integrators: -0.0365 , 0.0237
[INFO] [1775240135.852107296] [aic_model]: z_offset: 0.013
[INFO] [1775240135.852470846] [aic_model]: pfrac: 1.0 xy_error: -0.000145 -7.6e-05   integrators: -0.0366 , 0.0236
[INFO] [1775240135.902128377] [aic_model]: z_offset: 0.0125
[INFO] [1775240135.902488130] [aic_model]: pfrac: 1.0 xy_error: -0.000146 -7.51e-05   integrators: -0.0368 , 0.0236
[INFO] [1775240135.952118679] [aic_model]: z_offset: 0.012
[INFO] [1775240135.952478733] [aic_model]: pfrac: 1.0 xy_error: -0.000146 -7.58e-05   integrators: -0.0369 , 0.0235
[INFO] [1775240136.002083685] [aic_model]: z_offset: 0.0115
[INFO] [1775240136.002447385] [aic_model]: pfrac: 1.0 xy_error: -0.000143 -7.58e-05   integrators: -0.0371 , 0.0234
[INFO] [1775240136.052175077] [aic_model]: z_offset: 0.011
[INFO] [1775240136.052546401] [aic_model]: pfrac: 1.0 xy_error: -0.000144 -7.6e-05   integrators: -0.0372 , 0.0233
[INFO] [1775240136.102122559] [aic_model]: z_offset: 0.0105
[INFO] [1775240136.102489345] [aic_model]: pfrac: 1.0 xy_error: -0.000144 -7.73e-05   integrators: -0.0373 , 0.0233
[INFO] [1775240136.146593468] [aic_model]: insert_cable execute loop
[INFO] [1775240136.152066135] [aic_model]: z_offset: 0.01
[INFO] [1775240136.152407894] [aic_model]: pfrac: 1.0 xy_error: -0.000146 -7.59e-05   integrators: -0.0375 , 0.0232
[INFO] [1775240136.202185068] [aic_model]: z_offset: 0.0095
[INFO] [1775240136.202585807] [aic_model]: pfrac: 1.0 xy_error: -0.000146 -7.5e-05   integrators: -0.0376 , 0.0231
[INFO] [1775240136.252172766] [aic_model]: z_offset: 0.009
[INFO] [1775240136.252550011] [aic_model]: pfrac: 1.0 xy_error: -0.000146 -7.53e-05   integrators: -0.0378 , 0.023
[INFO] [1775240136.302114598] [aic_model]: z_offset: 0.0085
[INFO] [1775240136.302479701] [aic_model]: pfrac: 1.0 xy_error: -0.000146 -7.53e-05   integrators: -0.0379 , 0.023
[INFO] [1775240136.352223382] [aic_model]: z_offset: 0.008
[INFO] [1775240136.352725682] [aic_model]: pfrac: 1.0 xy_error: -0.000146 -7.5e-05   integrators: -0.0381 , 0.0229
[INFO] [1775240136.402238251] [aic_model]: z_offset: 0.0075
[INFO] [1775240136.402625395] [aic_model]: pfrac: 1.0 xy_error: -0.000145 -7.45e-05   integrators: -0.0382 , 0.0228
[INFO] [1775240136.452106325] [aic_model]: z_offset: 0.007
[INFO] [1775240136.452476908] [aic_model]: pfrac: 1.0 xy_error: -0.000146 -7.65e-05   integrators: -0.0384 , 0.0227
[INFO] [1775240136.502131172] [aic_model]: z_offset: 0.0065
[INFO] [1775240136.502495473] [aic_model]: pfrac: 1.0 xy_error: -0.000147 -7.56e-05   integrators: -0.0385 , 0.0227
[INFO] [1775240136.552143286] [aic_model]: z_offset: 0.006
[INFO] [1775240136.552521022] [aic_model]: pfrac: 1.0 xy_error: -0.000146 -7.46e-05   integrators: -0.0387 , 0.0226
[INFO] [1775240136.602126966] [aic_model]: z_offset: 0.0055
[INFO] [1775240136.602501957] [aic_model]: pfrac: 1.0 xy_error: -0.000148 -7.56e-05   integrators: -0.0388 , 0.0225
[INFO] [1775240136.652192619] [aic_model]: z_offset: 0.005
[INFO] [1775240136.652694127] [aic_model]: pfrac: 1.0 xy_error: -0.000146 -7.41e-05   integrators: -0.039 , 0.0224
[INFO] [1775240136.702105217] [aic_model]: z_offset: 0.0045
[INFO] [1775240136.702472744] [aic_model]: pfrac: 1.0 xy_error: -0.000147 -7.48e-05   integrators: -0.0391 , 0.0224
[INFO] [1775240136.752246652] [aic_model]: z_offset: 0.004
[INFO] [1775240136.752758800] [aic_model]: pfrac: 1.0 xy_error: -0.000147 -7.52e-05   integrators: -0.0392 , 0.0223
[INFO] [1775240136.802204745] [aic_model]: z_offset: 0.0035
[INFO] [1775240136.802721030] [aic_model]: pfrac: 1.0 xy_error: -0.000147 -7.51e-05   integrators: -0.0394 , 0.0222
[INFO] [1775240136.852131699] [aic_model]: z_offset: 0.003
[INFO] [1775240136.852494748] [aic_model]: pfrac: 1.0 xy_error: -0.000147 -7.43e-05   integrators: -0.0395 , 0.0221
[INFO] [1775240136.902115229] [aic_model]: z_offset: 0.0025
[INFO] [1775240136.902478558] [aic_model]: pfrac: 1.0 xy_error: -0.000148 -7.5e-05   integrators: -0.0397 , 0.0221
[INFO] [1775240136.952200770] [aic_model]: z_offset: 0.002
[INFO] [1775240136.952682922] [aic_model]: pfrac: 1.0 xy_error: -0.000147 -7.41e-05   integrators: -0.0398 , 0.022
[INFO] [1775240137.002110692] [aic_model]: z_offset: 0.0015
[INFO] [1775240137.002474934] [aic_model]: pfrac: 1.0 xy_error: -0.000147 -7.46e-05   integrators: -0.04 , 0.0219
[INFO] [1775240137.052211031] [aic_model]: z_offset: 0.001
[INFO] [1775240137.052581844] [aic_model]: pfrac: 1.0 xy_error: -0.000148 -7.51e-05   integrators: -0.0401 , 0.0218
[INFO] [1775240137.102122596] [aic_model]: z_offset: 0.0005
[INFO] [1775240137.102483912] [aic_model]: pfrac: 1.0 xy_error: -0.000147 -7.58e-05   integrators: -0.0403 , 0.0218
[INFO] [1775240137.146342365] [aic_model]: insert_cable execute loop
[INFO] [1775240137.152037107] [aic_model]: z_offset: -1.6306e-16
[INFO] [1775240137.152375219] [aic_model]: pfrac: 1.0 xy_error: -0.000148 -7.34e-05   integrators: -0.0404 , 0.0217
[INFO] [1775240137.202121065] [aic_model]: z_offset: -0.0005
[INFO] [1775240137.202502819] [aic_model]: pfrac: 1.0 xy_error: -0.000147 -7.41e-05   integrators: -0.0406 , 0.0216
[INFO] [1775240137.252151813] [aic_model]: z_offset: -0.001
[INFO] [1775240137.252526284] [aic_model]: pfrac: 1.0 xy_error: -0.000147 -7.53e-05   integrators: -0.0407 , 0.0215
[INFO] [1775240137.302219671] [aic_model]: z_offset: -0.0015
[INFO] [1775240137.302601175] [aic_model]: pfrac: 1.0 xy_error: -0.000148 -7.58e-05   integrators: -0.0409 , 0.0215
[INFO] [1775240137.352160882] [aic_model]: z_offset: -0.002
[INFO] [1775240137.352529441] [aic_model]: pfrac: 1.0 xy_error: -0.000147 -7.43e-05   integrators: -0.041 , 0.0214
[INFO] [1775240137.402108906] [aic_model]: z_offset: -0.0025
[INFO] [1775240137.402469370] [aic_model]: pfrac: 1.0 xy_error: -0.000148 -7.51e-05   integrators: -0.0412 , 0.0213
[INFO] [1775240137.452160413] [aic_model]: z_offset: -0.003
[INFO] [1775240137.452539542] [aic_model]: pfrac: 1.0 xy_error: -0.000149 -7.45e-05   integrators: -0.0413 , 0.0212
[INFO] [1775240137.502141348] [aic_model]: z_offset: -0.0035
[INFO] [1775240137.502519165] [aic_model]: pfrac: 1.0 xy_error: -0.000148 -7.48e-05   integrators: -0.0415 , 0.0212
[INFO] [1775240137.552126621] [aic_model]: z_offset: -0.004
[INFO] [1775240137.552511401] [aic_model]: pfrac: 1.0 xy_error: -0.000147 -7.42e-05   integrators: -0.0416 , 0.0211
[INFO] [1775240137.602122023] [aic_model]: z_offset: -0.0045
[INFO] [1775240137.602487437] [aic_model]: pfrac: 1.0 xy_error: -0.000147 -7.4e-05   integrators: -0.0418 , 0.021
[INFO] [1775240137.652141531] [aic_model]: z_offset: -0.005
[INFO] [1775240137.652528124] [aic_model]: pfrac: 1.0 xy_error: -0.000149 -7.48e-05   integrators: -0.0419 , 0.0209
[INFO] [1775240137.702168582] [aic_model]: z_offset: -0.0055
[INFO] [1775240137.702555476] [aic_model]: pfrac: 1.0 xy_error: -0.000149 -7.44e-05   integrators: -0.042 , 0.0209
[INFO] [1775240137.753904139] [aic_model]: z_offset: -0.006
[INFO] [1775240137.754293608] [aic_model]: pfrac: 1.0 xy_error: -0.000148 -7.4e-05   integrators: -0.0422 , 0.0208
[INFO] [1775240137.804106398] [aic_model]: z_offset: -0.0065
[INFO] [1775240137.804467774] [aic_model]: pfrac: 1.0 xy_error: -0.000149 -7.49e-05   integrators: -0.0423 , 0.0207
[INFO] [1775240137.854082515] [aic_model]: z_offset: -0.007
[INFO] [1775240137.854447618] [aic_model]: pfrac: 1.0 xy_error: -0.000148 -7.45e-05   integrators: -0.0425 , 0.0206
[INFO] [1775240137.904398236] [aic_model]: z_offset: -0.0075
[INFO] [1775240137.905230393] [aic_model]: pfrac: 1.0 xy_error: -0.000148 -7.38e-05   integrators: -0.0426 , 0.0206
[INFO] [1775240137.954109427] [aic_model]: z_offset: -0.008
[INFO] [1775240137.954470492] [aic_model]: pfrac: 1.0 xy_error: -0.000148 -7.38e-05   integrators: -0.0428 , 0.0205
[INFO] [1775240138.005808325] [aic_model]: z_offset: -0.0085
[INFO] [1775240138.006423516] [aic_model]: pfrac: 1.0 xy_error: -0.000149 -7.48e-05   integrators: -0.0429 , 0.0204
[INFO] [1775240138.056110271] [aic_model]: z_offset: -0.009
[INFO] [1775240138.056475494] [aic_model]: pfrac: 1.0 xy_error: -0.000148 -7.35e-05   integrators: -0.0431 , 0.0203
[INFO] [1775240138.106111444] [aic_model]: z_offset: -0.0095
[INFO] [1775240138.106473792] [aic_model]: pfrac: 1.0 xy_error: -0.000148 -7.37e-05   integrators: -0.0432 , 0.0203
[INFO] [1775240138.146366738] [aic_model]: insert_cable execute loop
[INFO] [1775240138.156063415] [aic_model]: z_offset: -0.01
[INFO] [1775240138.156408550] [aic_model]: pfrac: 1.0 xy_error: -0.000148 -7.32e-05   integrators: -0.0434 , 0.0202
[INFO] [1775240138.206112077] [aic_model]: z_offset: -0.0105
[INFO] [1775240138.206482700] [aic_model]: pfrac: 1.0 xy_error: -0.000148 -7.49e-05   integrators: -0.0435 , 0.0201
[INFO] [1775240138.256138858] [aic_model]: z_offset: -0.011
[INFO] [1775240138.256505273] [aic_model]: pfrac: 1.0 xy_error: -0.000149 -7.38e-05   integrators: -0.0437 , 0.0201
[INFO] [1775240138.306089306] [aic_model]: z_offset: -0.0115
[INFO] [1775240138.306472252] [aic_model]: pfrac: 1.0 xy_error: -0.000148 -7.33e-05   integrators: -0.0438 , 0.02
[INFO] [1775240138.356154038] [aic_model]: z_offset: -0.012
[INFO] [1775240138.356531554] [aic_model]: pfrac: 1.0 xy_error: -0.000149 -7.46e-05   integrators: -0.044 , 0.0199
[INFO] [1775240138.406121828] [aic_model]: z_offset: -0.0125
[INFO] [1775240138.406504194] [aic_model]: pfrac: 1.0 xy_error: -0.000149 -7.41e-05   integrators: -0.0441 , 0.0198
[INFO] [1775240138.456162105] [aic_model]: z_offset: -0.013
[INFO] [1775240138.456542065] [aic_model]: pfrac: 1.0 xy_error: -0.000148 -7.41e-05   integrators: -0.0443 , 0.0198
[INFO] [1775240138.506133021] [aic_model]: z_offset: -0.0135
[INFO] [1775240138.506515476] [aic_model]: pfrac: 1.0 xy_error: -0.000149 -7.43e-05   integrators: -0.0444 , 0.0197
[INFO] [1775240138.556108536] [aic_model]: z_offset: -0.014
[INFO] [1775240138.556473118] [aic_model]: pfrac: 1.0 xy_error: -0.00015 -7.42e-05   integrators: -0.0446 , 0.0196
[INFO] [1775240138.606151457] [aic_model]: z_offset: -0.0145
[INFO] [1775240138.606532169] [aic_model]: pfrac: 1.0 xy_error: -0.000149 -7.26e-05   integrators: -0.0447 , 0.0195
[INFO] [1775240138.656101705] [aic_model]: z_offset: -0.015
[INFO] [1775240138.656467629] [aic_model]: pfrac: 1.0 xy_error: -0.000149 -7.46e-05   integrators: -0.0449 , 0.0195
[INFO] [1775240138.706348968] [aic_model]: Waiting for connector to stabilize...
[INFO] [1775240139.146434812] [aic_model]: insert_cable execute loop
[INFO] [1775240140.146352586] [aic_model]: insert_cable execute loop
[INFO] [1775240141.146312358] [aic_model]: insert_cable execute loop
[INFO] [1775240142.146451666] [aic_model]: insert_cable execute loop
[INFO] [1775240143.146486679] [aic_model]: insert_cable execute loop
[INFO] [1775240143.706159912] [aic_model]: CheatCode.insert_cable() exiting...
[INFO] [1775240144.146385878] [aic_model]: insert_cable() returned True
[INFO] [1775240145.239956673] [aic_model]: on_deactivate(LifecycleState(label='active', state_id=3))
[INFO] [1775240145.700711717] [aic_model]: on_cleanup(LifecycleState(label='inactive', state_id=2))
[INFO] [1775240145.701502486] [aic_model]: on_shutdown(LifecycleState(label='unconfigured', state_id=1))
[ros2run]: Received signal:  Terminated
[ros2run]: Received signal:  Terminated
Traceback (most recent call last):
Exception in thread Thread-1 (run_func):
  File "/home/weed/ws_aic/src/aic/.pixi/envs/default/lib/aic_model/aic_model", line 33, in <module>
Traceback (most recent call last):
  File "/home/weed/ws_aic/src/aic/.pixi/envs/default/lib/python3.12/threading.py", line 1075, in _bootstrap_inner
    sys.exit(load_entry_point('aic_model==0.0.1', 'console_scripts', 'aic_model')())
             ^^^^^^^^^^^^^^^^^^^^^^^^^^^^^^^^^^^^^^^^^^^^^^^^^^^^^^^^^^^^^^^^^^^^^^
  File "/home/weed/ws_aic/src/aic/.pixi/envs/default/lib/python3.12/site-packages/aic_model/aic_model.py", line 329, in main
    executor.spin()
    self.run()
  File "/home/weed/ws_aic/src/aic/.pixi/envs/default/lib/python3.12/site-packages/rclpy/executors.py", line 374, in spin
  File "/home/weed/ws_aic/src/aic/.pixi/envs/default/lib/python3.12/threading.py", line 1012, in run
    self.spin_once()
  File "/home/weed/ws_aic/src/aic/.pixi/envs/default/lib/python3.12/site-packages/rclpy/executors.py", line 1047, in spin_once
    self._target(*self._args, **self._kwargs)
  File "/home/weed/ws_aic/src/aic/.pixi/envs/default/lib/python3.12/site-packages/tf2_ros/transform_listener.py", line 115, in run_func
    self._spin_once_impl(timeout_sec)
  File "/home/weed/ws_aic/src/aic/.pixi/envs/default/lib/python3.12/site-packages/rclpy/executors.py", line 1026, in _spin_once_impl
    self.executor.spin()
    handler, entity, node = self.wait_for_ready_callbacks(
  File "/home/weed/ws_aic/src/aic/.pixi/envs/default/lib/python3.12/site-packages/rclpy/executors.py", line 374, in spin
                            ^^^^^^^^^^^^^^^^^^^^^^^^^^^^^^
  File "/home/weed/ws_aic/src/aic/.pixi/envs/default/lib/python3.12/site-packages/rclpy/executors.py", line 921, in wait_for_ready_callbacks
    self.spin_once()
  File "/home/weed/ws_aic/src/aic/.pixi/envs/default/lib/python3.12/site-packages/rclpy/executors.py", line 968, in spin_once
    return next(self._cb_iter)
           ^^^^^^^^^^^^^^^^^^^
    self._spin_once_impl(timeout_sec)
  File "/home/weed/ws_aic/src/aic/.pixi/envs/default/lib/python3.12/site-packages/rclpy/executors.py", line 799, in _wait_for_ready_callbacks
  File "/home/weed/ws_aic/src/aic/.pixi/envs/default/lib/python3.12/site-packages/rclpy/executors.py", line 951, in _spin_once_impl
    wait_set = _rclpy.WaitSet(
               ^^^^^^^^^^^^^^^
rclpy._rclpy_pybind11.RCLError: failed to initialize wait set: the given context is not valid, either rcl_init() was not called or rcl_shutdown() was called., at /home/runner/conda-bld/bld/rattler-build_ros-kilted-rcl_1769484624/work/ros-kilted-rcl/src/work/src/rcl/wait.c:105
    handler, entity, node = self.wait_for_ready_callbacks(
                            ^^^^^^^^^^^^^^^^^^^^^^^^^^^^^^
  File "/home/weed/ws_aic/src/aic/.pixi/envs/default/lib/python3.12/site-packages/rclpy/executors.py", line 921, in wait_for_ready_callbacks
    return next(self._cb_iter)
           ^^^^^^^^^^^^^^^^^^^
  File "/home/weed/ws_aic/src/aic/.pixi/envs/default/lib/python3.12/site-packages/rclpy/executors.py", line 827, in _wait_for_ready_callbacks
    raise ExternalShutdownException()
rclpy.executors.ExternalShutdownException
[ros2run]: Process exited with failure 1
