ZENOH_CONFIG_OVERRIDE_ROUTER=mode="router";listen/endpoints=["tcp/[::]:7447"];connect/endpoints=[];routing/router/peers_failover_brokering=true;transport/shared_memory/enabled=false
ZENOH_CONFIG_OVERRIDE_PEER=;transport/shared_memory/enabled=false
[2m2026-04-08T10:05:01.169514Z[0m [32m INFO[0m ThreadId(02) [2mzenoh::net::runtime[0m[2m:[0m Using ZID: 231371679743cfdd21986c3bbb92a29a
[2m2026-04-08T10:05:01.169549Z[0m [33m WARN[0m ThreadId(02) [2mzenoh::net::routing::interceptor::authorization[0m[2m:[0m Rule 'deny_rule' flows list is not set. Setting it to both Ingress and Egress
[2m2026-04-08T10:05:01.169962Z[0m [32m INFO[0m ThreadId(02) [2mzenoh::net::runtime::orchestrator[0m[2m:[0m Zenoh can be reached at: tcp/210.223.109.207:7447
[2m2026-04-08T10:05:01.169966Z[0m [32m INFO[0m ThreadId(02) [2mzenoh::net::runtime::orchestrator[0m[2m:[0m Zenoh can be reached at: tcp/[fe80::e421:aab3:b545:6713]:7447
[INFO] [launch]: All log files can be found below /home/yujin/.ros/log/2026-04-08-19-05-01-230680-yujin-ASUS-TUF-Gaming-A14-FA401UV-FA401UV-292481
[INFO] [launch]: Default logging verbosity is set to INFO
[2m2026-04-08T10:05:01.563429Z[0m [32m INFO[0m acc-0 ThreadId(04) [2mzenoh::net::routing::interceptor::access_control[0m[2m:[0m f1284bd3919726237b33a186beffb8d8 did not match any configured ACL subject. Default permission `Allow` will be applied on all messages
Started Zenoh router with id 231371679743cfdd21986c3bbb92a29a
[INFO] [robot_state_publisher-1]: process started with pid [293262]
[INFO] [aic_adapter-2]: process started with pid [293263]
[INFO] [component_container-3]: process started with pid [293264]
[INFO] [gz-4]: process started with pid [293265]
[INFO] [create-5]: process started with pid [293266]
[INFO] [relay-6]: process started with pid [293267]
[INFO] [static_transform_publisher-7]: process started with pid [293268]
[2m2026-04-08T10:05:01.718683Z[0m [32m INFO[0m acc-0 ThreadId(04) [2mzenoh::net::routing::interceptor::access_control[0m[2m:[0m 75304e78e875afb1b1e59ba92923dabc did not match any configured ACL subject. Default permission `Allow` will be applied on all messages
[2m2026-04-08T10:05:01.718997Z[0m [32m INFO[0m acc-0 ThreadId(04) [2mzenoh::net::routing::interceptor::access_control[0m[2m:[0m 7c76ff97f513d7f02fadb6bd5dda9049 did not match any configured ACL subject. Default permission `Allow` will be applied on all messages
[2m2026-04-08T10:05:01.719137Z[0m [32m INFO[0m acc-0 ThreadId(04) [2mzenoh::net::routing::interceptor::access_control[0m[2m:[0m fe85a9cc956e427c685ec2bf5923018c did not match any configured ACL subject. Default permission `Allow` will be applied on all messages
[2m2026-04-08T10:05:01.720993Z[0m [32m INFO[0m acc-0 ThreadId(04) [2mzenoh::net::routing::interceptor::access_control[0m[2m:[0m c2ca6fc987588dedcb8407573a7dd9c2 did not match any configured ACL subject. Default permission `Allow` will be applied on all messages
[2m2026-04-08T10:05:01.721196Z[0m [32m INFO[0m acc-0 ThreadId(04) [2mzenoh::net::routing::interceptor::access_control[0m[2m:[0m d559e38dffb31a16eb0eb5939a9b4488 did not match any configured ACL subject. Default permission `Allow` will be applied on all messages
[static_transform_publisher-7] [INFO] [1775642701.728980050] [ground_truth_static_tf_publisher]: Spinning until stopped - publishing transform
[static_transform_publisher-7] translation: ('0.000000', '0.000000', '0.000000')
[static_transform_publisher-7] rotation: ('0.000000', '0.000000', '0.000000', '1.000000')
[static_transform_publisher-7] from 'world' to 'aic_world'
[2m2026-04-08T10:05:01.730122Z[0m [32m INFO[0m acc-0 ThreadId(04) [2mzenoh::net::routing::interceptor::access_control[0m[2m:[0m 28e767043e593c036e27175ea945a21d did not match any configured ACL subject. Default permission `Allow` will be applied on all messages
[aic_adapter-2] [INFO] [1775642701.732800277] [aic_adapter_node]: Adapter node initialization complete.
[robot_state_publisher-1] [INFO] [1775642701.733818599] [robot_state_publisher]: Robot initialized
[create-5] [INFO] [1775642701.738083407] [ros_gz_sim]: Requesting list of world names.
[gz-4] qt.qpa.xcb: could not connect to display 
[gz-4] qt.qpa.plugin: Could not load the Qt platform plugin "xcb" in "" even though it was found.
[gz-4] This application failed to start because no Qt platform plugin could be initialized. Reinstalling the application may fix this problem.
[gz-4] 
[gz-4] Available platform plugins are: eglfs, linuxfb, minimal, minimalegl, offscreen, vnc, wayland-egl, wayland, wayland-xcomposite-egl, wayland-xcomposite-glx, xcb.
[gz-4] 
[gz-4] Stack trace (most recent call last):
[gz-4] #29   Object "[0xffffffffffffffff]", at 0xffffffffffffffff, in 
[gz-4] #28   Object "gz sim -g", at 0x5b38b4c111d4, in _start
[gz-4] #27   Object "/lib/x86_64-linux-gnu/libc.so.6", at 0x74c984fd128a, in __libc_start_main
[gz-4] #26   Object "/lib/x86_64-linux-gnu/libc.so.6", at 0x74c984fd11c9, in 
[gz-4] #25   Object "gz sim -g", at 0x5b38b4c11186, in 
[gz-4] #24   Object "/lib/x86_64-linux-gnu/libruby-3.2.so.3.2", at 0x74c985437152, in ruby_run_node
[gz-4] #23   Object "/lib/x86_64-linux-gnu/libruby-3.2.so.3.2", at 0x74c985432e2b, in 
[gz-4] #22   Object "/lib/x86_64-linux-gnu/libruby-3.2.so.3.2", at 0x74c9855d5b49, in rb_vm_exec
[gz-4] #21   Object "/lib/x86_64-linux-gnu/libruby-3.2.so.3.2", at 0x74c9855d262b, in 
[gz-4] #20   Object "/lib/x86_64-linux-gnu/libruby-3.2.so.3.2", at 0x74c9855ce13e, in 
[gz-4] #19   Object "/lib/x86_64-linux-gnu/libruby-3.2.so.3.2", at 0x74c9855cb92f, in 
[gz-4] #18   Object "/usr/lib/x86_64-linux-gnu/ruby/3.2.0/fiddle.so", at 0x74c9801e7b13, in 
[gz-4] #17   Object "/lib/x86_64-linux-gnu/libruby-3.2.so.3.2", at 0x74c98559437b, in rb_nogvl
[gz-4] #16   Object "/usr/lib/x86_64-linux-gnu/ruby/3.2.0/fiddle.so", at 0x74c9801e743b, in 
[gz-4] #15   Object "/lib/x86_64-linux-gnu/libffi.so.8", at 0x74c9801810bd, in ffi_call
[gz-4] #14   Object "/lib/x86_64-linux-gnu/libffi.so.8", at 0x74c98017e3ee, in 
[gz-4] #13   Object "/lib/x86_64-linux-gnu/libffi.so.8", at 0x74c980181b15, in 
[gz-4] #12   Object "/ws_aic/install/lib/libgz-sim9-gz.so.9.5.0", at 0x74c98016da65, in runGui
[gz-4] #11   Object "/ws_aic/install/lib/libgz-sim9-gui.so.9", at 0x74c97f4cac8c, in gz::sim::v9::gui::runGui(int&, char**, char const*, char const*, int, char const*, char const*)
[gz-4] #10   Object "/ws_aic/install/lib/libgz-sim9-gui.so.9", at 0x74c97f4c7970, in gz::sim::v9::gui::createGui(int&, char**, char const*, char const*, bool, char const*, int, char const*, char const*)
[gz-4] #9    Object "/ws_aic/install/lib/libgz-gui9.so.9", at 0x74c97e09c66b, in gz::gui::Application::Application(int&, char**, gz::gui::WindowType, char const*)
[gz-4] #8    Object "/lib/x86_64-linux-gnu/libQt5Widgets.so.5", at 0x74c97d11f5b4, in QApplicationPrivate::init()
[gz-4] #7    Object "/lib/x86_64-linux-gnu/libQt5Gui.so.5", at 0x74c97c9f5b9e, in QGuiApplicationPrivate::init()
[gz-4] #6    Object "/lib/x86_64-linux-gnu/libQt5Core.so.5", at 0x74c97e3fcff4, in QCoreApplicationPrivate::init()
[gz-4] #5    Object "/lib/x86_64-linux-gnu/libQt5Gui.so.5", at 0x74c97c9f2c1f, in QGuiApplicationPrivate::createEventDispatcher()
[gz-4] #4    Object "/lib/x86_64-linux-gnu/libQt5Gui.so.5", at 0x74c97c9f26dc, in QGuiApplicationPrivate::createPlatformIntegration()
[gz-4] #3    Object "/lib/x86_64-linux-gnu/libQt5Core.so.5", at 0x74c97e1af103, in QMessageLogger::fatal(char const*, ...) const
[gz-4] #2    Object "/lib/x86_64-linux-gnu/libc.so.6", at 0x74c984fcf8fe, in abort
[gz-4] #1    Object "/lib/x86_64-linux-gnu/libc.so.6", at 0x74c984fec27d, in gsignal
[gz-4] #0    Object "/lib/x86_64-linux-gnu/libc.so.6", at 0x74c985045b2c, in pthread_kill
[gz-4] Aborted (Signal sent by tkill() 293265 0)
[component_container-3] [INFO] [1775642701.830623520] [ros_gz_container]: Load Library: /ws_aic/install/lib/libgzserver_component.so
[component_container-3] [INFO] [1775642701.855714132] [ros_gz_container]: Found class: rclcpp_components::NodeFactoryTemplate<ros_gz_sim::GzServer>
[component_container-3] [INFO] [1775642701.855771655] [ros_gz_container]: Instantiate class: rclcpp_components::NodeFactoryTemplate<ros_gz_sim::GzServer>
[INFO] [launch_ros.actions.load_composable_nodes]: Loaded node '/gz_server' in container '/ros_gz_container'
[component_container-3] [INFO] [1775642701.858064915] [ros_gz_container]: Load Library: /ws_aic/install/lib/libros_gz_bridge.so
[component_container-3] [INFO] [1775642701.883262588] [ros_gz_container]: Found class: rclcpp_components::NodeFactoryTemplate<ros_gz_bridge::RosGzBridge>
[component_container-3] [INFO] [1775642701.883314520] [ros_gz_container]: Instantiate class: rclcpp_components::NodeFactoryTemplate<ros_gz_bridge::RosGzBridge>
[INFO] [launch_ros.actions.load_composable_nodes]: Loaded node '/ros_gz_bridge' in container 'ros_gz_container'
[ERROR] [gz-4]: process has died [pid 293265, exit code -6, cmd 'gz sim -g'].
[component_container-3] (2026-04-08 19:05:01.898) [info] [ServerPrivate.cc:664] Loading SDF world file[/ws_aic/install/share/aic_description/world/aic.sdf].
[component_container-3] [INFO] [1775642702.886788191] [ros_gz_bridge]: Creating GZ->ROS Bridge: [/clock (gz.msgs.Clock) -> /clock (rosgraph_msgs/msg/Clock)] (Lazy 0)
[component_container-3] [INFO] [1775642702.887628085] [ros_gz_bridge]: Creating GZ->ROS Bridge: [/left_camera/image (gz.msgs.Image) -> /left_camera/image (sensor_msgs/msg/Image)] (Lazy 1)
[component_container-3] [INFO] [1775642702.888341214] [ros_gz_bridge]: Creating GZ->ROS Bridge: [/center_camera/image (gz.msgs.Image) -> /center_camera/image (sensor_msgs/msg/Image)] (Lazy 1)
[component_container-3] [INFO] [1775642702.888441302] [ros_gz_bridge]: Creating GZ->ROS Bridge: [/right_camera/image (gz.msgs.Image) -> /right_camera/image (sensor_msgs/msg/Image)] (Lazy 1)
[component_container-3] [INFO] [1775642702.888547742] [ros_gz_bridge]: Creating GZ->ROS Bridge: [/left_camera/camera_info (gz.msgs.CameraInfo) -> /left_camera/camera_info (sensor_msgs/msg/CameraInfo)] (Lazy 1)
[component_container-3] [INFO] [1775642702.888715310] [ros_gz_bridge]: Creating GZ->ROS Bridge: [/center_camera/camera_info (gz.msgs.CameraInfo) -> /center_camera/camera_info (sensor_msgs/msg/CameraInfo)] (Lazy 1)
[component_container-3] [INFO] [1775642702.888837738] [ros_gz_bridge]: Creating GZ->ROS Bridge: [/right_camera/camera_info (gz.msgs.CameraInfo) -> /right_camera/camera_info (sensor_msgs/msg/CameraInfo)] (Lazy 1)
[component_container-3] [INFO] [1775642702.888939709] [ros_gz_bridge]: Creating GZ->ROS Bridge: [/aic/gazebo/contacts/off_limit (gz.msgs.Contacts) -> /aic/gazebo/contacts/off_limit (ros_gz_interfaces/msg/Contacts)] (Lazy 1)
[component_container-3] [INFO] [1775642702.889413753] [ros_gz_bridge]: Creating GZ->ROS Bridge: [/cable_0/pose (gz.msgs.Pose_V) -> /scoring/tf (tf2_msgs/msg/TFMessage)] (Lazy 1)
[component_container-3] [INFO] [1775642702.889853726] [ros_gz_bridge]: Creating GZ->ROS Bridge: [/cable_1/pose (gz.msgs.Pose_V) -> /scoring/tf (tf2_msgs/msg/TFMessage)] (Lazy 1)
[component_container-3] [INFO] [1775642702.889999495] [ros_gz_bridge]: Creating GZ->ROS Bridge: [/cable_2/pose (gz.msgs.Pose_V) -> /scoring/tf (tf2_msgs/msg/TFMessage)] (Lazy 1)
[component_container-3] [INFO] [1775642702.890088052] [ros_gz_bridge]: Creating GZ->ROS Bridge: [/cable_3/pose (gz.msgs.Pose_V) -> /scoring/tf (tf2_msgs/msg/TFMessage)] (Lazy 1)
[component_container-3] [INFO] [1775642702.890188772] [ros_gz_bridge]: Creating GZ->ROS Bridge: [/cable_4/pose (gz.msgs.Pose_V) -> /scoring/tf (tf2_msgs/msg/TFMessage)] (Lazy 1)
[component_container-3] [INFO] [1775642702.890284302] [ros_gz_bridge]: Creating GZ->ROS Bridge: [/task_board/pose_static (gz.msgs.Pose_V) -> /scoring/tf (tf2_msgs/msg/TFMessage)] (Lazy 1)
[component_container-3] [INFO] [1775642702.890377437] [ros_gz_bridge]: Creating GZ->ROS Bridge: [/cable_0/insertion_event (gz.msgs.StringMsg) -> /scoring/insertion_event (std_msgs/msg/String)] (Lazy 1)
[component_container-3] [INFO] [1775642702.890559742] [ros_gz_bridge]: Creating GZ->ROS Bridge: [/cable_1/insertion_event (gz.msgs.StringMsg) -> /scoring/insertion_event (std_msgs/msg/String)] (Lazy 1)
[component_container-3] (2026-04-08 19:05:03.885) [info] [SystemManager.cc:54] Serving entity system service on [/entity/system/add]
[component_container-3] (2026-04-08 19:05:03.889) [info] [UserCommands.cc:752] Create service on [/world/aic_world/create_multiple] (async)
[component_container-3] (2026-04-08 19:05:03.889) [info] [UserCommands.cc:754] Create service on [/world/aic_world/create_multiple/blocking] (blocking)
[component_container-3] (2026-04-08 19:05:03.889) [info] [UserCommands.cc:752] Remove service on [/world/aic_world/remove] (async)
[component_container-3] (2026-04-08 19:05:03.889) [info] [UserCommands.cc:754] Remove service on [/world/aic_world/remove/blocking] (blocking)
[component_container-3] (2026-04-08 19:05:03.890) [info] [UserCommands.cc:752] Pose service on [/world/aic_world/set_pose] (async)
[component_container-3] (2026-04-08 19:05:03.890) [info] [UserCommands.cc:754] Pose service on [/world/aic_world/set_pose/blocking] (blocking)
[component_container-3] (2026-04-08 19:05:03.890) [info] [UserCommands.cc:752] Pose service on [/world/aic_world/set_pose_vector] (async)
[component_container-3] (2026-04-08 19:05:03.890) [info] [UserCommands.cc:754] Pose service on [/world/aic_world/set_pose_vector/blocking] (blocking)
[component_container-3] (2026-04-08 19:05:03.890) [info] [UserCommands.cc:752] Light configuration service on [/world/aic_world/light_config] (async)
[component_container-3] (2026-04-08 19:05:03.890) [info] [UserCommands.cc:754] Light configuration service on [/world/aic_world/light_config/blocking] (blocking)
[component_container-3] (2026-04-08 19:05:03.890) [info] [UserCommands.cc:752] Physics service on [/world/aic_world/set_physics] (async)
[component_container-3] (2026-04-08 19:05:03.890) [info] [UserCommands.cc:754] Physics service on [/world/aic_world/set_physics/blocking] (blocking)
[component_container-3] (2026-04-08 19:05:03.890) [info] [UserCommands.cc:752] SphericalCoordinates service on [/world/aic_world/set_spherical_coordinates] (async)
[component_container-3] (2026-04-08 19:05:03.890) [info] [UserCommands.cc:754] SphericalCoordinates service on [/world/aic_world/set_spherical_coordinates/blocking] (blocking)
[component_container-3] (2026-04-08 19:05:03.890) [info] [UserCommands.cc:752] Enable collision service on [/world/aic_world/enable_collision] (async)
[component_container-3] (2026-04-08 19:05:03.890) [info] [UserCommands.cc:754] Enable collision service on [/world/aic_world/enable_collision/blocking] (blocking)
[component_container-3] (2026-04-08 19:05:03.890) [info] [UserCommands.cc:752] Disable collision service on [/world/aic_world/disable_collision] (async)
[component_container-3] (2026-04-08 19:05:03.890) [info] [UserCommands.cc:754] Disable collision service on [/world/aic_world/disable_collision/blocking] (blocking)
[component_container-3] (2026-04-08 19:05:03.890) [info] [UserCommands.cc:752] Material service on [/world/aic_world/visual_config] (async)
[component_container-3] (2026-04-08 19:05:03.890) [info] [UserCommands.cc:754] Material service on [/world/aic_world/visual_config/blocking] (blocking)
[component_container-3] (2026-04-08 19:05:03.890) [info] [UserCommands.cc:752] Material service on [/world/aic_world/wheel_slip] (async)
[component_container-3] (2026-04-08 19:05:03.890) [info] [UserCommands.cc:754] Material service on [/world/aic_world/wheel_slip/blocking] (blocking)
[component_container-3] (2026-04-08 19:05:03.890) [debug] [SystemManager.cc:80] Loaded system [gz::sim::systems::UserCommands] for entity [1]
[component_container-3] (2026-04-08 19:05:03.911) [debug] [Physics.cc:967] Loaded [gz::physics::bullet_featherstone::Plugin] from library [/ws_aic/install/lib/gz-physics-8/engine-plugins/libgz-physics-bullet-featherstone-plugin.so]
[component_container-3] (2026-04-08 19:05:03.911) [debug] [SystemManager.cc:80] Loaded system [gz::sim::systems::Physics] for entity [1]
[component_container-3] (2026-04-08 19:05:03.915) [debug] [Sensors.cc:697] Configuring Sensors system
[component_container-3] (2026-04-08 19:05:03.915) [debug] [Sensors.cc:557] SensorsPrivate::Run
[component_container-3] (2026-04-08 19:05:03.915) [debug] [SystemManager.cc:80] Loaded system [gz::sim::systems::Sensors] for entity [1]
[component_container-3] (2026-04-08 19:05:03.915) [debug] [Sensors.cc:532] SensorsPrivate::RenderThread started
[component_container-3] (2026-04-08 19:05:03.915) [debug] [Sensors.cc:337] Waiting for init
[component_container-3] (2026-04-08 19:05:03.915) [debug] [ScoringPlugin.cc:45] aic_gazebo::ScoringPlugin::Configure on entity: 1
[component_container-3] (2026-04-08 19:05:03.916) [debug] [SystemManager.cc:80] Loaded system [aic_gazebo::ScoringPlugin] for entity [1]
[component_container-3] (2026-04-08 19:05:03.916) [debug] [WorldSdfGeneratorPlugin.cc:47] aic_gazebo::WorldSdfGeneratorPlugin::Configure
[component_container-3] (2026-04-08 19:05:03.916) [debug] [SystemManager.cc:80] Loaded system [aic_gazebo::WorldSdfGeneratorPlugin] for entity [1]
[component_container-3] (2026-04-08 19:05:03.917) [debug] [SystemManager.cc:80] Loaded system [gz::sim::systems::Contact] for entity [1]
[component_container-3] (2026-04-08 19:05:03.917) [info] [LevelManager.cc:646] Loaded level [default]
[component_container-3] (2026-04-08 19:05:03.917) [debug] [ServerConfig.cc:1025] Loading (3) plugins from file [/home/yujin/.gz/sim/9/server.config]
[component_container-3] (2026-04-08 19:05:03.917) [debug] [SimulationRunner.cc:1696] Additional plugins to load:
[component_container-3] (2026-04-08 19:05:03.917) [debug] [SimulationRunner.cc:1699] gz::sim::systems::SceneBroadcaster gz-sim-scene-broadcaster-system
[component_container-3] (2026-04-08 19:05:03.918) [debug] [SystemManager.cc:80] Loaded system [gz::sim::systems::SceneBroadcaster] for entity [1]
[component_container-3] (2026-04-08 19:05:03.918) [info] [SimulationRunner.cc:275] Serving world controls on [/world/aic_world/control], [/world/aic_world/control/state] and [/world/aic_world/playback/control]
[component_container-3] (2026-04-08 19:05:03.918) [info] [SimulationRunner.cc:301] Serving GUI information on [/world/aic_world/gui/info]
[component_container-3] (2026-04-08 19:05:03.918) [info] [SimulationRunner.cc:304] World [aic_world] initialized with [2ms] physics profile.
[component_container-3] (2026-04-08 19:05:03.918) [info] [SimulationRunner.cc:311] Serving world SDF generation service on [/world/aic_world/generate_world_sdf]
[component_container-3] (2026-04-08 19:05:03.918) [info] [ServerPrivate.cc:344] Serving world names on [/gazebo/worlds]
[component_container-3] (2026-04-08 19:05:03.918) [info] [ServerPrivate.cc:357] Resource path add service on [/gazebo/resource_paths/add].
[component_container-3] (2026-04-08 19:05:03.918) [info] [ServerPrivate.cc:370] Resource path get service on [/gazebo/resource_paths/get].
[component_container-3] (2026-04-08 19:05:03.918) [info] [ServerPrivate.cc:385] Resource path resolve service on [/gazebo/resource_paths/resolve].
[component_container-3] (2026-04-08 19:05:03.918) [info] [ServerPrivate.cc:399] Resource paths published on [/gazebo/resource_paths].
[component_container-3] (2026-04-08 19:05:03.918) [info] [ServerPrivate.cc:412] Server control service on [/server_control].
[component_container-3] (2026-04-08 19:05:04.019) [info] [SimulationRunner.cc:769] Found no publishers on /stats, adding root stats topic
[component_container-3] (2026-04-08 19:05:04.019) [info] [SimulationRunner.cc:803] Found no publishers on /clock, adding root clock topic
[component_container-3] (2026-04-08 19:05:04.019) [debug] [SimulationRunner.cc:573] Creating PostUpdate worker threads: 5
[component_container-3] (2026-04-08 19:05:04.019) [debug] [SimulationRunner.cc:584] Creating postupdate worker thread (0)
[component_container-3] (2026-04-08 19:05:04.019) [debug] [SimulationRunner.cc:584] Creating postupdate worker thread (1)
[component_container-3] (2026-04-08 19:05:04.019) [debug] [SimulationRunner.cc:584] Creating postupdate worker thread (2)
[component_container-3] (2026-04-08 19:05:04.019) [debug] [SimulationRunner.cc:584] Creating postupdate worker thread (3)
[create-5] [INFO] [1775642704.020523271] [ros_gz_sim]: Entity creation successful.
[component_container-3] (2026-04-08 19:05:04.022) [debug] [Physics.cc:1171] Attempting to set physics options, but the physics engine doesn't support feature [CollisionPairMaxContacts]. Options will be ignored.
[component_container-3] (2026-04-08 19:05:04.024) [info] [SceneBroadcaster.cc:634] Serving scene information on [/world/aic_world/scene/info]
[component_container-3] (2026-04-08 19:05:04.024) [info] [SceneBroadcaster.cc:643] Serving graph information on [/world/aic_world/scene/graph]
[component_container-3] (2026-04-08 19:05:04.024) [info] [SceneBroadcaster.cc:654] Serving full state on [/world/aic_world/state]
[component_container-3] (2026-04-08 19:05:04.024) [info] [SceneBroadcaster.cc:663] Serving full state (async) on [/world/aic_world/state_async]
[component_container-3] (2026-04-08 19:05:04.024) [info] [SceneBroadcaster.cc:671] Publishing scene information on [/world/aic_world/scene/info]
[component_container-3] (2026-04-08 19:05:04.024) [info] [SceneBroadcaster.cc:680] Publishing entity deletions on [/world/aic_world/scene/deletion]
[component_container-3] (2026-04-08 19:05:04.024) [info] [SceneBroadcaster.cc:689] Publishing state changes on [/world/aic_world/state]
[component_container-3] (2026-04-08 19:05:04.024) [info] [SceneBroadcaster.cc:700] Publishing pose messages on [/world/aic_world/pose/info]
[component_container-3] (2026-04-08 19:05:04.024) [info] [SceneBroadcaster.cc:711] Publishing dynamic pose messages on [/world/aic_world/dynamic_pose/info]
[INFO] [create-5]: process has finished cleanly [pid 293266]
[INFO] [spawner-8]: process started with pid [293437]
[INFO] [spawner-9]: process started with pid [293438]
[component_container-3] [1;33mWarning [Utils.cc:119][0m [/sdf/model[@name="ur"]/link[@name="center_camera/sensor_link"]/sensor[@name="center_camera"]/camera[@name="center_camera"]/optical_frame_id]: SDF Element[optical_frame_id] is deprecated
[component_container-3] [1;33mWarning [Utils.cc:119][0m [/sdf/model[@name="ur"]/link[@name="left_camera/sensor_link"]/sensor[@name="left_camera"]/camera[@name="left_camera"]/optical_frame_id]: SDF Element[optical_frame_id] is deprecated
[component_container-3] [1;33mWarning [Utils.cc:119][0m [/sdf/model[@name="ur"]/link[@name="right_camera/sensor_link"]/sensor[@name="right_camera"]/camera[@name="right_camera"]/optical_frame_id]: SDF Element[optical_frame_id] is deprecated
[component_container-3] [WARN] [1775642704.117472146] [rcl.logging_rosout]: Publisher already registered for node name: 'ros_gz_container'. If this is due to multiple nodes with the same name then all logs for the logger named 'ros_gz_container' will go out over the existing publisher. As soon as any node with that name is destructed it will unregister the publisher, preventing any further logs for that name from being published on the rosout topic.
[component_container-3] [INFO] [1775642704.118371757] [ros_gz_container]: [gz_ros2_control] Fixed joint [tabletop_joint] (Entity=101)] is skipped
[component_container-3] [INFO] [1775642704.118397773] [ros_gz_container]: [gz_ros2_control] Fixed joint [center_camera/attach_sensor_link] (Entity=108)] is skipped
[component_container-3] [INFO] [1775642704.118422898] [ros_gz_container]: [gz_ros2_control] Fixed joint [center_camera/attach_optical] (Entity=109)] is skipped
[component_container-3] [INFO] [1775642704.118445088] [ros_gz_container]: [gz_ros2_control] Fixed joint [ati/attach_joint] (Entity=110)] is skipped
[component_container-3] [INFO] [1775642704.118450167] [ros_gz_container]: [gz_ros2_control] Fixed joint [left_camera/attach_sensor_link] (Entity=114)] is skipped
[component_container-3] [INFO] [1775642704.118453913] [ros_gz_container]: [gz_ros2_control] Fixed joint [left_camera/attach_optical] (Entity=115)] is skipped
[component_container-3] [INFO] [1775642704.118457099] [ros_gz_container]: [gz_ros2_control] Fixed joint [right_camera/attach_sensor_link] (Entity=116)] is skipped
[component_container-3] [INFO] [1775642704.118460445] [ros_gz_container]: [gz_ros2_control] Fixed joint [right_camera/attach_optical] (Entity=117)] is skipped
[component_container-3] [INFO] [1775642704.119281797] [ros_gz_container]: Loading controller_manager
[component_container-3] [INFO] [1775642704.124525219] [controller_manager]: Using ROS clock for triggering controller manager cycles.
[component_container-3] [INFO] [1775642704.125849896] [controller_manager]: Subscribing to '/robot_description' topic for robot description.
[component_container-3] [INFO] [1775642704.127047077] [controller_manager]: Enforcing command limits is enabled...
[component_container-3] [WARN] [1775642704.127081198] [ros_gz_container]: Waiting RM to load and initialize hardware...
[component_container-3] [INFO] [1775642704.127249076] [controller_manager]: Received robot description from topic.
[component_container-3] [INFO] [1775642704.129444233] [ros_gz_container]: Using JointLimiter for joint 'gripper/left_finger_joint' in hardware 'gripper' : '  has position limits: true [0, 0.025]
[component_container-3]   has velocity limits: true [0.05]
[component_container-3]   has acceleration limits: false [nan]
[component_container-3]   has deceleration limits: false [nan]
[component_container-3]   has jerk limits: false [nan]
[component_container-3]   has effort limits: true [20]
[component_container-3]   angle wraparound: false'
[component_container-3] [INFO] [1775642704.129476090] [ros_gz_container]: Creating JointSaturationLimiter for joint 'gripper/left_finger_joint' in hardware 'gripper'
[component_container-3] [INFO] [1775642704.129507556] [ros_gz_container]: Using JointLimiter for joint 'wrist_3_joint' in hardware 'ControlSystem' : '  has position limits: true [-6.28319, 6.28319]
[component_container-3]   has velocity limits: true [3.14159]
[component_container-3]   has acceleration limits: false [nan]
[component_container-3]   has deceleration limits: false [nan]
[component_container-3]   has jerk limits: false [nan]
[component_container-3]   has effort limits: true [28]
[component_container-3]   angle wraparound: false'
[component_container-3] [INFO] [1775642704.129513947] [ros_gz_container]: Creating JointSaturationLimiter for joint 'wrist_3_joint' in hardware 'ControlSystem'
[component_container-3] [INFO] [1775642704.129521491] [ros_gz_container]: Using JointLimiter for joint 'wrist_2_joint' in hardware 'ControlSystem' : '  has position limits: true [-6.28319, 6.28319]
[component_container-3]   has velocity limits: true [3.14159]
[component_container-3]   has acceleration limits: false [nan]
[component_container-3]   has deceleration limits: false [nan]
[component_container-3]   has jerk limits: false [nan]
[component_container-3]   has effort limits: true [28]
[component_container-3]   angle wraparound: false'
[component_container-3] [INFO] [1775642704.129526870] [ros_gz_container]: Creating JointSaturationLimiter for joint 'wrist_2_joint' in hardware 'ControlSystem'
[component_container-3] [INFO] [1775642704.129533803] [ros_gz_container]: Using JointLimiter for joint 'wrist_1_joint' in hardware 'ControlSystem' : '  has position limits: true [-6.28319, 6.28319]
[component_container-3]   has velocity limits: true [3.14159]
[component_container-3]   has acceleration limits: false [nan]
[component_container-3]   has deceleration limits: false [nan]
[component_container-3]   has jerk limits: false [nan]
[component_container-3]   has effort limits: true [28]
[component_container-3]   angle wraparound: false'
[component_container-3] [INFO] [1775642704.129538882] [ros_gz_container]: Creating JointSaturationLimiter for joint 'wrist_1_joint' in hardware 'ControlSystem'
[component_container-3] [INFO] [1775642704.129546075] [ros_gz_container]: Using JointLimiter for joint 'elbow_joint' in hardware 'ControlSystem' : '  has position limits: true [-3.14159, 3.14159]
[component_container-3]   has velocity limits: true [3.14159]
[component_container-3]   has acceleration limits: false [nan]
[component_container-3]   has deceleration limits: false [nan]
[component_container-3]   has jerk limits: false [nan]
[component_container-3]   has effort limits: true [150]
[component_container-3]   angle wraparound: false'
[component_container-3] [INFO] [1775642704.129551274] [ros_gz_container]: Creating JointSaturationLimiter for joint 'elbow_joint' in hardware 'ControlSystem'
[component_container-3] [INFO] [1775642704.129559068] [ros_gz_container]: Using JointLimiter for joint 'shoulder_lift_joint' in hardware 'ControlSystem' : '  has position limits: true [-6.28319, 6.28319]
[component_container-3]   has velocity limits: true [3.14159]
[component_container-3]   has acceleration limits: false [nan]
[component_container-3]   has deceleration limits: false [nan]
[component_container-3]   has jerk limits: false [nan]
[component_container-3]   has effort limits: true [150]
[component_container-3]   angle wraparound: false'
[component_container-3] [INFO] [1775642704.129583902] [ros_gz_container]: Creating JointSaturationLimiter for joint 'shoulder_lift_joint' in hardware 'ControlSystem'
[component_container-3] [INFO] [1775642704.129595222] [ros_gz_container]: Using JointLimiter for joint 'shoulder_pan_joint' in hardware 'ControlSystem' : '  has position limits: true [-6.28319, 6.28319]
[component_container-3]   has velocity limits: true [3.14159]
[component_container-3]   has acceleration limits: false [nan]
[component_container-3]   has deceleration limits: false [nan]
[component_container-3]   has jerk limits: false [nan]
[component_container-3]   has effort limits: true [150]
[component_container-3]   angle wraparound: false'
[component_container-3] [INFO] [1775642704.129603437] [ros_gz_container]: Creating JointSaturationLimiter for joint 'shoulder_pan_joint' in hardware 'ControlSystem'
[component_container-3] [INFO] [1775642704.132306968] [ros_gz_container]: The position_proportional_gain has been set to: 0.1
[component_container-3] [INFO] [1775642704.132391509] [ros_gz_container]: Loading joint: gripper/left_finger_joint
[component_container-3] [INFO] [1775642704.132399974] [ros_gz_container]: 	State:
[component_container-3] [INFO] [1775642704.132439394] [ros_gz_container]: 		 position
[component_container-3] [INFO] [1775642704.132453839] [ros_gz_container]: 			 found initial value: 0.007300
[component_container-3] [INFO] [1775642704.132460792] [ros_gz_container]: 		 velocity
[component_container-3] [INFO] [1775642704.132471511] [ros_gz_container]: 			 found initial value: 0.000000
[component_container-3] [INFO] [1775642704.132476610] [ros_gz_container]: 		 effort
[component_container-3] [INFO] [1775642704.132483102] [ros_gz_container]: 			 found initial value: 0.000000
[component_container-3] [INFO] [1775642704.132487760] [ros_gz_container]: 	Command:
[component_container-3] [INFO] [1775642704.132494883] [ros_gz_container]: 		 position
[component_container-3] [INFO] [1775642704.132513416] [ros_gz_container]: 		 effort
[component_container-3] [INFO] [1775642704.132615748] [ros_gz_container]: Loading sensor: AtiForceTorqueSensor
[component_container-3] [INFO] [1775642704.132626276] [ros_gz_container]: 	State:
[component_container-3] [INFO] [1775642704.132709144] [ros_gz_container]: Initialize hardware 'gripper' 
[component_container-3] [WARN] [1775642704.132868257] [rcl.logging_rosout]: Publisher already registered for node name: 'ros_gz_container'. If this is due to multiple nodes with the same name then all logs for the logger named 'ros_gz_container' will go out over the existing publisher. As soon as any node with that name is destructed it will unregister the publisher, preventing any further logs for that name from being published on the rosout topic.
[component_container-3] [INFO] [1775642704.133628180] [ros_gz_container.hardware_component.system.gripper]: `status_publish_rate` is set to 0.0, hardware status publisher will not be created.
[component_container-3] [INFO] [1775642704.133723519] [ros_gz_container]: Successful initialization of hardware 'gripper'
[component_container-3] [INFO] [1775642704.133887862] [ros_gz_container]: The position_proportional_gain has been set to: 0.1
[component_container-3] [INFO] [1775642704.133915892] [ros_gz_container]: Loading joint: shoulder_pan_joint
[component_container-3] [INFO] [1775642704.133919348] [ros_gz_container]: 	State:
[component_container-3] [INFO] [1775642704.133922453] [ros_gz_container]: 		 position
[component_container-3] [INFO] [1775642704.133928835] [ros_gz_container]: 			 found initial value: -0.159700
[component_container-3] [INFO] [1775642704.133932371] [ros_gz_container]: 		 velocity
[component_container-3] [INFO] [1775642704.133935967] [ros_gz_container]: 			 found initial value: 0.000000
[component_container-3] [INFO] [1775642704.133939033] [ros_gz_container]: 		 effort
[component_container-3] [INFO] [1775642704.133942469] [ros_gz_container]: 			 found initial value: 0.000000
[component_container-3] [INFO] [1775642704.133945434] [ros_gz_container]: 	Command:
[component_container-3] [INFO] [1775642704.133947798] [ros_gz_container]: 		 position
[component_container-3] [INFO] [1775642704.133956003] [ros_gz_container]: 		 velocity
[component_container-3] [INFO] [1775642704.133960301] [ros_gz_container]: 		 effort
[component_container-3] [INFO] [1775642704.133971090] [ros_gz_container]: Loading joint: shoulder_lift_joint
[component_container-3] [INFO] [1775642704.133974145] [ros_gz_container]: 	State:
[component_container-3] [INFO] [1775642704.133976880] [ros_gz_container]: 		 position
[component_container-3] [INFO] [1775642704.133980256] [ros_gz_container]: 			 found initial value: -1.354200
[component_container-3] [INFO] [1775642704.133983071] [ros_gz_container]: 		 velocity
[component_container-3] [INFO] [1775642704.133989964] [ros_gz_container]: 			 found initial value: 0.000000
[component_container-3] [INFO] [1775642704.133992738] [ros_gz_container]: 		 effort
[component_container-3] [INFO] [1775642704.134010149] [ros_gz_container]: 			 found initial value: 0.000000
[component_container-3] [INFO] [1775642704.134013515] [ros_gz_container]: 	Command:
[component_container-3] [INFO] [1775642704.134015960] [ros_gz_container]: 		 position
[component_container-3] [INFO] [1775642704.134021419] [ros_gz_container]: 		 velocity
[component_container-3] [INFO] [1775642704.134025577] [ros_gz_container]: 		 effort
[component_container-3] [INFO] [1775642704.134033721] [ros_gz_container]: Loading joint: elbow_joint
[component_container-3] [INFO] [1775642704.134036677] [ros_gz_container]: 	State:
[component_container-3] [INFO] [1775642704.134039221] [ros_gz_container]: 		 position
[component_container-3] [INFO] [1775642704.134044631] [ros_gz_container]: 			 found initial value: -1.664800
[component_container-3] [INFO] [1775642704.134047286] [ros_gz_container]: 		 velocity
[component_container-3] [INFO] [1775642704.134050040] [ros_gz_container]: 			 found initial value: 0.000000
[component_container-3] [INFO] [1775642704.134052665] [ros_gz_container]: 		 effort
[component_container-3] [INFO] [1775642704.134055801] [ros_gz_container]: 			 found initial value: 0.000000
[component_container-3] [INFO] [1775642704.134058546] [ros_gz_container]: 	Command:
[component_container-3] [INFO] [1775642704.134060980] [ros_gz_container]: 		 position
[component_container-3] [INFO] [1775642704.134065738] [ros_gz_container]: 		 velocity
[component_container-3] [INFO] [1775642704.134068834] [ros_gz_container]: 		 effort
[component_container-3] [INFO] [1775642704.134076758] [ros_gz_container]: Loading joint: wrist_1_joint
[component_container-3] [INFO] [1775642704.134079373] [ros_gz_container]: 	State:
[component_container-3] [INFO] [1775642704.134081877] [ros_gz_container]: 		 position
[component_container-3] [INFO] [1775642704.134084552] [ros_gz_container]: 			 found initial value: -1.693300
[component_container-3] [INFO] [1775642704.134087197] [ros_gz_container]: 		 velocity
[component_container-3] [INFO] [1775642704.134089741] [ros_gz_container]: 			 found initial value: 0.000000
[component_container-3] [INFO] [1775642704.134092446] [ros_gz_container]: 		 effort
[component_container-3] [INFO] [1775642704.134095191] [ros_gz_container]: 			 found initial value: 0.000000
[component_container-3] [INFO] [1775642704.134097775] [ros_gz_container]: 	Command:
[component_container-3] [INFO] [1775642704.134101843] [ros_gz_container]: 		 position
[component_container-3] [INFO] [1775642704.134106611] [ros_gz_container]: 		 velocity
[component_container-3] [INFO] [1775642704.134109957] [ros_gz_container]: 		 effort
[component_container-3] [INFO] [1775642704.134116789] [ros_gz_container]: Loading joint: wrist_2_joint
[component_container-3] [INFO] [1775642704.134119274] [ros_gz_container]: 	State:
[component_container-3] [INFO] [1775642704.134121638] [ros_gz_container]: 		 position
[component_container-3] [INFO] [1775642704.134124874] [ros_gz_container]: 			 found initial value: 1.571000
[component_container-3] [INFO] [1775642704.134127809] [ros_gz_container]: 		 velocity
[component_container-3] [INFO] [1775642704.134130373] [ros_gz_container]: 			 found initial value: 0.000000
[component_container-3] [INFO] [1775642704.134132968] [ros_gz_container]: 		 effort
[component_container-3] [INFO] [1775642704.134135573] [ros_gz_container]: 			 found initial value: 0.000000
[component_container-3] [INFO] [1775642704.134138628] [ros_gz_container]: 	Command:
[component_container-3] [INFO] [1775642704.134140922] [ros_gz_container]: 		 position
[component_container-3] [INFO] [1775642704.134145430] [ros_gz_container]: 		 velocity
[component_container-3] [INFO] [1775642704.134148335] [ros_gz_container]: 		 effort
[component_container-3] [INFO] [1775642704.134156790] [ros_gz_container]: Loading joint: wrist_3_joint
[component_container-3] [INFO] [1775642704.134159475] [ros_gz_container]: 	State:
[component_container-3] [INFO] [1775642704.134165646] [ros_gz_container]: 		 position
[component_container-3] [INFO] [1775642704.134169964] [ros_gz_container]: 			 found initial value: 1.411000
[component_container-3] [INFO] [1775642704.134172789] [ros_gz_container]: 		 velocity
[component_container-3] [INFO] [1775642704.134176586] [ros_gz_container]: 			 found initial value: 0.000000
[component_container-3] [INFO] [1775642704.134179471] [ros_gz_container]: 		 effort
[component_container-3] [INFO] [1775642704.134182246] [ros_gz_container]: 			 found initial value: 0.000000
[component_container-3] [INFO] [1775642704.134185141] [ros_gz_container]: 	Command:
[component_container-3] [INFO] [1775642704.134187856] [ros_gz_container]: 		 position
[component_container-3] [INFO] [1775642704.134192995] [ros_gz_container]: 		 velocity
[component_container-3] [INFO] [1775642704.134196992] [ros_gz_container]: 		 effort
[component_container-3] [INFO] [1775642704.134210326] [ros_gz_container]: Loading sensor: AtiForceTorqueSensor
[component_container-3] [INFO] [1775642704.134213602] [ros_gz_container]: 	State:
[component_container-3] [INFO] [1775642704.134219762] [ros_gz_container]: 		 force.x
[component_container-3] [INFO] [1775642704.134222948] [ros_gz_container]: 		 force.y
[component_container-3] [INFO] [1775642704.134226535] [ros_gz_container]: 		 force.z
[component_container-3] [INFO] [1775642704.134229309] [ros_gz_container]: 		 torque.x
[component_container-3] [INFO] [1775642704.134231964] [ros_gz_container]: 		 torque.y
[component_container-3] [INFO] [1775642704.134240179] [ros_gz_container]: 		 torque.z
[component_container-3] [INFO] [1775642704.134282073] [ros_gz_container]: Initialize hardware 'ControlSystem' 
[component_container-3] [WARN] [1775642704.134368056] [rcl.logging_rosout]: Publisher already registered for node name: 'ros_gz_container'. If this is due to multiple nodes with the same name then all logs for the logger named 'ros_gz_container' will go out over the existing publisher. As soon as any node with that name is destructed it will unregister the publisher, preventing any further logs for that name from being published on the rosout topic.
[component_container-3] [INFO] [1775642704.135296138] [ros_gz_container.hardware_component.system.ControlSystem]: `status_publish_rate` is set to 0.0, hardware status publisher will not be created.
[component_container-3] [INFO] [1775642704.135396447] [ros_gz_container]: Successful initialization of hardware 'ControlSystem'
[component_container-3] [INFO] [1775642704.135604747] [resource_manager]: 'configure' hardware 'ControlSystem' 
[component_container-3] [INFO] [1775642704.135610788] [ros_gz_container]: System Successfully configured!
[component_container-3] [INFO] [1775642704.135616869] [resource_manager]: Successful 'configure' of hardware 'ControlSystem'
[component_container-3] [INFO] [1775642704.135627548] [resource_manager]: 'activate' hardware 'ControlSystem' 
[component_container-3] [INFO] [1775642704.135638878] [resource_manager]: Successful 'activate' of hardware 'ControlSystem'
[component_container-3] [INFO] [1775642704.135703904] [resource_manager]: 'configure' hardware 'gripper' 
[component_container-3] [INFO] [1775642704.135706278] [ros_gz_container]: System Successfully configured!
[component_container-3] [INFO] [1775642704.135709604] [resource_manager]: Successful 'configure' of hardware 'gripper'
[component_container-3] [INFO] [1775642704.135711698] [resource_manager]: 'activate' hardware 'gripper' 
[component_container-3] [INFO] [1775642704.135713691] [resource_manager]: Successful 'activate' of hardware 'gripper'
[component_container-3] [WARN] [1775642704.135725943] [controller_manager]: Component 'ControlSystem' does not have read or write statistics initialized, skipping registration.
[component_container-3] [WARN] [1775642704.135739768] [controller_manager]: Component 'gripper' does not have read or write statistics initialized, skipping registration.
[component_container-3] [INFO] [1775642704.135746850] [controller_manager]: Resource Manager has been successfully initialized. Starting Controller Manager services...
[2m2026-04-08T10:05:04.170226Z[0m [32m INFO[0m acc-0 ThreadId(04) [2mzenoh::net::routing::interceptor::access_control[0m[2m:[0m df988cafbee069c326a7451e1dc37d29 did not match any configured ACL subject. Default permission `Allow` will be applied on all messages
[2m2026-04-08T10:05:04.171296Z[0m [32m INFO[0m acc-0 ThreadId(04) [2mzenoh::net::routing::interceptor::access_control[0m[2m:[0m dd6d6d76f663f5f3c3539c2e6a117c81 did not match any configured ACL subject. Default permission `Allow` will be applied on all messages
[component_container-3] [INFO] [1775642704.199406569] [controller_manager]: Loading controller : 'fts_broadcaster' of type 'force_torque_sensor_broadcaster/ForceTorqueSensorBroadcaster'
[component_container-3] [INFO] [1775642704.199448553] [controller_manager]: Loading controller 'fts_broadcaster'
[component_container-3] [INFO] [1775642704.200342765] [controller_manager]: Controller 'fts_broadcaster' node arguments: --ros-args --params-file /ws_aic/install/share/aic_bringup/config/aic_ros2_controllers.yaml -p use_sim_time:=true --param use_sim_time:=true 
[spawner-9] [INFO] [1775642704.215534232] [spawner_fts_broadcaster]: Loaded fts_broadcaster
[component_container-3] [INFO] [1775642704.216271043] [controller_manager]: Configuring controller: 'fts_broadcaster'
[component_container-3] [INFO] [1775642704.218153914] [fts_broadcaster]: configure successful
[component_container-3] [INFO] [1775642704.219143806] [controller_manager]: Activating controllers: [ fts_broadcaster ]
[component_container-3] [INFO] [1775642704.219199535] [controller_manager]: Requested controller switch from non-realtime loop
[component_container-3] [INFO] [1775642704.219257478] [controller_manager]: Successfully switched controllers!
[component_container-3] (2026-04-08 19:05:06.127) [debug] [SystemManager.cc:80] Loaded system [gz_ros2_control::GazeboSimROS2ControlPlugin] for entity [31]
[component_container-3] (2026-04-08 19:05:06.128) [debug] [SystemManager.cc:80] Loaded system [gz::sim::systems::ForceTorque] for entity [31]
[component_container-3] (2026-04-08 19:05:06.129) [debug] [OffLimitContactsPlugin.cc:41] aic_gazebo::OffLimitContactsPlugin::Configure on entity: 31
[component_container-3] (2026-04-08 19:05:06.129) [debug] [OffLimitContactsPlugin.cc:165] Enabled collision [34]
[component_container-3] (2026-04-08 19:05:06.129) [debug] [OffLimitContactsPlugin.cc:165] Enabled collision [37]
[component_container-3] (2026-04-08 19:05:06.129) [debug] [OffLimitContactsPlugin.cc:165] Enabled collision [40]
[component_container-3] (2026-04-08 19:05:06.129) [debug] [OffLimitContactsPlugin.cc:165] Enabled collision [43]
[component_container-3] (2026-04-08 19:05:06.129) [debug] [OffLimitContactsPlugin.cc:165] Enabled collision [46]
[component_container-3] (2026-04-08 19:05:06.129) [debug] [OffLimitContactsPlugin.cc:165] Enabled collision [49]
[component_container-3] (2026-04-08 19:05:06.129) [debug] [OffLimitContactsPlugin.cc:165] Enabled collision [57]
[component_container-3] (2026-04-08 19:05:06.129) [debug] [OffLimitContactsPlugin.cc:165] Enabled collision [58]
[component_container-3] (2026-04-08 19:05:06.129) [debug] [OffLimitContactsPlugin.cc:165] Enabled collision [59]
[component_container-3] (2026-04-08 19:05:06.129) [debug] [OffLimitContactsPlugin.cc:165] Enabled collision [60]
[component_container-3] (2026-04-08 19:05:06.129) [debug] [OffLimitContactsPlugin.cc:165] Enabled collision [61]
[component_container-3] (2026-04-08 19:05:06.129) [debug] [OffLimitContactsPlugin.cc:165] Enabled collision [62]
[component_container-3] (2026-04-08 19:05:06.129) [debug] [OffLimitContactsPlugin.cc:165] Enabled collision [63]
[component_container-3] (2026-04-08 19:05:06.129) [debug] [OffLimitContactsPlugin.cc:165] Enabled collision [64]
[component_container-3] (2026-04-08 19:05:06.129) [debug] [OffLimitContactsPlugin.cc:165] Enabled collision [65]
[component_container-3] (2026-04-08 19:05:06.129) [debug] [OffLimitContactsPlugin.cc:165] Enabled collision [66]
[component_container-3] (2026-04-08 19:05:06.129) [debug] [OffLimitContactsPlugin.cc:165] Enabled collision [67]
[component_container-3] (2026-04-08 19:05:06.129) [debug] [OffLimitContactsPlugin.cc:165] Enabled collision [68]
[component_container-3] (2026-04-08 19:05:06.129) [debug] [OffLimitContactsPlugin.cc:165] Enabled collision [69]
[component_container-3] (2026-04-08 19:05:06.129) [debug] [OffLimitContactsPlugin.cc:165] Enabled collision [70]
[component_container-3] (2026-04-08 19:05:06.129) [debug] [OffLimitContactsPlugin.cc:165] Enabled collision [71]
[component_container-3] (2026-04-08 19:05:06.129) [debug] [OffLimitContactsPlugin.cc:165] Enabled collision [72]
[component_container-3] (2026-04-08 19:05:06.129) [debug] [OffLimitContactsPlugin.cc:165] Enabled collision [73]
[component_container-3] (2026-04-08 19:05:06.129) [debug] [OffLimitContactsPlugin.cc:165] Enabled collision [74]
[component_container-3] (2026-04-08 19:05:06.129) [debug] [OffLimitContactsPlugin.cc:165] Enabled collision [75]
[component_container-3] (2026-04-08 19:05:06.129) [debug] [OffLimitContactsPlugin.cc:165] Enabled collision [81]
[component_container-3] (2026-04-08 19:05:06.129) [debug] [OffLimitContactsPlugin.cc:165] Enabled collision [82]
[component_container-3] (2026-04-08 19:05:06.129) [debug] [OffLimitContactsPlugin.cc:165] Enabled collision [85]
[component_container-3] (2026-04-08 19:05:06.129) [debug] [OffLimitContactsPlugin.cc:165] Enabled collision [86]
[component_container-3] (2026-04-08 19:05:06.129) [debug] [OffLimitContactsPlugin.cc:165] Enabled collision [87]
[component_container-3] (2026-04-08 19:05:06.129) [debug] [OffLimitContactsPlugin.cc:165] Enabled collision [88]
[component_container-3] (2026-04-08 19:05:06.129) [debug] [OffLimitContactsPlugin.cc:165] Enabled collision [91]
[component_container-3] (2026-04-08 19:05:06.129) [debug] [OffLimitContactsPlugin.cc:165] Enabled collision [92]
[component_container-3] (2026-04-08 19:05:06.129) [debug] [OffLimitContactsPlugin.cc:165] Enabled collision [93]
[component_container-3] (2026-04-08 19:05:06.129) [debug] [OffLimitContactsPlugin.cc:165] Enabled collision [94]
[component_container-3] (2026-04-08 19:05:06.129) [debug] [SystemManager.cc:80] Loaded system [aic_gazebo::OffLimitContactsPlugin] for entity [31]
[component_container-3] (2026-04-08 19:05:06.130) [debug] [ResetJointsPlugin.cc:40] aic_gazebo::ResetJointsPlugin::Configure on entity: 31
[component_container-3] [WARN] [1775642706.130950976] [rcl.logging_rosout]: Publisher already registered for node name: 'ros_gz_container'. If this is due to multiple nodes with the same name then all logs for the logger named 'ros_gz_container' will go out over the existing publisher. As soon as any node with that name is destructed it will unregister the publisher, preventing any further logs for that name from being published on the rosout topic.
[component_container-3] (2026-04-08 19:05:06.132) [info] [ResetJointsPlugin.cc:117] Initialized ResetJointsPlugin!
[component_container-3] (2026-04-08 19:05:06.132) [debug] [SystemManager.cc:80] Loaded system [aic_gazebo::ResetJointsPlugin] for entity [31]
[component_container-3] (2026-04-08 19:05:06.132) [debug] [UserCommands.cc:1108] Created entity [31] named [ur5e]
[component_container-3] (2026-04-08 19:05:06.144) [debug] [Sensors.cc:953] Initialization needed
[component_container-3] (2026-04-08 19:05:06.144) [debug] [Sensors.cc:349] Initializing render context
[component_container-3] (2026-04-08 19:05:06.144) [info] [RenderEngineManager.cc:514] Loading plugin [gz-rendering-ogre2]
[component_container-3] (2026-04-08 19:05:06.144) [debug] [EntityComponentManager.cc:1676] Updated state thread iterators: 16 threads processing around 8 entities each.
[component_container-3] (2026-04-08 19:05:06.153) [warning] [Ogre2RenderEngine.cc:556] Unable to open display: . Trying to run in headless mode.
[component_container-3] (2026-04-08 19:05:06.154) [debug] [SimulationRunner.cc:600] Exiting postupdate worker thread (3)
[component_container-3] (2026-04-08 19:05:06.154) [debug] [SimulationRunner.cc:600] Exiting postupdate worker thread (0)
[component_container-3] (2026-04-08 19:05:06.154) [debug] [SimulationRunner.cc:600] Exiting postupdate worker thread (2)
[component_container-3] (2026-04-08 19:05:06.154) [debug] [SimulationRunner.cc:600] Exiting postupdate worker thread (1)
[component_container-3] (2026-04-08 19:05:06.155) [debug] [SimulationRunner.cc:573] Creating PostUpdate worker threads: 6
[component_container-3] (2026-04-08 19:05:06.155) [debug] [SimulationRunner.cc:584] Creating postupdate worker thread (0)
[component_container-3] (2026-04-08 19:05:06.155) [debug] [SimulationRunner.cc:584] Creating postupdate worker thread (1)
[component_container-3] (2026-04-08 19:05:06.155) [debug] [SimulationRunner.cc:584] Creating postupdate worker thread (2)
[component_container-3] (2026-04-08 19:05:06.155) [debug] [SimulationRunner.cc:584] Creating postupdate worker thread (3)
[component_container-3] (2026-04-08 19:05:06.155) [debug] [SimulationRunner.cc:584] Creating postupdate worker thread (4)
[spawner-9] [INFO] [1775642706.158387725] [spawner_fts_broadcaster]: Configured and activated fts_broadcaster
[component_container-3] [1;33mWarning [Utils.cc:119][0m [/sdf/model[@name="ur"]/link[@name="center_camera/sensor_link"]/sensor[@name="center_camera"]/camera[@name="center_camera"]/optical_frame_id]: SDF Element[optical_frame_id] is deprecated
[component_container-3] [INFO] [1775642706.217126084] [controller_manager]: Loading controller : 'joint_state_broadcaster' of type 'joint_state_broadcaster/JointStateBroadcaster'
[component_container-3] [INFO] [1775642706.217172958] [controller_manager]: Loading controller 'joint_state_broadcaster'
[component_container-3] [1;33mWarning [Utils.cc:119][0m [/sdf/model[@name="ur"]/link[@name="left_camera/sensor_link"]/sensor[@name="left_camera"]/camera[@name="left_camera"]/optical_frame_id]: SDF Element[optical_frame_id] is deprecated
[INFO] [spawner-9]: process has finished cleanly [pid 293438]
[component_container-3] [1;33mWarning [Utils.cc:119][0m [/sdf/model[@name="ur"]/link[@name="right_camera/sensor_link"]/sensor[@name="right_camera"]/camera[@name="right_camera"]/optical_frame_id]: SDF Element[optical_frame_id] is deprecated
[component_container-3] [INFO] [1775642706.229739698] [controller_manager]: Controller 'joint_state_broadcaster' node arguments: --ros-args --params-file /ws_aic/install/share/aic_bringup/config/aic_ros2_controllers.yaml -p use_sim_time:=true --param use_sim_time:=true 
[component_container-3] [INFO] [1775642706.265447891] [gz_server]: InitializeCanonicalLinks
[component_container-3] [INFO] [1775642706.265653367] [gz_server]: Creating services on gz_server
[component_container-3] [INFO] [1775642706.266617142] [gz_server]: Created service /gz_server/delete_entity
[component_container-3] [INFO] [1775642706.266825894] [gz_server]: Created service /gz_server/get_entities
[component_container-3] [INFO] [1775642706.266998341] [gz_server]: Created service /gz_server/get_entity_info
[component_container-3] [INFO] [1775642706.267238348] [gz_server]: Created service /gz_server/get_entity_state
[component_container-3] [INFO] [1775642706.267400637] [gz_server]: Created service /gz_server/get_entities_states
[component_container-3] [INFO] [1775642706.267550253] [gz_server]: Created service /gz_server/get_simulation_state
[component_container-3] [INFO] [1775642706.267688319] [gz_server]: Created service /gz_server/get_simulator_features
[component_container-3] [INFO] [1775642706.267832756] [gz_server]: Created service /gz_server/reset_simulation
[component_container-3] [INFO] [1775642706.267983254] [gz_server]: Created service /gz_server/set_entity_state
[component_container-3] [INFO] [1775642706.268120799] [gz_server]: Created service /gz_server/set_simulation_state
[component_container-3] [INFO] [1775642706.268278790] [gz_server]: Created service /gz_server/spawn_entity
[component_container-3] [INFO] [1775642706.268415273] [gz_server]: Created service /gz_server/step_simulation
[component_container-3] [INFO] [1775642706.269314143] [gz_server]: Created action /gz_server/simulate_steps
[component_container-3] libEGL warning: pci id for fd 70: 10de:28e0, driver (null)
[component_container-3] 
[component_container-3] pci id for fd 72: 10de:28e0, driver (null)
[component_container-3] pci id for fd 73: 10de:28e0, driver (null)
[component_container-3] libEGL warning: egl: failed to create dri2 screen
[component_container-3] libEGL warning: pci id for fd 70: 10de:28e0, driver (null)
[component_container-3] 
[component_container-3] pci id for fd 72: 10de:28e0, driver (null)
[component_container-3] pci id for fd 73: 10de:28e0, driver (null)
[component_container-3] libEGL warning: egl: failed to create dri2 screen
[component_container-3] libEGL warning: pci id for fd 70: 10de:28e0, driver (null)
[component_container-3] 
[component_container-3] (2026-04-08 19:05:06.397) [debug] [RenderUtil.cc:2646] Create scene [scene]
[2m2026-04-08T10:05:06.469929Z[0m [32m INFO[0m acc-0 ThreadId(04) [2mzenoh::net::routing::interceptor::access_control[0m[2m:[0m 18446b4c1d4695ebceeb410641622181 did not match any configured ACL subject. Default permission `Allow` will be applied on all messages
[2m2026-04-08T10:05:06.624016Z[0m [32m INFO[0m acc-0 ThreadId(04) [2mzenoh::net::routing::interceptor::access_control[0m[2m:[0m fc9c92a4a0ada0e1acfa56d7e33414db did not match any configured ACL subject. Default permission `Allow` will be applied on all messages
[component_container-3] (2026-04-08 19:05:06.731) [debug] [Sensors.cc:391] Rendering Thread initialized
[component_container-3] (2026-04-08 19:05:06.731) [debug] [Sensors.cc:953] Initialization needed
[component_container-3] (2026-04-08 19:05:06.733) [debug] [ForceTorque.cc:162] Adding JointTransmittedWrench to: 110
[component_container-3] [INFO] [1775642706.734498396] [ros_gz_container]: ForceTorque AtiForceTorqueSensor has a topic name: /axia80_m20/wrench
[component_container-3] [INFO] [1775642706.734704182] [ros_gz_container]: ForceTorque AtiForceTorqueSensor has a topic name: /axia80_m20/wrench
[spawner-8] [INFO] [1775642706.749435184] [spawner_joint_state_broadcaster]: Loaded joint_state_broadcaster
[component_container-3] [INFO] [1775642706.750309691] [controller_manager]: Configuring controller: 'joint_state_broadcaster'
[component_container-3] [INFO] [1775642706.750424566] [joint_state_broadcaster]: 'joints' or 'interfaces' parameter is empty. All available state interfaces will be published
[component_container-3] (2026-04-08 19:05:07.217) [debug] [CameraSensor.cc:342] Camera images for [ur5e::center_camera/sensor_link::center_camera] advertised on [/center_camera/image]
[component_container-3] (2026-04-08 19:05:07.217) [debug] [CameraSensor.cc:632] Camera info for [ur5e::center_camera/sensor_link::center_camera] advertised on [/center_camera/camera_info]
[component_container-3] (2026-04-08 19:05:07.217) [warning] [Ogre2Camera.cc:423] Ogre2Camera::SetVisibilityMask: Mask bits c0000000 are set but will be ignored as they conflict with the reserved bits used internally by the ogre2 backend.
[component_container-3] (2026-04-08 19:05:07.218) [debug] [CameraSensor.cc:342] Camera images for [ur5e::left_camera/sensor_link::left_camera] advertised on [/left_camera/image]
[component_container-3] (2026-04-08 19:05:07.218) [debug] [CameraSensor.cc:632] Camera info for [ur5e::left_camera/sensor_link::left_camera] advertised on [/left_camera/camera_info]
[component_container-3] (2026-04-08 19:05:07.218) [debug] [CameraSensor.cc:342] Camera images for [ur5e::right_camera/sensor_link::right_camera] advertised on [/right_camera/image]
[component_container-3] (2026-04-08 19:05:07.218) [debug] [CameraSensor.cc:632] Camera info for [ur5e::right_camera/sensor_link::right_camera] advertised on [/right_camera/camera_info]
[component_container-3] (2026-04-08 19:05:07.218) [warning] [Ogre2Camera.cc:423] Ogre2Camera::SetVisibilityMask: Mask bits c0000000 are set but will be ignored as they conflict with the reserved bits used internally by the ogre2 backend.
[component_container-3] (2026-04-08 19:05:07.218) [warning] [Ogre2Camera.cc:423] Ogre2Camera::SetVisibilityMask: Mask bits c0000000 are set but will be ignored as they conflict with the reserved bits used internally by the ogre2 backend.
[component_container-3] (2026-04-08 19:05:07.895) [debug] [CameraSensor.cc:441] Enabling camera sensor: 'ur5e::center_camera/sensor_link::center_camera' data generation.
[component_container-3] (2026-04-08 19:05:07.927) [debug] [CameraSensor.cc:441] Enabling camera sensor: 'ur5e::left_camera/sensor_link::left_camera' data generation.
[component_container-3] (2026-04-08 19:05:07.936) [debug] [CameraSensor.cc:441] Enabling camera sensor: 'ur5e::right_camera/sensor_link::right_camera' data generation.
[component_container-3] [INFO] [1775642707.949691926] [controller_manager]: Activating controllers: [ joint_state_broadcaster ]
[component_container-3] [INFO] [1775642707.949791934] [controller_manager]: Requested controller switch from non-realtime loop
[component_container-3] [INFO] [1775642707.949902561] [controller_manager]: Successfully switched controllers!
[spawner-8] [INFO] [1775642707.950957870] [spawner_joint_state_broadcaster]: Configured and activated joint_state_broadcaster
[INFO] [spawner-8]: process has finished cleanly [pid 293437]
[INFO] [spawner-10]: process started with pid [293690]
[2m2026-04-08T10:05:08.156327Z[0m [32m INFO[0m acc-0 ThreadId(04) [2mzenoh::net::routing::interceptor::access_control[0m[2m:[0m c69c9a157f0f3da31669215ee2d5e09c did not match any configured ACL subject. Default permission `Allow` will be applied on all messages
[component_container-3] [INFO] [1775642708.187844054] [controller_manager]: Loading controller : 'aic_controller' of type 'aic/Controller'
[component_container-3] [INFO] [1775642708.187884506] [controller_manager]: Loading controller 'aic_controller'
[component_container-3] [INFO] [1775642708.190299927] [controller_manager]: Controller 'aic_controller' node arguments: --ros-args --params-file /ws_aic/install/share/aic_bringup/config/aic_ros2_controllers.yaml -p use_sim_time:=true --param use_sim_time:=true 
[component_container-3] (2026-04-08 19:05:08.249) [debug] [WorldSdfGeneratorPlugin.cc:79] Saving world: aic_world to: /tmp/aic.sdf
[component_container-3] (2026-04-08 19:05:08.250) [info] [WorldSdfGeneratorPlugin.cc:84] World saved to /tmp/aic.sdf
[spawner-10] [INFO] [1775642708.265061262] [spawner_aic_controller]: Loaded aic_controller
[component_container-3] [INFO] [1775642708.265791732] [controller_manager]: Configuring controller: 'aic_controller'
[component_container-3] [INFO] [1775642708.265870713] [aic_controller]: Control mode set to impedance
[component_container-3] [INFO] [1775642708.265879529] [aic_controller]: Target mode set to Cartesian. Accepting MotionUpdate targets.
[component_container-3] [INFO] [1775642708.271701254] [controller_manager]: Activating controllers: [ aic_controller ]
[component_container-3] [INFO] [1775642708.271812712] [controller_manager]: Requested controller switch from non-realtime loop
[component_container-3] [INFO] [1775642708.271898575] [controller_manager]: Successfully switched controllers!
[component_container-3] (2026-04-08 19:05:08.272) [warning] [Component.hh:144] Trying to serialize component with data type [St6vectorIdSaIdEE], which doesn't have `operator<<`. Component will not be serialized.
[component_container-3] (2026-04-08 19:05:08.272) [warning] [Component.hh:189] Trying to deserialize component with data type [St6vectorIdSaIdEE], which doesn't have `operator>>`. Component will not be deserialized.
[spawner-10] [INFO] [1775642708.273757825] [spawner_aic_controller]: Configured and activated all the parsed controllers list : ['aic_controller']!
[INFO] [spawner-10]: process has finished cleanly [pid 293690]
[INFO] [rviz2-11]: process started with pid [293713]
[rviz2-11] qt.qpa.xcb: could not connect to display 
[rviz2-11] qt.qpa.plugin: Could not load the Qt platform plugin "xcb" in "" even though it was found.
[rviz2-11] This application failed to start because no Qt platform plugin could be initialized. Reinstalling the application may fix this problem.
[rviz2-11] 
[rviz2-11] Available platform plugins are: eglfs, linuxfb, minimal, minimalegl, offscreen, vnc, wayland-egl, wayland, wayland-xcomposite-egl, wayland-xcomposite-glx, xcb.
[rviz2-11] 
[ERROR] [rviz2-11]: process has died [pid 293713, exit code -6, cmd '/opt/ros/kilted/lib/rviz2/rviz2 -d /ws_aic/install/share/aic_bringup/rviz/aic.rviz --ros-args -r __node:=rviz2 --params-file /tmp/launch_params_yyl6wauh'].
[2m2026-04-08T10:05:10.842887Z[0m [32m INFO[0m acc-0 ThreadId(04) [2mzenoh::net::routing::interceptor::access_control[0m[2m:[0m 7edf37811ce12a485fb912fa2ac0b0d2 did not match any configured ACL subject. Default permission `Allow` will be applied on all messages
[2m2026-04-08T10:05:20.682136Z[0m [32m INFO[0m acc-0 ThreadId(04) [2mzenoh::net::routing::interceptor::access_control[0m[2m:[0m c86e4a8b2e082199f8d6265557b3efa4 did not match any configured ACL subject. Default permission `Allow` will be applied on all messages
[component_container-3] (2026-04-08 19:05:21.907) [debug] [SdfEntityCreator.cc:547] Link has auto-inertial enabled: sc_port_0::sc_port_link
[component_container-3] (2026-04-08 19:05:21.907) [debug] [SdfEntityCreator.cc:549]   pose: 1.88554e-19 -0.00100271 0.000137321 0 0 0
[component_container-3] (2026-04-08 19:05:21.907) [debug] [SdfEntityCreator.cc:550]   mass: 0.04
[component_container-3] (2026-04-08 19:05:21.907) [debug] [SdfEntityCreator.cc:551]   ixx iyy izz: 1.86262e-06 5.50332e-06 6.55187e-06
[component_container-3] (2026-04-08 19:05:21.907) [debug] [SdfEntityCreator.cc:553]   ixy ixz iyz: -7.41324e-15 4.19415e-23 -5.5077e-09
[component_container-3] (2026-04-08 19:05:21.907) [debug] [SdfEntityCreator.cc:547] Link has auto-inertial enabled: nic_card_mount_2::nic_card_link
[component_container-3] (2026-04-08 19:05:21.907) [debug] [SdfEntityCreator.cc:549]   pose: 0.00150732 -0.00850988 0.00340281 0 0 0
[component_container-3] (2026-04-08 19:05:21.907) [debug] [SdfEntityCreator.cc:550]   mass: 0.15
[component_container-3] (2026-04-08 19:05:21.907) [debug] [SdfEntityCreator.cc:551]   ixx iyy izz: 0.000185176 4.95164e-05 0.000228127
[component_container-3] (2026-04-08 19:05:21.907) [debug] [SdfEntityCreator.cc:553]   ixy ixz iyz: -1.61776e-06 6.54063e-07 1.04636e-07
[component_container-3] (2026-04-08 19:05:21.909) [debug] [SystemManager.cc:80] Loaded system [gz::sim::systems::PosePublisher] for entity [118]
[component_container-3] (2026-04-08 19:05:21.910) [debug] [SystemManager.cc:80] Loaded system [gz::sim::systems::TouchPlugin] for entity [165]
[component_container-3] (2026-04-08 19:05:21.910) [debug] [SystemManager.cc:80] Loaded system [gz::sim::systems::TouchPlugin] for entity [188]
[component_container-3] (2026-04-08 19:05:21.910) [debug] [SystemManager.cc:80] Loaded system [gz::sim::systems::TouchPlugin] for entity [188]
[component_container-3] (2026-04-08 19:05:21.911) [debug] [UserCommands.cc:1108] Created entity [118] named [task_board]
[component_container-3] (2026-04-08 19:05:21.915) [info] [Contact.cc:125] Contact system publishing on world/aic_world/model/task_board/model/sc_port_0/link/sc_port_link/sensor/sc_port_sensor/contact
[component_container-3] (2026-04-08 19:05:21.915) [info] [Contact.cc:125] Contact system publishing on world/aic_world/model/task_board/model/nic_card_mount_2/link/nic_card_link/sensor/sfp_port_sensor/contact
[component_container-3] [INFO] [1775642721.915470216] [aic_controller]: Received service request to tare force torque sensor!
[component_container-3] [INFO] [1775642721.915509766] [aic_controller]: Successfully tared force torque sensor.
[component_container-3] [INFO] [1775642721.917923218] [gz_server]: InitializeCanonicalLinks
[component_container-3] (2026-04-08 19:05:21.917) [warning] [Component.hh:127] Trying to serialize component with data type [St10shared_ptrIN3sdf3v157ElementEE], which doesn't have `operator<<`. Component will not be serialized.
[component_container-3] (2026-04-08 19:05:21.920) [debug] [SimulationRunner.cc:600] Exiting postupdate worker thread (3)
[component_container-3] (2026-04-08 19:05:21.920) [debug] [SimulationRunner.cc:600] Exiting postupdate worker thread (4)
[component_container-3] (2026-04-08 19:05:21.920) [debug] [SimulationRunner.cc:600] Exiting postupdate worker thread (2)
[component_container-3] (2026-04-08 19:05:21.920) [debug] [SimulationRunner.cc:600] Exiting postupdate worker thread (1)
[component_container-3] (2026-04-08 19:05:21.920) [debug] [SimulationRunner.cc:600] Exiting postupdate worker thread (0)
[component_container-3] (2026-04-08 19:05:21.920) [debug] [SimulationRunner.cc:573] Creating PostUpdate worker threads: 10
[component_container-3] (2026-04-08 19:05:21.920) [debug] [SimulationRunner.cc:584] Creating postupdate worker thread (0)
[component_container-3] (2026-04-08 19:05:21.920) [debug] [SimulationRunner.cc:584] Creating postupdate worker thread (1)
[component_container-3] (2026-04-08 19:05:21.920) [debug] [SimulationRunner.cc:584] Creating postupdate worker thread (2)
[component_container-3] (2026-04-08 19:05:21.920) [debug] [SimulationRunner.cc:584] Creating postupdate worker thread (3)
[component_container-3] (2026-04-08 19:05:21.920) [debug] [SimulationRunner.cc:584] Creating postupdate worker thread (4)
[component_container-3] (2026-04-08 19:05:21.920) [debug] [SimulationRunner.cc:584] Creating postupdate worker thread (5)
[component_container-3] (2026-04-08 19:05:21.920) [debug] [SimulationRunner.cc:584] Creating postupdate worker thread (6)
[component_container-3] (2026-04-08 19:05:21.920) [debug] [SimulationRunner.cc:584] Creating postupdate worker thread (7)
[component_container-3] (2026-04-08 19:05:21.920) [debug] [SimulationRunner.cc:584] Creating postupdate worker thread (8)
[component_container-3] (2026-04-08 19:05:21.920) [debug] [TouchPlugin.cc:267] Started touch plugin [sc_port_0/sc_port_base]
[component_container-3] (2026-04-08 19:05:21.921) [debug] [TouchPlugin.cc:267] Started touch plugin [nic_card_mount_2/sfp_port_0]
[component_container-3] (2026-04-08 19:05:21.921) [debug] [TouchPlugin.cc:267] Started touch plugin [nic_card_mount_2/sfp_port_1]
[component_container-3] (2026-04-08 19:05:21.946) [warning] [Component.hh:172] Trying to deserialize component with data type [St10shared_ptrIN3sdf3v157ElementEE], which doesn't have `operator>>`. Component will not be deserialized.
[component_container-3] (2026-04-08 19:05:25.644) [debug] [SdfEntityCreator.cc:547] Link has auto-inertial enabled: cable_0::lc_plug_link
[component_container-3] (2026-04-08 19:05:25.644) [debug] [SdfEntityCreator.cc:549]   pose: 0 0.0197 0 0 0 0
[component_container-3] (2026-04-08 19:05:25.644) [debug] [SdfEntityCreator.cc:550]   mass: 0.01
[component_container-3] (2026-04-08 19:05:25.644) [debug] [SdfEntityCreator.cc:551]   ixx iyy izz: 8.49658e-09 9.96094e-08 1.06153e-07
[component_container-3] (2026-04-08 19:05:25.644) [debug] [SdfEntityCreator.cc:553]   ixy ixz iyz: 0 0 2.13837e-15
[component_container-3] (2026-04-08 19:05:25.644) [debug] [SdfEntityCreator.cc:547] Link has auto-inertial enabled: cable_0::sc_plug_link
[component_container-3] (2026-04-08 19:05:25.644) [debug] [SdfEntityCreator.cc:549]   pose: -0.00907511 4.9566e-05 8.71699e-06 0 0 0
[component_container-3] (2026-04-08 19:05:25.644) [debug] [SdfEntityCreator.cc:550]   mass: 0.04
[component_container-3] (2026-04-08 19:05:25.644) [debug] [SdfEntityCreator.cc:551]   ixx iyy izz: 2.12257e-06 7.17318e-06 8.85404e-06
[component_container-3] (2026-04-08 19:05:25.644) [debug] [SdfEntityCreator.cc:553]   ixy ixz iyz: 1.24369e-08 -3.73363e-09 1.72827e-11
[component_container-3] (2026-04-08 19:05:25.645) [debug] [SdfEntityCreator.cc:547] Link has auto-inertial enabled: cable_0::sfp_module_link
[component_container-3] (2026-04-08 19:05:25.645) [debug] [SdfEntityCreator.cc:549]   pose: 0.00024115 0.00702224 0.000553372 0 0 0
[component_container-3] (2026-04-08 19:05:25.645) [debug] [SdfEntityCreator.cc:550]   mass: 0.02
[component_container-3] (2026-04-08 19:05:25.645) [debug] [SdfEntityCreator.cc:551]   ixx iyy izz: 2.81022e-06 5.74024e-07 3.07134e-06
[component_container-3] (2026-04-08 19:05:25.645) [debug] [SdfEntityCreator.cc:553]   ixy ixz iyz: 2.90452e-08 2.66891e-09 9.66165e-08
[component_container-3] (2026-04-08 19:05:25.647) [debug] [CablePlugin.cc:86] aic_gazebo::CablePlugin::Configure on entity: 242
[component_container-3] (2026-04-08 19:05:25.647) [info] [CablePlugin.cc:150] Cable transitioning to HARNESS state.
[component_container-3] (2026-04-08 19:05:25.647) [debug] [SystemManager.cc:80] Loaded system [aic_gazebo::CablePlugin] for entity [242]
[component_container-3] (2026-04-08 19:05:25.647) [debug] [SystemManager.cc:80] Loaded system [gz::sim::systems::PosePublisher] for entity [242]
[component_container-3] (2026-04-08 19:05:25.647) [debug] [UserCommands.cc:1108] Created entity [242] named [cable_0]
[component_container-3] [INFO] [1775642725.655730927] [gz_server]: InitializeCanonicalLinks
[component_container-3] (2026-04-08 19:05:25.659) [debug] [SimulationRunner.cc:600] Exiting postupdate worker thread (2)
[component_container-3] (2026-04-08 19:05:25.659) [debug] [SimulationRunner.cc:600] Exiting postupdate worker thread (8)
[component_container-3] (2026-04-08 19:05:25.659) [debug] [SimulationRunner.cc:600] Exiting postupdate worker thread (3)
[component_container-3] (2026-04-08 19:05:25.659) [debug] [SimulationRunner.cc:600] Exiting postupdate worker thread (6)
[component_container-3] (2026-04-08 19:05:25.659) [debug] [SimulationRunner.cc:600] Exiting postupdate worker thread (0)
[component_container-3] (2026-04-08 19:05:25.659) [debug] [SimulationRunner.cc:600] Exiting postupdate worker thread (5)
[component_container-3] (2026-04-08 19:05:25.659) [debug] [SimulationRunner.cc:600] Exiting postupdate worker thread (7)
[component_container-3] (2026-04-08 19:05:25.659) [debug] [SimulationRunner.cc:600] Exiting postupdate worker thread (1)
[component_container-3] (2026-04-08 19:05:25.659) [debug] [SimulationRunner.cc:600] Exiting postupdate worker thread (4)
[component_container-3] (2026-04-08 19:05:25.659) [debug] [SimulationRunner.cc:573] Creating PostUpdate worker threads: 12
[component_container-3] (2026-04-08 19:05:25.659) [debug] [SimulationRunner.cc:584] Creating postupdate worker thread (0)
[component_container-3] (2026-04-08 19:05:25.659) [debug] [SimulationRunner.cc:584] Creating postupdate worker thread (1)
[component_container-3] (2026-04-08 19:05:25.659) [debug] [SimulationRunner.cc:584] Creating postupdate worker thread (2)
[component_container-3] (2026-04-08 19:05:25.660) [debug] [SimulationRunner.cc:584] Creating postupdate worker thread (3)
[component_container-3] (2026-04-08 19:05:25.660) [debug] [SimulationRunner.cc:584] Creating postupdate worker thread (4)
[component_container-3] (2026-04-08 19:05:25.660) [debug] [SimulationRunner.cc:584] Creating postupdate worker thread (5)
[component_container-3] (2026-04-08 19:05:25.660) [debug] [SimulationRunner.cc:584] Creating postupdate worker thread (6)
[component_container-3] (2026-04-08 19:05:25.660) [debug] [SimulationRunner.cc:584] Creating postupdate worker thread (7)
[component_container-3] (2026-04-08 19:05:25.660) [debug] [SimulationRunner.cc:584] Creating postupdate worker thread (8)
[component_container-3] (2026-04-08 19:05:25.660) [debug] [SimulationRunner.cc:584] Creating postupdate worker thread (9)
[component_container-3] (2026-04-08 19:05:25.660) [debug] [SimulationRunner.cc:584] Creating postupdate worker thread (10)
[component_container-3] (2026-04-08 19:05:25.665) [info] [CablePlugin.cc:201] Cable transitioning to WAITING state.
[component_container-3] (2026-04-08 19:05:25.665) [info] [CablePlugin.cc:213] Cable transitioning to CREATE_CONNECTIONS state.
[component_container-3] (2026-04-08 19:05:25.665) [debug] [Physics.cc:2015] Creating detachable joint [418]
[component_container-3] (2026-04-08 19:05:25.665) [debug] [Physics.cc:2015] Creating detachable joint [421]
[component_container-3] (2026-04-08 19:05:25.666) [debug] [Physics.cc:2136] Detaching joint [418]
[component_container-3] (2026-04-08 19:05:25.666) [debug] [Physics.cc:2136] Detaching joint [421]
[component_container-3] (2026-04-08 19:05:25.668) [info] [CablePlugin.cc:247] Cable transitioning to CABLE_ATTACHED_TO_GRIPPER state.
[component_container-3] (2026-04-08 19:05:25.668) [debug] [Physics.cc:2015] Creating detachable joint [422]
[component_container-3] [INFO] [1775642725.731567603] [gz_server]: InitializeCanonicalLinks
[component_container-3] [INFO] [1775642733.462739984] [aic_controller]: Received request to switch target mode to MODE_JOINT.
[component_container-3] [INFO] [1775642739.003207609] [aic_controller]: Received request to switch target mode to MODE_CARTESIAN.
[component_container-3] (2026-04-08 19:05:56.282) [debug] [UserCommands.cc:1158] Requesting removal of entity [118]
[component_container-3] (2026-04-08 19:05:56.308) [debug] [SimulationRunner.cc:600] Exiting postupdate worker thread (10)
[component_container-3] (2026-04-08 19:05:56.308) [debug] [SimulationRunner.cc:600] Exiting postupdate worker thread (1)
[component_container-3] (2026-04-08 19:05:56.308) [debug] [SimulationRunner.cc:600] Exiting postupdate worker thread (2)
[component_container-3] (2026-04-08 19:05:56.308) [debug] [SimulationRunner.cc:600] Exiting postupdate worker thread (9)
[component_container-3] (2026-04-08 19:05:56.308) [debug] [SimulationRunner.cc:600] Exiting postupdate worker thread (3)
[component_container-3] (2026-04-08 19:05:56.308) [debug] [SimulationRunner.cc:600] Exiting postupdate worker thread (6)
[component_container-3] (2026-04-08 19:05:56.308) [debug] [SimulationRunner.cc:600] Exiting postupdate worker thread (7)
[component_container-3] (2026-04-08 19:05:56.308) [debug] [SimulationRunner.cc:600] Exiting postupdate worker thread (4)
[component_container-3] (2026-04-08 19:05:56.308) [debug] [SimulationRunner.cc:600] Exiting postupdate worker thread (0)
[component_container-3] (2026-04-08 19:05:56.308) [debug] [SimulationRunner.cc:600] Exiting postupdate worker thread (8)
[component_container-3] (2026-04-08 19:05:56.308) [debug] [SimulationRunner.cc:600] Exiting postupdate worker thread (5)
[component_container-3] (2026-04-08 19:05:56.316) [debug] [SimulationRunner.cc:573] Creating PostUpdate worker threads: 8
[component_container-3] (2026-04-08 19:05:56.316) [debug] [SimulationRunner.cc:584] Creating postupdate worker thread (0)
[component_container-3] (2026-04-08 19:05:56.316) [debug] [SimulationRunner.cc:584] Creating postupdate worker thread (1)
[component_container-3] (2026-04-08 19:05:56.316) [debug] [SimulationRunner.cc:584] Creating postupdate worker thread (2)
[component_container-3] (2026-04-08 19:05:56.316) [debug] [SimulationRunner.cc:584] Creating postupdate worker thread (3)
[component_container-3] (2026-04-08 19:05:56.316) [debug] [SimulationRunner.cc:584] Creating postupdate worker thread (4)
[component_container-3] (2026-04-08 19:05:56.316) [debug] [SimulationRunner.cc:584] Creating postupdate worker thread (5)
[component_container-3] (2026-04-08 19:05:56.316) [debug] [SimulationRunner.cc:584] Creating postupdate worker thread (6)
[component_container-3] (2026-04-08 19:05:56.317) [debug] [UserCommands.cc:1158] Requesting removal of entity [242]
[component_container-3] (2026-04-08 19:05:56.318) [info] [CablePlugin.cc:162] Cable transitioning to CABLE_REMOVED state.
[component_container-3] [INFO] [1775642756.318940218] [controller_manager]: Deactivating controllers: [ aic_controller ]
[component_container-3] [INFO] [1775642756.319025570] [controller_manager]: Switch controller timeout is set to 0, using default 1s!
[component_container-3] [INFO] [1775642756.319030800] [controller_manager]: Requested controller switch from non-realtime loop
[component_container-3] [INFO] [1775642756.319130979] [controller_manager]: Deactivated controllers: [ aic_controller ]
[component_container-3] [INFO] [1775642756.319135747] [controller_manager]: Successfully switched controllers!
[component_container-3] (2026-04-08 19:05:56.320) [debug] [Physics.cc:2136] Detaching joint [422]
[component_container-3] (2026-04-08 19:05:56.323) [info] [ResetJointsPlugin.cc:105] Received reset request for joint: shoulder_pan_joint
[component_container-3] (2026-04-08 19:05:56.323) [info] [ResetJointsPlugin.cc:105] Received reset request for joint: shoulder_lift_joint
[component_container-3] (2026-04-08 19:05:56.323) [info] [ResetJointsPlugin.cc:105] Received reset request for joint: elbow_joint
[component_container-3] (2026-04-08 19:05:56.323) [info] [ResetJointsPlugin.cc:105] Received reset request for joint: wrist_1_joint
[component_container-3] (2026-04-08 19:05:56.323) [info] [ResetJointsPlugin.cc:105] Received reset request for joint: wrist_2_joint
[component_container-3] (2026-04-08 19:05:56.323) [info] [ResetJointsPlugin.cc:105] Received reset request for joint: wrist_3_joint
[component_container-3] (2026-04-08 19:05:56.350) [debug] [SimulationRunner.cc:600] Exiting postupdate worker thread (0)
[component_container-3] (2026-04-08 19:05:56.350) [debug] [SimulationRunner.cc:600] Exiting postupdate worker thread (1)
[component_container-3] (2026-04-08 19:05:56.350) [debug] [SimulationRunner.cc:600] Exiting postupdate worker thread (5)
[component_container-3] (2026-04-08 19:05:56.350) [debug] [SimulationRunner.cc:600] Exiting postupdate worker thread (4)
[component_container-3] (2026-04-08 19:05:56.350) [debug] [SimulationRunner.cc:600] Exiting postupdate worker thread (6)
[component_container-3] (2026-04-08 19:05:56.350) [debug] [SimulationRunner.cc:600] Exiting postupdate worker thread (3)
[component_container-3] (2026-04-08 19:05:56.350) [debug] [SimulationRunner.cc:600] Exiting postupdate worker thread (2)
[component_container-3] (2026-04-08 19:05:56.350) [debug] [SimulationRunner.cc:573] Creating PostUpdate worker threads: 6
[component_container-3] (2026-04-08 19:05:56.350) [debug] [SimulationRunner.cc:584] Creating postupdate worker thread (0)
[component_container-3] (2026-04-08 19:05:56.350) [debug] [SimulationRunner.cc:584] Creating postupdate worker thread (1)
[component_container-3] (2026-04-08 19:05:56.350) [debug] [SimulationRunner.cc:584] Creating postupdate worker thread (2)
[component_container-3] (2026-04-08 19:05:56.351) [debug] [SimulationRunner.cc:584] Creating postupdate worker thread (3)
[component_container-3] (2026-04-08 19:05:56.351) [debug] [SimulationRunner.cc:584] Creating postupdate worker thread (4)
[component_container-3] (2026-04-08 19:05:56.416) [info] [ResetJointsPlugin.cc:149] Joint wrist_3_joint reset to initial position: 1.411
[component_container-3] (2026-04-08 19:05:56.416) [info] [ResetJointsPlugin.cc:149] Joint wrist_2_joint reset to initial position: 1.571
[component_container-3] (2026-04-08 19:05:56.416) [info] [ResetJointsPlugin.cc:149] Joint wrist_1_joint reset to initial position: -1.6933
[component_container-3] (2026-04-08 19:05:56.416) [info] [ResetJointsPlugin.cc:149] Joint elbow_joint reset to initial position: -1.6648
[component_container-3] (2026-04-08 19:05:56.416) [info] [ResetJointsPlugin.cc:149] Joint shoulder_lift_joint reset to initial position: -1.3542
[component_container-3] (2026-04-08 19:05:56.416) [info] [ResetJointsPlugin.cc:149] Joint shoulder_pan_joint reset to initial position: -0.1597
[component_container-3] (2026-04-08 19:05:56.416) [warning] [Physics.cc:2467] Found both JointVelocityReset and JointVelocityCmd components for Joint [shoulder_pan_joint(Entity=102]). Ignoring JointVelocityCmd component.
[component_container-3] (2026-04-08 19:05:56.416) [warning] [Physics.cc:2467] Found both JointVelocityReset and JointVelocityCmd components for Joint [shoulder_lift_joint(Entity=103]). Ignoring JointVelocityCmd component.
[component_container-3] (2026-04-08 19:05:56.416) [warning] [Physics.cc:2467] Found both JointVelocityReset and JointVelocityCmd components for Joint [elbow_joint(Entity=104]). Ignoring JointVelocityCmd component.
[component_container-3] (2026-04-08 19:05:56.416) [warning] [Physics.cc:2467] Found both JointVelocityReset and JointVelocityCmd components for Joint [wrist_1_joint(Entity=105]). Ignoring JointVelocityCmd component.
[component_container-3] (2026-04-08 19:05:56.416) [warning] [Physics.cc:2467] Found both JointVelocityReset and JointVelocityCmd components for Joint [wrist_2_joint(Entity=106]). Ignoring JointVelocityCmd component.
[component_container-3] (2026-04-08 19:05:56.416) [warning] [Physics.cc:2467] Found both JointVelocityReset and JointVelocityCmd components for Joint [wrist_3_joint(Entity=107]). Ignoring JointVelocityCmd component.
[component_container-3] [INFO] [1775642756.418058286] [controller_manager]: Activating controllers: [ aic_controller ]
[component_container-3] [INFO] [1775642756.418131908] [controller_manager]: Requested controller switch from non-realtime loop
[component_container-3] [INFO] [1775642756.418214205] [controller_manager]: Activated controllers: [ aic_controller ]
[component_container-3] [INFO] [1775642756.418218884] [controller_manager]: Successfully switched controllers!
[component_container-3] (2026-04-08 19:05:56.571) [debug] [SdfEntityCreator.cc:547] Link has auto-inertial enabled: sc_port_0::sc_port_link
[component_container-3] (2026-04-08 19:05:56.571) [debug] [SdfEntityCreator.cc:549]   pose: 1.88554e-19 -0.00100271 0.000137321 0 0 0
[component_container-3] (2026-04-08 19:05:56.571) [debug] [SdfEntityCreator.cc:550]   mass: 0.04
[component_container-3] (2026-04-08 19:05:56.571) [debug] [SdfEntityCreator.cc:551]   ixx iyy izz: 1.86262e-06 5.50332e-06 6.55187e-06
[component_container-3] (2026-04-08 19:05:56.571) [debug] [SdfEntityCreator.cc:553]   ixy ixz iyz: -7.41324e-15 4.19415e-23 -5.5077e-09
[component_container-3] (2026-04-08 19:05:56.572) [debug] [SdfEntityCreator.cc:547] Link has auto-inertial enabled: nic_card_mount_3::nic_card_link
[component_container-3] (2026-04-08 19:05:56.572) [debug] [SdfEntityCreator.cc:549]   pose: 0.00150732 -0.00850988 0.00340281 0 0 0
[component_container-3] (2026-04-08 19:05:56.572) [debug] [SdfEntityCreator.cc:550]   mass: 0.15
[component_container-3] (2026-04-08 19:05:56.572) [debug] [SdfEntityCreator.cc:551]   ixx iyy izz: 0.000185176 4.95164e-05 0.000228127
[component_container-3] (2026-04-08 19:05:56.572) [debug] [SdfEntityCreator.cc:553]   ixy ixz iyz: -1.61776e-06 6.54063e-07 1.04636e-07
[component_container-3] (2026-04-08 19:05:56.573) [debug] [SystemManager.cc:80] Loaded system [gz::sim::systems::PosePublisher] for entity [423]
[component_container-3] (2026-04-08 19:05:56.574) [debug] [SystemManager.cc:80] Loaded system [gz::sim::systems::TouchPlugin] for entity [470]
[component_container-3] (2026-04-08 19:05:56.574) [debug] [SystemManager.cc:80] Loaded system [gz::sim::systems::TouchPlugin] for entity [493]
[component_container-3] (2026-04-08 19:05:56.574) [debug] [SystemManager.cc:80] Loaded system [gz::sim::systems::TouchPlugin] for entity [493]
[component_container-3] (2026-04-08 19:05:56.574) [debug] [UserCommands.cc:1108] Created entity [423] named [task_board]
[component_container-3] (2026-04-08 19:05:56.578) [info] [Contact.cc:125] Contact system publishing on world/aic_world/model/task_board/model/sc_port_0/link/sc_port_link/sensor/sc_port_sensor/contact
[component_container-3] (2026-04-08 19:05:56.578) [info] [Contact.cc:125] Contact system publishing on world/aic_world/model/task_board/model/nic_card_mount_3/link/nic_card_link/sensor/sfp_port_sensor/contact
[component_container-3] [INFO] [1775642756.578695202] [aic_controller]: Received service request to tare force torque sensor!
[component_container-3] [INFO] [1775642756.578732880] [aic_controller]: Successfully tared force torque sensor.
[component_container-3] [INFO] [1775642756.580639960] [gz_server]: InitializeCanonicalLinks
[component_container-3] (2026-04-08 19:05:56.580) [warning] [Component.hh:127] Trying to serialize component with data type [St10shared_ptrIN3sdf3v157ElementEE], which doesn't have `operator<<`. Component will not be serialized.
[component_container-3] (2026-04-08 19:05:56.582) [debug] [SimulationRunner.cc:600] Exiting postupdate worker thread (3)
[component_container-3] (2026-04-08 19:05:56.582) [debug] [SimulationRunner.cc:600] Exiting postupdate worker thread (0)
[component_container-3] (2026-04-08 19:05:56.582) [debug] [SimulationRunner.cc:600] Exiting postupdate worker thread (4)
[component_container-3] (2026-04-08 19:05:56.582) [debug] [SimulationRunner.cc:600] Exiting postupdate worker thread (1)
[component_container-3] (2026-04-08 19:05:56.582) [debug] [SimulationRunner.cc:600] Exiting postupdate worker thread (2)
[component_container-3] (2026-04-08 19:05:56.582) [debug] [SimulationRunner.cc:573] Creating PostUpdate worker threads: 10
[component_container-3] (2026-04-08 19:05:56.582) [debug] [SimulationRunner.cc:584] Creating postupdate worker thread (0)
[component_container-3] (2026-04-08 19:05:56.582) [debug] [SimulationRunner.cc:584] Creating postupdate worker thread (1)
[component_container-3] (2026-04-08 19:05:56.582) [debug] [SimulationRunner.cc:584] Creating postupdate worker thread (2)
[component_container-3] (2026-04-08 19:05:56.582) [debug] [SimulationRunner.cc:584] Creating postupdate worker thread (3)
[component_container-3] (2026-04-08 19:05:56.582) [debug] [SimulationRunner.cc:584] Creating postupdate worker thread (4)
[component_container-3] (2026-04-08 19:05:56.582) [debug] [SimulationRunner.cc:584] Creating postupdate worker thread (5)
[component_container-3] (2026-04-08 19:05:56.582) [debug] [SimulationRunner.cc:584] Creating postupdate worker thread (6)
[component_container-3] (2026-04-08 19:05:56.582) [debug] [SimulationRunner.cc:584] Creating postupdate worker thread (7)
[component_container-3] (2026-04-08 19:05:56.582) [debug] [SimulationRunner.cc:584] Creating postupdate worker thread (8)
[component_container-3] (2026-04-08 19:05:56.583) [debug] [TouchPlugin.cc:267] Started touch plugin [sc_port_0/sc_port_base]
[component_container-3] (2026-04-08 19:05:56.583) [debug] [TouchPlugin.cc:267] Started touch plugin [nic_card_mount_3/sfp_port_0]
[component_container-3] (2026-04-08 19:05:56.583) [debug] [TouchPlugin.cc:267] Started touch plugin [nic_card_mount_3/sfp_port_1]
[component_container-3] (2026-04-08 19:05:57.132) [debug] [SdfEntityCreator.cc:547] Link has auto-inertial enabled: cable_0::lc_plug_link
[component_container-3] (2026-04-08 19:05:57.132) [debug] [SdfEntityCreator.cc:549]   pose: 0 0.0197 0 0 0 0
[component_container-3] (2026-04-08 19:05:57.132) [debug] [SdfEntityCreator.cc:550]   mass: 0.01
[component_container-3] (2026-04-08 19:05:57.132) [debug] [SdfEntityCreator.cc:551]   ixx iyy izz: 8.49658e-09 9.96094e-08 1.06153e-07
[component_container-3] (2026-04-08 19:05:57.132) [debug] [SdfEntityCreator.cc:553]   ixy ixz iyz: 0 0 2.13837e-15
[component_container-3] (2026-04-08 19:05:57.132) [debug] [SdfEntityCreator.cc:547] Link has auto-inertial enabled: cable_0::sc_plug_link
[component_container-3] (2026-04-08 19:05:57.132) [debug] [SdfEntityCreator.cc:549]   pose: -0.00907511 4.9566e-05 8.71699e-06 0 0 0
[component_container-3] (2026-04-08 19:05:57.132) [debug] [SdfEntityCreator.cc:550]   mass: 0.04
[component_container-3] (2026-04-08 19:05:57.132) [debug] [SdfEntityCreator.cc:551]   ixx iyy izz: 2.12257e-06 7.17318e-06 8.85404e-06
[component_container-3] (2026-04-08 19:05:57.132) [debug] [SdfEntityCreator.cc:553]   ixy ixz iyz: 1.24369e-08 -3.73363e-09 1.72827e-11
[component_container-3] (2026-04-08 19:05:57.132) [debug] [SdfEntityCreator.cc:547] Link has auto-inertial enabled: cable_0::sfp_module_link
[component_container-3] (2026-04-08 19:05:57.132) [debug] [SdfEntityCreator.cc:549]   pose: 0.00024115 0.00702224 0.000553372 0 0 0
[component_container-3] (2026-04-08 19:05:57.132) [debug] [SdfEntityCreator.cc:550]   mass: 0.02
[component_container-3] (2026-04-08 19:05:57.132) [debug] [SdfEntityCreator.cc:551]   ixx iyy izz: 2.81022e-06 5.74024e-07 3.07134e-06
[component_container-3] (2026-04-08 19:05:57.132) [debug] [SdfEntityCreator.cc:553]   ixy ixz iyz: 2.90452e-08 2.66891e-09 9.66165e-08
[component_container-3] (2026-04-08 19:05:57.133) [debug] [CablePlugin.cc:86] aic_gazebo::CablePlugin::Configure on entity: 547
[component_container-3] (2026-04-08 19:05:57.134) [info] [CablePlugin.cc:150] Cable transitioning to HARNESS state.
[component_container-3] (2026-04-08 19:05:57.134) [debug] [SystemManager.cc:80] Loaded system [aic_gazebo::CablePlugin] for entity [547]
[component_container-3] (2026-04-08 19:05:57.134) [debug] [SystemManager.cc:80] Loaded system [gz::sim::systems::PosePublisher] for entity [547]
[component_container-3] (2026-04-08 19:05:57.134) [debug] [UserCommands.cc:1108] Created entity [547] named [cable_0]
[component_container-3] [INFO] [1775642757.143976686] [gz_server]: InitializeCanonicalLinks
[component_container-3] (2026-04-08 19:05:57.147) [debug] [SimulationRunner.cc:600] Exiting postupdate worker thread (3)
[component_container-3] (2026-04-08 19:05:57.147) [debug] [SimulationRunner.cc:600] Exiting postupdate worker thread (4)
[component_container-3] (2026-04-08 19:05:57.147) [debug] [SimulationRunner.cc:600] Exiting postupdate worker thread (2)
[component_container-3] (2026-04-08 19:05:57.147) [debug] [SimulationRunner.cc:600] Exiting postupdate worker thread (0)
[component_container-3] (2026-04-08 19:05:57.147) [debug] [SimulationRunner.cc:600] Exiting postupdate worker thread (7)
[component_container-3] (2026-04-08 19:05:57.147) [debug] [SimulationRunner.cc:600] Exiting postupdate worker thread (6)
[component_container-3] (2026-04-08 19:05:57.147) [debug] [SimulationRunner.cc:600] Exiting postupdate worker thread (8)
[component_container-3] (2026-04-08 19:05:57.147) [debug] [SimulationRunner.cc:600] Exiting postupdate worker thread (1)
[component_container-3] (2026-04-08 19:05:57.147) [debug] [SimulationRunner.cc:600] Exiting postupdate worker thread (5)
[component_container-3] (2026-04-08 19:05:57.147) [debug] [SimulationRunner.cc:573] Creating PostUpdate worker threads: 12
[component_container-3] (2026-04-08 19:05:57.147) [debug] [SimulationRunner.cc:584] Creating postupdate worker thread (0)
[component_container-3] (2026-04-08 19:05:57.147) [debug] [SimulationRunner.cc:584] Creating postupdate worker thread (1)
[component_container-3] (2026-04-08 19:05:57.147) [debug] [SimulationRunner.cc:584] Creating postupdate worker thread (2)
[component_container-3] (2026-04-08 19:05:57.147) [debug] [SimulationRunner.cc:584] Creating postupdate worker thread (3)
[component_container-3] (2026-04-08 19:05:57.147) [debug] [SimulationRunner.cc:584] Creating postupdate worker thread (4)
[component_container-3] (2026-04-08 19:05:57.147) [debug] [SimulationRunner.cc:584] Creating postupdate worker thread (5)
[component_container-3] (2026-04-08 19:05:57.147) [debug] [SimulationRunner.cc:584] Creating postupdate worker thread (6)
[component_container-3] (2026-04-08 19:05:57.147) [debug] [SimulationRunner.cc:584] Creating postupdate worker thread (7)
[component_container-3] (2026-04-08 19:05:57.147) [debug] [SimulationRunner.cc:584] Creating postupdate worker thread (8)
[component_container-3] (2026-04-08 19:05:57.147) [debug] [SimulationRunner.cc:584] Creating postupdate worker thread (9)
[component_container-3] (2026-04-08 19:05:57.147) [debug] [SimulationRunner.cc:584] Creating postupdate worker thread (10)
[component_container-3] (2026-04-08 19:05:57.148) [info] [CablePlugin.cc:201] Cable transitioning to WAITING state.
[component_container-3] (2026-04-08 19:05:57.148) [info] [CablePlugin.cc:213] Cable transitioning to CREATE_CONNECTIONS state.
[component_container-3] (2026-04-08 19:05:57.148) [debug] [Physics.cc:2015] Creating detachable joint [723]
[component_container-3] (2026-04-08 19:05:57.148) [debug] [Physics.cc:2015] Creating detachable joint [726]
[component_container-3] (2026-04-08 19:05:57.149) [debug] [Physics.cc:2136] Detaching joint [723]
[component_container-3] (2026-04-08 19:05:57.149) [debug] [Physics.cc:2136] Detaching joint [726]
[component_container-3] (2026-04-08 19:05:57.150) [info] [CablePlugin.cc:247] Cable transitioning to CABLE_ATTACHED_TO_GRIPPER state.
[component_container-3] (2026-04-08 19:05:57.151) [debug] [Physics.cc:2015] Creating detachable joint [727]
[component_container-3] [INFO] [1775642757.176327429] [gz_server]: InitializeCanonicalLinks
[component_container-3] [INFO] [1775642762.121379372] [aic_controller]: Received request to switch target mode to MODE_JOINT.
[component_container-3] [INFO] [1775642767.757785155] [aic_controller]: Received request to switch target mode to MODE_CARTESIAN.
[component_container-3] (2026-04-08 19:06:27.265) [debug] [UserCommands.cc:1158] Requesting removal of entity [423]
[component_container-3] (2026-04-08 19:06:27.289) [debug] [SimulationRunner.cc:600] Exiting postupdate worker thread (9)
[component_container-3] (2026-04-08 19:06:27.289) [debug] [SimulationRunner.cc:600] Exiting postupdate worker thread (1)
[component_container-3] (2026-04-08 19:06:27.289) [debug] [SimulationRunner.cc:600] Exiting postupdate worker thread (3)
[component_container-3] (2026-04-08 19:06:27.289) [debug] [SimulationRunner.cc:600] Exiting postupdate worker thread (7)
[component_container-3] (2026-04-08 19:06:27.289) [debug] [SimulationRunner.cc:600] Exiting postupdate worker thread (0)
[component_container-3] (2026-04-08 19:06:27.289) [debug] [SimulationRunner.cc:600] Exiting postupdate worker thread (8)
[component_container-3] (2026-04-08 19:06:27.289) [debug] [SimulationRunner.cc:600] Exiting postupdate worker thread (5)
[component_container-3] (2026-04-08 19:06:27.289) [debug] [SimulationRunner.cc:600] Exiting postupdate worker thread (2)
[component_container-3] (2026-04-08 19:06:27.289) [debug] [SimulationRunner.cc:600] Exiting postupdate worker thread (6)
[component_container-3] (2026-04-08 19:06:27.289) [debug] [SimulationRunner.cc:600] Exiting postupdate worker thread (10)
[component_container-3] (2026-04-08 19:06:27.289) [debug] [SimulationRunner.cc:600] Exiting postupdate worker thread (4)
[component_container-3] (2026-04-08 19:06:27.289) [debug] [SimulationRunner.cc:573] Creating PostUpdate worker threads: 8
[component_container-3] (2026-04-08 19:06:27.289) [debug] [SimulationRunner.cc:584] Creating postupdate worker thread (0)
[component_container-3] (2026-04-08 19:06:27.289) [debug] [SimulationRunner.cc:584] Creating postupdate worker thread (1)
[component_container-3] (2026-04-08 19:06:27.289) [debug] [SimulationRunner.cc:584] Creating postupdate worker thread (2)
[component_container-3] (2026-04-08 19:06:27.289) [debug] [SimulationRunner.cc:584] Creating postupdate worker thread (3)
[component_container-3] (2026-04-08 19:06:27.289) [debug] [SimulationRunner.cc:584] Creating postupdate worker thread (4)
[component_container-3] (2026-04-08 19:06:27.290) [debug] [SimulationRunner.cc:584] Creating postupdate worker thread (5)
[component_container-3] (2026-04-08 19:06:27.290) [debug] [SimulationRunner.cc:584] Creating postupdate worker thread (6)
[component_container-3] (2026-04-08 19:06:27.290) [debug] [UserCommands.cc:1158] Requesting removal of entity [547]
[component_container-3] (2026-04-08 19:06:27.291) [info] [CablePlugin.cc:162] Cable transitioning to CABLE_REMOVED state.
[component_container-3] [INFO] [1775642787.292137073] [controller_manager]: Deactivating controllers: [ aic_controller ]
[component_container-3] [INFO] [1775642787.292219441] [controller_manager]: Requested controller switch from non-realtime loop
[component_container-3] [INFO] [1775642787.292320031] [controller_manager]: Deactivated controllers: [ aic_controller ]
[component_container-3] [INFO] [1775642787.292325701] [controller_manager]: Successfully switched controllers!
[component_container-3] (2026-04-08 19:06:27.293) [debug] [Physics.cc:2136] Detaching joint [727]
[component_container-3] (2026-04-08 19:06:27.296) [info] [ResetJointsPlugin.cc:105] Received reset request for joint: shoulder_pan_joint
[component_container-3] (2026-04-08 19:06:27.296) [info] [ResetJointsPlugin.cc:105] Received reset request for joint: shoulder_lift_joint
[component_container-3] (2026-04-08 19:06:27.296) [info] [ResetJointsPlugin.cc:105] Received reset request for joint: elbow_joint
[component_container-3] (2026-04-08 19:06:27.296) [info] [ResetJointsPlugin.cc:105] Received reset request for joint: wrist_1_joint
[component_container-3] (2026-04-08 19:06:27.296) [info] [ResetJointsPlugin.cc:105] Received reset request for joint: wrist_2_joint
[component_container-3] (2026-04-08 19:06:27.296) [info] [ResetJointsPlugin.cc:105] Received reset request for joint: wrist_3_joint
[component_container-3] (2026-04-08 19:06:27.324) [debug] [SimulationRunner.cc:600] Exiting postupdate worker thread (4)
[component_container-3] (2026-04-08 19:06:27.324) [debug] [SimulationRunner.cc:600] Exiting postupdate worker thread (0)
[component_container-3] (2026-04-08 19:06:27.324) [debug] [SimulationRunner.cc:600] Exiting postupdate worker thread (6)
[component_container-3] (2026-04-08 19:06:27.324) [debug] [SimulationRunner.cc:600] Exiting postupdate worker thread (5)
[component_container-3] (2026-04-08 19:06:27.324) [debug] [SimulationRunner.cc:600] Exiting postupdate worker thread (2)
[component_container-3] (2026-04-08 19:06:27.324) [debug] [SimulationRunner.cc:600] Exiting postupdate worker thread (3)
[component_container-3] (2026-04-08 19:06:27.324) [debug] [SimulationRunner.cc:600] Exiting postupdate worker thread (1)
[component_container-3] (2026-04-08 19:06:27.324) [debug] [SimulationRunner.cc:573] Creating PostUpdate worker threads: 6
[component_container-3] (2026-04-08 19:06:27.324) [debug] [SimulationRunner.cc:584] Creating postupdate worker thread (0)
[component_container-3] (2026-04-08 19:06:27.324) [debug] [SimulationRunner.cc:584] Creating postupdate worker thread (1)
[component_container-3] (2026-04-08 19:06:27.324) [debug] [SimulationRunner.cc:584] Creating postupdate worker thread (2)
[component_container-3] (2026-04-08 19:06:27.324) [debug] [SimulationRunner.cc:584] Creating postupdate worker thread (3)
[component_container-3] (2026-04-08 19:06:27.324) [debug] [SimulationRunner.cc:584] Creating postupdate worker thread (4)
[component_container-3] (2026-04-08 19:06:28.135) [info] [ResetJointsPlugin.cc:149] Joint wrist_3_joint reset to initial position: 1.411
[component_container-3] (2026-04-08 19:06:28.136) [info] [ResetJointsPlugin.cc:149] Joint wrist_2_joint reset to initial position: 1.571
[component_container-3] (2026-04-08 19:06:28.136) [info] [ResetJointsPlugin.cc:149] Joint wrist_1_joint reset to initial position: -1.6933
[component_container-3] (2026-04-08 19:06:28.136) [info] [ResetJointsPlugin.cc:149] Joint elbow_joint reset to initial position: -1.6648
[component_container-3] (2026-04-08 19:06:28.136) [info] [ResetJointsPlugin.cc:149] Joint shoulder_lift_joint reset to initial position: -1.3542
[component_container-3] (2026-04-08 19:06:28.136) [info] [ResetJointsPlugin.cc:149] Joint shoulder_pan_joint reset to initial position: -0.1597
[component_container-3] (2026-04-08 19:06:28.136) [warning] [Physics.cc:2467] Found both JointVelocityReset and JointVelocityCmd components for Joint [shoulder_pan_joint(Entity=102]). Ignoring JointVelocityCmd component.
[component_container-3] (2026-04-08 19:06:28.136) [warning] [Physics.cc:2467] Found both JointVelocityReset and JointVelocityCmd components for Joint [shoulder_lift_joint(Entity=103]). Ignoring JointVelocityCmd component.
[component_container-3] (2026-04-08 19:06:28.136) [warning] [Physics.cc:2467] Found both JointVelocityReset and JointVelocityCmd components for Joint [elbow_joint(Entity=104]). Ignoring JointVelocityCmd component.
[component_container-3] (2026-04-08 19:06:28.136) [warning] [Physics.cc:2467] Found both JointVelocityReset and JointVelocityCmd components for Joint [wrist_1_joint(Entity=105]). Ignoring JointVelocityCmd component.
[component_container-3] (2026-04-08 19:06:28.136) [warning] [Physics.cc:2467] Found both JointVelocityReset and JointVelocityCmd components for Joint [wrist_2_joint(Entity=106]). Ignoring JointVelocityCmd component.
[component_container-3] (2026-04-08 19:06:28.136) [warning] [Physics.cc:2467] Found both JointVelocityReset and JointVelocityCmd components for Joint [wrist_3_joint(Entity=107]). Ignoring JointVelocityCmd component.
[component_container-3] [INFO] [1775642788.136521754] [controller_manager]: Activating controllers: [ aic_controller ]
[component_container-3] [INFO] [1775642788.136675530] [controller_manager]: Requested controller switch from non-realtime loop
[component_container-3] [INFO] [1775642788.136805633] [controller_manager]: Activated controllers: [ aic_controller ]
[component_container-3] [INFO] [1775642788.136814880] [controller_manager]: Successfully switched controllers!
[component_container-3] (2026-04-08 19:06:28.282) [debug] [SdfEntityCreator.cc:547] Link has auto-inertial enabled: sc_port_0::sc_port_link
[component_container-3] (2026-04-08 19:06:28.282) [debug] [SdfEntityCreator.cc:549]   pose: 1.88554e-19 -0.00100271 0.000137321 0 0 0
[component_container-3] (2026-04-08 19:06:28.282) [debug] [SdfEntityCreator.cc:550]   mass: 0.04
[component_container-3] (2026-04-08 19:06:28.282) [debug] [SdfEntityCreator.cc:551]   ixx iyy izz: 1.86262e-06 5.50332e-06 6.55187e-06
[component_container-3] (2026-04-08 19:06:28.282) [debug] [SdfEntityCreator.cc:553]   ixy ixz iyz: -7.41324e-15 4.19415e-23 -5.5077e-09
[component_container-3] (2026-04-08 19:06:28.284) [debug] [SystemManager.cc:80] Loaded system [gz::sim::systems::PosePublisher] for entity [728]
[component_container-3] (2026-04-08 19:06:28.284) [debug] [SystemManager.cc:80] Loaded system [gz::sim::systems::TouchPlugin] for entity [774]
[component_container-3] (2026-04-08 19:06:28.284) [debug] [UserCommands.cc:1108] Created entity [728] named [task_board]
[component_container-3] (2026-04-08 19:06:28.288) [info] [Contact.cc:125] Contact system publishing on world/aic_world/model/task_board/model/sc_port_0/link/sc_port_link/sensor/sc_port_sensor/contact
[component_container-3] [INFO] [1775642788.288905465] [aic_controller]: Received service request to tare force torque sensor!
[component_container-3] [INFO] [1775642788.288938514] [aic_controller]: Successfully tared force torque sensor.
[component_container-3] [INFO] [1775642788.290422454] [gz_server]: InitializeCanonicalLinks
[component_container-3] (2026-04-08 19:06:28.291) [debug] [SimulationRunner.cc:600] Exiting postupdate worker thread (3)
[component_container-3] (2026-04-08 19:06:28.291) [debug] [SimulationRunner.cc:600] Exiting postupdate worker thread (2)
[component_container-3] (2026-04-08 19:06:28.291) [debug] [SimulationRunner.cc:600] Exiting postupdate worker thread (4)
[component_container-3] (2026-04-08 19:06:28.291) [debug] [SimulationRunner.cc:600] Exiting postupdate worker thread (1)
[component_container-3] (2026-04-08 19:06:28.291) [debug] [SimulationRunner.cc:600] Exiting postupdate worker thread (0)
[component_container-3] (2026-04-08 19:06:28.291) [debug] [SimulationRunner.cc:573] Creating PostUpdate worker threads: 8
[component_container-3] (2026-04-08 19:06:28.291) [debug] [SimulationRunner.cc:584] Creating postupdate worker thread (0)
[component_container-3] (2026-04-08 19:06:28.291) [debug] [SimulationRunner.cc:584] Creating postupdate worker thread (1)
[component_container-3] (2026-04-08 19:06:28.291) [debug] [SimulationRunner.cc:584] Creating postupdate worker thread (2)
[component_container-3] (2026-04-08 19:06:28.291) [debug] [SimulationRunner.cc:584] Creating postupdate worker thread (3)
[component_container-3] (2026-04-08 19:06:28.291) [debug] [SimulationRunner.cc:584] Creating postupdate worker thread (4)
[component_container-3] (2026-04-08 19:06:28.291) [debug] [SimulationRunner.cc:584] Creating postupdate worker thread (5)
[component_container-3] (2026-04-08 19:06:28.291) [debug] [SimulationRunner.cc:584] Creating postupdate worker thread (6)
[component_container-3] (2026-04-08 19:06:28.292) [debug] [TouchPlugin.cc:267] Started touch plugin [sc_port_0/sc_port_base]
[component_container-3] (2026-04-08 19:06:28.542) [debug] [SdfEntityCreator.cc:547] Link has auto-inertial enabled: cable_1::sc_plug_link
[component_container-3] (2026-04-08 19:06:28.542) [debug] [SdfEntityCreator.cc:549]   pose: -0.00907511 4.9566e-05 8.71699e-06 0 0 0
[component_container-3] (2026-04-08 19:06:28.542) [debug] [SdfEntityCreator.cc:550]   mass: 0.04
[component_container-3] (2026-04-08 19:06:28.542) [debug] [SdfEntityCreator.cc:551]   ixx iyy izz: 2.12257e-06 7.17318e-06 8.85404e-06
[component_container-3] (2026-04-08 19:06:28.542) [debug] [SdfEntityCreator.cc:553]   ixy ixz iyz: 1.24369e-08 -3.73363e-09 1.72827e-11
[component_container-3] (2026-04-08 19:06:28.543) [debug] [SdfEntityCreator.cc:547] Link has auto-inertial enabled: cable_1::lc_plug_link
[component_container-3] (2026-04-08 19:06:28.543) [debug] [SdfEntityCreator.cc:549]   pose: 0 -0.00428702 8.58528e-05 0 0 0
[component_container-3] (2026-04-08 19:06:28.543) [debug] [SdfEntityCreator.cc:550]   mass: 0.01
[component_container-3] (2026-04-08 19:06:28.543) [debug] [SdfEntityCreator.cc:551]   ixx iyy izz: 1.73585e-06 1.30886e-07 1.82579e-06
[component_container-3] (2026-04-08 19:06:28.543) [debug] [SdfEntityCreator.cc:553]   ixy ixz iyz: -3.13192e-14 3.63653e-15 -5.82954e-09
[component_container-3] (2026-04-08 19:06:28.543) [debug] [SdfEntityCreator.cc:547] Link has auto-inertial enabled: cable_1::sfp_module_link
[component_container-3] (2026-04-08 19:06:28.543) [debug] [SdfEntityCreator.cc:549]   pose: 0.000140388 0.0140944 0.000755794 0 0 0
[component_container-3] (2026-04-08 19:06:28.543) [debug] [SdfEntityCreator.cc:550]   mass: 0.02
[component_container-3] (2026-04-08 19:06:28.543) [debug] [SdfEntityCreator.cc:551]   ixx iyy izz: 3.52972e-06 5.95336e-07 3.76244e-06
[component_container-3] (2026-04-08 19:06:28.543) [debug] [SdfEntityCreator.cc:553]   ixy ixz iyz: 3.87677e-08 3.1005e-09 9.04204e-09
[component_container-3] (2026-04-08 19:06:28.544) [debug] [CablePlugin.cc:86] aic_gazebo::CablePlugin::Configure on entity: 797
[component_container-3] (2026-04-08 19:06:28.545) [info] [CablePlugin.cc:150] Cable transitioning to HARNESS state.
[component_container-3] (2026-04-08 19:06:28.545) [debug] [SystemManager.cc:80] Loaded system [aic_gazebo::CablePlugin] for entity [797]
[component_container-3] (2026-04-08 19:06:28.545) [debug] [SystemManager.cc:80] Loaded system [gz::sim::systems::PosePublisher] for entity [797]
[component_container-3] (2026-04-08 19:06:28.545) [debug] [UserCommands.cc:1108] Created entity [797] named [cable_1]
[component_container-3] [INFO] [1775642788.556779066] [gz_server]: InitializeCanonicalLinks
[component_container-3] (2026-04-08 19:06:28.560) [debug] [SimulationRunner.cc:600] Exiting postupdate worker thread (3)
[component_container-3] (2026-04-08 19:06:28.560) [debug] [SimulationRunner.cc:600] Exiting postupdate worker thread (2)
[component_container-3] (2026-04-08 19:06:28.560) [debug] [SimulationRunner.cc:600] Exiting postupdate worker thread (1)
[component_container-3] (2026-04-08 19:06:28.560) [debug] [SimulationRunner.cc:600] Exiting postupdate worker thread (0)
[component_container-3] (2026-04-08 19:06:28.560) [debug] [SimulationRunner.cc:600] Exiting postupdate worker thread (4)
[component_container-3] (2026-04-08 19:06:28.560) [debug] [SimulationRunner.cc:600] Exiting postupdate worker thread (6)
[component_container-3] (2026-04-08 19:06:28.560) [debug] [SimulationRunner.cc:600] Exiting postupdate worker thread (5)
[component_container-3] (2026-04-08 19:06:28.560) [debug] [SimulationRunner.cc:573] Creating PostUpdate worker threads: 10
[component_container-3] (2026-04-08 19:06:28.560) [debug] [SimulationRunner.cc:584] Creating postupdate worker thread (0)
[component_container-3] (2026-04-08 19:06:28.560) [debug] [SimulationRunner.cc:584] Creating postupdate worker thread (1)
[component_container-3] (2026-04-08 19:06:28.560) [debug] [SimulationRunner.cc:584] Creating postupdate worker thread (2)
[component_container-3] (2026-04-08 19:06:28.560) [debug] [SimulationRunner.cc:584] Creating postupdate worker thread (3)
[component_container-3] (2026-04-08 19:06:28.560) [debug] [SimulationRunner.cc:584] Creating postupdate worker thread (4)
[component_container-3] (2026-04-08 19:06:28.560) [debug] [SimulationRunner.cc:584] Creating postupdate worker thread (5)
[component_container-3] (2026-04-08 19:06:28.560) [debug] [SimulationRunner.cc:584] Creating postupdate worker thread (6)
[component_container-3] (2026-04-08 19:06:28.560) [debug] [SimulationRunner.cc:584] Creating postupdate worker thread (7)
[component_container-3] (2026-04-08 19:06:28.560) [debug] [SimulationRunner.cc:584] Creating postupdate worker thread (8)
[component_container-3] (2026-04-08 19:06:28.561) [info] [CablePlugin.cc:201] Cable transitioning to WAITING state.
[component_container-3] (2026-04-08 19:06:28.561) [info] [CablePlugin.cc:213] Cable transitioning to CREATE_CONNECTIONS state.
[component_container-3] (2026-04-08 19:06:28.561) [debug] [Physics.cc:2015] Creating detachable joint [995]
[component_container-3] (2026-04-08 19:06:28.561) [debug] [Physics.cc:2015] Creating detachable joint [998]
[component_container-3] (2026-04-08 19:06:28.562) [debug] [Physics.cc:2136] Detaching joint [995]
[component_container-3] (2026-04-08 19:06:28.562) [debug] [Physics.cc:2136] Detaching joint [998]
[component_container-3] (2026-04-08 19:06:28.562) [info] [CablePlugin.cc:247] Cable transitioning to CABLE_ATTACHED_TO_GRIPPER state.
[component_container-3] (2026-04-08 19:06:28.563) [debug] [Physics.cc:2015] Creating detachable joint [999]
[component_container-3] [INFO] [1775642788.592444365] [gz_server]: InitializeCanonicalLinks
[component_container-3] [INFO] [1775642793.547040026] [aic_controller]: Received request to switch target mode to MODE_JOINT.
[component_container-3] [INFO] [1775642799.190623140] [aic_controller]: Received request to switch target mode to MODE_CARTESIAN.
[component_container-3] (2026-04-08 19:06:44.034) [debug] [UserCommands.cc:1158] Requesting removal of entity [728]
[component_container-3] (2026-04-08 19:06:44.050) [debug] [SimulationRunner.cc:600] Exiting postupdate worker thread (5)
[component_container-3] (2026-04-08 19:06:44.050) [debug] [SimulationRunner.cc:600] Exiting postupdate worker thread (7)
[component_container-3] (2026-04-08 19:06:44.050) [debug] [SimulationRunner.cc:600] Exiting postupdate worker thread (8)
[component_container-3] (2026-04-08 19:06:44.050) [debug] [SimulationRunner.cc:600] Exiting postupdate worker thread (6)
[component_container-3] (2026-04-08 19:06:44.050) [debug] [SimulationRunner.cc:600] Exiting postupdate worker thread (1)
[component_container-3] (2026-04-08 19:06:44.050) [debug] [SimulationRunner.cc:600] Exiting postupdate worker thread (4)
[component_container-3] (2026-04-08 19:06:44.050) [debug] [SimulationRunner.cc:600] Exiting postupdate worker thread (2)
[component_container-3] (2026-04-08 19:06:44.050) [debug] [SimulationRunner.cc:600] Exiting postupdate worker thread (3)
[component_container-3] (2026-04-08 19:06:44.050) [debug] [SimulationRunner.cc:600] Exiting postupdate worker thread (0)
[component_container-3] (2026-04-08 19:06:44.050) [debug] [SimulationRunner.cc:573] Creating PostUpdate worker threads: 8
[component_container-3] (2026-04-08 19:06:44.050) [debug] [SimulationRunner.cc:584] Creating postupdate worker thread (0)
[component_container-3] (2026-04-08 19:06:44.050) [debug] [SimulationRunner.cc:584] Creating postupdate worker thread (1)
[component_container-3] (2026-04-08 19:06:44.050) [debug] [SimulationRunner.cc:584] Creating postupdate worker thread (2)
[component_container-3] (2026-04-08 19:06:44.050) [debug] [SimulationRunner.cc:584] Creating postupdate worker thread (3)
[component_container-3] (2026-04-08 19:06:44.050) [debug] [SimulationRunner.cc:584] Creating postupdate worker thread (4)
[component_container-3] (2026-04-08 19:06:44.050) [debug] [SimulationRunner.cc:584] Creating postupdate worker thread (5)
[component_container-3] (2026-04-08 19:06:44.051) [debug] [SimulationRunner.cc:584] Creating postupdate worker thread (6)
[component_container-3] (2026-04-08 19:06:44.051) [debug] [UserCommands.cc:1158] Requesting removal of entity [797]
[component_container-3] (2026-04-08 19:06:44.053) [info] [CablePlugin.cc:162] Cable transitioning to CABLE_REMOVED state.
[component_container-3] [INFO] [1775642804.053512873] [controller_manager]: Deactivating controllers: [ aic_controller ]
[component_container-3] [INFO] [1775642804.053593017] [controller_manager]: Requested controller switch from non-realtime loop
[component_container-3] [INFO] [1775642804.053692325] [controller_manager]: Deactivated controllers: [ aic_controller ]
[component_container-3] [INFO] [1775642804.053698436] [controller_manager]: Successfully switched controllers!
[component_container-3] (2026-04-08 19:06:44.054) [debug] [Physics.cc:2136] Detaching joint [999]
[component_container-3] (2026-04-08 19:06:44.057) [info] [ResetJointsPlugin.cc:105] Received reset request for joint: shoulder_pan_joint
[component_container-3] (2026-04-08 19:06:44.057) [info] [ResetJointsPlugin.cc:105] Received reset request for joint: shoulder_lift_joint
[component_container-3] (2026-04-08 19:06:44.057) [info] [ResetJointsPlugin.cc:105] Received reset request for joint: elbow_joint
[component_container-3] (2026-04-08 19:06:44.057) [info] [ResetJointsPlugin.cc:105] Received reset request for joint: wrist_1_joint
[component_container-3] (2026-04-08 19:06:44.057) [info] [ResetJointsPlugin.cc:105] Received reset request for joint: wrist_2_joint
[component_container-3] (2026-04-08 19:06:44.057) [info] [ResetJointsPlugin.cc:105] Received reset request for joint: wrist_3_joint
[component_container-3] (2026-04-08 19:06:44.089) [debug] [SimulationRunner.cc:600] Exiting postupdate worker thread (0)
[component_container-3] (2026-04-08 19:06:44.089) [debug] [SimulationRunner.cc:600] Exiting postupdate worker thread (6)
[component_container-3] (2026-04-08 19:06:44.089) [debug] [SimulationRunner.cc:600] Exiting postupdate worker thread (5)
[component_container-3] (2026-04-08 19:06:44.089) [debug] [SimulationRunner.cc:600] Exiting postupdate worker thread (4)
[component_container-3] (2026-04-08 19:06:44.089) [debug] [SimulationRunner.cc:600] Exiting postupdate worker thread (2)
[component_container-3] (2026-04-08 19:06:44.089) [debug] [SimulationRunner.cc:600] Exiting postupdate worker thread (3)
[component_container-3] (2026-04-08 19:06:44.089) [debug] [SimulationRunner.cc:600] Exiting postupdate worker thread (1)
[component_container-3] (2026-04-08 19:06:44.089) [debug] [SimulationRunner.cc:573] Creating PostUpdate worker threads: 6
[component_container-3] (2026-04-08 19:06:44.089) [debug] [SimulationRunner.cc:584] Creating postupdate worker thread (0)
[component_container-3] (2026-04-08 19:06:44.089) [debug] [SimulationRunner.cc:584] Creating postupdate worker thread (1)
[component_container-3] (2026-04-08 19:06:44.089) [debug] [SimulationRunner.cc:584] Creating postupdate worker thread (2)
[component_container-3] (2026-04-08 19:06:44.089) [debug] [SimulationRunner.cc:584] Creating postupdate worker thread (3)
[component_container-3] (2026-04-08 19:06:44.089) [debug] [SimulationRunner.cc:584] Creating postupdate worker thread (4)
[component_container-3] (2026-04-08 19:06:44.959) [info] [ResetJointsPlugin.cc:149] Joint wrist_3_joint reset to initial position: 1.411
[component_container-3] (2026-04-08 19:06:44.959) [info] [ResetJointsPlugin.cc:149] Joint wrist_2_joint reset to initial position: 1.571
[component_container-3] (2026-04-08 19:06:44.959) [info] [ResetJointsPlugin.cc:149] Joint wrist_1_joint reset to initial position: -1.6933
[component_container-3] (2026-04-08 19:06:44.959) [info] [ResetJointsPlugin.cc:149] Joint elbow_joint reset to initial position: -1.6648
[component_container-3] (2026-04-08 19:06:44.959) [info] [ResetJointsPlugin.cc:149] Joint shoulder_lift_joint reset to initial position: -1.3542
[component_container-3] (2026-04-08 19:06:44.959) [info] [ResetJointsPlugin.cc:149] Joint shoulder_pan_joint reset to initial position: -0.1597
[component_container-3] (2026-04-08 19:06:44.959) [warning] [Physics.cc:2467] Found both JointVelocityReset and JointVelocityCmd components for Joint [shoulder_pan_joint(Entity=102]). Ignoring JointVelocityCmd component.
[component_container-3] (2026-04-08 19:06:44.959) [warning] [Physics.cc:2467] Found both JointVelocityReset and JointVelocityCmd components for Joint [shoulder_lift_joint(Entity=103]). Ignoring JointVelocityCmd component.
[component_container-3] (2026-04-08 19:06:44.959) [warning] [Physics.cc:2467] Found both JointVelocityReset and JointVelocityCmd components for Joint [elbow_joint(Entity=104]). Ignoring JointVelocityCmd component.
[component_container-3] (2026-04-08 19:06:44.959) [warning] [Physics.cc:2467] Found both JointVelocityReset and JointVelocityCmd components for Joint [wrist_1_joint(Entity=105]). Ignoring JointVelocityCmd component.
[component_container-3] (2026-04-08 19:06:44.959) [warning] [Physics.cc:2467] Found both JointVelocityReset and JointVelocityCmd components for Joint [wrist_2_joint(Entity=106]). Ignoring JointVelocityCmd component.
[component_container-3] (2026-04-08 19:06:44.959) [warning] [Physics.cc:2467] Found both JointVelocityReset and JointVelocityCmd components for Joint [wrist_3_joint(Entity=107]). Ignoring JointVelocityCmd component.
[component_container-3] [INFO] [1775642804.960076133] [controller_manager]: Activating controllers: [ aic_controller ]
[component_container-3] [INFO] [1775642804.960168408] [controller_manager]: Requested controller switch from non-realtime loop
[component_container-3] [INFO] [1775642804.960241309] [controller_manager]: Activated controllers: [ aic_controller ]
[component_container-3] [INFO] [1775642804.960245286] [controller_manager]: Successfully switched controllers!
