ZENOH_CONFIG_OVERRIDE_ROUTER=mode="router";listen/endpoints=["tcp/[::]:7447"];connect/endpoints=[];routing/router/peers_failover_brokering=true;transport/shared_memory/enabled=false
ZENOH_CONFIG_OVERRIDE_PEER=;transport/shared_memory/enabled=false
[2m2026-05-07T13:13:08.004001Z[0m [32m INFO[0m ThreadId(02) [2mzenoh::net::runtime[0m[2m:[0m Using ZID: 20e5c42f46af6e1b32464d1fcf51a1e1
[2m2026-05-07T13:13:08.004026Z[0m [33m WARN[0m ThreadId(02) [2mzenoh::net::routing::interceptor::authorization[0m[2m:[0m Rule 'deny_rule' flows list is not set. Setting it to both Ingress and Egress
[2m2026-05-07T13:13:08.004401Z[0m [32m INFO[0m ThreadId(02) [2mzenoh::net::runtime::orchestrator[0m[2m:[0m Zenoh can be reached at: tcp/[fd7a:115c:a1e0::ef01:8616]:7447
[2m2026-05-07T13:13:08.004404Z[0m [32m INFO[0m ThreadId(02) [2mzenoh::net::runtime::orchestrator[0m[2m:[0m Zenoh can be reached at: tcp/100.72.134.15:7447
[2m2026-05-07T13:13:08.004405Z[0m [32m INFO[0m ThreadId(02) [2mzenoh::net::runtime::orchestrator[0m[2m:[0m Zenoh can be reached at: tcp/[fe80::3384:d0dc:aa58:526d]:7447
[2m2026-05-07T13:13:08.004406Z[0m [32m INFO[0m ThreadId(02) [2mzenoh::net::runtime::orchestrator[0m[2m:[0m Zenoh can be reached at: tcp/[fe80::609c:22ff:fe05:2ada]:7447
[2m2026-05-07T13:13:08.004406Z[0m [32m INFO[0m ThreadId(02) [2mzenoh::net::runtime::orchestrator[0m[2m:[0m Zenoh can be reached at: tcp/[fe80::4412:b0ff:fee8:787d]:7447
[2m2026-05-07T13:13:08.004407Z[0m [32m INFO[0m ThreadId(02) [2mzenoh::net::runtime::orchestrator[0m[2m:[0m Zenoh can be reached at: tcp/172.30.1.38:7447
[2m2026-05-07T13:13:08.004407Z[0m [32m INFO[0m ThreadId(02) [2mzenoh::net::runtime::orchestrator[0m[2m:[0m Zenoh can be reached at: tcp/10.10.10.13:7447
[2m2026-05-07T13:13:08.004408Z[0m [32m INFO[0m ThreadId(02) [2mzenoh::net::runtime::orchestrator[0m[2m:[0m Zenoh can be reached at: tcp/172.17.0.1:7447
[INFO] [launch]: All log files can be found below /root/.ros/log/2026-05-07-13-13-08-037405-weed-System-Product-Name-60
[INFO] [launch]: Default logging verbosity is set to INFO
[2m2026-05-07T13:13:08.247096Z[0m [32m INFO[0m acc-0 ThreadId(04) [2mzenoh::net::routing::interceptor::access_control[0m[2m:[0m 916aa5425092bc6aaa9da8cecf4f25cd did not match any configured ACL subject. Default permission `Allow` will be applied on all messages
[INFO] [robot_state_publisher-1]: process started with pid [127]
[INFO] [aic_adapter-2]: process started with pid [128]
[INFO] [component_container-3]: process started with pid [129]
[INFO] [gz-4]: process started with pid [130]
[INFO] [create-5]: process started with pid [131]
[INFO] [relay-6]: process started with pid [132]
[INFO] [static_transform_publisher-7]: process started with pid [133]
[2m2026-05-07T13:13:08.344242Z[0m [32m INFO[0m acc-0 ThreadId(04) [2mzenoh::net::routing::interceptor::access_control[0m[2m:[0m 7a06e249a339ce3eba290bae17a259a1 did not match any configured ACL subject. Default permission `Allow` will be applied on all messages
[2m2026-05-07T13:13:08.344295Z[0m [32m INFO[0m acc-0 ThreadId(04) [2mzenoh::net::routing::interceptor::access_control[0m[2m:[0m af2f37c3e9fbbb2e0433bbd6a03eca04 did not match any configured ACL subject. Default permission `Allow` will be applied on all messages
[2m2026-05-07T13:13:08.344319Z[0m [32m INFO[0m acc-0 ThreadId(04) [2mzenoh::net::routing::interceptor::access_control[0m[2m:[0m f909f08933839af96fdd016722f59ea8 did not match any configured ACL subject. Default permission `Allow` will be applied on all messages
[2m2026-05-07T13:13:08.344820Z[0m [32m INFO[0m acc-0 ThreadId(04) [2mzenoh::net::routing::interceptor::access_control[0m[2m:[0m 9c567b6d3d8d34426fd08de856950923 did not match any configured ACL subject. Default permission `Allow` will be applied on all messages
[2m2026-05-07T13:13:08.344898Z[0m [32m INFO[0m acc-0 ThreadId(04) [2mzenoh::net::routing::interceptor::access_control[0m[2m:[0m fc5ec2096ff3a14850ab9127da814377 did not match any configured ACL subject. Default permission `Allow` will be applied on all messages
[2m2026-05-07T13:13:08.350408Z[0m [32m INFO[0m acc-0 ThreadId(04) [2mzenoh::net::routing::interceptor::access_control[0m[2m:[0m 81e10d1c7f35cd0207a0554485889867 did not match any configured ACL subject. Default permission `Allow` will be applied on all messages
[static_transform_publisher-7] [INFO] [1778159588.351998848] [ground_truth_static_tf_publisher]: Spinning until stopped - publishing transform
[static_transform_publisher-7] translation: ('0.000000', '0.000000', '0.000000')
[static_transform_publisher-7] rotation: ('0.000000', '0.000000', '0.000000', '1.000000')
[static_transform_publisher-7] from 'world' to 'aic_world'
[aic_adapter-2] [INFO] [1778159588.352500110] [aic_adapter_node]: Adapter node initialization complete.
[robot_state_publisher-1] [INFO] [1778159588.354974528] [robot_state_publisher]: Robot initialized
[create-5] [INFO] [1778159588.356168732] [ros_gz_sim]: Requesting list of world names.
[gz-4] qt.qpa.xcb: could not connect to display 
[gz-4] qt.qpa.plugin: Could not load the Qt platform plugin "xcb" in "" even though it was found.
[gz-4] This application failed to start because no Qt platform plugin could be initialized. Reinstalling the application may fix this problem.
[gz-4] 
[gz-4] Available platform plugins are: eglfs, linuxfb, minimal, minimalegl, offscreen, vnc, wayland-egl, wayland, wayland-xcomposite-egl, wayland-xcomposite-glx, xcb.
[gz-4] 
[gz-4] Stack trace (most recent call last):
[gz-4] #29   Object "[0xffffffffffffffff]", at 0xffffffffffffffff, in 
[gz-4] #28   Object "gz sim -g", at 0x5e43c97491d4, in _start
[gz-4] #27   Object "/lib/x86_64-linux-gnu/libc.so.6", at 0x719ddc58e28a, in __libc_start_main
[gz-4] #26   Object "/lib/x86_64-linux-gnu/libc.so.6", at 0x719ddc58e1c9, in 
[gz-4] #25   Object "gz sim -g", at 0x5e43c9749186, in 
[gz-4] #24   Object "/lib/x86_64-linux-gnu/libruby-3.2.so.3.2", at 0x719ddc9f4152, in ruby_run_node
[gz-4] #23   Object "/lib/x86_64-linux-gnu/libruby-3.2.so.3.2", at 0x719ddc9efe2b, in 
[gz-4] #22   Object "/lib/x86_64-linux-gnu/libruby-3.2.so.3.2", at 0x719ddcb92b49, in rb_vm_exec
[gz-4] #21   Object "/lib/x86_64-linux-gnu/libruby-3.2.so.3.2", at 0x719ddcb8f62b, in 
[gz-4] #20   Object "/lib/x86_64-linux-gnu/libruby-3.2.so.3.2", at 0x719ddcb8b13e, in 
[gz-4] #19   Object "/lib/x86_64-linux-gnu/libruby-3.2.so.3.2", at 0x719ddcb8892f, in 
[gz-4] #18   Object "/usr/lib/x86_64-linux-gnu/ruby/3.2.0/fiddle.so", at 0x719ddc207b13, in 
[gz-4] #17   Object "/lib/x86_64-linux-gnu/libruby-3.2.so.3.2", at 0x719ddcb5137b, in rb_nogvl
[gz-4] #16   Object "/usr/lib/x86_64-linux-gnu/ruby/3.2.0/fiddle.so", at 0x719ddc20743b, in 
[gz-4] #15   Object "/lib/x86_64-linux-gnu/libffi.so.8", at 0x719dd7cbb0bd, in ffi_call
[gz-4] #14   Object "/lib/x86_64-linux-gnu/libffi.so.8", at 0x719dd7cb83ee, in 
[gz-4] #13   Object "/lib/x86_64-linux-gnu/libffi.so.8", at 0x719dd7cbbb15, in 
[gz-4] #12   Object "/ws_aic/install/lib/libgz-sim9-gz.so.9.5.0", at 0x719dd71b3a65, in runGui
[gz-4] #11   Object "/ws_aic/install/lib/libgz-sim9-gui.so.9", at 0x719dd6fe6c8c, in gz::sim::v9::gui::runGui(int&, char**, char const*, char const*, int, char const*, char const*)
[gz-4] #10   Object "/ws_aic/install/lib/libgz-sim9-gui.so.9", at 0x719dd6fe3970, in gz::sim::v9::gui::createGui(int&, char**, char const*, char const*, bool, char const*, int, char const*, char const*)
[gz-4] #9    Object "/ws_aic/install/lib/libgz-gui9.so.9", at 0x719dd5bb866b, in gz::gui::Application::Application(int&, char**, gz::gui::WindowType, char const*)
[gz-4] #8    Object "/lib/x86_64-linux-gnu/libQt5Widgets.so.5", at 0x719dd4c3b5b4, in QApplicationPrivate::init()
[gz-4] #7    Object "/lib/x86_64-linux-gnu/libQt5Gui.so.5", at 0x719dd4511b9e, in QGuiApplicationPrivate::init()
[gz-4] #6    Object "/lib/x86_64-linux-gnu/libQt5Core.so.5", at 0x719dd5f18ff4, in QCoreApplicationPrivate::init()
[gz-4] #5    Object "/lib/x86_64-linux-gnu/libQt5Gui.so.5", at 0x719dd450ec1f, in QGuiApplicationPrivate::createEventDispatcher()
[gz-4] #4    Object "/lib/x86_64-linux-gnu/libQt5Gui.so.5", at 0x719dd450e6dc, in QGuiApplicationPrivate::createPlatformIntegration()
[gz-4] #3    Object "/lib/x86_64-linux-gnu/libQt5Core.so.5", at 0x719dd5ccb103, in QMessageLogger::fatal(char const*, ...) const
[gz-4] #2    Object "/lib/x86_64-linux-gnu/libc.so.6", at 0x719ddc58c8fe, in abort
[gz-4] #1    Object "/lib/x86_64-linux-gnu/libc.so.6", at 0x719ddc5a927d, in gsignal
[gz-4] #0    Object "/lib/x86_64-linux-gnu/libc.so.6", at 0x719ddc602b2c, in pthread_kill
[gz-4] Aborted (Signal sent by tkill() 130 0)
Started Zenoh router with id 20e5c42f46af6e1b32464d1fcf51a1e1
[component_container-3] [INFO] [1778159588.508716803] [ros_gz_container]: Load Library: /ws_aic/install/lib/libgzserver_component.so
[component_container-3] [INFO] [1778159588.524707023] [ros_gz_container]: Found class: rclcpp_components::NodeFactoryTemplate<ros_gz_sim::GzServer>
[component_container-3] [INFO] [1778159588.524744113] [ros_gz_container]: Instantiate class: rclcpp_components::NodeFactoryTemplate<ros_gz_sim::GzServer>
[INFO] [launch_ros.actions.load_composable_nodes]: Loaded node '/gz_server' in container '/ros_gz_container'
[component_container-3] [INFO] [1778159588.526166615] [ros_gz_container]: Load Library: /ws_aic/install/lib/libros_gz_bridge.so
[ERROR] [gz-4]: process has died [pid 130, exit code -6, cmd 'gz sim -g'].
[component_container-3] [INFO] [1778159588.541170022] [ros_gz_container]: Found class: rclcpp_components::NodeFactoryTemplate<ros_gz_bridge::RosGzBridge>
[component_container-3] [INFO] [1778159588.541186894] [ros_gz_container]: Instantiate class: rclcpp_components::NodeFactoryTemplate<ros_gz_bridge::RosGzBridge>
[INFO] [launch_ros.actions.load_composable_nodes]: Loaded node '/ros_gz_bridge' in container 'ros_gz_container'
[component_container-3] (2026-05-07 13:13:08.550) [info] [ServerPrivate.cc:664] Loading SDF world file[/ws_aic/install/share/aic_description/world/aic.sdf].
[component_container-3] [INFO] [1778159589.542733442] [ros_gz_bridge]: Creating GZ->ROS Bridge: [/clock (gz.msgs.Clock) -> /clock (rosgraph_msgs/msg/Clock)] (Lazy 0)
[component_container-3] [INFO] [1778159589.543369046] [ros_gz_bridge]: Creating GZ->ROS Bridge: [/left_camera/image (gz.msgs.Image) -> /left_camera/image (sensor_msgs/msg/Image)] (Lazy 1)
[component_container-3] [INFO] [1778159589.543904051] [ros_gz_bridge]: Creating GZ->ROS Bridge: [/center_camera/image (gz.msgs.Image) -> /center_camera/image (sensor_msgs/msg/Image)] (Lazy 1)
[component_container-3] [INFO] [1778159589.543990824] [ros_gz_bridge]: Creating GZ->ROS Bridge: [/right_camera/image (gz.msgs.Image) -> /right_camera/image (sensor_msgs/msg/Image)] (Lazy 1)
[component_container-3] [INFO] [1778159589.544055977] [ros_gz_bridge]: Creating GZ->ROS Bridge: [/left_camera/camera_info (gz.msgs.CameraInfo) -> /left_camera/camera_info (sensor_msgs/msg/CameraInfo)] (Lazy 1)
[component_container-3] [INFO] [1778159589.544160733] [ros_gz_bridge]: Creating GZ->ROS Bridge: [/center_camera/camera_info (gz.msgs.CameraInfo) -> /center_camera/camera_info (sensor_msgs/msg/CameraInfo)] (Lazy 1)
[component_container-3] [INFO] [1778159589.544225415] [ros_gz_bridge]: Creating GZ->ROS Bridge: [/right_camera/camera_info (gz.msgs.CameraInfo) -> /right_camera/camera_info (sensor_msgs/msg/CameraInfo)] (Lazy 1)
[component_container-3] [INFO] [1778159589.544307249] [ros_gz_bridge]: Creating GZ->ROS Bridge: [/aic/gazebo/contacts/off_limit (gz.msgs.Contacts) -> /aic/gazebo/contacts/off_limit (ros_gz_interfaces/msg/Contacts)] (Lazy 1)
[component_container-3] [INFO] [1778159589.544678576] [ros_gz_bridge]: Creating GZ->ROS Bridge: [/cable_0/pose (gz.msgs.Pose_V) -> /scoring/tf (tf2_msgs/msg/TFMessage)] (Lazy 1)
[component_container-3] [INFO] [1778159589.545000110] [ros_gz_bridge]: Creating GZ->ROS Bridge: [/cable_1/pose (gz.msgs.Pose_V) -> /scoring/tf (tf2_msgs/msg/TFMessage)] (Lazy 1)
[component_container-3] [INFO] [1778159589.545109426] [ros_gz_bridge]: Creating GZ->ROS Bridge: [/cable_2/pose (gz.msgs.Pose_V) -> /scoring/tf (tf2_msgs/msg/TFMessage)] (Lazy 1)
[component_container-3] [INFO] [1778159589.545166533] [ros_gz_bridge]: Creating GZ->ROS Bridge: [/cable_3/pose (gz.msgs.Pose_V) -> /scoring/tf (tf2_msgs/msg/TFMessage)] (Lazy 1)
[component_container-3] [INFO] [1778159589.545225764] [ros_gz_bridge]: Creating GZ->ROS Bridge: [/cable_4/pose (gz.msgs.Pose_V) -> /scoring/tf (tf2_msgs/msg/TFMessage)] (Lazy 1)
[component_container-3] [INFO] [1778159589.545279766] [ros_gz_bridge]: Creating GZ->ROS Bridge: [/task_board/pose_static (gz.msgs.Pose_V) -> /scoring/tf (tf2_msgs/msg/TFMessage)] (Lazy 1)
[component_container-3] [INFO] [1778159589.545327906] [ros_gz_bridge]: Creating GZ->ROS Bridge: [/cable_0/insertion_event (gz.msgs.StringMsg) -> /scoring/insertion_event (std_msgs/msg/String)] (Lazy 1)
[component_container-3] [INFO] [1778159589.545450606] [ros_gz_bridge]: Creating GZ->ROS Bridge: [/cable_1/insertion_event (gz.msgs.StringMsg) -> /scoring/insertion_event (std_msgs/msg/String)] (Lazy 1)
[component_container-3] (2026-05-07 13:13:10.542) [info] [SystemManager.cc:54] Serving entity system service on [/entity/system/add]
[component_container-3] (2026-05-07 13:13:10.544) [info] [UserCommands.cc:752] Create service on [/world/aic_world/create_multiple] (async)
[component_container-3] (2026-05-07 13:13:10.544) [info] [UserCommands.cc:754] Create service on [/world/aic_world/create_multiple/blocking] (blocking)
[component_container-3] (2026-05-07 13:13:10.544) [info] [UserCommands.cc:752] Remove service on [/world/aic_world/remove] (async)
[component_container-3] (2026-05-07 13:13:10.544) [info] [UserCommands.cc:754] Remove service on [/world/aic_world/remove/blocking] (blocking)
[component_container-3] (2026-05-07 13:13:10.544) [info] [UserCommands.cc:752] Pose service on [/world/aic_world/set_pose] (async)
[component_container-3] (2026-05-07 13:13:10.544) [info] [UserCommands.cc:754] Pose service on [/world/aic_world/set_pose/blocking] (blocking)
[component_container-3] (2026-05-07 13:13:10.544) [info] [UserCommands.cc:752] Pose service on [/world/aic_world/set_pose_vector] (async)
[component_container-3] (2026-05-07 13:13:10.544) [info] [UserCommands.cc:754] Pose service on [/world/aic_world/set_pose_vector/blocking] (blocking)
[component_container-3] (2026-05-07 13:13:10.544) [info] [UserCommands.cc:752] Light configuration service on [/world/aic_world/light_config] (async)
[component_container-3] (2026-05-07 13:13:10.544) [info] [UserCommands.cc:754] Light configuration service on [/world/aic_world/light_config/blocking] (blocking)
[component_container-3] (2026-05-07 13:13:10.544) [info] [UserCommands.cc:752] Physics service on [/world/aic_world/set_physics] (async)
[component_container-3] (2026-05-07 13:13:10.544) [info] [UserCommands.cc:754] Physics service on [/world/aic_world/set_physics/blocking] (blocking)
[component_container-3] (2026-05-07 13:13:10.544) [info] [UserCommands.cc:752] SphericalCoordinates service on [/world/aic_world/set_spherical_coordinates] (async)
[component_container-3] (2026-05-07 13:13:10.544) [info] [UserCommands.cc:754] SphericalCoordinates service on [/world/aic_world/set_spherical_coordinates/blocking] (blocking)
[component_container-3] (2026-05-07 13:13:10.544) [info] [UserCommands.cc:752] Enable collision service on [/world/aic_world/enable_collision] (async)
[component_container-3] (2026-05-07 13:13:10.544) [info] [UserCommands.cc:754] Enable collision service on [/world/aic_world/enable_collision/blocking] (blocking)
[component_container-3] (2026-05-07 13:13:10.544) [info] [UserCommands.cc:752] Disable collision service on [/world/aic_world/disable_collision] (async)
[component_container-3] (2026-05-07 13:13:10.544) [info] [UserCommands.cc:754] Disable collision service on [/world/aic_world/disable_collision/blocking] (blocking)
[component_container-3] (2026-05-07 13:13:10.544) [info] [UserCommands.cc:752] Material service on [/world/aic_world/visual_config] (async)
[component_container-3] (2026-05-07 13:13:10.544) [info] [UserCommands.cc:754] Material service on [/world/aic_world/visual_config/blocking] (blocking)
[component_container-3] (2026-05-07 13:13:10.545) [info] [UserCommands.cc:752] Material service on [/world/aic_world/wheel_slip] (async)
[component_container-3] (2026-05-07 13:13:10.545) [info] [UserCommands.cc:754] Material service on [/world/aic_world/wheel_slip/blocking] (blocking)
[component_container-3] (2026-05-07 13:13:10.545) [debug] [SystemManager.cc:80] Loaded system [gz::sim::systems::UserCommands] for entity [1]
[component_container-3] (2026-05-07 13:13:10.557) [debug] [Physics.cc:967] Loaded [gz::physics::bullet_featherstone::Plugin] from library [/ws_aic/install/lib/gz-physics-8/engine-plugins/libgz-physics-bullet-featherstone-plugin.so]
[component_container-3] (2026-05-07 13:13:10.557) [debug] [SystemManager.cc:80] Loaded system [gz::sim::systems::Physics] for entity [1]
[component_container-3] (2026-05-07 13:13:10.559) [debug] [Sensors.cc:697] Configuring Sensors system
[component_container-3] (2026-05-07 13:13:10.559) [debug] [Sensors.cc:557] SensorsPrivate::Run
[component_container-3] (2026-05-07 13:13:10.559) [debug] [SystemManager.cc:80] Loaded system [gz::sim::systems::Sensors] for entity [1]
[component_container-3] (2026-05-07 13:13:10.559) [debug] [Sensors.cc:532] SensorsPrivate::RenderThread started
[component_container-3] (2026-05-07 13:13:10.559) [debug] [Sensors.cc:337] Waiting for init
[component_container-3] (2026-05-07 13:13:10.560) [debug] [ScoringPlugin.cc:45] aic_gazebo::ScoringPlugin::Configure on entity: 1
[component_container-3] (2026-05-07 13:13:10.560) [debug] [SystemManager.cc:80] Loaded system [aic_gazebo::ScoringPlugin] for entity [1]
[component_container-3] (2026-05-07 13:13:10.561) [debug] [WorldSdfGeneratorPlugin.cc:47] aic_gazebo::WorldSdfGeneratorPlugin::Configure
[component_container-3] (2026-05-07 13:13:10.561) [debug] [SystemManager.cc:80] Loaded system [aic_gazebo::WorldSdfGeneratorPlugin] for entity [1]
[component_container-3] (2026-05-07 13:13:10.561) [debug] [SystemManager.cc:80] Loaded system [gz::sim::systems::Contact] for entity [1]
[component_container-3] (2026-05-07 13:13:10.561) [info] [LevelManager.cc:646] Loaded level [default]
[component_container-3] (2026-05-07 13:13:10.561) [debug] [ServerConfig.cc:1025] Loading (3) plugins from file [/root/.gz/sim/9/server.config]
[component_container-3] (2026-05-07 13:13:10.561) [debug] [SimulationRunner.cc:1696] Additional plugins to load:
[component_container-3] (2026-05-07 13:13:10.561) [debug] [SimulationRunner.cc:1699] gz::sim::systems::SceneBroadcaster gz-sim-scene-broadcaster-system
[component_container-3] (2026-05-07 13:13:10.562) [debug] [SystemManager.cc:80] Loaded system [gz::sim::systems::SceneBroadcaster] for entity [1]
[component_container-3] (2026-05-07 13:13:10.562) [info] [SimulationRunner.cc:275] Serving world controls on [/world/aic_world/control], [/world/aic_world/control/state] and [/world/aic_world/playback/control]
[component_container-3] (2026-05-07 13:13:10.562) [info] [SimulationRunner.cc:301] Serving GUI information on [/world/aic_world/gui/info]
[component_container-3] (2026-05-07 13:13:10.562) [info] [SimulationRunner.cc:304] World [aic_world] initialized with [2ms] physics profile.
[component_container-3] (2026-05-07 13:13:10.562) [info] [SimulationRunner.cc:311] Serving world SDF generation service on [/world/aic_world/generate_world_sdf]
[component_container-3] (2026-05-07 13:13:10.562) [info] [ServerPrivate.cc:344] Serving world names on [/gazebo/worlds]
[component_container-3] (2026-05-07 13:13:10.562) [info] [ServerPrivate.cc:357] Resource path add service on [/gazebo/resource_paths/add].
[component_container-3] (2026-05-07 13:13:10.562) [info] [ServerPrivate.cc:370] Resource path get service on [/gazebo/resource_paths/get].
[component_container-3] (2026-05-07 13:13:10.562) [info] [ServerPrivate.cc:385] Resource path resolve service on [/gazebo/resource_paths/resolve].
[component_container-3] (2026-05-07 13:13:10.562) [info] [ServerPrivate.cc:399] Resource paths published on [/gazebo/resource_paths].
[component_container-3] (2026-05-07 13:13:10.562) [info] [ServerPrivate.cc:412] Server control service on [/server_control].
[component_container-3] (2026-05-07 13:13:10.662) [info] [SimulationRunner.cc:769] Found no publishers on /stats, adding root stats topic
[component_container-3] (2026-05-07 13:13:10.662) [info] [SimulationRunner.cc:803] Found no publishers on /clock, adding root clock topic
[component_container-3] (2026-05-07 13:13:10.663) [debug] [SimulationRunner.cc:573] Creating PostUpdate worker threads: 5
[component_container-3] (2026-05-07 13:13:10.663) [debug] [SimulationRunner.cc:584] Creating postupdate worker thread (0)
[component_container-3] (2026-05-07 13:13:10.663) [debug] [SimulationRunner.cc:584] Creating postupdate worker thread (1)
[component_container-3] (2026-05-07 13:13:10.663) [debug] [SimulationRunner.cc:584] Creating postupdate worker thread (2)
[component_container-3] (2026-05-07 13:13:10.663) [debug] [SimulationRunner.cc:584] Creating postupdate worker thread (3)
[create-5] [INFO] [1778159590.663199053] [ros_gz_sim]: Entity creation successful.
[component_container-3] (2026-05-07 13:13:10.663) [debug] [Physics.cc:1171] Attempting to set physics options, but the physics engine doesn't support feature [CollisionPairMaxContacts]. Options will be ignored.
[component_container-3] (2026-05-07 13:13:10.665) [info] [SceneBroadcaster.cc:634] Serving scene information on [/world/aic_world/scene/info]
[component_container-3] (2026-05-07 13:13:10.665) [info] [SceneBroadcaster.cc:643] Serving graph information on [/world/aic_world/scene/graph]
[component_container-3] (2026-05-07 13:13:10.665) [info] [SceneBroadcaster.cc:654] Serving full state on [/world/aic_world/state]
[component_container-3] (2026-05-07 13:13:10.665) [info] [SceneBroadcaster.cc:663] Serving full state (async) on [/world/aic_world/state_async]
[component_container-3] (2026-05-07 13:13:10.665) [info] [SceneBroadcaster.cc:671] Publishing scene information on [/world/aic_world/scene/info]
[component_container-3] (2026-05-07 13:13:10.665) [info] [SceneBroadcaster.cc:680] Publishing entity deletions on [/world/aic_world/scene/deletion]
[component_container-3] (2026-05-07 13:13:10.665) [info] [SceneBroadcaster.cc:689] Publishing state changes on [/world/aic_world/state]
[component_container-3] (2026-05-07 13:13:10.665) [info] [SceneBroadcaster.cc:700] Publishing pose messages on [/world/aic_world/pose/info]
[component_container-3] (2026-05-07 13:13:10.665) [info] [SceneBroadcaster.cc:711] Publishing dynamic pose messages on [/world/aic_world/dynamic_pose/info]
[INFO] [create-5]: process has finished cleanly [pid 131]
[INFO] [spawner-8]: process started with pid [261]
[INFO] [spawner-9]: process started with pid [262]
[component_container-3] [1;33mWarning [Utils.cc:119][0m [/sdf/model[@name="ur"]/link[@name="center_camera/sensor_link"]/sensor[@name="center_camera"]/camera[@name="center_camera"]/optical_frame_id]: SDF Element[optical_frame_id] is deprecated
[component_container-3] [1;33mWarning [Utils.cc:119][0m [/sdf/model[@name="ur"]/link[@name="left_camera/sensor_link"]/sensor[@name="left_camera"]/camera[@name="left_camera"]/optical_frame_id]: SDF Element[optical_frame_id] is deprecated
[component_container-3] [1;33mWarning [Utils.cc:119][0m [/sdf/model[@name="ur"]/link[@name="right_camera/sensor_link"]/sensor[@name="right_camera"]/camera[@name="right_camera"]/optical_frame_id]: SDF Element[optical_frame_id] is deprecated
[component_container-3] [WARN] [1778159590.716599634] [rcl.logging_rosout]: Publisher already registered for node name: 'ros_gz_container'. If this is due to multiple nodes with the same name then all logs for the logger named 'ros_gz_container' will go out over the existing publisher. As soon as any node with that name is destructed it will unregister the publisher, preventing any further logs for that name from being published on the rosout topic.
[component_container-3] [INFO] [1778159590.717271717] [ros_gz_container]: [gz_ros2_control] Fixed joint [tabletop_joint] (Entity=101)] is skipped
[component_container-3] [INFO] [1778159590.717290743] [ros_gz_container]: [gz_ros2_control] Fixed joint [center_camera/attach_sensor_link] (Entity=108)] is skipped
[component_container-3] [INFO] [1778159590.717311151] [ros_gz_container]: [gz_ros2_control] Fixed joint [center_camera/attach_optical] (Entity=109)] is skipped
[component_container-3] [INFO] [1778159590.717332190] [ros_gz_container]: [gz_ros2_control] Fixed joint [ati/attach_joint] (Entity=110)] is skipped
[component_container-3] [INFO] [1778159590.717334805] [ros_gz_container]: [gz_ros2_control] Fixed joint [left_camera/attach_sensor_link] (Entity=114)] is skipped
[component_container-3] [INFO] [1778159590.717336579] [ros_gz_container]: [gz_ros2_control] Fixed joint [left_camera/attach_optical] (Entity=115)] is skipped
[component_container-3] [INFO] [1778159590.717338372] [ros_gz_container]: [gz_ros2_control] Fixed joint [right_camera/attach_sensor_link] (Entity=116)] is skipped
[component_container-3] [INFO] [1778159590.717340085] [ros_gz_container]: [gz_ros2_control] Fixed joint [right_camera/attach_optical] (Entity=117)] is skipped
[component_container-3] [INFO] [1778159590.717796252] [ros_gz_container]: Loading controller_manager
[component_container-3] [INFO] [1778159590.720944347] [controller_manager]: Using ROS clock for triggering controller manager cycles.
[component_container-3] [INFO] [1778159590.721729892] [controller_manager]: Subscribing to '/robot_description' topic for robot description.
[component_container-3] [INFO] [1778159590.722461497] [controller_manager]: Enforcing command limits is enabled...
[component_container-3] [WARN] [1778159590.722475914] [ros_gz_container]: Waiting RM to load and initialize hardware...
[component_container-3] [INFO] [1778159590.722544803] [controller_manager]: Received robot description from topic.
[component_container-3] [INFO] [1778159590.723970151] [ros_gz_container]: Using JointLimiter for joint 'gripper/left_finger_joint' in hardware 'gripper' : '  has position limits: true [0, 0.025]
[component_container-3]   has velocity limits: true [0.05]
[component_container-3]   has acceleration limits: false [nan]
[component_container-3]   has deceleration limits: false [nan]
[component_container-3]   has jerk limits: false [nan]
[component_container-3]   has effort limits: true [20]
[component_container-3]   angle wraparound: false'
[component_container-3] [INFO] [1778159590.723984939] [ros_gz_container]: Creating JointSaturationLimiter for joint 'gripper/left_finger_joint' in hardware 'gripper'
[component_container-3] [INFO] [1778159590.723998745] [ros_gz_container]: Using JointLimiter for joint 'wrist_3_joint' in hardware 'ControlSystem' : '  has position limits: true [-6.28319, 6.28319]
[component_container-3]   has velocity limits: true [3.14159]
[component_container-3]   has acceleration limits: false [nan]
[component_container-3]   has deceleration limits: false [nan]
[component_container-3]   has jerk limits: false [nan]
[component_container-3]   has effort limits: true [28]
[component_container-3]   angle wraparound: false'
[component_container-3] [INFO] [1778159590.724001500] [ros_gz_container]: Creating JointSaturationLimiter for joint 'wrist_3_joint' in hardware 'ControlSystem'
[component_container-3] [INFO] [1778159590.724005457] [ros_gz_container]: Using JointLimiter for joint 'wrist_2_joint' in hardware 'ControlSystem' : '  has position limits: true [-6.28319, 6.28319]
[component_container-3]   has velocity limits: true [3.14159]
[component_container-3]   has acceleration limits: false [nan]
[component_container-3]   has deceleration limits: false [nan]
[component_container-3]   has jerk limits: false [nan]
[component_container-3]   has effort limits: true [28]
[component_container-3]   angle wraparound: false'
[component_container-3] [INFO] [1778159590.724007611] [ros_gz_container]: Creating JointSaturationLimiter for joint 'wrist_2_joint' in hardware 'ControlSystem'
[component_container-3] [INFO] [1778159590.724010797] [ros_gz_container]: Using JointLimiter for joint 'wrist_1_joint' in hardware 'ControlSystem' : '  has position limits: true [-6.28319, 6.28319]
[component_container-3]   has velocity limits: true [3.14159]
[component_container-3]   has acceleration limits: false [nan]
[component_container-3]   has deceleration limits: false [nan]
[component_container-3]   has jerk limits: false [nan]
[component_container-3]   has effort limits: true [28]
[component_container-3]   angle wraparound: false'
[component_container-3] [INFO] [1778159590.724012881] [ros_gz_container]: Creating JointSaturationLimiter for joint 'wrist_1_joint' in hardware 'ControlSystem'
[component_container-3] [INFO] [1778159590.724016197] [ros_gz_container]: Using JointLimiter for joint 'elbow_joint' in hardware 'ControlSystem' : '  has position limits: true [-3.14159, 3.14159]
[component_container-3]   has velocity limits: true [3.14159]
[component_container-3]   has acceleration limits: false [nan]
[component_container-3]   has deceleration limits: false [nan]
[component_container-3]   has jerk limits: false [nan]
[component_container-3]   has effort limits: true [150]
[component_container-3]   angle wraparound: false'
[component_container-3] [INFO] [1778159590.724018111] [ros_gz_container]: Creating JointSaturationLimiter for joint 'elbow_joint' in hardware 'ControlSystem'
[component_container-3] [INFO] [1778159590.724022309] [ros_gz_container]: Using JointLimiter for joint 'shoulder_lift_joint' in hardware 'ControlSystem' : '  has position limits: true [-6.28319, 6.28319]
[component_container-3]   has velocity limits: true [3.14159]
[component_container-3]   has acceleration limits: false [nan]
[component_container-3]   has deceleration limits: false [nan]
[component_container-3]   has jerk limits: false [nan]
[component_container-3]   has effort limits: true [150]
[component_container-3]   angle wraparound: false'
[component_container-3] [INFO] [1778159590.724037477] [ros_gz_container]: Creating JointSaturationLimiter for joint 'shoulder_lift_joint' in hardware 'ControlSystem'
[component_container-3] [INFO] [1778159590.724042918] [ros_gz_container]: Using JointLimiter for joint 'shoulder_pan_joint' in hardware 'ControlSystem' : '  has position limits: true [-6.28319, 6.28319]
[component_container-3]   has velocity limits: true [3.14159]
[component_container-3]   has acceleration limits: false [nan]
[component_container-3]   has deceleration limits: false [nan]
[component_container-3]   has jerk limits: false [nan]
[component_container-3]   has effort limits: true [150]
[component_container-3]   angle wraparound: false'
[component_container-3] [INFO] [1778159590.724045963] [ros_gz_container]: Creating JointSaturationLimiter for joint 'shoulder_pan_joint' in hardware 'ControlSystem'
[component_container-3] [INFO] [1778159590.725857176] [ros_gz_container]: The position_proportional_gain has been set to: 0.1
[component_container-3] [INFO] [1778159590.725889306] [ros_gz_container]: Loading joint: gripper/left_finger_joint
[component_container-3] [INFO] [1778159590.725892312] [ros_gz_container]: 	State:
[component_container-3] [INFO] [1778159590.725896009] [ros_gz_container]: 		 position
[component_container-3] [INFO] [1778159590.725903212] [ros_gz_container]: 			 found initial value: 0.007300
[component_container-3] [INFO] [1778159590.725906008] [ros_gz_container]: 		 velocity
[component_container-3] [INFO] [1778159590.725912349] [ros_gz_container]: 			 found initial value: 0.000000
[component_container-3] [INFO] [1778159590.725915535] [ros_gz_container]: 		 effort
[component_container-3] [INFO] [1778159590.725920054] [ros_gz_container]: 			 found initial value: 0.000000
[component_container-3] [INFO] [1778159590.725922809] [ros_gz_container]: 	Command:
[component_container-3] [INFO] [1778159590.725925184] [ros_gz_container]: 		 position
[component_container-3] [INFO] [1778159590.725935242] [ros_gz_container]: 		 effort
[component_container-3] [INFO] [1778159590.725983533] [ros_gz_container]: Loading sensor: AtiForceTorqueSensor
[component_container-3] [INFO] [1778159590.725986990] [ros_gz_container]: 	State:
[component_container-3] [INFO] [1778159590.726030391] [ros_gz_container]: Initialize hardware 'gripper' 
[component_container-3] [WARN] [1778159590.726095433] [rcl.logging_rosout]: Publisher already registered for node name: 'ros_gz_container'. If this is due to multiple nodes with the same name then all logs for the logger named 'ros_gz_container' will go out over the existing publisher. As soon as any node with that name is destructed it will unregister the publisher, preventing any further logs for that name from being published on the rosout topic.
[component_container-3] [INFO] [1778159590.726486027] [ros_gz_container.hardware_component.system.gripper]: `status_publish_rate` is set to 0.0, hardware status publisher will not be created.
[component_container-3] [INFO] [1778159590.726540980] [ros_gz_container]: Successful initialization of hardware 'gripper'
[component_container-3] [INFO] [1778159590.726633915] [ros_gz_container]: The position_proportional_gain has been set to: 0.1
[component_container-3] [INFO] [1778159590.726647641] [ros_gz_container]: Loading joint: shoulder_pan_joint
[component_container-3] [INFO] [1778159590.726649815] [ros_gz_container]: 	State:
[component_container-3] [INFO] [1778159590.726651859] [ros_gz_container]: 		 position
[component_container-3] [INFO] [1778159590.726656698] [ros_gz_container]: 			 found initial value: -0.159700
[component_container-3] [INFO] [1778159590.726659243] [ros_gz_container]: 		 velocity
[component_container-3] [INFO] [1778159590.726661677] [ros_gz_container]: 			 found initial value: 0.000000
[component_container-3] [INFO] [1778159590.726663952] [ros_gz_container]: 		 effort
[component_container-3] [INFO] [1778159590.726666446] [ros_gz_container]: 			 found initial value: 0.000000
[component_container-3] [INFO] [1778159590.726668821] [ros_gz_container]: 	Command:
[component_container-3] [INFO] [1778159590.726671355] [ros_gz_container]: 		 position
[component_container-3] [INFO] [1778159590.726679050] [ros_gz_container]: 		 velocity
[component_container-3] [INFO] [1778159590.726683278] [ros_gz_container]: 		 effort
[component_container-3] [INFO] [1778159590.726689960] [ros_gz_container]: Loading joint: shoulder_lift_joint
[component_container-3] [INFO] [1778159590.726691734] [ros_gz_container]: 	State:
[component_container-3] [INFO] [1778159590.726693297] [ros_gz_container]: 		 position
[component_container-3] [INFO] [1778159590.726695651] [ros_gz_container]: 			 found initial value: -1.354200
[component_container-3] [INFO] [1778159590.726697525] [ros_gz_container]: 		 velocity
[component_container-3] [INFO] [1778159590.726701502] [ros_gz_container]: 			 found initial value: 0.000000
[component_container-3] [INFO] [1778159590.726703315] [ros_gz_container]: 		 effort
[component_container-3] [INFO] [1778159590.726712523] [ros_gz_container]: 			 found initial value: 0.000000
[component_container-3] [INFO] [1778159590.726714396] [ros_gz_container]: 	Command:
[component_container-3] [INFO] [1778159590.726715919] [ros_gz_container]: 		 position
[component_container-3] [INFO] [1778159590.726720287] [ros_gz_container]: 		 velocity
[component_container-3] [INFO] [1778159590.726722582] [ros_gz_container]: 		 effort
[component_container-3] [INFO] [1778159590.726727942] [ros_gz_container]: Loading joint: elbow_joint
[component_container-3] [INFO] [1778159590.726729625] [ros_gz_container]: 	State:
[component_container-3] [INFO] [1778159590.726731218] [ros_gz_container]: 		 position
[component_container-3] [INFO] [1778159590.726733192] [ros_gz_container]: 			 found initial value: -1.664800
[component_container-3] [INFO] [1778159590.726734965] [ros_gz_container]: 		 velocity
[component_container-3] [INFO] [1778159590.726736758] [ros_gz_container]: 			 found initial value: 0.000000
[component_container-3] [INFO] [1778159590.726738522] [ros_gz_container]: 		 effort
[component_container-3] [INFO] [1778159590.726740746] [ros_gz_container]: 			 found initial value: 0.000000
[component_container-3] [INFO] [1778159590.726742609] [ros_gz_container]: 	Command:
[component_container-3] [INFO] [1778159590.726744242] [ros_gz_container]: 		 position
[component_container-3] [INFO] [1778159590.726748801] [ros_gz_container]: 		 velocity
[component_container-3] [INFO] [1778159590.726751486] [ros_gz_container]: 		 effort
[component_container-3] [INFO] [1778159590.726759080] [ros_gz_container]: Loading joint: wrist_1_joint
[component_container-3] [INFO] [1778159590.726760733] [ros_gz_container]: 	State:
[component_container-3] [INFO] [1778159590.726762366] [ros_gz_container]: 		 position
[component_container-3] [INFO] [1778159590.726764160] [ros_gz_container]: 			 found initial value: -1.693300
[component_container-3] [INFO] [1778159590.726765953] [ros_gz_container]: 		 velocity
[component_container-3] [INFO] [1778159590.726767606] [ros_gz_container]: 			 found initial value: 0.000000
[component_container-3] [INFO] [1778159590.726769390] [ros_gz_container]: 		 effort
[component_container-3] [INFO] [1778159590.726771063] [ros_gz_container]: 			 found initial value: 0.000000
[component_container-3] [INFO] [1778159590.726772776] [ros_gz_container]: 	Command:
[component_container-3] [INFO] [1778159590.726774239] [ros_gz_container]: 		 position
[component_container-3] [INFO] [1778159590.726777695] [ros_gz_container]: 		 velocity
[component_container-3] [INFO] [1778159590.726779679] [ros_gz_container]: 		 effort
[component_container-3] [INFO] [1778159590.726784528] [ros_gz_container]: Loading joint: wrist_2_joint
[component_container-3] [INFO] [1778159590.726786151] [ros_gz_container]: 	State:
[component_container-3] [INFO] [1778159590.726788816] [ros_gz_container]: 		 position
[component_container-3] [INFO] [1778159590.726791852] [ros_gz_container]: 			 found initial value: 1.571000
[component_container-3] [INFO] [1778159590.726793876] [ros_gz_container]: 		 velocity
[component_container-3] [INFO] [1778159590.726795609] [ros_gz_container]: 			 found initial value: 0.000000
[component_container-3] [INFO] [1778159590.726797502] [ros_gz_container]: 		 effort
[component_container-3] [INFO] [1778159590.726799176] [ros_gz_container]: 			 found initial value: 0.000000
[component_container-3] [INFO] [1778159590.726800989] [ros_gz_container]: 	Command:
[component_container-3] [INFO] [1778159590.726802472] [ros_gz_container]: 		 position
[component_container-3] [INFO] [1778159590.726805828] [ros_gz_container]: 		 velocity
[component_container-3] [INFO] [1778159590.726807812] [ros_gz_container]: 		 effort
[component_container-3] [INFO] [1778159590.726812811] [ros_gz_container]: Loading joint: wrist_3_joint
[component_container-3] [INFO] [1778159590.726814424] [ros_gz_container]: 	State:
[component_container-3] [INFO] [1778159590.726815997] [ros_gz_container]: 		 position
[component_container-3] [INFO] [1778159590.726817791] [ros_gz_container]: 			 found initial value: 1.411000
[component_container-3] [INFO] [1778159590.726819614] [ros_gz_container]: 		 velocity
[component_container-3] [INFO] [1778159590.726822119] [ros_gz_container]: 			 found initial value: 0.000000
[component_container-3] [INFO] [1778159590.726823992] [ros_gz_container]: 		 effort
[component_container-3] [INFO] [1778159590.726825776] [ros_gz_container]: 			 found initial value: 0.000000
[component_container-3] [INFO] [1778159590.726828370] [ros_gz_container]: 	Command:
[component_container-3] [INFO] [1778159590.726830404] [ros_gz_container]: 		 position
[component_container-3] [INFO] [1778159590.726833831] [ros_gz_container]: 		 velocity
[component_container-3] [INFO] [1778159590.726837437] [ros_gz_container]: 		 effort
[component_container-3] [INFO] [1778159590.726847416] [ros_gz_container]: Loading sensor: AtiForceTorqueSensor
[component_container-3] [INFO] [1778159590.726849530] [ros_gz_container]: 	State:
[component_container-3] [INFO] [1778159590.726853808] [ros_gz_container]: 		 force.x
[component_container-3] [INFO] [1778159590.726855822] [ros_gz_container]: 		 force.y
[component_container-3] [INFO] [1778159590.726857495] [ros_gz_container]: 		 force.z
[component_container-3] [INFO] [1778159590.726859218] [ros_gz_container]: 		 torque.x
[component_container-3] [INFO] [1778159590.726861032] [ros_gz_container]: 		 torque.y
[component_container-3] [INFO] [1778159590.726864548] [ros_gz_container]: 		 torque.z
[component_container-3] [INFO] [1778159590.726890878] [ros_gz_container]: Initialize hardware 'ControlSystem' 
[component_container-3] [WARN] [1778159590.726946372] [rcl.logging_rosout]: Publisher already registered for node name: 'ros_gz_container'. If this is due to multiple nodes with the same name then all logs for the logger named 'ros_gz_container' will go out over the existing publisher. As soon as any node with that name is destructed it will unregister the publisher, preventing any further logs for that name from being published on the rosout topic.
[component_container-3] [INFO] [1778159590.727574633] [ros_gz_container.hardware_component.system.ControlSystem]: `status_publish_rate` is set to 0.0, hardware status publisher will not be created.
[component_container-3] [INFO] [1778159590.727635427] [ros_gz_container]: Successful initialization of hardware 'ControlSystem'
[component_container-3] [INFO] [1778159590.727747367] [resource_manager]: 'configure' hardware 'ControlSystem' 
[component_container-3] [INFO] [1778159590.727750543] [ros_gz_container]: System Successfully configured!
[component_container-3] [INFO] [1778159590.727753438] [resource_manager]: Successful 'configure' of hardware 'ControlSystem'
[component_container-3] [INFO] [1778159590.727759700] [resource_manager]: 'activate' hardware 'ControlSystem' 
[component_container-3] [INFO] [1778159590.727765331] [resource_manager]: Successful 'activate' of hardware 'ControlSystem'
[component_container-3] [INFO] [1778159590.727790899] [resource_manager]: 'configure' hardware 'gripper' 
[component_container-3] [INFO] [1778159590.727791881] [ros_gz_container]: System Successfully configured!
[component_container-3] [INFO] [1778159590.727793774] [resource_manager]: Successful 'configure' of hardware 'gripper'
[component_container-3] [INFO] [1778159590.727794977] [resource_manager]: 'activate' hardware 'gripper' 
[component_container-3] [INFO] [1778159590.727796339] [resource_manager]: Successful 'activate' of hardware 'gripper'
[component_container-3] [WARN] [1778159590.727803242] [controller_manager]: Component 'ControlSystem' does not have read or write statistics initialized, skipping registration.
[component_container-3] [WARN] [1778159590.727807670] [controller_manager]: Component 'gripper' does not have read or write statistics initialized, skipping registration.
[component_container-3] [INFO] [1778159590.727811488] [controller_manager]: Resource Manager has been successfully initialized. Starting Controller Manager services...
[2m2026-05-07T13:13:10.754052Z[0m [32m INFO[0m acc-0 ThreadId(04) [2mzenoh::net::routing::interceptor::access_control[0m[2m:[0m b652918edb9e6cb24e6e7b684e7c4f53 did not match any configured ACL subject. Default permission `Allow` will be applied on all messages
[2m2026-05-07T13:13:10.754100Z[0m [32m INFO[0m acc-0 ThreadId(04) [2mzenoh::net::routing::interceptor::access_control[0m[2m:[0m e21da691ab56cd6d08bc09f4cf77b068 did not match any configured ACL subject. Default permission `Allow` will be applied on all messages
[component_container-3] [INFO] [1778159590.773127751] [controller_manager]: Loading controller : 'joint_state_broadcaster' of type 'joint_state_broadcaster/JointStateBroadcaster'
[component_container-3] [INFO] [1778159590.773151626] [controller_manager]: Loading controller 'joint_state_broadcaster'
[component_container-3] [INFO] [1778159590.773851701] [controller_manager]: Controller 'joint_state_broadcaster' node arguments: --ros-args --params-file /ws_aic/install/share/aic_bringup/config/aic_ros2_controllers.yaml -p use_sim_time:=true --param use_sim_time:=true 
[spawner-8] [INFO] [1778159590.781786408] [spawner_joint_state_broadcaster]: Loaded joint_state_broadcaster
[component_container-3] [INFO] [1778159590.782032611] [controller_manager]: Configuring controller: 'joint_state_broadcaster'
[component_container-3] [INFO] [1778159590.782098374] [joint_state_broadcaster]: 'joints' or 'interfaces' parameter is empty. All available state interfaces will be published
[component_container-3] [INFO] [1778159590.784443630] [controller_manager]: Activating controllers: [ joint_state_broadcaster ]
[component_container-3] [INFO] [1778159590.784491770] [controller_manager]: Requested controller switch from non-realtime loop
[component_container-3] [INFO] [1778159590.784567773] [controller_manager]: Successfully switched controllers!
[component_container-3] (2026-05-07 13:13:12.722) [debug] [SystemManager.cc:80] Loaded system [gz_ros2_control::GazeboSimROS2ControlPlugin] for entity [31]
[component_container-3] (2026-05-07 13:13:12.723) [debug] [SystemManager.cc:80] Loaded system [gz::sim::systems::ForceTorque] for entity [31]
[component_container-3] (2026-05-07 13:13:12.723) [debug] [OffLimitContactsPlugin.cc:41] aic_gazebo::OffLimitContactsPlugin::Configure on entity: 31
[component_container-3] (2026-05-07 13:13:12.724) [debug] [OffLimitContactsPlugin.cc:165] Enabled collision [34]
[component_container-3] (2026-05-07 13:13:12.724) [debug] [OffLimitContactsPlugin.cc:165] Enabled collision [37]
[component_container-3] (2026-05-07 13:13:12.724) [debug] [OffLimitContactsPlugin.cc:165] Enabled collision [40]
[component_container-3] (2026-05-07 13:13:12.724) [debug] [OffLimitContactsPlugin.cc:165] Enabled collision [43]
[component_container-3] (2026-05-07 13:13:12.724) [debug] [OffLimitContactsPlugin.cc:165] Enabled collision [46]
[component_container-3] (2026-05-07 13:13:12.724) [debug] [OffLimitContactsPlugin.cc:165] Enabled collision [49]
[component_container-3] (2026-05-07 13:13:12.724) [debug] [OffLimitContactsPlugin.cc:165] Enabled collision [57]
[component_container-3] (2026-05-07 13:13:12.724) [debug] [OffLimitContactsPlugin.cc:165] Enabled collision [58]
[component_container-3] (2026-05-07 13:13:12.724) [debug] [OffLimitContactsPlugin.cc:165] Enabled collision [59]
[component_container-3] (2026-05-07 13:13:12.724) [debug] [OffLimitContactsPlugin.cc:165] Enabled collision [60]
[component_container-3] (2026-05-07 13:13:12.724) [debug] [OffLimitContactsPlugin.cc:165] Enabled collision [61]
[component_container-3] (2026-05-07 13:13:12.724) [debug] [OffLimitContactsPlugin.cc:165] Enabled collision [62]
[component_container-3] (2026-05-07 13:13:12.724) [debug] [OffLimitContactsPlugin.cc:165] Enabled collision [63]
[component_container-3] (2026-05-07 13:13:12.724) [debug] [OffLimitContactsPlugin.cc:165] Enabled collision [64]
[component_container-3] (2026-05-07 13:13:12.724) [debug] [OffLimitContactsPlugin.cc:165] Enabled collision [65]
[component_container-3] (2026-05-07 13:13:12.724) [debug] [OffLimitContactsPlugin.cc:165] Enabled collision [66]
[component_container-3] (2026-05-07 13:13:12.724) [debug] [OffLimitContactsPlugin.cc:165] Enabled collision [67]
[component_container-3] (2026-05-07 13:13:12.724) [debug] [OffLimitContactsPlugin.cc:165] Enabled collision [68]
[component_container-3] (2026-05-07 13:13:12.724) [debug] [OffLimitContactsPlugin.cc:165] Enabled collision [69]
[component_container-3] (2026-05-07 13:13:12.724) [debug] [OffLimitContactsPlugin.cc:165] Enabled collision [70]
[component_container-3] (2026-05-07 13:13:12.724) [debug] [OffLimitContactsPlugin.cc:165] Enabled collision [71]
[component_container-3] (2026-05-07 13:13:12.724) [debug] [OffLimitContactsPlugin.cc:165] Enabled collision [72]
[component_container-3] (2026-05-07 13:13:12.724) [debug] [OffLimitContactsPlugin.cc:165] Enabled collision [73]
[component_container-3] (2026-05-07 13:13:12.724) [debug] [OffLimitContactsPlugin.cc:165] Enabled collision [74]
[component_container-3] (2026-05-07 13:13:12.724) [debug] [OffLimitContactsPlugin.cc:165] Enabled collision [75]
[component_container-3] (2026-05-07 13:13:12.724) [debug] [OffLimitContactsPlugin.cc:165] Enabled collision [81]
[component_container-3] (2026-05-07 13:13:12.724) [debug] [OffLimitContactsPlugin.cc:165] Enabled collision [82]
[component_container-3] (2026-05-07 13:13:12.724) [debug] [OffLimitContactsPlugin.cc:165] Enabled collision [85]
[component_container-3] (2026-05-07 13:13:12.724) [debug] [OffLimitContactsPlugin.cc:165] Enabled collision [86]
[component_container-3] (2026-05-07 13:13:12.724) [debug] [OffLimitContactsPlugin.cc:165] Enabled collision [87]
[component_container-3] (2026-05-07 13:13:12.724) [debug] [OffLimitContactsPlugin.cc:165] Enabled collision [88]
[component_container-3] (2026-05-07 13:13:12.724) [debug] [OffLimitContactsPlugin.cc:165] Enabled collision [91]
[component_container-3] (2026-05-07 13:13:12.724) [debug] [OffLimitContactsPlugin.cc:165] Enabled collision [92]
[component_container-3] (2026-05-07 13:13:12.724) [debug] [OffLimitContactsPlugin.cc:165] Enabled collision [93]
[component_container-3] (2026-05-07 13:13:12.724) [debug] [OffLimitContactsPlugin.cc:165] Enabled collision [94]
[component_container-3] (2026-05-07 13:13:12.724) [debug] [SystemManager.cc:80] Loaded system [aic_gazebo::OffLimitContactsPlugin] for entity [31]
[component_container-3] (2026-05-07 13:13:12.724) [debug] [ResetJointsPlugin.cc:40] aic_gazebo::ResetJointsPlugin::Configure on entity: 31
[component_container-3] [WARN] [1778159592.725052815] [rcl.logging_rosout]: Publisher already registered for node name: 'ros_gz_container'. If this is due to multiple nodes with the same name then all logs for the logger named 'ros_gz_container' will go out over the existing publisher. As soon as any node with that name is destructed it will unregister the publisher, preventing any further logs for that name from being published on the rosout topic.
[component_container-3] (2026-05-07 13:13:12.725) [info] [ResetJointsPlugin.cc:117] Initialized ResetJointsPlugin!
[component_container-3] (2026-05-07 13:13:12.725) [debug] [SystemManager.cc:80] Loaded system [aic_gazebo::ResetJointsPlugin] for entity [31]
[component_container-3] (2026-05-07 13:13:12.725) [debug] [UserCommands.cc:1108] Created entity [31] named [ur5e]
[component_container-3] (2026-05-07 13:13:12.734) [debug] [Sensors.cc:953] Initialization needed
[component_container-3] (2026-05-07 13:13:12.734) [debug] [Sensors.cc:349] Initializing render context
[component_container-3] (2026-05-07 13:13:12.734) [info] [RenderEngineManager.cc:514] Loading plugin [gz-rendering-ogre2]
[component_container-3] (2026-05-07 13:13:12.734) [debug] [EntityComponentManager.cc:1676] Updated state thread iterators: 16 threads processing around 8 entities each.
[component_container-3] (2026-05-07 13:13:12.739) [warning] [Ogre2RenderEngine.cc:556] Unable to open display: . Trying to run in headless mode.
[component_container-3] (2026-05-07 13:13:12.740) [debug] [SimulationRunner.cc:600] Exiting postupdate worker thread (3)
[component_container-3] (2026-05-07 13:13:12.740) [debug] [SimulationRunner.cc:600] Exiting postupdate worker thread (2)
[component_container-3] (2026-05-07 13:13:12.740) [debug] [SimulationRunner.cc:600] Exiting postupdate worker thread (1)
[component_container-3] (2026-05-07 13:13:12.740) [debug] [SimulationRunner.cc:600] Exiting postupdate worker thread (0)
[component_container-3] (2026-05-07 13:13:12.740) [debug] [SimulationRunner.cc:573] Creating PostUpdate worker threads: 6
[component_container-3] (2026-05-07 13:13:12.740) [debug] [SimulationRunner.cc:584] Creating postupdate worker thread (0)
[component_container-3] (2026-05-07 13:13:12.740) [debug] [SimulationRunner.cc:584] Creating postupdate worker thread (1)
[component_container-3] (2026-05-07 13:13:12.740) [debug] [SimulationRunner.cc:584] Creating postupdate worker thread (2)
[component_container-3] (2026-05-07 13:13:12.740) [debug] [SimulationRunner.cc:584] Creating postupdate worker thread (3)
[component_container-3] (2026-05-07 13:13:12.740) [debug] [SimulationRunner.cc:584] Creating postupdate worker thread (4)
[spawner-8] [INFO] [1778159592.745037910] [spawner_joint_state_broadcaster]: Configured and activated joint_state_broadcaster
[INFO] [spawner-8]: process has finished cleanly [pid 261]
[INFO] [spawner-10]: process started with pid [345]
[component_container-3] [1;33mWarning [Utils.cc:119][0m [/sdf/model[@name="ur"]/link[@name="center_camera/sensor_link"]/sensor[@name="center_camera"]/camera[@name="center_camera"]/optical_frame_id]: SDF Element[optical_frame_id] is deprecated
[component_container-3] [1;33mWarning [Utils.cc:119][0m [/sdf/model[@name="ur"]/link[@name="left_camera/sensor_link"]/sensor[@name="left_camera"]/camera[@name="left_camera"]/optical_frame_id]: SDF Element[optical_frame_id] is deprecated
[component_container-3] [1;33mWarning [Utils.cc:119][0m [/sdf/model[@name="ur"]/link[@name="right_camera/sensor_link"]/sensor[@name="right_camera"]/camera[@name="right_camera"]/optical_frame_id]: SDF Element[optical_frame_id] is deprecated
[component_container-3] [INFO] [1778159592.780727988] [controller_manager]: Loading controller : 'fts_broadcaster' of type 'force_torque_sensor_broadcaster/ForceTorqueSensorBroadcaster'
[component_container-3] [INFO] [1778159592.780756993] [controller_manager]: Loading controller 'fts_broadcaster'
[component_container-3] [INFO] [1778159592.781403487] [controller_manager]: Controller 'fts_broadcaster' node arguments: --ros-args --params-file /ws_aic/install/share/aic_bringup/config/aic_ros2_controllers.yaml -p use_sim_time:=true --param use_sim_time:=true 
[component_container-3] [INFO] [1778159592.784814435] [gz_server]: InitializeCanonicalLinks
[component_container-3] [INFO] [1778159592.784961141] [gz_server]: Creating services on gz_server
[component_container-3] [INFO] [1778159592.785540339] [gz_server]: Created service /gz_server/delete_entity
[component_container-3] [INFO] [1778159592.785693517] [gz_server]: Created service /gz_server/get_entities
[component_container-3] [INFO] [1778159592.785800347] [gz_server]: Created service /gz_server/get_entity_info
[component_container-3] [INFO] [1778159592.786011424] [gz_server]: Created service /gz_server/get_entity_state
[component_container-3] [INFO] [1778159592.786142600] [gz_server]: Created service /gz_server/get_entities_states
[component_container-3] [INFO] [1778159592.786244602] [gz_server]: Created service /gz_server/get_simulation_state
[component_container-3] [INFO] [1778159592.786348016] [gz_server]: Created service /gz_server/get_simulator_features
[component_container-3] [INFO] [1778159592.786529968] [gz_server]: Created service /gz_server/reset_simulation
[component_container-3] [INFO] [1778159592.786638702] [gz_server]: Created service /gz_server/set_entity_state
[component_container-3] [INFO] [1778159592.786741536] [gz_server]: Created service /gz_server/set_simulation_state
[component_container-3] [INFO] [1778159592.786885857] [gz_server]: Created service /gz_server/spawn_entity
[component_container-3] [INFO] [1778159592.787022013] [gz_server]: Created service /gz_server/step_simulation
[component_container-3] [INFO] [1778159592.787689997] [gz_server]: Created action /gz_server/simulate_steps
[2m2026-05-07T13:13:12.858621Z[0m [32m INFO[0m acc-0 ThreadId(04) [2mzenoh::net::routing::interceptor::access_control[0m[2m:[0m b037e4e2d2360a6c7ab88fb4581ba6a1 did not match any configured ACL subject. Default permission `Allow` will be applied on all messages
[component_container-3] libEGL warning: pci id for fd 70: 10de:2c02, driver (null)
[component_container-3] 
[component_container-3] pci id for fd 72: 10de:2c02, driver (null)
[component_container-3] pci id for fd 74: 10de:2c02, driver (null)
[component_container-3] libEGL warning: egl: failed to create dri2 screen
[component_container-3] libEGL warning: pci id for fd 70: 10de:2c02, driver (null)
[component_container-3] 
[component_container-3] pci id for fd 72: 10de:2c02, driver (null)
[component_container-3] pci id for fd 74: 10de:2c02, driver (null)
[component_container-3] libEGL warning: egl: failed to create dri2 screen
[component_container-3] libEGL warning: pci id for fd 70: 10de:2c02, driver (null)
[component_container-3] 
[component_container-3] (2026-05-07 13:13:12.918) [debug] [RenderUtil.cc:2646] Create scene [scene]
[component_container-3] (2026-05-07 13:13:13.119) [debug] [Sensors.cc:391] Rendering Thread initialized
[component_container-3] (2026-05-07 13:13:13.119) [debug] [Sensors.cc:953] Initialization needed
[component_container-3] (2026-05-07 13:13:13.120) [debug] [ForceTorque.cc:162] Adding JointTransmittedWrench to: 110
[component_container-3] [INFO] [1778159593.121112242] [ros_gz_container]: ForceTorque AtiForceTorqueSensor has a topic name: /axia80_m20/wrench
[component_container-3] [INFO] [1778159593.121230674] [ros_gz_container]: ForceTorque AtiForceTorqueSensor has a topic name: /axia80_m20/wrench
[spawner-9] [INFO] [1778159593.128359476] [spawner_fts_broadcaster]: Loaded fts_broadcaster
[component_container-3] [INFO] [1778159593.128841442] [controller_manager]: Configuring controller: 'fts_broadcaster'
[component_container-3] [INFO] [1778159593.130061714] [fts_broadcaster]: configure successful
[2m2026-05-07T13:13:13.184915Z[0m [32m INFO[0m acc-0 ThreadId(04) [2mzenoh::net::routing::interceptor::access_control[0m[2m:[0m d885f5f4a52d35b60e186ec93c1e14bd did not match any configured ACL subject. Default permission `Allow` will be applied on all messages
[2m2026-05-07T13:13:13.273782Z[0m [32m INFO[0m acc-0 ThreadId(04) [2mzenoh::net::routing::interceptor::access_control[0m[2m:[0m 9d8ef41a149bfab637e2f0de57c67fd8 did not match any configured ACL subject. Default permission `Allow` will be applied on all messages
[component_container-3] (2026-05-07 13:13:13.439) [debug] [CameraSensor.cc:342] Camera images for [ur5e::center_camera/sensor_link::center_camera] advertised on [/center_camera/image]
[component_container-3] (2026-05-07 13:13:13.439) [debug] [CameraSensor.cc:632] Camera info for [ur5e::center_camera/sensor_link::center_camera] advertised on [/center_camera/camera_info]
[component_container-3] (2026-05-07 13:13:13.440) [warning] [Ogre2Camera.cc:423] Ogre2Camera::SetVisibilityMask: Mask bits c0000000 are set but will be ignored as they conflict with the reserved bits used internally by the ogre2 backend.
[component_container-3] (2026-05-07 13:13:13.440) [debug] [CameraSensor.cc:342] Camera images for [ur5e::left_camera/sensor_link::left_camera] advertised on [/left_camera/image]
[component_container-3] (2026-05-07 13:13:13.440) [debug] [CameraSensor.cc:632] Camera info for [ur5e::left_camera/sensor_link::left_camera] advertised on [/left_camera/camera_info]
[component_container-3] (2026-05-07 13:13:13.440) [warning] [Ogre2Camera.cc:423] Ogre2Camera::SetVisibilityMask: Mask bits c0000000 are set but will be ignored as they conflict with the reserved bits used internally by the ogre2 backend.
[component_container-3] (2026-05-07 13:13:13.440) [debug] [CameraSensor.cc:342] Camera images for [ur5e::right_camera/sensor_link::right_camera] advertised on [/right_camera/image]
[component_container-3] (2026-05-07 13:13:13.440) [debug] [CameraSensor.cc:632] Camera info for [ur5e::right_camera/sensor_link::right_camera] advertised on [/right_camera/camera_info]
[component_container-3] (2026-05-07 13:13:13.440) [warning] [Ogre2Camera.cc:423] Ogre2Camera::SetVisibilityMask: Mask bits c0000000 are set but will be ignored as they conflict with the reserved bits used internally by the ogre2 backend.
[component_container-3] (2026-05-07 13:13:13.784) [debug] [CameraSensor.cc:441] Enabling camera sensor: 'ur5e::center_camera/sensor_link::center_camera' data generation.
[component_container-3] (2026-05-07 13:13:13.804) [debug] [CameraSensor.cc:441] Enabling camera sensor: 'ur5e::left_camera/sensor_link::left_camera' data generation.
[component_container-3] (2026-05-07 13:13:13.809) [debug] [CameraSensor.cc:441] Enabling camera sensor: 'ur5e::right_camera/sensor_link::right_camera' data generation.
[component_container-3] [INFO] [1778159593.816999194] [controller_manager]: Activating controllers: [ fts_broadcaster ]
[component_container-3] [INFO] [1778159593.817051792] [controller_manager]: Requested controller switch from non-realtime loop
[component_container-3] [INFO] [1778159593.817094723] [controller_manager]: Successfully switched controllers!
[spawner-9] [INFO] [1778159593.818040961] [spawner_fts_broadcaster]: Configured and activated fts_broadcaster
[INFO] [spawner-9]: process has finished cleanly [pid 262]
[component_container-3] [INFO] [1778159593.882825616] [controller_manager]: Loading controller : 'aic_controller' of type 'aic/Controller'
[component_container-3] [INFO] [1778159593.882856854] [controller_manager]: Loading controller 'aic_controller'
[component_container-3] [INFO] [1778159593.884553091] [controller_manager]: Controller 'aic_controller' node arguments: --ros-args --params-file /ws_aic/install/share/aic_bringup/config/aic_ros2_controllers.yaml -p use_sim_time:=true --param use_sim_time:=true 
[spawner-10] [INFO] [1778159593.893971194] [spawner_aic_controller]: Loaded aic_controller
[component_container-3] [INFO] [1778159593.894239809] [controller_manager]: Configuring controller: 'aic_controller'
[component_container-3] [INFO] [1778159593.894287368] [aic_controller]: Control mode set to impedance
[component_container-3] [INFO] [1778159593.894292768] [aic_controller]: Target mode set to Cartesian. Accepting MotionUpdate targets.
[component_container-3] [INFO] [1778159593.899867110] [controller_manager]: Activating controllers: [ aic_controller ]
[component_container-3] [INFO] [1778159593.899937482] [controller_manager]: Requested controller switch from non-realtime loop
[component_container-3] [INFO] [1778159593.900000050] [controller_manager]: Successfully switched controllers!
[component_container-3] (2026-05-07 13:13:13.901) [warning] [Component.hh:144] Trying to serialize component with data type [St6vectorIdSaIdEE], which doesn't have `operator<<`. Component will not be serialized.
[component_container-3] (2026-05-07 13:13:13.901) [warning] [Component.hh:189] Trying to deserialize component with data type [St6vectorIdSaIdEE], which doesn't have `operator>>`. Component will not be deserialized.
[spawner-10] [INFO] [1778159593.901961625] [spawner_aic_controller]: Configured and activated all the parsed controllers list : ['aic_controller']!
[INFO] [spawner-10]: process has finished cleanly [pid 345]
[INFO] [rviz2-11]: process started with pid [503]
[rviz2-11] qt.qpa.xcb: could not connect to display 
[rviz2-11] qt.qpa.plugin: Could not load the Qt platform plugin "xcb" in "" even though it was found.
[rviz2-11] This application failed to start because no Qt platform plugin could be initialized. Reinstalling the application may fix this problem.
[rviz2-11] 
[rviz2-11] Available platform plugins are: eglfs, linuxfb, minimal, minimalegl, offscreen, vnc, wayland-egl, wayland, wayland-xcomposite-egl, wayland-xcomposite-glx, xcb.
[rviz2-11] 
[ERROR] [rviz2-11]: process has died [pid 503, exit code -6, cmd '/opt/ros/kilted/lib/rviz2/rviz2 -d /ws_aic/install/share/aic_bringup/rviz/aic.rviz --ros-args -r __node:=rviz2 --params-file /tmp/launch_params_ct_kgls2'].
[component_container-3] (2026-05-07 13:13:14.035) [debug] [WorldSdfGeneratorPlugin.cc:79] Saving world: aic_world to: /tmp/aic.sdf
[component_container-3] (2026-05-07 13:13:14.035) [info] [WorldSdfGeneratorPlugin.cc:86] File: /tmp/aic.sdf could not be opened for saving. Please check that the directory containg the file exists and the correct permissions are set.
[2m2026-05-07T13:13:16.940202Z[0m [32m INFO[0m acc-0 ThreadId(04) [2mzenoh::net::routing::interceptor::access_control[0m[2m:[0m ea474b6e491a98740b5ea9e5546abf30 did not match any configured ACL subject. Default permission `Allow` will be applied on all messages
[2m2026-05-07T13:13:26.820771Z[0m [32m INFO[0m acc-0 ThreadId(04) [2mzenoh::net::routing::interceptor::access_control[0m[2m:[0m 2b89571e766be585fcb75042beff92b8 did not match any configured ACL subject. Default permission `Allow` will be applied on all messages
[component_container-3] (2026-05-07 13:13:27.946) [debug] [SdfEntityCreator.cc:547] Link has auto-inertial enabled: sc_port_0::sc_port_link
[component_container-3] (2026-05-07 13:13:27.946) [debug] [SdfEntityCreator.cc:549]   pose: 1.88554e-19 -0.00100271 0.000137321 0 0 0
[component_container-3] (2026-05-07 13:13:27.946) [debug] [SdfEntityCreator.cc:550]   mass: 0.04
[component_container-3] (2026-05-07 13:13:27.946) [debug] [SdfEntityCreator.cc:551]   ixx iyy izz: 1.86262e-06 5.50332e-06 6.55187e-06
[component_container-3] (2026-05-07 13:13:27.946) [debug] [SdfEntityCreator.cc:553]   ixy ixz iyz: -7.41324e-15 4.19415e-23 -5.5077e-09
[component_container-3] (2026-05-07 13:13:27.947) [debug] [SdfEntityCreator.cc:547] Link has auto-inertial enabled: nic_card_mount_0::nic_card_link
[component_container-3] (2026-05-07 13:13:27.947) [debug] [SdfEntityCreator.cc:549]   pose: 0.00150732 -0.00850988 0.00340281 0 0 0
[component_container-3] (2026-05-07 13:13:27.947) [debug] [SdfEntityCreator.cc:550]   mass: 0.15
[component_container-3] (2026-05-07 13:13:27.947) [debug] [SdfEntityCreator.cc:551]   ixx iyy izz: 0.000185176 4.95164e-05 0.000228127
[component_container-3] (2026-05-07 13:13:27.947) [debug] [SdfEntityCreator.cc:553]   ixy ixz iyz: -1.61776e-06 6.54063e-07 1.04636e-07
[component_container-3] (2026-05-07 13:13:27.948) [debug] [SystemManager.cc:80] Loaded system [gz::sim::systems::PosePublisher] for entity [118]
[component_container-3] (2026-05-07 13:13:27.948) [debug] [SystemManager.cc:80] Loaded system [gz::sim::systems::TouchPlugin] for entity [165]
[component_container-3] (2026-05-07 13:13:27.948) [debug] [SystemManager.cc:80] Loaded system [gz::sim::systems::TouchPlugin] for entity [188]
[component_container-3] (2026-05-07 13:13:27.948) [debug] [SystemManager.cc:80] Loaded system [gz::sim::systems::TouchPlugin] for entity [188]
[component_container-3] (2026-05-07 13:13:27.948) [debug] [UserCommands.cc:1108] Created entity [118] named [task_board]
[component_container-3] (2026-05-07 13:13:27.951) [info] [Contact.cc:125] Contact system publishing on world/aic_world/model/task_board/model/sc_port_0/link/sc_port_link/sensor/sc_port_sensor/contact
[component_container-3] (2026-05-07 13:13:27.952) [info] [Contact.cc:125] Contact system publishing on world/aic_world/model/task_board/model/nic_card_mount_0/link/nic_card_link/sensor/sfp_port_sensor/contact
[component_container-3] [INFO] [1778159607.952159952] [aic_controller]: Received service request to tare force torque sensor!
[component_container-3] [INFO] [1778159607.952184397] [aic_controller]: Successfully tared force torque sensor.
[component_container-3] [INFO] [1778159607.953850457] [gz_server]: InitializeCanonicalLinks
[component_container-3] (2026-05-07 13:13:27.953) [warning] [Component.hh:127] Trying to serialize component with data type [St10shared_ptrIN3sdf3v157ElementEE], which doesn't have `operator<<`. Component will not be serialized.
[component_container-3] (2026-05-07 13:13:27.955) [debug] [SimulationRunner.cc:600] Exiting postupdate worker thread (3)
[component_container-3] (2026-05-07 13:13:27.955) [debug] [SimulationRunner.cc:600] Exiting postupdate worker thread (0)
[component_container-3] (2026-05-07 13:13:27.955) [debug] [SimulationRunner.cc:600] Exiting postupdate worker thread (1)
[component_container-3] (2026-05-07 13:13:27.955) [debug] [SimulationRunner.cc:600] Exiting postupdate worker thread (2)
[component_container-3] (2026-05-07 13:13:27.955) [debug] [SimulationRunner.cc:600] Exiting postupdate worker thread (4)
[component_container-3] (2026-05-07 13:13:27.955) [debug] [SimulationRunner.cc:573] Creating PostUpdate worker threads: 10
[component_container-3] (2026-05-07 13:13:27.955) [debug] [SimulationRunner.cc:584] Creating postupdate worker thread (0)
[component_container-3] (2026-05-07 13:13:27.955) [debug] [SimulationRunner.cc:584] Creating postupdate worker thread (1)
[component_container-3] (2026-05-07 13:13:27.955) [debug] [SimulationRunner.cc:584] Creating postupdate worker thread (2)
[component_container-3] (2026-05-07 13:13:27.955) [debug] [SimulationRunner.cc:584] Creating postupdate worker thread (3)
[component_container-3] (2026-05-07 13:13:27.955) [debug] [SimulationRunner.cc:584] Creating postupdate worker thread (4)
[component_container-3] (2026-05-07 13:13:27.955) [debug] [SimulationRunner.cc:584] Creating postupdate worker thread (5)
[component_container-3] (2026-05-07 13:13:27.955) [debug] [SimulationRunner.cc:584] Creating postupdate worker thread (6)
[component_container-3] (2026-05-07 13:13:27.955) [debug] [SimulationRunner.cc:584] Creating postupdate worker thread (7)
[component_container-3] (2026-05-07 13:13:27.955) [debug] [SimulationRunner.cc:584] Creating postupdate worker thread (8)
[component_container-3] (2026-05-07 13:13:27.955) [warning] [Component.hh:172] Trying to deserialize component with data type [St10shared_ptrIN3sdf3v157ElementEE], which doesn't have `operator>>`. Component will not be deserialized.
[component_container-3] (2026-05-07 13:13:27.955) [debug] [TouchPlugin.cc:267] Started touch plugin [sc_port_0/sc_port_base]
[component_container-3] (2026-05-07 13:13:27.955) [debug] [TouchPlugin.cc:267] Started touch plugin [nic_card_mount_0/sfp_port_0]
[component_container-3] (2026-05-07 13:13:27.955) [debug] [TouchPlugin.cc:267] Started touch plugin [nic_card_mount_0/sfp_port_1]
[component_container-3] (2026-05-07 13:13:30.116) [debug] [SdfEntityCreator.cc:547] Link has auto-inertial enabled: cable_0::lc_plug_link
[component_container-3] (2026-05-07 13:13:30.116) [debug] [SdfEntityCreator.cc:549]   pose: 0 0.0197 0 0 0 0
[component_container-3] (2026-05-07 13:13:30.116) [debug] [SdfEntityCreator.cc:550]   mass: 0.01
[component_container-3] (2026-05-07 13:13:30.116) [debug] [SdfEntityCreator.cc:551]   ixx iyy izz: 8.49658e-09 9.96094e-08 1.06153e-07
[component_container-3] (2026-05-07 13:13:30.116) [debug] [SdfEntityCreator.cc:553]   ixy ixz iyz: 0 0 2.13837e-15
[component_container-3] (2026-05-07 13:13:30.117) [debug] [SdfEntityCreator.cc:547] Link has auto-inertial enabled: cable_0::sc_plug_link
[component_container-3] (2026-05-07 13:13:30.117) [debug] [SdfEntityCreator.cc:549]   pose: -0.00907511 4.9566e-05 8.71699e-06 0 0 0
[component_container-3] (2026-05-07 13:13:30.117) [debug] [SdfEntityCreator.cc:550]   mass: 0.04
[component_container-3] (2026-05-07 13:13:30.117) [debug] [SdfEntityCreator.cc:551]   ixx iyy izz: 2.12257e-06 7.17318e-06 8.85404e-06
[component_container-3] (2026-05-07 13:13:30.117) [debug] [SdfEntityCreator.cc:553]   ixy ixz iyz: 1.24369e-08 -3.73363e-09 1.72827e-11
[component_container-3] (2026-05-07 13:13:30.117) [debug] [SdfEntityCreator.cc:547] Link has auto-inertial enabled: cable_0::sfp_module_link
[component_container-3] (2026-05-07 13:13:30.117) [debug] [SdfEntityCreator.cc:549]   pose: 0.00024115 0.00702224 0.000553372 0 0 0
[component_container-3] (2026-05-07 13:13:30.117) [debug] [SdfEntityCreator.cc:550]   mass: 0.02
[component_container-3] (2026-05-07 13:13:30.117) [debug] [SdfEntityCreator.cc:551]   ixx iyy izz: 2.81022e-06 5.74024e-07 3.07134e-06
[component_container-3] (2026-05-07 13:13:30.117) [debug] [SdfEntityCreator.cc:553]   ixy ixz iyz: 2.90452e-08 2.66891e-09 9.66165e-08
[component_container-3] (2026-05-07 13:13:30.118) [debug] [CablePlugin.cc:86] aic_gazebo::CablePlugin::Configure on entity: 242
[component_container-3] (2026-05-07 13:13:30.119) [info] [CablePlugin.cc:150] Cable transitioning to HARNESS state.
[component_container-3] (2026-05-07 13:13:30.119) [debug] [SystemManager.cc:80] Loaded system [aic_gazebo::CablePlugin] for entity [242]
[component_container-3] (2026-05-07 13:13:30.119) [debug] [SystemManager.cc:80] Loaded system [gz::sim::systems::PosePublisher] for entity [242]
[component_container-3] (2026-05-07 13:13:30.119) [debug] [UserCommands.cc:1108] Created entity [242] named [cable_0]
[component_container-3] [INFO] [1778159610.125719208] [gz_server]: InitializeCanonicalLinks
[component_container-3] (2026-05-07 13:13:30.127) [debug] [SimulationRunner.cc:600] Exiting postupdate worker thread (3)
[component_container-3] (2026-05-07 13:13:30.127) [debug] [SimulationRunner.cc:600] Exiting postupdate worker thread (2)
[component_container-3] (2026-05-07 13:13:30.127) [debug] [SimulationRunner.cc:600] Exiting postupdate worker thread (1)
[component_container-3] (2026-05-07 13:13:30.127) [debug] [SimulationRunner.cc:600] Exiting postupdate worker thread (8)
[component_container-3] (2026-05-07 13:13:30.127) [debug] [SimulationRunner.cc:600] Exiting postupdate worker thread (4)
[component_container-3] (2026-05-07 13:13:30.127) [debug] [SimulationRunner.cc:600] Exiting postupdate worker thread (5)
[component_container-3] (2026-05-07 13:13:30.127) [debug] [SimulationRunner.cc:600] Exiting postupdate worker thread (6)
[component_container-3] (2026-05-07 13:13:30.127) [debug] [SimulationRunner.cc:600] Exiting postupdate worker thread (7)
[component_container-3] (2026-05-07 13:13:30.127) [debug] [SimulationRunner.cc:600] Exiting postupdate worker thread (0)
[component_container-3] (2026-05-07 13:13:30.127) [debug] [SimulationRunner.cc:573] Creating PostUpdate worker threads: 12
[component_container-3] (2026-05-07 13:13:30.127) [debug] [SimulationRunner.cc:584] Creating postupdate worker thread (0)
[component_container-3] (2026-05-07 13:13:30.127) [debug] [SimulationRunner.cc:584] Creating postupdate worker thread (1)
[component_container-3] (2026-05-07 13:13:30.127) [debug] [SimulationRunner.cc:584] Creating postupdate worker thread (2)
[component_container-3] (2026-05-07 13:13:30.127) [debug] [SimulationRunner.cc:584] Creating postupdate worker thread (3)
[component_container-3] (2026-05-07 13:13:30.127) [debug] [SimulationRunner.cc:584] Creating postupdate worker thread (4)
[component_container-3] (2026-05-07 13:13:30.127) [debug] [SimulationRunner.cc:584] Creating postupdate worker thread (5)
[component_container-3] (2026-05-07 13:13:30.127) [debug] [SimulationRunner.cc:584] Creating postupdate worker thread (6)
[component_container-3] (2026-05-07 13:13:30.127) [debug] [SimulationRunner.cc:584] Creating postupdate worker thread (7)
[component_container-3] (2026-05-07 13:13:30.127) [debug] [SimulationRunner.cc:584] Creating postupdate worker thread (8)
[component_container-3] (2026-05-07 13:13:30.127) [debug] [SimulationRunner.cc:584] Creating postupdate worker thread (9)
[component_container-3] (2026-05-07 13:13:30.127) [debug] [SimulationRunner.cc:584] Creating postupdate worker thread (10)
[component_container-3] (2026-05-07 13:13:30.131) [info] [CablePlugin.cc:201] Cable transitioning to WAITING state.
[component_container-3] (2026-05-07 13:13:30.131) [info] [CablePlugin.cc:213] Cable transitioning to CREATE_CONNECTIONS state.
[component_container-3] (2026-05-07 13:13:30.131) [debug] [Physics.cc:2015] Creating detachable joint [418]
[component_container-3] (2026-05-07 13:13:30.131) [debug] [Physics.cc:2015] Creating detachable joint [421]
[component_container-3] (2026-05-07 13:13:30.131) [debug] [Physics.cc:2136] Detaching joint [418]
[component_container-3] (2026-05-07 13:13:30.131) [debug] [Physics.cc:2136] Detaching joint [421]
[component_container-3] (2026-05-07 13:13:30.132) [info] [CablePlugin.cc:247] Cable transitioning to CABLE_ATTACHED_TO_GRIPPER state.
[component_container-3] (2026-05-07 13:13:30.132) [debug] [Physics.cc:2015] Creating detachable joint [422]
[component_container-3] [INFO] [1778159610.162714849] [gz_server]: InitializeCanonicalLinks
[component_container-3] [INFO] [1778159614.741684850] [aic_controller]: Controller is already in Cartesian target mode.
[component_container-3] (2026-05-07 13:13:43.557) [debug] [TouchPlugin.cc:352] Model [nic_card_mount_0] started touching [sfp_tip_link/collision/contact_collision] at 24.482 s
[component_container-3] (2026-05-07 13:13:44.559) [debug] [TouchPlugin.cc:366] Model [nic_card_mount_0] touched [sfp_tip_link/collision/contact_collision] exclusively for 1 s
[component_container-3] (2026-05-07 13:13:44.559) [debug] [TouchPlugin.cc:273] Stopped touch plugin [nic_card_mount_0/sfp_port_0]
[component_container-3] (2026-05-07 13:13:44.559) [debug] [CablePlugin.cc:271] Cable connection 0 touched: 1. Topic: /nic_card_mount_0/sfp_port_0/touched
[component_container-3] (2026-05-07 13:13:44.560) [info] [CablePlugin.cc:281] Cable transitioning to ATTACH_CABLE_TO_PORT state.
[component_container-3] (2026-05-07 13:13:44.561) [debug] [Physics.cc:2136] Detaching joint [422]
[component_container-3] (2026-05-07 13:13:44.562) [info] [CablePlugin.cc:326] Cable transitioning to COMPLETED state.
[component_container-3] (2026-05-07 13:13:44.562) [debug] [Physics.cc:2015] Creating detachable joint [423]
[component_container-3] (2026-05-07 13:13:44.562) [debug] [Physics.cc:2015] Creating detachable joint [424]
[component_container-3] (2026-05-07 13:13:44.562) [debug] [Physics.cc:2015] Creating detachable joint [427]
[component_container-3] [INFO] [1778159624.564096009] [gz_server]: InitializeCanonicalLinks
[component_container-3] (2026-05-07 13:13:55.068) [debug] [UserCommands.cc:1158] Requesting removal of entity [118]
[component_container-3] (2026-05-07 13:13:55.084) [debug] [SimulationRunner.cc:600] Exiting postupdate worker thread (7)
[component_container-3] (2026-05-07 13:13:55.084) [debug] [SimulationRunner.cc:600] Exiting postupdate worker thread (9)
[component_container-3] (2026-05-07 13:13:55.084) [debug] [SimulationRunner.cc:600] Exiting postupdate worker thread (0)
[component_container-3] (2026-05-07 13:13:55.084) [debug] [SimulationRunner.cc:600] Exiting postupdate worker thread (4)
[component_container-3] (2026-05-07 13:13:55.084) [debug] [SimulationRunner.cc:600] Exiting postupdate worker thread (1)
[component_container-3] (2026-05-07 13:13:55.084) [debug] [SimulationRunner.cc:600] Exiting postupdate worker thread (2)
[component_container-3] (2026-05-07 13:13:55.084) [debug] [SimulationRunner.cc:600] Exiting postupdate worker thread (5)
[component_container-3] (2026-05-07 13:13:55.084) [debug] [SimulationRunner.cc:600] Exiting postupdate worker thread (10)
[component_container-3] (2026-05-07 13:13:55.084) [debug] [SimulationRunner.cc:600] Exiting postupdate worker thread (8)
[component_container-3] (2026-05-07 13:13:55.084) [debug] [SimulationRunner.cc:600] Exiting postupdate worker thread (3)
[component_container-3] (2026-05-07 13:13:55.084) [debug] [SimulationRunner.cc:600] Exiting postupdate worker thread (6)
[component_container-3] (2026-05-07 13:13:55.085) [debug] [SimulationRunner.cc:573] Creating PostUpdate worker threads: 8
[component_container-3] (2026-05-07 13:13:55.085) [debug] [SimulationRunner.cc:584] Creating postupdate worker thread (0)
[component_container-3] (2026-05-07 13:13:55.085) [debug] [SimulationRunner.cc:584] Creating postupdate worker thread (1)
[component_container-3] (2026-05-07 13:13:55.085) [debug] [SimulationRunner.cc:584] Creating postupdate worker thread (2)
[component_container-3] (2026-05-07 13:13:55.085) [debug] [SimulationRunner.cc:584] Creating postupdate worker thread (3)
[component_container-3] (2026-05-07 13:13:55.085) [debug] [SimulationRunner.cc:584] Creating postupdate worker thread (4)
[component_container-3] (2026-05-07 13:13:55.085) [debug] [SimulationRunner.cc:584] Creating postupdate worker thread (5)
[component_container-3] (2026-05-07 13:13:55.085) [debug] [SimulationRunner.cc:584] Creating postupdate worker thread (6)
[component_container-3] (2026-05-07 13:13:55.085) [debug] [UserCommands.cc:1158] Requesting removal of entity [242]
[component_container-3] (2026-05-07 13:13:55.085) [info] [CablePlugin.cc:162] Cable transitioning to CABLE_REMOVED state.
[component_container-3] [INFO] [1778159635.086135453] [controller_manager]: Deactivating controllers: [ aic_controller ]
[component_container-3] [INFO] [1778159635.086218989] [controller_manager]: Switch controller timeout is set to 0, using default 1s!
[component_container-3] [INFO] [1778159635.086223869] [controller_manager]: Requested controller switch from non-realtime loop
[component_container-3] [INFO] [1778159635.086321091] [controller_manager]: Deactivated controllers: [ aic_controller ]
[component_container-3] [INFO] [1778159635.086326361] [controller_manager]: Successfully switched controllers!
[component_container-3] (2026-05-07 13:13:55.087) [debug] [Physics.cc:2136] Detaching joint [423]
[component_container-3] (2026-05-07 13:13:55.087) [debug] [Physics.cc:2136] Detaching joint [424]
[component_container-3] (2026-05-07 13:13:55.087) [debug] [Physics.cc:2136] Detaching joint [427]
[component_container-3] (2026-05-07 13:13:55.088) [info] [ResetJointsPlugin.cc:105] Received reset request for joint: shoulder_pan_joint
[component_container-3] (2026-05-07 13:13:55.088) [info] [ResetJointsPlugin.cc:105] Received reset request for joint: shoulder_lift_joint
[component_container-3] (2026-05-07 13:13:55.088) [info] [ResetJointsPlugin.cc:105] Received reset request for joint: elbow_joint
[component_container-3] (2026-05-07 13:13:55.088) [info] [ResetJointsPlugin.cc:105] Received reset request for joint: wrist_1_joint
[component_container-3] (2026-05-07 13:13:55.088) [info] [ResetJointsPlugin.cc:105] Received reset request for joint: wrist_2_joint
[component_container-3] (2026-05-07 13:13:55.088) [info] [ResetJointsPlugin.cc:105] Received reset request for joint: wrist_3_joint
[component_container-3] (2026-05-07 13:13:55.110) [debug] [SimulationRunner.cc:600] Exiting postupdate worker thread (0)
[component_container-3] (2026-05-07 13:13:55.110) [debug] [SimulationRunner.cc:600] Exiting postupdate worker thread (4)
[component_container-3] (2026-05-07 13:13:55.110) [debug] [SimulationRunner.cc:600] Exiting postupdate worker thread (2)
[component_container-3] (2026-05-07 13:13:55.110) [debug] [SimulationRunner.cc:600] Exiting postupdate worker thread (5)
[component_container-3] (2026-05-07 13:13:55.110) [debug] [SimulationRunner.cc:600] Exiting postupdate worker thread (3)
[component_container-3] (2026-05-07 13:13:55.110) [debug] [SimulationRunner.cc:600] Exiting postupdate worker thread (6)
[component_container-3] (2026-05-07 13:13:55.110) [debug] [SimulationRunner.cc:600] Exiting postupdate worker thread (1)
[component_container-3] (2026-05-07 13:13:55.111) [debug] [SimulationRunner.cc:573] Creating PostUpdate worker threads: 6
[component_container-3] (2026-05-07 13:13:55.111) [debug] [SimulationRunner.cc:584] Creating postupdate worker thread (0)
[component_container-3] (2026-05-07 13:13:55.111) [debug] [SimulationRunner.cc:584] Creating postupdate worker thread (1)
[component_container-3] (2026-05-07 13:13:55.111) [debug] [SimulationRunner.cc:584] Creating postupdate worker thread (2)
[component_container-3] (2026-05-07 13:13:55.111) [debug] [SimulationRunner.cc:584] Creating postupdate worker thread (3)
[component_container-3] (2026-05-07 13:13:55.111) [debug] [SimulationRunner.cc:584] Creating postupdate worker thread (4)
[component_container-3] (2026-05-07 13:13:55.112) [info] [ResetJointsPlugin.cc:149] Joint wrist_3_joint reset to initial position: 1.411
[component_container-3] (2026-05-07 13:13:55.112) [info] [ResetJointsPlugin.cc:149] Joint wrist_2_joint reset to initial position: 1.571
[component_container-3] (2026-05-07 13:13:55.112) [info] [ResetJointsPlugin.cc:149] Joint wrist_1_joint reset to initial position: -1.6933
[component_container-3] (2026-05-07 13:13:55.112) [info] [ResetJointsPlugin.cc:149] Joint elbow_joint reset to initial position: -1.6648
[component_container-3] (2026-05-07 13:13:55.112) [info] [ResetJointsPlugin.cc:149] Joint shoulder_lift_joint reset to initial position: -1.3542
[component_container-3] (2026-05-07 13:13:55.112) [info] [ResetJointsPlugin.cc:149] Joint shoulder_pan_joint reset to initial position: -0.1597
[component_container-3] (2026-05-07 13:13:55.113) [warning] [Physics.cc:2467] Found both JointVelocityReset and JointVelocityCmd components for Joint [shoulder_pan_joint(Entity=102]). Ignoring JointVelocityCmd component.
[component_container-3] (2026-05-07 13:13:55.113) [warning] [Physics.cc:2467] Found both JointVelocityReset and JointVelocityCmd components for Joint [shoulder_lift_joint(Entity=103]). Ignoring JointVelocityCmd component.
[component_container-3] (2026-05-07 13:13:55.113) [warning] [Physics.cc:2467] Found both JointVelocityReset and JointVelocityCmd components for Joint [elbow_joint(Entity=104]). Ignoring JointVelocityCmd component.
[component_container-3] (2026-05-07 13:13:55.113) [warning] [Physics.cc:2467] Found both JointVelocityReset and JointVelocityCmd components for Joint [wrist_1_joint(Entity=105]). Ignoring JointVelocityCmd component.
[component_container-3] (2026-05-07 13:13:55.113) [warning] [Physics.cc:2467] Found both JointVelocityReset and JointVelocityCmd components for Joint [wrist_2_joint(Entity=106]). Ignoring JointVelocityCmd component.
[component_container-3] (2026-05-07 13:13:55.113) [warning] [Physics.cc:2467] Found both JointVelocityReset and JointVelocityCmd components for Joint [wrist_3_joint(Entity=107]). Ignoring JointVelocityCmd component.
[component_container-3] [INFO] [1778159635.113275361] [controller_manager]: Activating controllers: [ aic_controller ]
[component_container-3] [INFO] [1778159635.113363657] [controller_manager]: Requested controller switch from non-realtime loop
[component_container-3] [INFO] [1778159635.113434049] [controller_manager]: Activated controllers: [ aic_controller ]
[component_container-3] [INFO] [1778159635.113436503] [controller_manager]: Successfully switched controllers!
[component_container-3] (2026-05-07 13:13:55.197) [debug] [SdfEntityCreator.cc:547] Link has auto-inertial enabled: sc_port_1::sc_port_link
[component_container-3] (2026-05-07 13:13:55.197) [debug] [SdfEntityCreator.cc:549]   pose: 1.88554e-19 -0.00100271 0.000137321 0 0 0
[component_container-3] (2026-05-07 13:13:55.197) [debug] [SdfEntityCreator.cc:550]   mass: 0.04
[component_container-3] (2026-05-07 13:13:55.197) [debug] [SdfEntityCreator.cc:551]   ixx iyy izz: 1.86262e-06 5.50332e-06 6.55187e-06
[component_container-3] (2026-05-07 13:13:55.197) [debug] [SdfEntityCreator.cc:553]   ixy ixz iyz: -7.41324e-15 4.19415e-23 -5.5077e-09
[component_container-3] (2026-05-07 13:13:55.197) [debug] [SystemManager.cc:80] Loaded system [gz::sim::systems::PosePublisher] for entity [428]
[component_container-3] (2026-05-07 13:13:55.197) [debug] [SystemManager.cc:80] Loaded system [gz::sim::systems::TouchPlugin] for entity [465]
[component_container-3] (2026-05-07 13:13:55.198) [debug] [UserCommands.cc:1108] Created entity [428] named [task_board]
[component_container-3] (2026-05-07 13:13:55.200) [info] [Contact.cc:125] Contact system publishing on world/aic_world/model/task_board/model/sc_port_1/link/sc_port_link/sensor/sc_port_sensor/contact
[component_container-3] [INFO] [1778159635.200776937] [aic_controller]: Received service request to tare force torque sensor!
[component_container-3] [INFO] [1778159635.200796614] [aic_controller]: Successfully tared force torque sensor.
[component_container-3] [INFO] [1778159635.201669523] [gz_server]: InitializeCanonicalLinks
[component_container-3] (2026-05-07 13:13:55.201) [warning] [Component.hh:127] Trying to serialize component with data type [St10shared_ptrIN3sdf3v157ElementEE], which doesn't have `operator<<`. Component will not be serialized.
[component_container-3] (2026-05-07 13:13:55.202) [debug] [SimulationRunner.cc:600] Exiting postupdate worker thread (3)
[component_container-3] (2026-05-07 13:13:55.202) [debug] [SimulationRunner.cc:600] Exiting postupdate worker thread (0)
[component_container-3] (2026-05-07 13:13:55.202) [debug] [SimulationRunner.cc:600] Exiting postupdate worker thread (4)
[component_container-3] (2026-05-07 13:13:55.202) [debug] [SimulationRunner.cc:600] Exiting postupdate worker thread (1)
[component_container-3] (2026-05-07 13:13:55.202) [debug] [SimulationRunner.cc:600] Exiting postupdate worker thread (2)
[component_container-3] (2026-05-07 13:13:55.202) [debug] [SimulationRunner.cc:573] Creating PostUpdate worker threads: 8
[component_container-3] (2026-05-07 13:13:55.202) [debug] [SimulationRunner.cc:584] Creating postupdate worker thread (0)
[component_container-3] (2026-05-07 13:13:55.202) [debug] [SimulationRunner.cc:584] Creating postupdate worker thread (1)
[component_container-3] (2026-05-07 13:13:55.202) [debug] [SimulationRunner.cc:584] Creating postupdate worker thread (2)
[component_container-3] (2026-05-07 13:13:55.202) [debug] [SimulationRunner.cc:584] Creating postupdate worker thread (3)
[component_container-3] (2026-05-07 13:13:55.202) [debug] [SimulationRunner.cc:584] Creating postupdate worker thread (4)
[component_container-3] (2026-05-07 13:13:55.202) [debug] [SimulationRunner.cc:584] Creating postupdate worker thread (5)
[component_container-3] (2026-05-07 13:13:55.202) [debug] [SimulationRunner.cc:584] Creating postupdate worker thread (6)
[component_container-3] (2026-05-07 13:13:55.202) [debug] [TouchPlugin.cc:267] Started touch plugin [sc_port_1/sc_port_base]
[component_container-3] (2026-05-07 13:13:55.351) [debug] [SdfEntityCreator.cc:547] Link has auto-inertial enabled: cable_1::sc_plug_link
[component_container-3] (2026-05-07 13:13:55.351) [debug] [SdfEntityCreator.cc:549]   pose: -0.00907511 4.9566e-05 8.71699e-06 0 0 0
[component_container-3] (2026-05-07 13:13:55.351) [debug] [SdfEntityCreator.cc:550]   mass: 0.04
[component_container-3] (2026-05-07 13:13:55.351) [debug] [SdfEntityCreator.cc:551]   ixx iyy izz: 2.12257e-06 7.17318e-06 8.85404e-06
[component_container-3] (2026-05-07 13:13:55.351) [debug] [SdfEntityCreator.cc:553]   ixy ixz iyz: 1.24369e-08 -3.73363e-09 1.72827e-11
[component_container-3] (2026-05-07 13:13:55.351) [debug] [SdfEntityCreator.cc:547] Link has auto-inertial enabled: cable_1::lc_plug_link
[component_container-3] (2026-05-07 13:13:55.351) [debug] [SdfEntityCreator.cc:549]   pose: 0 -0.00428702 8.58528e-05 0 0 0
[component_container-3] (2026-05-07 13:13:55.351) [debug] [SdfEntityCreator.cc:550]   mass: 0.01
[component_container-3] (2026-05-07 13:13:55.351) [debug] [SdfEntityCreator.cc:551]   ixx iyy izz: 1.73585e-06 1.30886e-07 1.82579e-06
[component_container-3] (2026-05-07 13:13:55.351) [debug] [SdfEntityCreator.cc:553]   ixy ixz iyz: -3.13192e-14 3.63653e-15 -5.82954e-09
[component_container-3] (2026-05-07 13:13:55.351) [debug] [SdfEntityCreator.cc:547] Link has auto-inertial enabled: cable_1::sfp_module_link
[component_container-3] (2026-05-07 13:13:55.351) [debug] [SdfEntityCreator.cc:549]   pose: 0.000140388 0.0140944 0.000755794 0 0 0
[component_container-3] (2026-05-07 13:13:55.351) [debug] [SdfEntityCreator.cc:550]   mass: 0.02
[component_container-3] (2026-05-07 13:13:55.351) [debug] [SdfEntityCreator.cc:551]   ixx iyy izz: 3.52972e-06 5.95336e-07 3.76244e-06
[component_container-3] (2026-05-07 13:13:55.351) [debug] [SdfEntityCreator.cc:553]   ixy ixz iyz: 3.87677e-08 3.1005e-09 9.04204e-09
[component_container-3] (2026-05-07 13:13:55.352) [debug] [CablePlugin.cc:86] aic_gazebo::CablePlugin::Configure on entity: 488
[component_container-3] (2026-05-07 13:13:55.352) [info] [CablePlugin.cc:150] Cable transitioning to HARNESS state.
[component_container-3] (2026-05-07 13:13:55.353) [debug] [SystemManager.cc:80] Loaded system [aic_gazebo::CablePlugin] for entity [488]
[component_container-3] (2026-05-07 13:13:55.353) [debug] [SystemManager.cc:80] Loaded system [gz::sim::systems::PosePublisher] for entity [488]
[component_container-3] (2026-05-07 13:13:55.353) [debug] [UserCommands.cc:1108] Created entity [488] named [cable_1]
[component_container-3] [INFO] [1778159635.359460993] [gz_server]: InitializeCanonicalLinks
[component_container-3] (2026-05-07 13:13:55.361) [debug] [SimulationRunner.cc:600] Exiting postupdate worker thread (6)
[component_container-3] (2026-05-07 13:13:55.361) [debug] [SimulationRunner.cc:600] Exiting postupdate worker thread (3)
[component_container-3] (2026-05-07 13:13:55.361) [debug] [SimulationRunner.cc:600] Exiting postupdate worker thread (2)
[component_container-3] (2026-05-07 13:13:55.361) [debug] [SimulationRunner.cc:600] Exiting postupdate worker thread (0)
[component_container-3] (2026-05-07 13:13:55.361) [debug] [SimulationRunner.cc:600] Exiting postupdate worker thread (5)
[component_container-3] (2026-05-07 13:13:55.361) [debug] [SimulationRunner.cc:600] Exiting postupdate worker thread (1)
[component_container-3] (2026-05-07 13:13:55.361) [debug] [SimulationRunner.cc:600] Exiting postupdate worker thread (4)
[component_container-3] (2026-05-07 13:13:55.361) [debug] [SimulationRunner.cc:573] Creating PostUpdate worker threads: 10
[component_container-3] (2026-05-07 13:13:55.361) [debug] [SimulationRunner.cc:584] Creating postupdate worker thread (0)
[component_container-3] (2026-05-07 13:13:55.361) [debug] [SimulationRunner.cc:584] Creating postupdate worker thread (1)
[component_container-3] (2026-05-07 13:13:55.361) [debug] [SimulationRunner.cc:584] Creating postupdate worker thread (2)
[component_container-3] (2026-05-07 13:13:55.361) [debug] [SimulationRunner.cc:584] Creating postupdate worker thread (3)
[component_container-3] (2026-05-07 13:13:55.361) [debug] [SimulationRunner.cc:584] Creating postupdate worker thread (4)
[component_container-3] (2026-05-07 13:13:55.361) [debug] [SimulationRunner.cc:584] Creating postupdate worker thread (5)
[component_container-3] (2026-05-07 13:13:55.361) [debug] [SimulationRunner.cc:584] Creating postupdate worker thread (6)
[component_container-3] (2026-05-07 13:13:55.361) [debug] [SimulationRunner.cc:584] Creating postupdate worker thread (7)
[component_container-3] (2026-05-07 13:13:55.361) [debug] [SimulationRunner.cc:584] Creating postupdate worker thread (8)
[component_container-3] (2026-05-07 13:13:55.362) [info] [CablePlugin.cc:201] Cable transitioning to WAITING state.
[component_container-3] (2026-05-07 13:13:55.362) [info] [CablePlugin.cc:213] Cable transitioning to CREATE_CONNECTIONS state.
[component_container-3] (2026-05-07 13:13:55.362) [debug] [Physics.cc:2015] Creating detachable joint [686]
[component_container-3] (2026-05-07 13:13:55.362) [debug] [Physics.cc:2015] Creating detachable joint [689]
[component_container-3] (2026-05-07 13:13:55.362) [debug] [Physics.cc:2136] Detaching joint [686]
[component_container-3] (2026-05-07 13:13:55.362) [debug] [Physics.cc:2136] Detaching joint [689]
[component_container-3] (2026-05-07 13:13:55.363) [info] [CablePlugin.cc:247] Cable transitioning to CABLE_ATTACHED_TO_GRIPPER state.
[component_container-3] (2026-05-07 13:13:55.363) [debug] [Physics.cc:2015] Creating detachable joint [690]
[component_container-3] [INFO] [1778159635.384460802] [gz_server]: InitializeCanonicalLinks
[component_container-3] (2026-05-07 13:14:10.594) [debug] [TouchPlugin.cc:352] Model [sc_port_1] started touching [sc_plug] at 51.13 s
[component_container-3] (2026-05-07 13:14:11.596) [debug] [TouchPlugin.cc:366] Model [sc_port_1] touched [sc_plug] exclusively for 1 s
[component_container-3] (2026-05-07 13:14:11.596) [debug] [TouchPlugin.cc:273] Stopped touch plugin [sc_port_1/sc_port_base]
[component_container-3] (2026-05-07 13:14:11.596) [debug] [CablePlugin.cc:271] Cable connection 0 touched: 1. Topic: /sc_port_1/sc_port_base/touched
[component_container-3] (2026-05-07 13:14:11.597) [info] [CablePlugin.cc:281] Cable transitioning to ATTACH_CABLE_TO_PORT state.
[component_container-3] (2026-05-07 13:14:11.598) [debug] [Physics.cc:2136] Detaching joint [690]
[component_container-3] (2026-05-07 13:14:11.599) [info] [CablePlugin.cc:326] Cable transitioning to COMPLETED state.
[component_container-3] (2026-05-07 13:14:11.599) [debug] [Physics.cc:2015] Creating detachable joint [691]
[component_container-3] (2026-05-07 13:14:11.599) [debug] [Physics.cc:2015] Creating detachable joint [692]
[component_container-3] (2026-05-07 13:14:11.600) [debug] [Physics.cc:2015] Creating detachable joint [695]
[component_container-3] [INFO] [1778159651.601268509] [gz_server]: InitializeCanonicalLinks
[component_container-3] (2026-05-07 13:14:17.977) [debug] [UserCommands.cc:1158] Requesting removal of entity [428]
[component_container-3] (2026-05-07 13:14:17.985) [debug] [SimulationRunner.cc:600] Exiting postupdate worker thread (6)
[component_container-3] (2026-05-07 13:14:17.985) [debug] [SimulationRunner.cc:600] Exiting postupdate worker thread (2)
[component_container-3] (2026-05-07 13:14:17.985) [debug] [SimulationRunner.cc:600] Exiting postupdate worker thread (5)
[component_container-3] (2026-05-07 13:14:17.985) [debug] [SimulationRunner.cc:600] Exiting postupdate worker thread (0)
[component_container-3] (2026-05-07 13:14:17.985) [debug] [SimulationRunner.cc:600] Exiting postupdate worker thread (8)
[component_container-3] (2026-05-07 13:14:17.985) [debug] [SimulationRunner.cc:600] Exiting postupdate worker thread (4)
[component_container-3] (2026-05-07 13:14:17.985) [debug] [SimulationRunner.cc:600] Exiting postupdate worker thread (3)
[component_container-3] (2026-05-07 13:14:17.985) [debug] [SimulationRunner.cc:600] Exiting postupdate worker thread (1)
[component_container-3] (2026-05-07 13:14:17.985) [debug] [SimulationRunner.cc:600] Exiting postupdate worker thread (7)
[component_container-3] (2026-05-07 13:14:17.986) [debug] [SimulationRunner.cc:573] Creating PostUpdate worker threads: 8
[component_container-3] (2026-05-07 13:14:17.986) [debug] [SimulationRunner.cc:584] Creating postupdate worker thread (0)
[component_container-3] (2026-05-07 13:14:17.986) [debug] [SimulationRunner.cc:584] Creating postupdate worker thread (1)
[component_container-3] (2026-05-07 13:14:17.986) [debug] [SimulationRunner.cc:584] Creating postupdate worker thread (2)
[component_container-3] (2026-05-07 13:14:17.986) [debug] [SimulationRunner.cc:584] Creating postupdate worker thread (3)
[component_container-3] (2026-05-07 13:14:17.986) [debug] [SimulationRunner.cc:584] Creating postupdate worker thread (4)
[component_container-3] (2026-05-07 13:14:17.986) [debug] [SimulationRunner.cc:584] Creating postupdate worker thread (5)
[component_container-3] (2026-05-07 13:14:17.986) [debug] [SimulationRunner.cc:584] Creating postupdate worker thread (6)
[component_container-3] (2026-05-07 13:14:17.986) [debug] [UserCommands.cc:1158] Requesting removal of entity [488]
[component_container-3] (2026-05-07 13:14:17.987) [info] [CablePlugin.cc:162] Cable transitioning to CABLE_REMOVED state.
[component_container-3] [INFO] [1778159657.987316067] [controller_manager]: Deactivating controllers: [ aic_controller ]
[component_container-3] [INFO] [1778159657.987374566] [controller_manager]: Requested controller switch from non-realtime loop
[component_container-3] [INFO] [1778159657.987429570] [controller_manager]: Deactivated controllers: [ aic_controller ]
[component_container-3] [INFO] [1778159657.987432515] [controller_manager]: Successfully switched controllers!
[component_container-3] (2026-05-07 13:14:17.988) [debug] [Physics.cc:2136] Detaching joint [691]
[component_container-3] (2026-05-07 13:14:17.988) [debug] [Physics.cc:2136] Detaching joint [692]
[component_container-3] (2026-05-07 13:14:17.988) [debug] [Physics.cc:2136] Detaching joint [695]
[component_container-3] (2026-05-07 13:14:17.989) [info] [ResetJointsPlugin.cc:105] Received reset request for joint: shoulder_pan_joint
[component_container-3] (2026-05-07 13:14:17.989) [info] [ResetJointsPlugin.cc:105] Received reset request for joint: shoulder_lift_joint
[component_container-3] (2026-05-07 13:14:17.989) [info] [ResetJointsPlugin.cc:105] Received reset request for joint: elbow_joint
[component_container-3] (2026-05-07 13:14:17.989) [info] [ResetJointsPlugin.cc:105] Received reset request for joint: wrist_1_joint
[component_container-3] (2026-05-07 13:14:17.989) [info] [ResetJointsPlugin.cc:105] Received reset request for joint: wrist_2_joint
[component_container-3] (2026-05-07 13:14:17.989) [info] [ResetJointsPlugin.cc:105] Received reset request for joint: wrist_3_joint
[component_container-3] (2026-05-07 13:14:18.016) [debug] [SimulationRunner.cc:600] Exiting postupdate worker thread (3)
[component_container-3] (2026-05-07 13:14:18.016) [debug] [SimulationRunner.cc:600] Exiting postupdate worker thread (4)
[component_container-3] (2026-05-07 13:14:18.016) [debug] [SimulationRunner.cc:600] Exiting postupdate worker thread (5)
[component_container-3] (2026-05-07 13:14:18.016) [debug] [SimulationRunner.cc:600] Exiting postupdate worker thread (1)
[component_container-3] (2026-05-07 13:14:18.016) [debug] [SimulationRunner.cc:600] Exiting postupdate worker thread (6)
[component_container-3] (2026-05-07 13:14:18.016) [debug] [SimulationRunner.cc:600] Exiting postupdate worker thread (2)
[component_container-3] (2026-05-07 13:14:18.016) [debug] [SimulationRunner.cc:600] Exiting postupdate worker thread (0)
[component_container-3] (2026-05-07 13:14:18.016) [debug] [SimulationRunner.cc:573] Creating PostUpdate worker threads: 6
[component_container-3] (2026-05-07 13:14:18.016) [debug] [SimulationRunner.cc:584] Creating postupdate worker thread (0)
[component_container-3] (2026-05-07 13:14:18.016) [debug] [SimulationRunner.cc:584] Creating postupdate worker thread (1)
[component_container-3] (2026-05-07 13:14:18.016) [debug] [SimulationRunner.cc:584] Creating postupdate worker thread (2)
[component_container-3] (2026-05-07 13:14:18.016) [debug] [SimulationRunner.cc:584] Creating postupdate worker thread (3)
[component_container-3] (2026-05-07 13:14:18.016) [debug] [SimulationRunner.cc:584] Creating postupdate worker thread (4)
[component_container-3] (2026-05-07 13:14:18.498) [info] [ResetJointsPlugin.cc:149] Joint wrist_3_joint reset to initial position: 1.411
[component_container-3] (2026-05-07 13:14:18.498) [info] [ResetJointsPlugin.cc:149] Joint wrist_2_joint reset to initial position: 1.571
[component_container-3] (2026-05-07 13:14:18.498) [info] [ResetJointsPlugin.cc:149] Joint wrist_1_joint reset to initial position: -1.6933
[component_container-3] (2026-05-07 13:14:18.498) [info] [ResetJointsPlugin.cc:149] Joint elbow_joint reset to initial position: -1.6648
[component_container-3] (2026-05-07 13:14:18.498) [info] [ResetJointsPlugin.cc:149] Joint shoulder_lift_joint reset to initial position: -1.3542
[component_container-3] (2026-05-07 13:14:18.498) [info] [ResetJointsPlugin.cc:149] Joint shoulder_pan_joint reset to initial position: -0.1597
[component_container-3] (2026-05-07 13:14:18.498) [warning] [Physics.cc:2467] Found both JointVelocityReset and JointVelocityCmd components for Joint [shoulder_pan_joint(Entity=102]). Ignoring JointVelocityCmd component.
[component_container-3] (2026-05-07 13:14:18.498) [warning] [Physics.cc:2467] Found both JointVelocityReset and JointVelocityCmd components for Joint [shoulder_lift_joint(Entity=103]). Ignoring JointVelocityCmd component.
[component_container-3] (2026-05-07 13:14:18.498) [warning] [Physics.cc:2467] Found both JointVelocityReset and JointVelocityCmd components for Joint [elbow_joint(Entity=104]). Ignoring JointVelocityCmd component.
[component_container-3] (2026-05-07 13:14:18.498) [warning] [Physics.cc:2467] Found both JointVelocityReset and JointVelocityCmd components for Joint [wrist_1_joint(Entity=105]). Ignoring JointVelocityCmd component.
[component_container-3] (2026-05-07 13:14:18.498) [warning] [Physics.cc:2467] Found both JointVelocityReset and JointVelocityCmd components for Joint [wrist_2_joint(Entity=106]). Ignoring JointVelocityCmd component.
[component_container-3] (2026-05-07 13:14:18.498) [warning] [Physics.cc:2467] Found both JointVelocityReset and JointVelocityCmd components for Joint [wrist_3_joint(Entity=107]). Ignoring JointVelocityCmd component.
[component_container-3] [INFO] [1778159658.498515155] [controller_manager]: Activating controllers: [ aic_controller ]
[component_container-3] [INFO] [1778159658.498607739] [controller_manager]: Requested controller switch from non-realtime loop
[component_container-3] [INFO] [1778159658.498679604] [controller_manager]: Activated controllers: [ aic_controller ]
[component_container-3] [INFO] [1778159658.498682339] [controller_manager]: Successfully switched controllers!
[component_container-3] (2026-05-07 13:14:18.579) [debug] [SdfEntityCreator.cc:547] Link has auto-inertial enabled: sc_port_1::sc_port_link
[component_container-3] (2026-05-07 13:14:18.579) [debug] [SdfEntityCreator.cc:549]   pose: 1.88554e-19 -0.00100271 0.000137321 0 0 0
[component_container-3] (2026-05-07 13:14:18.579) [debug] [SdfEntityCreator.cc:550]   mass: 0.04
[component_container-3] (2026-05-07 13:14:18.579) [debug] [SdfEntityCreator.cc:551]   ixx iyy izz: 1.86262e-06 5.50332e-06 6.55187e-06
[component_container-3] (2026-05-07 13:14:18.579) [debug] [SdfEntityCreator.cc:553]   ixy ixz iyz: -7.41324e-15 4.19415e-23 -5.5077e-09
[component_container-3] (2026-05-07 13:14:18.580) [debug] [SystemManager.cc:80] Loaded system [gz::sim::systems::PosePublisher] for entity [696]
[component_container-3] (2026-05-07 13:14:18.580) [debug] [SystemManager.cc:80] Loaded system [gz::sim::systems::TouchPlugin] for entity [733]
[component_container-3] (2026-05-07 13:14:18.580) [debug] [UserCommands.cc:1108] Created entity [696] named [task_board]
[component_container-3] (2026-05-07 13:14:18.583) [info] [Contact.cc:125] Contact system publishing on world/aic_world/model/task_board/model/sc_port_1/link/sc_port_link/sensor/sc_port_sensor/contact
[component_container-3] [INFO] [1778159658.583796014] [aic_controller]: Received service request to tare force torque sensor!
[component_container-3] [INFO] [1778159658.583817454] [aic_controller]: Successfully tared force torque sensor.
[component_container-3] [INFO] [1778159658.584702907] [gz_server]: InitializeCanonicalLinks
[component_container-3] (2026-05-07 13:14:18.585) [debug] [SimulationRunner.cc:600] Exiting postupdate worker thread (4)
[component_container-3] (2026-05-07 13:14:18.585) [debug] [SimulationRunner.cc:600] Exiting postupdate worker thread (1)
[component_container-3] (2026-05-07 13:14:18.585) [debug] [SimulationRunner.cc:600] Exiting postupdate worker thread (2)
[component_container-3] (2026-05-07 13:14:18.585) [debug] [SimulationRunner.cc:600] Exiting postupdate worker thread (0)
[component_container-3] (2026-05-07 13:14:18.585) [debug] [SimulationRunner.cc:600] Exiting postupdate worker thread (3)
[component_container-3] (2026-05-07 13:14:18.585) [debug] [SimulationRunner.cc:573] Creating PostUpdate worker threads: 8
[component_container-3] (2026-05-07 13:14:18.585) [debug] [SimulationRunner.cc:584] Creating postupdate worker thread (0)
[component_container-3] (2026-05-07 13:14:18.585) [debug] [SimulationRunner.cc:584] Creating postupdate worker thread (1)
[component_container-3] (2026-05-07 13:14:18.585) [debug] [SimulationRunner.cc:584] Creating postupdate worker thread (2)
[component_container-3] (2026-05-07 13:14:18.585) [debug] [SimulationRunner.cc:584] Creating postupdate worker thread (3)
[component_container-3] (2026-05-07 13:14:18.585) [debug] [SimulationRunner.cc:584] Creating postupdate worker thread (4)
[component_container-3] (2026-05-07 13:14:18.585) [debug] [SimulationRunner.cc:584] Creating postupdate worker thread (5)
[component_container-3] (2026-05-07 13:14:18.585) [debug] [SimulationRunner.cc:584] Creating postupdate worker thread (6)
[component_container-3] (2026-05-07 13:14:18.586) [debug] [TouchPlugin.cc:267] Started touch plugin [sc_port_1/sc_port_base]
[component_container-3] (2026-05-07 13:14:18.731) [debug] [SdfEntityCreator.cc:547] Link has auto-inertial enabled: cable_1::sc_plug_link
[component_container-3] (2026-05-07 13:14:18.731) [debug] [SdfEntityCreator.cc:549]   pose: -0.00907511 4.9566e-05 8.71699e-06 0 0 0
[component_container-3] (2026-05-07 13:14:18.731) [debug] [SdfEntityCreator.cc:550]   mass: 0.04
[component_container-3] (2026-05-07 13:14:18.731) [debug] [SdfEntityCreator.cc:551]   ixx iyy izz: 2.12257e-06 7.17318e-06 8.85404e-06
[component_container-3] (2026-05-07 13:14:18.731) [debug] [SdfEntityCreator.cc:553]   ixy ixz iyz: 1.24369e-08 -3.73363e-09 1.72827e-11
[component_container-3] (2026-05-07 13:14:18.732) [debug] [SdfEntityCreator.cc:547] Link has auto-inertial enabled: cable_1::lc_plug_link
[component_container-3] (2026-05-07 13:14:18.732) [debug] [SdfEntityCreator.cc:549]   pose: 0 -0.00428702 8.58528e-05 0 0 0
[component_container-3] (2026-05-07 13:14:18.732) [debug] [SdfEntityCreator.cc:550]   mass: 0.01
[component_container-3] (2026-05-07 13:14:18.732) [debug] [SdfEntityCreator.cc:551]   ixx iyy izz: 1.73585e-06 1.30886e-07 1.82579e-06
[component_container-3] (2026-05-07 13:14:18.732) [debug] [SdfEntityCreator.cc:553]   ixy ixz iyz: -3.13192e-14 3.63653e-15 -5.82954e-09
[component_container-3] (2026-05-07 13:14:18.732) [debug] [SdfEntityCreator.cc:547] Link has auto-inertial enabled: cable_1::sfp_module_link
[component_container-3] (2026-05-07 13:14:18.732) [debug] [SdfEntityCreator.cc:549]   pose: 0.000140388 0.0140944 0.000755794 0 0 0
[component_container-3] (2026-05-07 13:14:18.732) [debug] [SdfEntityCreator.cc:550]   mass: 0.02
[component_container-3] (2026-05-07 13:14:18.732) [debug] [SdfEntityCreator.cc:551]   ixx iyy izz: 3.52972e-06 5.95336e-07 3.76244e-06
[component_container-3] (2026-05-07 13:14:18.732) [debug] [SdfEntityCreator.cc:553]   ixy ixz iyz: 3.87677e-08 3.1005e-09 9.04204e-09
[component_container-3] (2026-05-07 13:14:18.733) [debug] [CablePlugin.cc:86] aic_gazebo::CablePlugin::Configure on entity: 756
[component_container-3] (2026-05-07 13:14:18.733) [info] [CablePlugin.cc:150] Cable transitioning to HARNESS state.
[component_container-3] (2026-05-07 13:14:18.733) [debug] [SystemManager.cc:80] Loaded system [aic_gazebo::CablePlugin] for entity [756]
[component_container-3] (2026-05-07 13:14:18.733) [debug] [SystemManager.cc:80] Loaded system [gz::sim::systems::PosePublisher] for entity [756]
[component_container-3] (2026-05-07 13:14:18.733) [debug] [UserCommands.cc:1108] Created entity [756] named [cable_1]
[component_container-3] [INFO] [1778159658.740392188] [gz_server]: InitializeCanonicalLinks
[component_container-3] (2026-05-07 13:14:18.742) [debug] [SimulationRunner.cc:600] Exiting postupdate worker thread (6)
[component_container-3] (2026-05-07 13:14:18.742) [debug] [SimulationRunner.cc:600] Exiting postupdate worker thread (2)
[component_container-3] (2026-05-07 13:14:18.742) [debug] [SimulationRunner.cc:600] Exiting postupdate worker thread (0)
[component_container-3] (2026-05-07 13:14:18.742) [debug] [SimulationRunner.cc:600] Exiting postupdate worker thread (5)
[component_container-3] (2026-05-07 13:14:18.742) [debug] [SimulationRunner.cc:600] Exiting postupdate worker thread (3)
[component_container-3] (2026-05-07 13:14:18.742) [debug] [SimulationRunner.cc:600] Exiting postupdate worker thread (4)
[component_container-3] (2026-05-07 13:14:18.742) [debug] [SimulationRunner.cc:600] Exiting postupdate worker thread (1)
[component_container-3] (2026-05-07 13:14:18.742) [debug] [SimulationRunner.cc:573] Creating PostUpdate worker threads: 10
[component_container-3] (2026-05-07 13:14:18.742) [debug] [SimulationRunner.cc:584] Creating postupdate worker thread (0)
[component_container-3] (2026-05-07 13:14:18.742) [debug] [SimulationRunner.cc:584] Creating postupdate worker thread (1)
[component_container-3] (2026-05-07 13:14:18.742) [debug] [SimulationRunner.cc:584] Creating postupdate worker thread (2)
[component_container-3] (2026-05-07 13:14:18.742) [debug] [SimulationRunner.cc:584] Creating postupdate worker thread (3)
[component_container-3] (2026-05-07 13:14:18.742) [debug] [SimulationRunner.cc:584] Creating postupdate worker thread (4)
[component_container-3] (2026-05-07 13:14:18.742) [debug] [SimulationRunner.cc:584] Creating postupdate worker thread (5)
[component_container-3] (2026-05-07 13:14:18.742) [debug] [SimulationRunner.cc:584] Creating postupdate worker thread (6)
[component_container-3] (2026-05-07 13:14:18.742) [debug] [SimulationRunner.cc:584] Creating postupdate worker thread (7)
[component_container-3] (2026-05-07 13:14:18.742) [debug] [SimulationRunner.cc:584] Creating postupdate worker thread (8)
[component_container-3] (2026-05-07 13:14:18.743) [info] [CablePlugin.cc:201] Cable transitioning to WAITING state.
[component_container-3] (2026-05-07 13:14:18.743) [info] [CablePlugin.cc:213] Cable transitioning to CREATE_CONNECTIONS state.
[component_container-3] (2026-05-07 13:14:18.743) [debug] [Physics.cc:2015] Creating detachable joint [954]
[component_container-3] (2026-05-07 13:14:18.743) [debug] [Physics.cc:2015] Creating detachable joint [957]
[component_container-3] (2026-05-07 13:14:18.743) [debug] [Physics.cc:2136] Detaching joint [954]
[component_container-3] (2026-05-07 13:14:18.743) [debug] [Physics.cc:2136] Detaching joint [957]
[component_container-3] (2026-05-07 13:14:18.744) [info] [CablePlugin.cc:247] Cable transitioning to CABLE_ATTACHED_TO_GRIPPER state.
[component_container-3] (2026-05-07 13:14:18.744) [debug] [Physics.cc:2015] Creating detachable joint [958]
[component_container-3] [INFO] [1778159658.764741578] [gz_server]: InitializeCanonicalLinks
[component_container-3] (2026-05-07 13:14:34.042) [debug] [TouchPlugin.cc:352] Model [sc_port_1] started touching [sc_plug] at 74.188 s
[component_container-3] (2026-05-07 13:14:35.044) [debug] [TouchPlugin.cc:366] Model [sc_port_1] touched [sc_plug] exclusively for 1 s
[component_container-3] (2026-05-07 13:14:35.044) [debug] [TouchPlugin.cc:273] Stopped touch plugin [sc_port_1/sc_port_base]
[component_container-3] (2026-05-07 13:14:35.044) [debug] [CablePlugin.cc:271] Cable connection 0 touched: 1. Topic: /sc_port_1/sc_port_base/touched
[component_container-3] (2026-05-07 13:14:35.045) [info] [CablePlugin.cc:281] Cable transitioning to ATTACH_CABLE_TO_PORT state.
[component_container-3] (2026-05-07 13:14:35.046) [debug] [Physics.cc:2136] Detaching joint [958]
[component_container-3] (2026-05-07 13:14:35.047) [info] [CablePlugin.cc:326] Cable transitioning to COMPLETED state.
[component_container-3] (2026-05-07 13:14:35.048) [debug] [Physics.cc:2015] Creating detachable joint [959]
[component_container-3] (2026-05-07 13:14:35.048) [debug] [Physics.cc:2015] Creating detachable joint [960]
[component_container-3] (2026-05-07 13:14:35.048) [debug] [Physics.cc:2015] Creating detachable joint [963]
[component_container-3] [INFO] [1778159675.049003805] [gz_server]: InitializeCanonicalLinks
[component_container-3] (2026-05-07 13:14:41.561) [debug] [UserCommands.cc:1158] Requesting removal of entity [696]
[component_container-3] (2026-05-07 13:14:41.570) [debug] [SimulationRunner.cc:600] Exiting postupdate worker thread (6)
[component_container-3] (2026-05-07 13:14:41.570) [debug] [SimulationRunner.cc:600] Exiting postupdate worker thread (3)
[component_container-3] (2026-05-07 13:14:41.570) [debug] [SimulationRunner.cc:600] Exiting postupdate worker thread (2)
[component_container-3] (2026-05-07 13:14:41.570) [debug] [SimulationRunner.cc:600] Exiting postupdate worker thread (4)
[component_container-3] (2026-05-07 13:14:41.570) [debug] [SimulationRunner.cc:600] Exiting postupdate worker thread (0)
[component_container-3] (2026-05-07 13:14:41.570) [debug] [SimulationRunner.cc:600] Exiting postupdate worker thread (7)
[component_container-3] (2026-05-07 13:14:41.570) [debug] [SimulationRunner.cc:600] Exiting postupdate worker thread (1)
[component_container-3] (2026-05-07 13:14:41.570) [debug] [SimulationRunner.cc:600] Exiting postupdate worker thread (5)
[component_container-3] (2026-05-07 13:14:41.570) [debug] [SimulationRunner.cc:600] Exiting postupdate worker thread (8)
[component_container-3] (2026-05-07 13:14:41.570) [debug] [SimulationRunner.cc:573] Creating PostUpdate worker threads: 8
[component_container-3] (2026-05-07 13:14:41.570) [debug] [SimulationRunner.cc:584] Creating postupdate worker thread (0)
[component_container-3] (2026-05-07 13:14:41.570) [debug] [SimulationRunner.cc:584] Creating postupdate worker thread (1)
[component_container-3] (2026-05-07 13:14:41.570) [debug] [SimulationRunner.cc:584] Creating postupdate worker thread (2)
[component_container-3] (2026-05-07 13:14:41.570) [debug] [SimulationRunner.cc:584] Creating postupdate worker thread (3)
[component_container-3] (2026-05-07 13:14:41.570) [debug] [SimulationRunner.cc:584] Creating postupdate worker thread (4)
[component_container-3] (2026-05-07 13:14:41.570) [debug] [SimulationRunner.cc:584] Creating postupdate worker thread (5)
[component_container-3] (2026-05-07 13:14:41.570) [debug] [SimulationRunner.cc:584] Creating postupdate worker thread (6)
[component_container-3] (2026-05-07 13:14:41.571) [debug] [UserCommands.cc:1158] Requesting removal of entity [756]
[component_container-3] (2026-05-07 13:14:41.572) [info] [CablePlugin.cc:162] Cable transitioning to CABLE_REMOVED state.
[component_container-3] [INFO] [1778159681.572343210] [controller_manager]: Deactivating controllers: [ aic_controller ]
[component_container-3] [INFO] [1778159681.572406419] [controller_manager]: Requested controller switch from non-realtime loop
[component_container-3] [INFO] [1778159681.572468485] [controller_manager]: Deactivated controllers: [ aic_controller ]
[component_container-3] [INFO] [1778159681.572471861] [controller_manager]: Successfully switched controllers!
[component_container-3] (2026-05-07 13:14:41.573) [debug] [Physics.cc:2136] Detaching joint [959]
[component_container-3] (2026-05-07 13:14:41.573) [debug] [Physics.cc:2136] Detaching joint [960]
[component_container-3] (2026-05-07 13:14:41.573) [debug] [Physics.cc:2136] Detaching joint [963]
[component_container-3] (2026-05-07 13:14:41.575) [info] [ResetJointsPlugin.cc:105] Received reset request for joint: shoulder_pan_joint
[component_container-3] (2026-05-07 13:14:41.575) [info] [ResetJointsPlugin.cc:105] Received reset request for joint: shoulder_lift_joint
[component_container-3] (2026-05-07 13:14:41.575) [info] [ResetJointsPlugin.cc:105] Received reset request for joint: elbow_joint
[component_container-3] (2026-05-07 13:14:41.575) [info] [ResetJointsPlugin.cc:105] Received reset request for joint: wrist_1_joint
[component_container-3] (2026-05-07 13:14:41.575) [info] [ResetJointsPlugin.cc:105] Received reset request for joint: wrist_2_joint
[component_container-3] (2026-05-07 13:14:41.575) [info] [ResetJointsPlugin.cc:105] Received reset request for joint: wrist_3_joint
[component_container-3] (2026-05-07 13:14:41.603) [debug] [SimulationRunner.cc:600] Exiting postupdate worker thread (3)
[component_container-3] (2026-05-07 13:14:41.603) [debug] [SimulationRunner.cc:600] Exiting postupdate worker thread (5)
[component_container-3] (2026-05-07 13:14:41.603) [debug] [SimulationRunner.cc:600] Exiting postupdate worker thread (1)
[component_container-3] (2026-05-07 13:14:41.603) [debug] [SimulationRunner.cc:600] Exiting postupdate worker thread (4)
[component_container-3] (2026-05-07 13:14:41.603) [debug] [SimulationRunner.cc:600] Exiting postupdate worker thread (0)
[component_container-3] (2026-05-07 13:14:41.603) [debug] [SimulationRunner.cc:600] Exiting postupdate worker thread (2)
[component_container-3] (2026-05-07 13:14:41.603) [debug] [SimulationRunner.cc:600] Exiting postupdate worker thread (6)
[component_container-3] (2026-05-07 13:14:41.603) [debug] [SimulationRunner.cc:573] Creating PostUpdate worker threads: 6
[component_container-3] (2026-05-07 13:14:41.603) [debug] [SimulationRunner.cc:584] Creating postupdate worker thread (0)
[component_container-3] (2026-05-07 13:14:41.603) [debug] [SimulationRunner.cc:584] Creating postupdate worker thread (1)
[component_container-3] (2026-05-07 13:14:41.603) [debug] [SimulationRunner.cc:584] Creating postupdate worker thread (2)
[component_container-3] (2026-05-07 13:14:41.603) [debug] [SimulationRunner.cc:584] Creating postupdate worker thread (3)
[component_container-3] (2026-05-07 13:14:41.603) [debug] [SimulationRunner.cc:584] Creating postupdate worker thread (4)
[component_container-3] (2026-05-07 13:14:41.891) [info] [ResetJointsPlugin.cc:149] Joint wrist_3_joint reset to initial position: 1.411
[component_container-3] (2026-05-07 13:14:41.891) [info] [ResetJointsPlugin.cc:149] Joint wrist_2_joint reset to initial position: 1.571
[component_container-3] (2026-05-07 13:14:41.891) [info] [ResetJointsPlugin.cc:149] Joint wrist_1_joint reset to initial position: -1.6933
[component_container-3] (2026-05-07 13:14:41.891) [info] [ResetJointsPlugin.cc:149] Joint elbow_joint reset to initial position: -1.6648
[component_container-3] (2026-05-07 13:14:41.891) [info] [ResetJointsPlugin.cc:149] Joint shoulder_lift_joint reset to initial position: -1.3542
[component_container-3] (2026-05-07 13:14:41.891) [info] [ResetJointsPlugin.cc:149] Joint shoulder_pan_joint reset to initial position: -0.1597
[component_container-3] (2026-05-07 13:14:41.891) [warning] [Physics.cc:2467] Found both JointVelocityReset and JointVelocityCmd components for Joint [shoulder_pan_joint(Entity=102]). Ignoring JointVelocityCmd component.
[component_container-3] (2026-05-07 13:14:41.891) [warning] [Physics.cc:2467] Found both JointVelocityReset and JointVelocityCmd components for Joint [shoulder_lift_joint(Entity=103]). Ignoring JointVelocityCmd component.
[component_container-3] (2026-05-07 13:14:41.891) [warning] [Physics.cc:2467] Found both JointVelocityReset and JointVelocityCmd components for Joint [elbow_joint(Entity=104]). Ignoring JointVelocityCmd component.
[component_container-3] (2026-05-07 13:14:41.891) [warning] [Physics.cc:2467] Found both JointVelocityReset and JointVelocityCmd components for Joint [wrist_1_joint(Entity=105]). Ignoring JointVelocityCmd component.
[component_container-3] (2026-05-07 13:14:41.891) [warning] [Physics.cc:2467] Found both JointVelocityReset and JointVelocityCmd components for Joint [wrist_2_joint(Entity=106]). Ignoring JointVelocityCmd component.
[component_container-3] (2026-05-07 13:14:41.891) [warning] [Physics.cc:2467] Found both JointVelocityReset and JointVelocityCmd components for Joint [wrist_3_joint(Entity=107]). Ignoring JointVelocityCmd component.
[component_container-3] [INFO] [1778159681.892037589] [controller_manager]: Activating controllers: [ aic_controller ]
[component_container-3] [INFO] [1778159681.892117689] [controller_manager]: Requested controller switch from non-realtime loop
[component_container-3] [INFO] [1778159681.892184615] [controller_manager]: Activated controllers: [ aic_controller ]
[component_container-3] [INFO] [1778159681.892187380] [controller_manager]: Successfully switched controllers!
